{
    "final_weight_diff": 0.0009735229541547596,
    "final_weight_sim": 0.7963399887084961,
    "final_feature_diff": 0.22315346996812183,
    "final_feature_sim": 0.8006703190290718,
    "final_0_weight_diff": 0.0012026805197820067,
    "final_1_weight_diff": 0.0009822415886446834,
    "final_2_weight_diff": 0.0007347017526626587,
    "final_0_weight_sim": 0.7658307552337646,
    "final_1_weight_sim": 0.7855780124664307,
    "final_2_weight_sim": 0.8090128898620605,
    "best_weight_diff": 0.0006099433521740139,
    "best_weight_sim": 0.8597947359085083,
    "best_feature_diff": 0.18934049736762057,
    "best_feature_sim": 0.8340464202845025,
    "best_0_weight_diff": 0.0007692607468925416,
    "best_1_weight_diff": 0.0005715134902857244,
    "best_2_weight_diff": 0.0004889338160865009,
    "best_0_weight_sim": 0.835054337978363,
    "best_1_weight_sim": 0.8563970327377319,
    "best_2_weight_sim": 0.8638933300971985,
    "num_feature_traj": 321,
    "num_feature_timesteps": "203500",
    "final_test_returns": 3115.2965325844166,
    "final_test_normalized_returns": 96.34349904493568,
    "best_return": 3588.3937316351303,
    "best_return_normalized": 110.8798852338028,
    "convergence_step": "55000",
    "convergence_iter": "11",
    "best_step": "55000",
    "best_iter": "11"
}