{"final_weight_diff": 0.0010413527488708496, "final_weight_sim": 0.8006264567375183, "final_feature_diff": 0.7294977140781324, "final_feature_sim": 0.6114575491752701, "final_0_weight_diff": 0.0014608964556828141, "final_1_weight_diff": 0.0009118316229432821, "final_2_weight_diff": 0.0007467199466191232, "final_0_weight_sim": 0.7560978531837463, "final_1_weight_sim": 0.8027055263519287, "final_2_weight_sim": 0.8151534795761108, "best_weight_diff": 0.000784488336648792, "best_weight_sim": 0.8402395844459534, "best_feature_diff": 0.6354593291450283, "best_feature_sim": 0.6681505790299794, "best_0_weight_diff": 0.0011290686670690775, "best_1_weight_diff": 0.000674140639603138, "best_2_weight_diff": 0.0005483900313265622, "best_0_weight_sim": 0.7961491942405701, "best_1_weight_sim": 0.8428991436958313, "best_2_weight_sim": 0.8562623262405396, "num_feature_traj": 223, "num_feature_timesteps": "196344", "final_test_returns": 4696.068302869362, "final_test_normalized_returns": 119.41284338499898, "best_return": 5313.573156939636, "best_return_normalized": 134.0968101429062, "convergence_step": "50000", "convergence_iter": "10", "best_step": "65000", "best_iter": "13", "best_5percent_normalized": 134.0968101429062, "best_10percent_normalized": 134.0643777232453, "best_25percent_normalized": 133.12699114302558, "best_50percent_normalized": 128.7056485879208, "best_100percent_normalized": 116.8156050734176, "best_later_half_normalized": 125.68536028274676, "best_last_four_normalized": 125.17868236128416, "target_steps": 