{"final_weight_diff": 0.0016670257318764925, "final_weight_sim": 0.8426833748817444, "final_feature_diff": 8.062495396684893, "final_feature_sim": 0.34250661467672283, "final_0_weight_diff": 0.0017261995235458016, "final_1_weight_diff": 0.001956738531589508, "final_2_weight_diff": 0.0013110390864312649, "final_0_weight_sim": 0.7306094765663147, "final_1_weight_sim": 0.7704041600227356, "final_2_weight_sim": 0.8486630320549011, "best_weight_diff": 0.0007348546059802175, "best_weight_sim": 0.924358069896698, "best_feature_diff": 7.236456509469173, "best_feature_sim": 0.40988648012784246, "best_0_weight_diff": 0.0007906179525889456, "best_1_weight_diff": 0.0008310264092870057, "best_2_weight_diff": 0.0005808225832879543, "best_0_weight_sim": 0.8484572768211365, "best_1_weight_sim": 0.8857572078704834, "best_2_weight_sim": 0.9294542670249939, "num_feature_traj": 72, "num_feature_timesteps": "58362", "final_test_returns": 3542.4675607705585, "final_test_normalized_returns": 91.980775706146, "best_return": 3884.4699313931214, "best_return_normalized": 100.11342666143015, "convergence_step": "20000", "convergence_iter": "4", "best_step": "30000", "best_iter": "6", "best_5percent_normalized": 100.11342666143015, "best_10percent_normalized": 99.79530825374827, "best_25percent_normalized": 98.11811355767574, "best_50percent_normalized": 95.887229956366, "best_100percent_normalized": 90.80179725876275, "best_later_half_normalized": 90.13348725752635, "best_last_four_normalized": 90.11378340520486, "target_steps": 5000}