{"final_weight_diff": 0.000834148726426065, "final_weight_sim": 0.8233957290649414, "final_feature_diff": 0.9721368739281038, "final_feature_sim": 0.712330665411157, "final_0_weight_diff": 0.0012474092654883862, "final_1_weight_diff": 0.0007557079661637545, "final_2_weight_diff": 0.0004967616405338049, "final_0_weight_sim": 0.74519944190979, "final_1_weight_sim": 0.8068810701370239, "final_2_weight_sim": 0.8499726057052612, "best_weight_diff": 0.0007379703456535935, "best_weight_sim": 0.8400429487228394, "best_feature_diff": 0.9175025962984015, "best_feature_sim": 0.729839112569738, "best_0_weight_diff": 0.0011005871929228306, "best_1_weight_diff": 0.0006674152100458741, "best_2_weight_diff": 0.00044404412619769573, "best_0_weight_sim": 0.7658897638320923, "best_1_weight_sim": 0.8246272802352905, "best_2_weight_sim": 0.8637921214103699, "num_feature_traj": 100, "num_feature_timesteps": "100000", "final_test_returns": 5055.686553905699, "final_test_normalized_returns": 42.97856299216969, "best_return": 5104.666276097018, "best_return_normalized": 43.373077822578026, "convergence_step": "5000", "convergence_iter": "1", "best_step": "85000", "best_iter": "17", "best_5percent_normalized": 43.373077822578026, "best_10percent_normalized": 43.20011087141994, "best_25percent_normalized": 43.02814652158255, "best_50percent_normalized": 42.825709917417086, "best_100percent_normalized": 41.97087392275351, "best_later_half_normalized": 42.55146812468348, "best_last_four_normalized": 42.95741113209872, "target_steps": 5000}