{"final_weight_diff": 0.002433759393170476, "final_weight_sim": 0.6700563430786133, "final_feature_diff": 0.5367962851492594, "final_feature_sim": 0.4105585128903647, "final_0_weight_diff": 0.0023372091818600893, "final_1_weight_diff": 0.00215902435593307, "final_2_weight_diff": 0.0027885695453733206, "final_0_weight_sim": 0.6221522092819214, "final_1_weight_sim": 0.6785460114479065, "final_2_weight_sim": 0.676513135433197, "best_weight_diff": 0.0015684406971558928, "best_weight_sim": 0.7740542888641357, "best_feature_diff": 0.5140142596276891, "best_feature_sim": 0.4436964484870384, "best_0_weight_diff": 0.0016423766501247883, "best_1_weight_diff": 0.0013317274861037731, "best_2_weight_diff": 0.0017263430636376143, "best_0_weight_sim": 0.7227960824966431, "best_1_weight_sim": 0.7788794040679932, "best_2_weight_sim": 0.7889677286148071, "num_feature_traj": 43, "num_feature_timesteps": "11328", "final_test_returns": 2926.596835775411, "final_test_normalized_returns": 63.715474989879446, "best_return": 3544.111136123197, "best_return_normalized": 77.16697916920108, "convergence_step": "50000", "convergence_iter": "10", "best_step": "50000", "best_iter": "10", "best_5percent_normalized": 77.16697916920108, "best_10percent_normalized": 75.8629888021602, "best_25percent_normalized": 72.59872826973519, "best_50percent_normalized": 66.4374210576011, "best_100percent_normalized": 47.731769250657024, "best_later_half_normalized": 48.68193361065308, "best_last_four_normalized": 57.73135935752842, "target_steps": 20000}