{
    "final_weight_diff": 0.001788584515452385,
    "final_weight_sim": 0.7152690887451172,
    "final_feature_diff": 0.28304813446169735,
    "final_feature_sim": 0.7230307759533756,
    "final_0_weight_diff": 0.0022314991801977158,
    "final_1_weight_diff": 0.0018765944987535477,
    "final_2_weight_diff": 0.0012485634069889784,
    "final_0_weight_sim": 0.6682409644126892,
    "final_1_weight_sim": 0.7176862955093384,
    "final_2_weight_sim": 0.7479272484779358,
    "best_weight_diff": 0.0010562778916209936,
    "best_weight_sim": 0.809810996055603,
    "best_feature_diff": 0.2468701811143701,
    "best_feature_sim": 0.7675478486942937,
    "best_0_weight_diff": 0.001374743995256722,
    "best_1_weight_diff": 0.0010622042464092374,
    "best_2_weight_diff": 0.0007288685301318765,
    "best_0_weight_sim": 0.7692985534667969,
    "best_1_weight_sim": 0.8120655417442322,
    "best_2_weight_sim": 0.8369775414466858,
    "num_feature_traj": 119,
    "num_feature_timesteps": "101758",
    "final_test_returns": 3362.1916100218405,
    "final_test_normalized_returns": 73.2041701066832,
    "best_return": 3701.8474211265934,
    "best_return_normalized": 80.60299724320984,
    "convergence_step": "30000",
    "convergence_iter": "6",
    "best_step": "75000",
    "best_iter": "15"
}