{
    "final_weight_diff": 0.001453986158594489,
    "final_weight_sim": 0.7444007396697998,
    "final_feature_diff": 0.4397386041921218,
    "final_feature_sim": 0.5723517194631984,
    "final_0_weight_diff": 0.0016247759340330958,
    "final_1_weight_diff": 0.0015355618670582771,
    "final_2_weight_diff": 0.0011906259460374713,
    "final_0_weight_sim": 0.7218414545059204,
    "final_1_weight_sim": 0.7319431900978088,
    "final_2_weight_sim": 0.7586078643798828,
    "best_weight_diff": 0.001453986158594489,
    "best_weight_sim": 0.7444007396697998,
    "best_feature_diff": 0.4397386041921218,
    "best_feature_sim": 0.5723517194631984,
    "best_0_weight_diff": 0.0016247759340330958,
    "best_1_weight_diff": 0.0015355618670582771,
    "best_2_weight_diff": 0.0011906259460374713,
    "best_0_weight_sim": 0.7218414545059204,
    "best_1_weight_sim": 0.7319431900978088,
    "best_2_weight_sim": 0.7586078643798828,
    "num_feature_traj": 20,
    "num_feature_timesteps": "20000",
    "final_test_returns": 4832.917147316081,
    "final_test_normalized_returns": 41.18423197662048,
    "best_return": 4832.917147316081,
    "best_return_normalized": 41.18423197662048,
    "convergence_step": "10000",
    "convergence_iter": "2",
    "best_step": "100000",
    "best_iter": "20"
}