{"final_weight_diff": 0.0023326014634221792, "final_weight_sim": 0.7263825535774231, "final_feature_diff": 0.42467272225843933, "final_feature_sim": 0.7702805445368474, "final_0_weight_diff": 0.002491123043000698, "final_1_weight_diff": 0.0022630554158240557, "final_2_weight_diff": 0.0022425802890211344, "final_0_weight_sim": 0.6983254551887512, "final_1_weight_sim": 0.7160641551017761, "final_2_weight_sim": 0.7148632407188416, "best_weight_diff": 0.002007851842790842, "best_weight_sim": 0.750442624092102, "best_feature_diff": 0.39859751033696855, "best_feature_sim": 0.7868425688865557, "best_0_weight_diff": 0.0021569987293332815, "best_1_weight_diff": 0.001912070787511766, "best_2_weight_diff": 0.001951577141880989, "best_0_weight_sim": 0.7220761775970459, "best_1_weight_sim": 0.740546464920044, "best_2_weight_sim": 0.7379388809204102, "num_feature_traj": 10, "num_feature_timesteps": "2726", "final_test_returns": 1967.737934709397, "final_test_normalized_returns": 42.82835624978713, "best_return": 2700.1238551409983, "best_return_normalized": 58.782144306215145, "convergence_step": "70000", "convergence_iter": "14", "best_step": "70000", "best_iter": "14", "best_5percent_normalized": 58.782144306215145, "best_10percent_normalized": 52.92692226808009, "best_25percent_normalized": 48.65686213640215, "best_50percent_normalized": 44.769794688333945, "best_100percent_normalized": 34.519259898159824, "best_later_half_normalized": 38.729091233220565, "best_last_four_normalized": 40.924375295929586, "target_steps": 35000}