{"final_weight_diff": 0.001187359681352973, "final_weight_sim": 0.8233635425567627, "final_feature_diff": 0.9641950946294622, "final_feature_sim": 0.696478291050815, "final_0_weight_diff": 0.001642635790631175, "final_1_weight_diff": 0.0011281425831839442, "final_2_weight_diff": 0.0007847632514312863, "final_0_weight_sim": 0.7727842926979065, "final_1_weight_sim": 0.8174694180488586, "final_2_weight_sim": 0.8410245180130005, "best_weight_diff": 0.0005093311192467809, "best_weight_sim": 0.9158090353012085, "best_feature_diff": 0.6603291485246394, "best_feature_sim": 0.7985829928538959, "best_0_weight_diff": 0.0007388827507384121, "best_1_weight_diff": 0.00044319540029391646, "best_2_weight_diff": 0.00034480003523640335, "best_0_weight_sim": 0.8792074918746948, "best_1_weight_sim": 0.9182364344596863, "best_2_weight_sim": 0.9256155490875244, "num_feature_traj": 200, "num_feature_timesteps": "200000", "final_test_returns": 4444.721742751286, "final_test_normalized_returns": 38.05745139589439, "best_return": 6894.890756139857, "best_return_normalized": 57.7927208000983, "convergence_step": "30000", "convergence_iter": "6", "best_step": "30000", "best_iter": "6", "best_5percent_normalized": 57.7927208000983, "best_10percent_normalized": 56.64216411112061, "best_25percent_normalized": 52.92992461966137, "best_50percent_normalized": 49.29112225890226, "best_100percent_normalized": 45.48451029251189, "best_later_half_normalized": 43.75757242557379, "best_last_four_normalized": 41.47566212506917}