{"final_weight_diff": 0.0013038748875260353, "final_weight_sim": 0.7752124667167664, "final_feature_diff": 0.3306165143424815, "final_feature_sim": 0.6950603431174189, "final_0_weight_diff": 0.0016764600295573473, "final_1_weight_diff": 0.0012478356948122382, "final_2_weight_diff": 0.0009814653312787414, "final_0_weight_sim": 0.7414536476135254, "final_1_weight_sim": 0.7766933441162109, "final_2_weight_sim": 0.7930904030799866, "best_weight_diff": 0.00034762240829877555, "best_weight_sim": 0.9288000464439392, "best_feature_diff": 0.20474875839845275, "best_feature_sim": 0.8234100781968658, "best_0_weight_diff": 0.0004486095276661217, "best_1_weight_diff": 0.00035460322396829724, "best_2_weight_diff": 0.0002394379407633096, "best_0_weight_sim": 0.9139310121536255, "best_1_weight_sim": 0.9235320091247559, "best_2_weight_sim": 0.9417023062705994, "num_feature_traj": 200, "num_feature_timesteps": "200000", "final_test_returns": 4739.740468921992, "final_test_normalized_returns": 40.43372585224783, "best_return": 8008.228171837165, "best_return_normalized": 66.76027108601892, "convergence_step": "15000", "convergence_iter": "3", "best_step": "15000", "best_iter": "3", "best_5percent_normalized": 66.76027108601892, "best_10percent_normalized": 59.37625845250917, "best_25percent_normalized": 50.025639518180775, "best_50percent_normalized": 46.5203109267529, "best_100percent_normalized": 43.70054835002908, "best_later_half_normalized": 43.44371590542665, "best_last_four_normalized": 41.93875341775511, "target_steps": 15000}