{"final_weight_diff": 0.0016137313796207309, "final_weight_sim": 0.7407564520835876, "final_feature_diff": 0.5428467079861001, "final_feature_sim": 0.4337465278673829, "final_0_weight_diff": 0.0019387927604839206, "final_1_weight_diff": 0.0016797241987660527, "final_2_weight_diff": 0.0012095409911125898, "final_0_weight_sim": 0.7134689092636108, "final_1_weight_sim": 0.732021152973175, "final_2_weight_sim": 0.764650821685791, "best_weight_diff": 0.0010111660230904818, "best_weight_sim": 0.8237382173538208, "best_feature_diff": 0.5204166509339194, "best_feature_sim": 0.4992196945105064, "best_0_weight_diff": 0.0013393568806350231, "best_1_weight_diff": 0.001008403254672885, "best_2_weight_diff": 0.0006826040334999561, "best_0_weight_sim": 0.7957518696784973, "best_1_weight_sim": 0.817613959312439, "best_2_weight_sim": 0.850185751914978, "num_feature_traj": 48, "num_feature_timesteps": "28017", "final_test_returns": 3582.0701394126568, "final_test_normalized_returns": 92.92250587146354, "best_return": 3730.150662193029, "best_return_normalized": 96.44378908028033, "convergence_step": "50000", "convergence_iter": "10", "best_step": "50000", "best_iter": "10", "best_5percent_normalized": 96.44378908028033, "best_10percent_normalized": 95.34306688670051, "best_25percent_normalized": 94.16567665936596, "best_50percent_normalized": 91.90475991076296, "best_100percent_normalized": 84.48922508213344, "best_later_half_normalized": 86.90834271826417, "best_last_four_normalized": 86.45366687356149, "target_steps": 5000}