{
    "final_weight_diff": 0.0010913405567407608,
    "final_weight_sim": 0.7829259037971497,
    "final_feature_diff": 0.12896669789903642,
    "final_feature_sim": 0.6841067921766248,
    "final_0_weight_diff": 0.0013166072312742472,
    "final_1_weight_diff": 0.001027840655297041,
    "final_2_weight_diff": 0.0009283075341954827,
    "final_0_weight_sim": 0.7472535371780396,
    "final_1_weight_sim": 0.7812410593032837,
    "final_2_weight_sim": 0.7907755970954895,
    "best_weight_diff": 0.0005279097240418196,
    "best_weight_sim": 0.8830507397651672,
    "best_feature_diff": 0.1330152830236885,
    "best_feature_sim": 0.8051063519391226,
    "best_0_weight_diff": 0.0006558058084920049,
    "best_1_weight_diff": 0.00048012964543886483,
    "best_2_weight_diff": 0.0004479439521674067,
    "best_0_weight_sim": 0.8632643222808838,
    "best_1_weight_sim": 0.8806664943695068,
    "best_2_weight_sim": 0.8850570917129517,
    "num_feature_traj": 321,
    "num_feature_timesteps": "203500",
    "final_test_returns": 3166.8554274783423,
    "final_test_normalized_returns": 97.9276978293571,
    "best_return": 3597.7579881397696,
    "best_return_normalized": 111.16761141184016,
    "convergence_step": "35000",
    "convergence_iter": "7",
    "best_step": "35000",
    "best_iter": "7"
}