{
    "final_weight_diff": 0.0010546939447522163,
    "final_weight_sim": 0.7990858554840088,
    "final_feature_diff": 1.0524842664237777,
    "final_feature_sim": 0.5892030714980316,
    "final_0_weight_diff": 0.001308460719883442,
    "final_1_weight_diff": 0.001052145380526781,
    "final_2_weight_diff": 0.0008022179245017469,
    "final_0_weight_sim": 0.7502827048301697,
    "final_1_weight_sim": 0.7783397436141968,
    "final_2_weight_sim": 0.8035167455673218,
    "best_weight_diff": 0.00045931487693451345,
    "best_weight_sim": 0.8986595869064331,
    "best_feature_diff": 0.6985839238522142,
    "best_feature_sim": 0.7369685814389818,
    "best_0_weight_diff": 0.0005904201534576714,
    "best_1_weight_diff": 0.00042291238787584007,
    "best_2_weight_diff": 0.00036453624488785863,
    "best_0_weight_sim": 0.8614632487297058,
    "best_1_weight_sim": 0.8923059701919556,
    "best_2_weight_sim": 0.900249719619751,
    "num_feature_traj": 321,
    "num_feature_timesteps": "203500",
    "final_test_returns": 2518.9358274257675,
    "final_test_normalized_returns": 78.01971793727802,
    "best_return": 3619.868576924632,
    "best_return_normalized": 111.84698143999697,
    "convergence_step": "35000",
    "convergence_iter": "7",
    "best_step": "35000",
    "best_iter": "7"
}