{"final_weight_diff": 0.0013821671018376946, "final_weight_sim": 0.7431224584579468, "final_feature_diff": 0.42178656897415634, "final_feature_sim": 0.6970396354882646, "final_0_weight_diff": 0.001351980259642005, "final_1_weight_diff": 0.001372414524666965, "final_2_weight_diff": 0.0014123686123639345, "final_0_weight_sim": 0.7389733791351318, "final_1_weight_sim": 0.7355753779411316, "final_2_weight_sim": 0.7249847054481506, "best_weight_diff": 0.0010719235287979245, "best_weight_sim": 0.7891255617141724, "best_feature_diff": 0.3970052765682217, "best_feature_sim": 0.7272962881222909, "best_0_weight_diff": 0.0010844087228178978, "best_1_weight_diff": 0.001079726149328053, "best_2_weight_diff": 0.001047810073941946, "best_0_weight_sim": 0.7851674556732178, "best_1_weight_sim": 0.7772325873374939, "best_2_weight_sim": 0.7736297845840454, "num_feature_traj": 48, "num_feature_timesteps": "28017", "final_test_returns": 3495.4480033400896, "final_test_normalized_returns": 90.86267337265092, "best_return": 3601.9135013013924, "best_return_normalized": 93.39437141943245, "convergence_step": "50000", "convergence_iter": "10", "best_step": "70000", "best_iter": "14", "best_5percent_normalized": 93.39437141943245, "best_10percent_normalized": 93.35274639810726, "best_25percent_normalized": 92.14867933262295, "best_50percent_normalized": 90.0677992673519, "best_100percent_normalized": 83.95523135215987, "best_later_half_normalized": 84.66166093269297, "best_last_four_normalized": 86.06422296842057}