{"final_weight_diff": 0.0008898063679225743, "final_weight_sim": 0.8175643086433411, "final_feature_diff": 0.5048361816395841, "final_feature_sim": 0.6600501725924157, "final_0_weight_diff": 0.0011461902176961303, "final_1_weight_diff": 0.0008488971507176757, "final_2_weight_diff": 0.0006726073333993554, "final_0_weight_sim": 0.7739620804786682, "final_1_weight_sim": 0.8158235549926758, "final_2_weight_sim": 0.8338478207588196, "best_weight_diff": 0.00021717995696235448, "best_weight_sim": 0.9472529888153076, "best_feature_diff": 0.19347014795210238, "best_feature_sim": 0.8616770603790215, "best_0_weight_diff": 0.00025120395002886653, "best_1_weight_diff": 0.0002037771191680804, "best_2_weight_diff": 0.00019659452664200217, "best_0_weight_sim": 0.9345887303352356, "best_1_weight_sim": 0.9467175006866455, "best_2_weight_sim": 0.9465657472610474, "num_feature_traj": 218, "num_feature_timesteps": "100692", "final_test_returns": 1869.345289775444, "final_test_normalized_returns": 58.06039681073989, "best_return": 2057.402748736008, "best_return_normalized": 63.83865095097367, "convergence_step": "15000", "convergence_iter": "3", "best_step": "15000", "best_iter": "3", "best_5percent_normalized": 63.83865095097367, "best_10percent_normalized": 63.17854984777742, "best_25percent_normalized": 60.64558424394072, "best_50percent_normalized": 58.73504310458814, "best_100percent_normalized": 54.953867783804505, "best_later_half_normalized": 55.38352930927016, "best_last_four_normalized": 57.722567162309886, "target_steps": 5000}