{"final_weight_diff": 0.0014307769015431404, "final_weight_sim": 0.7915459871292114, "final_feature_diff": 0.13685676742040082, "final_feature_sim": 0.7967410235308332, "final_0_weight_diff": 0.0018879323033615947, "final_1_weight_diff": 0.0014009774895384908, "final_2_weight_diff": 0.0010013604769483209, "final_0_weight_sim": 0.7582383155822754, "final_1_weight_sim": 0.8006999492645264, "final_2_weight_sim": 0.8150690793991089, "best_weight_diff": 0.0007224113796837628, "best_weight_sim": 0.884934663772583, "best_feature_diff": 0.11266729960368474, "best_feature_sim": 0.8341124418409226, "best_0_weight_diff": 0.000955600175075233, "best_1_weight_diff": 0.000690026325173676, "best_2_weight_diff": 0.0005211846437305212, "best_0_weight_sim": 0.865929365158081, "best_1_weight_sim": 0.8888235688209534, "best_2_weight_sim": 0.8980885744094849, "num_feature_traj": 218, "num_feature_timesteps": "100692", "final_test_returns": 2069.581326872002, "final_test_normalized_returns": 64.21284998527639, "best_return": 2172.2178718058494, "best_return_normalized": 67.3664608230558, "convergence_step": "20000", "convergence_iter": "4", "best_step": "40000", "best_iter": "8", "best_5percent_normalized": 67.3664608230558, "best_10percent_normalized": 67.28131704666185, "best_25percent_normalized": 65.86863641606135, "best_50percent_normalized": 63.548472580195266, "best_100percent_normalized": 58.05387886762018, "best_later_half_normalized": 58.25930716199829, "best_last_four_normalized": 57.15932880152418, "target_steps": 10000}