{"final_weight_diff": 0.001115158898755908, "final_weight_sim": 0.7849246859550476, "final_feature_diff": 0.12219974752348274, "final_feature_sim": 0.7245509897393385, "final_0_weight_diff": 0.0014365266542881727, "final_1_weight_diff": 0.0010621544206514955, "final_2_weight_diff": 0.0008459425298497081, "final_0_weight_sim": 0.7427222728729248, "final_1_weight_sim": 0.7813893556594849, "final_2_weight_sim": 0.8055970668792725, "best_weight_diff": 0.0008993193041533232, "best_weight_sim": 0.8183289766311646, "best_feature_diff": 0.11377951887351621, "best_feature_sim": 0.7776074314994993, "best_0_weight_diff": 0.001179269514977932, "best_1_weight_diff": 0.0008479454554617405, "best_2_weight_diff": 0.0006704412517137825, "best_0_weight_sim": 0.7800382375717163, "best_1_weight_sim": 0.8137956857681274, "best_2_weight_sim": 0.8383104801177979, "num_feature_traj": 257, "num_feature_timesteps": "163679", "final_test_returns": 3156.8551317417646, "final_test_normalized_returns": 97.62042870765976, "best_return": 3605.215316593413, "best_return_normalized": 111.39674531192854, "convergence_step": "75000", "convergence_iter": "15", "best_step": "75000", "best_iter": "15", "best_5percent_normalized": 111.39674531192854, "best_10percent_normalized": 111.05143850385481, "best_25percent_normalized": 107.05868180585442, "best_50percent_normalized": 102.18752233123082, "best_100percent_normalized": 92.59998569105711, "best_later_half_normalized": 98.95596930693334, "best_last_four_normalized": 103.88903738783081, "target_steps": 20000}