{"final_weight_diff": 0.0017283674096688628, "final_weight_sim": 0.7238489389419556, "final_feature_diff": 0.38769527100946505, "final_feature_sim": 0.590831161768164, "final_0_weight_diff": 0.0019788893405348063, "final_1_weight_diff": 0.0017160630086436868, "final_2_weight_diff": 0.0014798176707699895, "final_0_weight_sim": 0.6908454895019531, "final_1_weight_sim": 0.7283515930175781, "final_2_weight_sim": 0.7318043112754822, "best_weight_diff": 0.0017283674096688628, "best_weight_sim": 0.7238489389419556, "best_feature_diff": 0.38769527100946505, "best_feature_sim": 0.590831161768164, "best_0_weight_diff": 0.0019788893405348063, "best_1_weight_diff": 0.0017160630086436868, "best_2_weight_diff": 0.0014798176707699895, "best_0_weight_sim": 0.6908454895019531, "best_1_weight_sim": 0.7283515930175781, "best_2_weight_sim": 0.7318043112754822, "num_feature_traj": 65, "num_feature_timesteps": "17588", "final_test_returns": 3294.4603945003078, "final_test_normalized_returns": 71.7287601799085, "best_return": 3294.4603945003078, "best_return_normalized": 71.7287601799085, "convergence_step": "100000", "convergence_iter": "20", "best_step": "100000", "best_iter": "20", "best_5percent_normalized": 71.7287601799085, "best_10percent_normalized": 70.09062913341099, "best_25percent_normalized": 66.11195171275358, "best_50percent_normalized": 58.841796245620266, "best_100percent_normalized": 42.05026923866625, "best_later_half_normalized": 41.531434912161934, "best_last_four_normalized": 59.37199974201616, "target_steps": 20000}