{
    "final_weight_diff": 0.0017267821822315454,
    "final_weight_sim": 0.7216418981552124,
    "final_feature_diff": 0.5015372994287469,
    "final_feature_sim": 0.4501848767427527,
    "final_0_weight_diff": 0.001920506008900702,
    "final_1_weight_diff": 0.0018305942649021745,
    "final_2_weight_diff": 0.0014153579249978065,
    "final_0_weight_sim": 0.6897807121276855,
    "final_1_weight_sim": 0.7164417505264282,
    "final_2_weight_sim": 0.7405461668968201,
    "best_weight_diff": 0.0014409166760742664,
    "best_weight_sim": 0.7590304613113403,
    "best_feature_diff": 0.5088614134409309,
    "best_feature_sim": 0.46047169511556496,
    "best_0_weight_diff": 0.0016666867304593325,
    "best_1_weight_diff": 0.0015169165562838316,
    "best_2_weight_diff": 0.00113155716098845,
    "best_0_weight_sim": 0.7265357971191406,
    "best_1_weight_sim": 0.7533011436462402,
    "best_2_weight_sim": 0.7797515988349915,
    "num_feature_traj": 38,
    "num_feature_timesteps": "22985",
    "final_test_returns": 2956.9438880909697,
    "final_test_normalized_returns": 78.05730597319976,
    "best_return": 3723.9705683358816,
    "best_return_normalized": 96.29682943751652,
    "convergence_step": "75000",
    "convergence_iter": "15",
    "best_step": "75000",
    "best_iter": "15"
}