{
    "final_weight_diff": 0.0017186570912599564,
    "final_weight_sim": 0.8421962857246399,
    "final_feature_diff": 10.23305601274163,
    "final_feature_sim": 0.24492272006952132,
    "final_0_weight_diff": 0.001401415909640491,
    "final_1_weight_diff": 0.0014888356672599912,
    "final_2_weight_diff": 0.002263416536152363,
    "final_0_weight_sim": 0.760493814945221,
    "final_1_weight_sim": 0.8095030188560486,
    "final_2_weight_sim": 0.7840769290924072,
    "best_weight_diff": 0.0014809869462624192,
    "best_weight_sim": 0.8605914115905762,
    "best_feature_diff": 10.116018889046495,
    "best_feature_sim": 0.2544685213247032,
    "best_0_weight_diff": 0.0012607612879946828,
    "best_1_weight_diff": 0.0013092252193018794,
    "best_2_weight_diff": 0.0018711477750912309,
    "best_0_weight_sim": 0.7794873118400574,
    "best_1_weight_sim": 0.8283684849739075,
    "best_2_weight_sim": 0.8126136660575867,
    "num_feature_traj": 240,
    "num_feature_timesteps": "150850",
    "final_test_returns": 3075.539952617876,
    "final_test_normalized_returns": 95.12193823015636,
    "best_return": 3630.638564613947,
    "best_return_normalized": 112.17790011931989,
    "convergence_step": "55000",
    "convergence_iter": "11",
    "best_step": "85000",
    "best_iter": "17"
}