{"final_weight_diff": 0.0015810681506991386, "final_weight_sim": 0.8010914325714111, "final_feature_diff": 2.1215387173748916, "final_feature_sim": 0.3543075933431779, "final_0_weight_diff": 0.0017257349099963903, "final_1_weight_diff": 0.0015140845207497478, "final_2_weight_diff": 0.0014993705553933978, "final_0_weight_sim": 0.773992657661438, "final_1_weight_sim": 0.8027966022491455, "final_2_weight_sim": 0.7649906873703003, "best_weight_diff": 0.0015810681506991386, "best_weight_sim": 0.8010914325714111, "best_feature_diff": 2.1215387173748916, "best_feature_sim": 0.3543075933431779, "best_0_weight_diff": 0.0017257349099963903, "best_1_weight_diff": 0.0015140845207497478, "best_2_weight_diff": 0.0014993705553933978, "best_0_weight_sim": 0.773992657661438, "best_1_weight_sim": 0.8027966022491455, "best_2_weight_sim": 0.7649906873703003, "num_feature_traj": 1632, "num_feature_timesteps": "325743", "final_test_returns": 2623.975586938949, "final_test_normalized_returns": 81.24716995460787, "best_return": 2623.975586938949, "best_return_normalized": 81.24716995460787, "convergence_step": "100000", "convergence_iter": "20", "best_step": "100000", "best_iter": "20", "best_5percent_normalized": 81.24716995460787, "best_10percent_normalized": 78.76776577813314, "best_25percent_normalized": 74.9542405788771, "best_50percent_normalized": 61.8020895963175, "best_100percent_normalized": 45.51880011621843, "best_later_half_normalized": 57.34480072317744, "best_last_four_normalized": 58.0861457424844, "target_steps": 50000}