{
    "final_weight_diff": 0.0010606719879433513,
    "final_weight_sim": 0.7743473052978516,
    "final_feature_diff": 0.23282590560266642,
    "final_feature_sim": 0.7195804971614485,
    "final_0_weight_diff": 0.001268397900275886,
    "final_1_weight_diff": 0.0010840001050382853,
    "final_2_weight_diff": 0.0008283185306936502,
    "final_0_weight_sim": 0.7291680574417114,
    "final_1_weight_sim": 0.7614455223083496,
    "final_2_weight_sim": 0.7946538329124451,
    "best_weight_diff": 0.0004093610914424062,
    "best_weight_sim": 0.8995801210403442,
    "best_feature_diff": 0.1520442201627977,
    "best_feature_sim": 0.8423898980830813,
    "best_0_weight_diff": 0.0005292867426760495,
    "best_1_weight_diff": 0.0003738444356713444,
    "best_2_weight_diff": 0.0003249789006076753,
    "best_0_weight_sim": 0.872327983379364,
    "best_1_weight_sim": 0.8984438180923462,
    "best_2_weight_sim": 0.907263994216919,
    "num_feature_traj": 200,
    "num_feature_timesteps": "200000",
    "final_test_returns": 4358.904752756709,
    "final_test_normalized_returns": 37.36622503242872,
    "best_return": 5078.822742017489,
    "best_return_normalized": 43.16491703667744,
    "convergence_step": "5000",
    "convergence_iter": "1",
    "best_step": "25000",
    "best_iter": "5"
}