{
    "final_weight_diff": 0.0011735021835193038,
    "final_weight_sim": 0.7637674808502197,
    "final_feature_diff": 0.18868706746721678,
    "final_feature_sim": 0.5852646703335012,
    "final_0_weight_diff": 0.0012827558675780892,
    "final_1_weight_diff": 0.0012518753064796329,
    "final_2_weight_diff": 0.0009839958511292934,
    "final_0_weight_sim": 0.7367842197418213,
    "final_1_weight_sim": 0.7499333024024963,
    "final_2_weight_sim": 0.7765102982521057,
    "best_weight_diff": 0.0007306234329007566,
    "best_weight_sim": 0.8363784551620483,
    "best_feature_diff": 0.12261593609933676,
    "best_feature_sim": 0.7490369229140832,
    "best_0_weight_diff": 0.0008492799825035036,
    "best_1_weight_diff": 0.0007802470354363322,
    "best_2_weight_diff": 0.0005622346070595086,
    "best_0_weight_sim": 0.8096035718917847,
    "best_1_weight_sim": 0.8220736384391785,
    "best_2_weight_sim": 0.8548974990844727,
    "num_feature_traj": 204,
    "num_feature_timesteps": "37349",
    "final_test_returns": 2647.7098604195426,
    "final_test_normalized_returns": 81.97642932439145,
    "best_return": 2984.2873623037804,
    "best_return_normalized": 92.31811082174684,
    "convergence_step": "55000",
    "convergence_iter": "11",
    "best_step": "55000",
    "best_iter": "11"
}