{
    "final_weight_diff": 0.0013035570736974478,
    "final_weight_sim": 0.7500351071357727,
    "final_feature_diff": 0.2584128225860101,
    "final_feature_sim": 0.6771834669172497,
    "final_0_weight_diff": 0.0014088305179029703,
    "final_1_weight_diff": 0.001226222375407815,
    "final_2_weight_diff": 0.0012711122399196029,
    "final_0_weight_sim": 0.7289771437644958,
    "final_1_weight_sim": 0.746989369392395,
    "final_2_weight_sim": 0.7396488785743713,
    "best_weight_diff": 0.0008474180358462036,
    "best_weight_sim": 0.8198044896125793,
    "best_feature_diff": 0.21662628443487028,
    "best_feature_sim": 0.7393483302905939,
    "best_0_weight_diff": 0.0009718093206174672,
    "best_1_weight_diff": 0.0008174828835763037,
    "best_2_weight_diff": 0.000751818239223212,
    "best_0_weight_sim": 0.7993580102920532,
    "best_1_weight_sim": 0.8116308450698853,
    "best_2_weight_sim": 0.8182351589202881,
    "num_feature_traj": 89,
    "num_feature_timesteps": "79322",
    "final_test_returns": 5025.514570474136,
    "final_test_normalized_returns": 127.24691628359776,
    "best_return": 5192.863504674218,
    "best_return_normalized": 131.22639299631936,
    "convergence_step": "50000",
    "convergence_iter": "10",
    "best_step": "50000",
    "best_iter": "10"
}