{"final_weight_diff": 0.001166003756225109, "final_weight_sim": 0.7592124938964844, "final_feature_diff": 0.28287196176960655, "final_feature_sim": 0.6955776084804237, "final_0_weight_diff": 0.0013588927686214447, "final_1_weight_diff": 0.001135377329774201, "final_2_weight_diff": 0.000997766968794167, "final_0_weight_sim": 0.7194135189056396, "final_1_weight_sim": 0.7574542760848999, "final_2_weight_sim": 0.7658326029777527, "best_weight_diff": 0.0006897395360283554, "best_weight_sim": 0.8474372625350952, "best_feature_diff": 0.23931818805821886, "best_feature_sim": 0.7816098455882832, "best_0_weight_diff": 0.0008513355278410017, "best_1_weight_diff": 0.0006525692297145724, "best_2_weight_diff": 0.0005648580263368785, "best_0_weight_sim": 0.8172390460968018, "best_1_weight_sim": 0.8437286615371704, "best_2_weight_sim": 0.8542411923408508, "num_feature_traj": 20, "num_feature_timesteps": "20000", "final_test_returns": 4604.995058467117, "final_test_normalized_returns": 39.34839787618739, "best_return": 4843.527656297569, "best_return_normalized": 41.26969598017335, "convergence_step": "40000", "convergence_iter": "8", "best_step": "45000", "best_iter": "9", "best_5percent_normalized": 41.26969598017335, "best_10percent_normalized": 41.22648538305471, "best_25percent_normalized": 40.98440678948348, "best_50percent_normalized": 40.40653108532586, "best_100percent_normalized": 38.4381976576196, "best_later_half_normalized": 39.48711519713497, "best_last_four_normalized": 38.3129533520268, "target_steps": 10000}