{
    "final_weight_diff": 0.0014066157164052129,
    "final_weight_sim": 0.7326276898384094,
    "final_feature_diff": 0.2758408262268332,
    "final_feature_sim": 0.6911252084346814,
    "final_0_weight_diff": 0.0014588767662644386,
    "final_1_weight_diff": 0.0013641203986480832,
    "final_2_weight_diff": 0.0013859361642971635,
    "final_0_weight_sim": 0.7074704170227051,
    "final_1_weight_sim": 0.7341237664222717,
    "final_2_weight_sim": 0.7257332801818848,
    "best_weight_diff": 0.0005254529532976449,
    "best_weight_sim": 0.8799392580986023,
    "best_feature_diff": 0.19933965880033175,
    "best_feature_sim": 0.8274384845191406,
    "best_0_weight_diff": 0.0005809561698697507,
    "best_1_weight_diff": 0.0004999517695978284,
    "best_2_weight_diff": 0.0004954349133186042,
    "best_0_weight_sim": 0.8663824200630188,
    "best_1_weight_sim": 0.8759570121765137,
    "best_2_weight_sim": 0.8733356595039368,
    "num_feature_traj": 9,
    "num_feature_timesteps": "4688",
    "final_test_returns": 3309.659389172062,
    "final_test_normalized_returns": 86.44470998911045,
    "best_return": 3469.1476293899664,
    "best_return_normalized": 90.23726320095987,
    "convergence_step": "20000",
    "convergence_iter": "4",
    "best_step": "20000",
    "best_iter": "4"
}