{"final_weight_diff": 0.0013363863108679652, "final_weight_sim": 0.8303064107894897, "final_feature_diff": 2.0791099637130723, "final_feature_sim": 0.3988752938751232, "final_0_weight_diff": 0.0015303203836083412, "final_1_weight_diff": 0.0013526094844564795, "final_2_weight_diff": 0.001123982947319746, "final_0_weight_sim": 0.7984970211982727, "final_1_weight_sim": 0.831367552280426, "final_2_weight_sim": 0.8077852725982666, "best_weight_diff": 0.0012775900540873408, "best_weight_sim": 0.8364050984382629, "best_feature_diff": 2.064186381994136, "best_feature_sim": 0.4035390824082462, "best_0_weight_diff": 0.0014680104795843363, "best_1_weight_diff": 0.001293242909014225, "best_2_weight_diff": 0.0010694618104025722, "best_0_weight_sim": 0.8051870465278625, "best_1_weight_sim": 0.8371391296386719, "best_2_weight_sim": 0.8150539994239807, "num_feature_traj": 321, "num_feature_timesteps": "203500", "final_test_returns": 3128.322266348563, "final_test_normalized_returns": 96.74372778602512, "best_return": 3623.683733843384, "best_return_normalized": 111.96420596479524, "convergence_step": "25000", "convergence_iter": "5", "best_step": "95000", "best_iter": "19", "best_5percent_normalized": 111.96420596479524, "best_10percent_normalized": 111.71074024669738, "best_25percent_normalized": 108.99749109417277, "best_50percent_normalized": 104.73721378951964, "best_100percent_normalized": 86.58988260170314, "best_later_half_normalized": 90.43550833263002, "best_last_four_normalized": 103.69513791916299, "target_steps": 20000}