{
    "final_weight_diff": 0.0015353180933743715,
    "final_weight_sim": 0.7648367285728455,
    "final_feature_diff": 0.16919341538132235,
    "final_feature_sim": 0.7004454732009925,
    "final_0_weight_diff": 0.0019251424819231033,
    "final_1_weight_diff": 0.0013892102288082242,
    "final_2_weight_diff": 0.0012888949131593108,
    "final_0_weight_sim": 0.7151840925216675,
    "final_1_weight_sim": 0.7789517045021057,
    "final_2_weight_sim": 0.7826196551322937,
    "best_weight_diff": 0.00047180571709759533,
    "best_weight_sim": 0.9170214533805847,
    "best_feature_diff": 0.12197790452895839,
    "best_feature_sim": 0.8032946918319326,
    "best_0_weight_diff": 0.0006167243118397892,
    "best_1_weight_diff": 0.00042978540295735,
    "best_2_weight_diff": 0.0003689186123665422,
    "best_0_weight_sim": 0.8985217809677124,
    "best_1_weight_sim": 0.9180623292922974,
    "best_2_weight_sim": 0.9261870384216309,
    "num_feature_traj": 219,
    "num_feature_timesteps": "197797",
    "final_test_returns": 4924.678534545036,
    "final_test_normalized_returns": 107.24030398005564,
    "best_return": 5017.857121546192,
    "best_return_normalized": 109.27004183675534,
    "convergence_step": "15000",
    "convergence_iter": "3",
    "best_step": "15000",
    "best_iter": "3"
}