{
    "final_weight_diff": 0.0011806535767391324,
    "final_weight_sim": 0.7675784230232239,
    "final_feature_diff": 0.22287180310320606,
    "final_feature_sim": 0.7170809536262113,
    "final_0_weight_diff": 0.0012524722842499614,
    "final_1_weight_diff": 0.0012266889680176973,
    "final_2_weight_diff": 0.0010608113370835781,
    "final_0_weight_sim": 0.7461167573928833,
    "final_1_weight_sim": 0.7541227340698242,
    "final_2_weight_sim": 0.7652438282966614,
    "best_weight_diff": 0.0006134621216915548,
    "best_weight_sim": 0.860352635383606,
    "best_feature_diff": 0.1543581905388734,
    "best_feature_sim": 0.8035081967262035,
    "best_0_weight_diff": 0.0007231709314510226,
    "best_1_weight_diff": 0.000608299917075783,
    "best_2_weight_diff": 0.0005088176694698632,
    "best_0_weight_sim": 0.8369544148445129,
    "best_1_weight_sim": 0.8512539863586426,
    "best_2_weight_sim": 0.8655678629875183,
    "num_feature_traj": 1632,
    "num_feature_timesteps": "325743",
    "final_test_returns": 2540.982050496644,
    "final_test_normalized_returns": 78.69711026428229,
    "best_return": 2773.833704898452,
    "best_return_normalized": 85.85171100994948,
    "convergence_step": "45000",
    "convergence_iter": "9",
    "best_step": "45000",
    "best_iter": "9"
}