{"final_weight_diff": 0.0012019829591736197, "final_weight_sim": 0.7902289032936096, "final_feature_diff": 0.30797790664265473, "final_feature_sim": 0.7071988912907302, "final_0_weight_diff": 0.0015417683171108365, "final_1_weight_diff": 0.0012822067365050316, "final_2_weight_diff": 0.0007789673400111496, "final_0_weight_sim": 0.7567059993743896, "final_1_weight_sim": 0.7803103923797607, "final_2_weight_sim": 0.8245408535003662, "best_weight_diff": 0.0008738241740502417, "best_weight_sim": 0.8377014398574829, "best_feature_diff": 0.2725491840327267, "best_feature_sim": 0.7445784297913055, "best_0_weight_diff": 0.0011414001928642392, "best_1_weight_diff": 0.0009102030890062451, "best_2_weight_diff": 0.000568590359762311, "best_0_weight_sim": 0.8071464896202087, "best_1_weight_sim": 0.8299938440322876, "best_2_weight_sim": 0.8667733669281006, "num_feature_traj": 321, "num_feature_timesteps": "203500", "final_test_returns": 3396.953124733629, "final_test_normalized_returns": 104.99768047813056, "best_return": 3625.4386264790655, "best_return_normalized": 112.01812680204274, "convergence_step": "65000", "convergence_iter": "13", "best_step": "65000", "best_iter": "13", "best_5percent_normalized": 112.01812680204274, "best_10percent_normalized": 111.85660785062464, "best_25percent_normalized": 108.51252441590779, "best_50percent_normalized": 102.15198105594895, "best_100percent_normalized": 76.24071086120443, "best_later_half_normalized": 92.2326670226278, "best_last_four_normalized": 102.16555206234246, "target_steps": 35000}