{
    "final_weight_diff": 0.0021224000956863165,
    "final_weight_sim": 0.8094261288642883,
    "final_feature_diff": 7.389716814743036,
    "final_feature_sim": 0.2969589897246412,
    "final_0_weight_diff": 0.001669520977884531,
    "final_1_weight_diff": 0.0024138465523719788,
    "final_2_weight_diff": 0.002266122493892908,
    "final_0_weight_sim": 0.7191671133041382,
    "final_1_weight_sim": 0.7360115647315979,
    "final_2_weight_sim": 0.7800800800323486,
    "best_weight_diff": 0.0020382057409733534,
    "best_weight_sim": 0.81587815284729,
    "best_feature_diff": 7.292707815803694,
    "best_feature_sim": 0.3040919936686282,
    "best_0_weight_diff": 0.0016204520361497998,
    "best_1_weight_diff": 0.0023349106777459383,
    "best_2_weight_diff": 0.002143277321010828,
    "best_0_weight_sim": 0.726077139377594,
    "best_1_weight_sim": 0.7427666783332825,
    "best_2_weight_sim": 0.7891796231269836,
    "num_feature_traj": 48,
    "num_feature_timesteps": "28017",
    "final_test_returns": 3532.6480835713314,
    "final_test_normalized_returns": 91.74727328778758,
    "best_return": 3619.215014497148,
    "best_return_normalized": 93.80579303491184,
    "convergence_step": "20000",
    "convergence_iter": "4",
    "best_step": "95000",
    "best_iter": "19"
}