{
    "final_weight_diff": 0.0024609973188489676,
    "final_weight_sim": 0.7036522030830383,
    "final_feature_diff": 0.8074369451031936,
    "final_feature_sim": 0.5970644248009291,
    "final_0_weight_diff": 0.0027936522383242846,
    "final_1_weight_diff": 0.002383967861533165,
    "final_2_weight_diff": 0.0022060307674109936,
    "final_0_weight_sim": 0.6807267069816589,
    "final_1_weight_sim": 0.6837658882141113,
    "final_2_weight_sim": 0.6955955624580383,
    "best_weight_diff": 0.002190708415582776,
    "best_weight_sim": 0.721653163433075,
    "best_feature_diff": 0.7846083689134449,
    "best_feature_sim": 0.6125690314553566,
    "best_0_weight_diff": 0.0025143802631646395,
    "best_1_weight_diff": 0.0021003864239901304,
    "best_2_weight_diff": 0.001957544358447194,
    "best_0_weight_sim": 0.697076678276062,
    "best_1_weight_sim": 0.7026355862617493,
    "best_2_weight_sim": 0.7140419483184814,
    "num_feature_traj": 22,
    "num_feature_timesteps": "18940",
    "final_test_returns": 3565.745010486046,
    "final_test_normalized_returns": 92.5343022016514,
    "best_return": 4645.213359531199,
    "best_return_normalized": 118.2035374297006,
    "convergence_step": "80000",
    "convergence_iter": "16",
    "best_step": "80000",
    "best_iter": "16"
}