{"final_weight_diff": 0.001123325782828033, "final_weight_sim": 0.7746531367301941, "final_feature_diff": 0.23510723482325932, "final_feature_sim": 0.7700163938209482, "final_0_weight_diff": 0.0012663619127124548, "final_1_weight_diff": 0.0010469394037500024, "final_2_weight_diff": 0.0010553253814578056, "final_0_weight_sim": 0.7479557991027832, "final_1_weight_sim": 0.772178053855896, "final_2_weight_sim": 0.7679551243782043, "best_weight_diff": 0.0010447524255141616, "best_weight_sim": 0.7867749333381653, "best_feature_diff": 0.2263024582206459, "best_feature_sim": 0.7783953873037607, "best_0_weight_diff": 0.0011897390941157937, "best_1_weight_diff": 0.000977147021330893, "best_2_weight_diff": 0.0009663055534474552, "best_0_weight_sim": 0.760394275188446, "best_1_weight_sim": 0.783535361289978, "best_2_weight_sim": 0.7815970182418823, "num_feature_traj": 131, "num_feature_timesteps": "117332", "final_test_returns": 4942.188301212527, "final_test_normalized_returns": 107.62172461982716, "best_return": 4980.7025765453145, "best_return_normalized": 108.46069294057816, "convergence_step": "25000", "convergence_iter": "5", "best_step": "90000", "best_iter": "18", "best_5percent_normalized": 108.46069294057816, "best_10percent_normalized": 108.43462304541427, "best_25percent_normalized": 108.25963124648024, "best_50percent_normalized": 107.994192000665, "best_100percent_normalized": 97.84898178451715, "best_later_half_normalized": 105.76249066873223, "best_last_four_normalized": 107.39663482503646, "target_steps": 25000}