{"final_weight_diff": 35.108028411865234, "final_feature_diff": 9.2272407052507, "best_weight_diff": 31.693344116210938, "best_feature_diff": 8.875034289202524, "num_feature_traj": 54, "num_feature_timesteps": "49154", "final_test_returns": 4969.908083776856, "final_test_normalized_returns": 108.22555318024096, "best_return": 4996.620812020169, "best_return_normalized": 108.80744476623929, "convergence_step": "5000", "convergence_iter": "1", "best_step": "70000", "best_iter": "14", "best_5percent_normalized": 108.80744476623929, "best_10percent_normalized": 108.51649897324012, "best_25percent_normalized": 108.14639136194016, "best_50percent_normalized": 106.58989733832236, "best_100percent_normalized": 97.91873216801767, "best_later_half_normalized": 105.5551280693652, "best_last_four_normalized": 106.82497741845727}