{
    "final_weight_diff": 0.0012911661760881543,
    "final_weight_sim": 0.7772740125656128,
    "final_feature_diff": 0.271010999446198,
    "final_feature_sim": 0.7420544676671594,
    "final_0_weight_diff": 0.0016846656799316406,
    "final_1_weight_diff": 0.0013118754141032696,
    "final_2_weight_diff": 0.0008725738734938204,
    "final_0_weight_sim": 0.7311091423034668,
    "final_1_weight_sim": 0.7791905403137207,
    "final_2_weight_sim": 0.8108921051025391,
    "best_weight_diff": 0.000636107986792922,
    "best_weight_sim": 0.876484751701355,
    "best_feature_diff": 0.21971695592273,
    "best_feature_sim": 0.8000651152519834,
    "best_0_weight_diff": 0.0008608216885477304,
    "best_1_weight_diff": 0.0006194273009896278,
    "best_2_weight_diff": 0.00042727330583147705,
    "best_0_weight_sim": 0.8422989249229431,
    "best_1_weight_sim": 0.8785036206245422,
    "best_2_weight_sim": 0.8996719121932983,
    "num_feature_traj": 95,
    "num_feature_timesteps": "79844",
    "final_test_returns": 3206.0404109911906,
    "final_test_normalized_returns": 69.80268044857505,
    "best_return": 3738.995058758679,
    "best_return_normalized": 81.41219567404535,
    "convergence_step": "15000",
    "convergence_iter": "3",
    "best_step": "35000",
    "best_iter": "7"
}