{"final_weight_diff": 0.0028320534620434046, "final_weight_sim": 0.6618510484695435, "final_feature_diff": 0.8555117598593839, "final_feature_sim": 0.5915954613213882, "final_0_weight_diff": 0.0030518805142492056, "final_1_weight_diff": 0.002949322573840618, "final_2_weight_diff": 0.002495384309440851, "final_0_weight_sim": 0.635226845741272, "final_1_weight_sim": 0.6377025842666626, "final_2_weight_sim": 0.6510866284370422, "best_weight_diff": 0.0010386377107352018, "best_weight_sim": 0.8184159994125366, "best_feature_diff": 0.5300860576588241, "best_feature_sim": 0.7510999435826806, "best_0_weight_diff": 0.0010837472509592772, "best_1_weight_diff": 0.0010358627187088132, "best_2_weight_diff": 0.0009948811493813992, "best_0_weight_sim": 0.800136923789978, "best_1_weight_sim": 0.8016738295555115, "best_2_weight_sim": 0.8023920655250549, "num_feature_traj": 200, "num_feature_timesteps": "200000", "final_test_returns": 4988.173375246361, "final_test_normalized_returns": 42.4347675389191, "best_return": 8464.141311503874, "best_return_normalized": 70.43249475184487, "convergence_step": "30000", "convergence_iter": "6", "best_step": "30000", "best_iter": "6", "best_5percent_normalized": 70.43249475184487, "best_10percent_normalized": 68.2088302857939, "best_25percent_normalized": 57.33733281210146, "best_50percent_normalized": 50.265475474537396, "best_100percent_normalized": 45.90009925883478, "best_later_half_normalized": 42.54756069621921, "best_last_four_normalized": 42.686213931475926, "target_steps": 20000}