{
    "final_weight_diff": 0.0012059899745509028,
    "final_weight_sim": 0.7812573909759521,
    "final_feature_diff": 0.2918126640215876,
    "final_feature_sim": 0.7267251293140163,
    "final_0_weight_diff": 0.0016730804927647114,
    "final_1_weight_diff": 0.001190073904581368,
    "final_2_weight_diff": 0.0007499463390558958,
    "final_0_weight_sim": 0.7241789102554321,
    "final_1_weight_sim": 0.7863571643829346,
    "final_2_weight_sim": 0.8270212411880493,
    "best_weight_diff": 0.0008410699665546417,
    "best_weight_sim": 0.838577151298523,
    "best_feature_diff": 0.26329143514809,
    "best_feature_sim": 0.7600105265504209,
    "best_0_weight_diff": 0.0011785018723458052,
    "best_1_weight_diff": 0.0008110863855108619,
    "best_2_weight_diff": 0.0005312996217980981,
    "best_0_weight_sim": 0.7909284830093384,
    "best_1_weight_sim": 0.8437505960464478,
    "best_2_weight_sim": 0.8737011551856995,
    "num_feature_traj": 60,
    "num_feature_timesteps": "60000",
    "final_test_returns": 5065.25922842261,
    "final_test_normalized_returns": 43.05566759576139,
    "best_return": 5098.824280178576,
    "best_return_normalized": 43.32602255305225,
    "convergence_step": "5000",
    "convergence_iter": "1",
    "best_step": "60000",
    "best_iter": "12"
}