{
    "final_weight_diff": 0.0009730385500006378,
    "final_weight_sim": 0.8010005950927734,
    "final_feature_diff": 0.07644425579472901,
    "final_feature_sim": 0.7855603109921672,
    "final_0_weight_diff": 0.0012430581264197826,
    "final_1_weight_diff": 0.0008287687669508159,
    "final_2_weight_diff": 0.0008467575535178185,
    "final_0_weight_sim": 0.7598784565925598,
    "final_1_weight_sim": 0.8090271949768066,
    "final_2_weight_sim": 0.8066310882568359,
    "best_weight_diff": 0.0008909104508347809,
    "best_weight_sim": 0.8149491548538208,
    "best_feature_diff": 0.07513564134253385,
    "best_feature_sim": 0.7937863887781896,
    "best_0_weight_diff": 0.0011471551842987537,
    "best_1_weight_diff": 0.0007576525676995516,
    "best_2_weight_diff": 0.000767564692068845,
    "best_0_weight_sim": 0.7759473323822021,
    "best_1_weight_sim": 0.8222408294677734,
    "best_2_weight_sim": 0.82051682472229,
    "num_feature_traj": 437,
    "num_feature_timesteps": "197431",
    "final_test_returns": 1687.240767949737,
    "final_test_normalized_returns": 52.46505263768403,
    "best_return": 2173.8617990389034,
    "best_return_normalized": 67.41697213695497,
    "convergence_step": "90000",
    "convergence_iter": "18",
    "best_step": "90000",
    "best_iter": "18"
}