current_itr_train_time	current_itr_train_loss_mean	current_itr_train_loss_std	current_itr_eval_12000_return_mean	current_itr_eval_12000_return_std	current_itr_eval_12000_length_mean	current_itr_eval_12000_length_std	current_itr_eval_6000_return_mean	current_itr_eval_6000_return_std	current_itr_eval_6000_length_mean	current_itr_eval_6000_length_std	TestEpRet	TestEpNormRet	Iteration	Steps	total_time	current_eval_time
1825.6679792404175	0.3483157034367323	0.2789213987185317	1927.5631230484348	1566.5789269050765	1000.0	0.0	2444.2721186351146	1617.024110349974	1000.0	0.0	2444.2721186351146	21.944517126567707	1	5000	1943.8825097084045	118.21379470825195
1821.2141518592834	0.13973075955361128	0.01754522444570913	2875.2648803890993	1633.8900132101573	1000.0	0.0	2983.5894002742084	1812.0162200646523	1000.0	0.0	2983.5894002742084	26.288532494213886	2	10000	3886.509853363037	121.07244229316711
1812.2522485256195	0.12424027124494315	0.015454623275340612	4347.166462873126	886.9845955954754	1000.0	0.0	3756.609373724473	1292.73322143282	1000.0	0.0	3756.609373724473	32.514942732654085	3	15000	5827.078471660614	128.05660557746887
1786.3063430786133	0.11625438926368951	0.014719531732358567	4464.320739725977	413.0749329939112	1000.0	0.0	3518.1606645950706	1852.5455044527794	1000.0	0.0	3518.1606645950706	30.5943203233268	4	20000	7764.14174747467	150.63839054107666
