{"final_weight_diff": 0.002064816653728485, "final_weight_sim": 0.6904792189598083, "final_feature_diff": 0.3068967446595559, "final_feature_sim": 0.5939727491918851, "final_0_weight_diff": 0.0021968334913253784, "final_1_weight_diff": 0.001881384290754795, "final_2_weight_diff": 0.0020981046836823225, "final_0_weight_sim": 0.6477617621421814, "final_1_weight_sim": 0.6859536170959473, "final_2_weight_sim": 0.7092149257659912, "best_weight_diff": 0.0019370532827451825, "best_weight_sim": 0.7076261639595032, "best_feature_diff": 0.29920252028233835, "best_feature_sim": 0.606405465925056, "best_0_weight_diff": 0.0020722055342048407, "best_1_weight_diff": 0.0017686497885733843, "best_2_weight_diff": 0.0019554130267351866, "best_0_weight_sim": 0.664935290813446, "best_1_weight_sim": 0.7017003893852234, "best_2_weight_sim": 0.7275578379631042, "num_feature_traj": 20, "num_feature_timesteps": "20000", "final_test_returns": 4467.271623575002, "final_test_normalized_returns": 38.239082936680745, "best_return": 4900.614390665922, "best_return_normalized": 41.72951000769937, "convergence_step": "20000", "convergence_iter": "4", "best_step": "90000", "best_iter": "18", "best_5percent_normalized": 41.72951000769937, "best_10percent_normalized": 41.68415124283694, "best_25percent_normalized": 41.438148750679886, "best_50percent_normalized": 40.97323628314156, "best_100percent_normalized": 39.24390415872788, "best_later_half_normalized": 40.201596482085215, "best_last_four_normalized": 39.70595228124141}