{
    "final_weight_diff": 0.0010806020582094789,
    "final_weight_sim": 0.7764365673065186,
    "final_feature_diff": 0.11602635620539875,
    "final_feature_sim": 0.7668898760523492,
    "final_0_weight_diff": 0.0013026974629610777,
    "final_1_weight_diff": 0.0010797519935294986,
    "final_2_weight_diff": 0.0008576359832659364,
    "final_0_weight_sim": 0.7359101176261902,
    "final_1_weight_sim": 0.7756415605545044,
    "final_2_weight_sim": 0.7943985462188721,
    "best_weight_diff": 0.00041340835741721094,
    "best_weight_sim": 0.8980744481086731,
    "best_feature_diff": 0.1623831562578568,
    "best_feature_sim": 0.8827159047974207,
    "best_0_weight_diff": 0.000496316293720156,
    "best_1_weight_diff": 0.0004082420200575143,
    "best_2_weight_diff": 0.00033582732430659235,
    "best_0_weight_sim": 0.8764892220497131,
    "best_1_weight_sim": 0.8948056101799011,
    "best_2_weight_sim": 0.9067469835281372,
    "num_feature_traj": 219,
    "num_feature_timesteps": "197797",
    "final_test_returns": 4965.181809164446,
    "final_test_normalized_returns": 108.12259928481596,
    "best_return": 5047.993566250244,
    "best_return_normalized": 109.92651329281416,
    "convergence_step": "20000",
    "convergence_iter": "4",
    "best_step": "20000",
    "best_iter": "4"
}