{
    "final_weight_diff": 0.0008464023703709245,
    "final_weight_sim": 0.8175026178359985,
    "final_feature_diff": 0.2497267679257064,
    "final_feature_sim": 0.778896832986387,
    "final_0_weight_diff": 0.0009880897123366594,
    "final_1_weight_diff": 0.0009159547043964267,
    "final_2_weight_diff": 0.0006346363807097077,
    "final_0_weight_sim": 0.7839094400405884,
    "final_1_weight_sim": 0.7985222935676575,
    "final_2_weight_sim": 0.8343998193740845,
    "best_weight_diff": 0.0005759841296821833,
    "best_weight_sim": 0.8661227822303772,
    "best_feature_diff": 0.20944193523559687,
    "best_feature_sim": 0.8157452957120641,
    "best_0_weight_diff": 0.0006894881371408701,
    "best_1_weight_diff": 0.0006024065660312772,
    "best_2_weight_diff": 0.00043588635162450373,
    "best_0_weight_sim": 0.8369222283363342,
    "best_1_weight_sim": 0.8528339862823486,
    "best_2_weight_sim": 0.8790169358253479,
    "num_feature_traj": 218,
    "num_feature_timesteps": "100692",
    "final_test_returns": 2157.465656673844,
    "final_test_normalized_returns": 66.91318420943313,
    "best_return": 2376.2649180705694,
    "best_return_normalized": 73.63601107859145,
    "convergence_step": "30000",
    "convergence_iter": "6",
    "best_step": "65000",
    "best_iter": "13"
}