{"final_weight_diff": 0.0011729954276233912, "final_weight_sim": 0.7673322558403015, "final_feature_diff": 0.3122837668966227, "final_feature_sim": 0.7384149274210493, "final_0_weight_diff": 0.0013744495809078217, "final_1_weight_diff": 0.0012689498253166676, "final_2_weight_diff": 0.0008724755607545376, "final_0_weight_sim": 0.7355858683586121, "final_1_weight_sim": 0.7422453165054321, "final_2_weight_sim": 0.7941018342971802, "best_weight_diff": 0.0009663741220720112, "best_weight_sim": 0.800016462802887, "best_feature_diff": 0.3038091158101733, "best_feature_sim": 0.7499250450508498, "best_0_weight_diff": 0.0011305849766358733, "best_1_weight_diff": 0.001042884890921414, "best_2_weight_diff": 0.0007237534737214446, "best_0_weight_sim": 0.7723100781440735, "best_1_weight_sim": 0.7752456665039062, "best_2_weight_sim": 0.8237208724021912, "num_feature_traj": 80, "num_feature_timesteps": "80000", "final_test_returns": 5043.35451177739, "final_test_normalized_returns": 42.87923263072267, "best_return": 5516.664054365242, "best_return_normalized": 46.69157834381835, "convergence_step": "75000", "convergence_iter": "15", "best_step": "75000", "best_iter": "15", "best_5percent_normalized": 46.69157834381835, "best_10percent_normalized": 45.49670042488998, "best_25percent_normalized": 44.23058116736841, "best_50percent_normalized": 43.65174737194352, "best_100percent_normalized": 42.69109678078768, "best_later_half_normalized": 43.4074134709713, "best_last_four_normalized": 43.078858179827215, "target_steps": 10000}