{"final_weight_diff": 0.0016326972981914878, "final_weight_sim": 0.7651930451393127, "final_feature_diff": 0.1883956657039873, "final_feature_sim": 0.7541352774170127, "final_0_weight_diff": 0.002074526622891426, "final_1_weight_diff": 0.0016325919423252344, "final_2_weight_diff": 0.0011881690006703138, "final_0_weight_sim": 0.7309737801551819, "final_1_weight_sim": 0.7752062678337097, "final_2_weight_sim": 0.7844105362892151, "best_weight_diff": 0.0013317440170794725, "best_weight_sim": 0.8002699613571167, "best_feature_diff": 0.1793829790475796, "best_feature_sim": 0.768152820182179, "best_0_weight_diff": 0.001703873393125832, "best_1_weight_diff": 0.001317597460001707, "best_2_weight_diff": 0.000972093956079334, "best_0_weight_sim": 0.7697799801826477, "best_1_weight_sim": 0.8084784150123596, "best_2_weight_sim": 0.8175175189971924, "num_feature_traj": 321, "num_feature_timesteps": "203500", "final_test_returns": 3221.382484484078, "final_test_normalized_returns": 99.60309637318312, "best_return": 3621.5776742886287, "best_return_normalized": 111.8994951715669, "convergence_step": "65000", "convergence_iter": "13", "best_step": "75000", "best_iter": "15", "best_5percent_normalized": 111.8994951715669, "best_10percent_normalized": 111.58269495239324, "best_25percent_normalized": 110.23543167646376, "best_50percent_normalized": 107.3325437362266, "best_100percent_normalized": 87.0962782440156, "best_later_half_normalized": 98.07614280507968, "best_last_four_normalized": 86.02515857220405}