current_itr_train_time	current_itr_train_loss_mean	current_itr_train_loss_std	current_itr_eval_3600_return_mean	current_itr_eval_3600_return_std	current_itr_eval_3600_length_mean	current_itr_eval_3600_length_std	current_itr_eval_1800_return_mean	current_itr_eval_1800_return_std	current_itr_eval_1800_length_mean	current_itr_eval_1800_length_std	TestEpRet	TestEpNormRet	Iteration	Steps	total_time	current_eval_time
1279.3520014286041	0.3882699378937483	0.30129465217739765	1030.17494676983	58.0175524626377	300.7	16.395426191471817	1658.9071701737175	384.35452318859797	509.5	106.24711760796148	1030.17494676983	32.276045923331544	1	5000	1427.311161518097	147.95825815200806
