current_itr_train_time	current_itr_train_loss_mean	current_itr_train_loss_std	current_itr_eval_5000_return_mean	current_itr_eval_5000_return_std	current_itr_eval_5000_length_mean	current_itr_eval_5000_length_std	current_itr_eval_2500_return_mean	current_itr_eval_2500_return_std	current_itr_eval_2500_length_mean	current_itr_eval_2500_length_std	TestEpRet	TestEpNormRet	Iteration	Steps	total_time	current_eval_time
1837.1300854682922	0.207555410669744	0.20251532533447517	2130.106801279954	800.790604662032	738.7	187.97928077317457	2464.2572801267406	714.3809111088327	826.1	163.43160649029917	2130.106801279954	46.365287274761734	1	5000	2210.0627748966217	372.9316608905792
1724.3201451301575	0.05530806618705392	0.006512049143607941	3342.6978737488403	1009.6627200868401	881.5	238.79960217722308	3237.4896468446987	589.9848214513573	863.6	142.55679569911774	3342.6978737488403	72.77953204599508	2	10000	4485.34080696106	550.823682308197
1603.4025485515594	0.04675649896264076	0.004114438995602825	3267.84614742501	840.0197154359132	924.5	226.5	3565.6941728821307	152.25822260257678	1000.0	0.0	3267.84614742501	71.14901383952217	3	15000	6618.097255706787	529.2473223209381
1687.9522576332092	0.0433298841111362	0.0035260191643477746	2530.6325505840337	1271.033333873421	749.4	337.11280011295923	2011.2530516836923	1552.3359685944774	599.2	388.7358486170268	2530.6325505840337	55.09006302109732	4	20000	8524.563995838165	218.36961364746094
