{
    "final_weight_diff": 0.003290477441623807,
    "final_weight_sim": 0.6518298983573914,
    "final_feature_diff": 0.6588683174506673,
    "final_feature_sim": 0.6833199037186165,
    "final_0_weight_diff": 0.0033132133539766073,
    "final_1_weight_diff": 0.0033797479700297117,
    "final_2_weight_diff": 0.0031788707710802555,
    "final_0_weight_sim": 0.6340191960334778,
    "final_1_weight_sim": 0.6246141195297241,
    "final_2_weight_sim": 0.6397157907485962,
    "best_weight_diff": 0.0031405717600136995,
    "best_weight_sim": 0.660554051399231,
    "best_feature_diff": 0.6475165125859591,
    "best_feature_sim": 0.6912350063645486,
    "best_0_weight_diff": 0.0031848859507590532,
    "best_1_weight_diff": 0.003213151590898633,
    "best_2_weight_diff": 0.0030236307065933943,
    "best_0_weight_sim": 0.6423430442810059,
    "best_1_weight_sim": 0.6333824396133423,
    "best_2_weight_sim": 0.6482571363449097,
    "num_feature_traj": 20,
    "num_feature_timesteps": "20000",
    "final_test_returns": 4595.505751828203,
    "final_test_normalized_returns": 39.27196477220365,
    "best_return": 4673.762747830506,
    "best_return_normalized": 39.9022979820475,
    "convergence_step": "25000",
    "convergence_iter": "5",
    "best_step": "165000",
    "best_iter": "33"
}