{"final_weight_diff": 0.0012661543441936374, "final_weight_sim": 0.7678080797195435, "final_feature_diff": 0.11636134602495253, "final_feature_sim": 0.6836831481991865, "final_0_weight_diff": 0.0014339110348373652, "final_1_weight_diff": 0.001294778543524444, "final_2_weight_diff": 0.001067225239239633, "final_0_weight_sim": 0.7441521883010864, "final_1_weight_sim": 0.7537592649459839, "final_2_weight_sim": 0.7776811718940735, "best_weight_diff": 0.0011694116983562708, "best_weight_sim": 0.7815772294998169, "best_feature_diff": 0.10870845903180922, "best_feature_sim": 0.6992402973175427, "best_0_weight_diff": 0.0013345708139240742, "best_1_weight_diff": 0.0011885080020874739, "best_2_weight_diff": 0.0009832840878516436, "best_0_weight_sim": 0.7592641115188599, "best_1_weight_sim": 0.7672095894813538, "best_2_weight_sim": 0.7905469536781311, "num_feature_traj": 204, "num_feature_timesteps": "37349", "final_test_returns": 1413.3064995971356, "final_test_normalized_returns": 44.04814735241027, "best_return": 2458.939027431951, "best_return_normalized": 76.17625605131397, "convergence_step": "90000", "convergence_iter": "18", "best_step": "90000", "best_iter": "18", "best_5percent_normalized": 76.17625605131397, "best_10percent_normalized": 70.29978101578884, "best_25percent_normalized": 58.1305346284262, "best_50percent_normalized": 46.56023933973646, "best_100percent_normalized": 34.55003986200405, "best_later_half_normalized": 43.38381594846798, "best_last_four_normalized": 56.35640741645543, "target_steps": 60000}