{
    "final_weight_diff": 0.0011800297070294619,
    "final_weight_sim": 0.7860281467437744,
    "final_feature_diff": 0.9759602225180705,
    "final_feature_sim": 0.45324759765818123,
    "final_0_weight_diff": 0.0014926738804206252,
    "final_1_weight_diff": 0.00104548130184412,
    "final_2_weight_diff": 0.0009944757912307978,
    "final_0_weight_sim": 0.7484447360038757,
    "final_1_weight_sim": 0.7898386716842651,
    "final_2_weight_sim": 0.7855915427207947,
    "best_weight_diff": 0.0009530056267976761,
    "best_weight_sim": 0.8190045952796936,
    "best_feature_diff": 0.9285666918265615,
    "best_feature_sim": 0.49703118819920816,
    "best_0_weight_diff": 0.00125030311755836,
    "best_1_weight_diff": 0.0008278601453639567,
    "best_2_weight_diff": 0.0007775155245326459,
    "best_0_weight_sim": 0.7808325290679932,
    "best_1_weight_sim": 0.8230340480804443,
    "best_2_weight_sim": 0.8211574554443359,
    "num_feature_traj": 48,
    "num_feature_timesteps": "28017",
    "final_test_returns": 3134.779248593795,
    "final_test_normalized_returns": 82.28614483137457,
    "best_return": 3640.5128589625047,
    "best_return_normalized": 94.3122454750554,
    "convergence_step": "30000",
    "convergence_iter": "6",
    "best_step": "75000",
    "best_iter": "15"
}