{"final_weight_diff": 0.0013800743035972118, "final_weight_sim": 0.7497860193252563, "final_feature_diff": 0.5115555400206324, "final_feature_sim": 0.49298273742777, "final_0_weight_diff": 0.0018990999087691307, "final_1_weight_diff": 0.0013825511559844017, "final_2_weight_diff": 0.0008526138844899833, "final_0_weight_sim": 0.6824446320533752, "final_1_weight_sim": 0.7524441480636597, "final_2_weight_sim": 0.8059907555580139, "best_weight_diff": 0.00028098627808503807, "best_weight_sim": 0.9400526881217957, "best_feature_diff": 0.2935770012009807, "best_feature_sim": 0.7373467406924363, "best_0_weight_diff": 0.00037530259578488767, "best_1_weight_diff": 0.00025485895457677543, "best_2_weight_diff": 0.00021242807270027697, "best_0_weight_sim": 0.9213201999664307, "best_1_weight_sim": 0.9436135292053223, "best_2_weight_sim": 0.9481820464134216, "num_feature_traj": 12, "num_feature_timesteps": "11130", "final_test_returns": 3295.497421021365, "final_test_normalized_returns": 86.10794523628195, "best_return": 3882.698771768468, "best_return_normalized": 100.07130934222216, "convergence_step": "10000", "convergence_iter": "2", "best_step": "10000", "best_iter": "2", "best_5percent_normalized": 100.07130934222216, "best_10percent_normalized": 99.3262098136429, "best_25percent_normalized": 97.25371278512057, "best_50percent_normalized": 94.53349859920446, "best_100percent_normalized": 89.35410550247738, "best_later_half_normalized": 88.55428598716199, "best_last_four_normalized": 90.17913727335363, "target_steps": 5000}