{
    "final_weight_diff": 0.001386910444125533,
    "final_weight_sim": 0.7413395643234253,
    "final_feature_diff": 0.374216831228586,
    "final_feature_sim": 0.6878404634130681,
    "final_0_weight_diff": 0.0014078529784455895,
    "final_1_weight_diff": 0.0013903290964663029,
    "final_2_weight_diff": 0.0013524205423891544,
    "final_0_weight_sim": 0.7300965785980225,
    "final_1_weight_sim": 0.7322998642921448,
    "final_2_weight_sim": 0.7318745255470276,
    "best_weight_diff": 0.0005388827994465828,
    "best_weight_sim": 0.8809746503829956,
    "best_feature_diff": 0.2532966122453744,
    "best_feature_sim": 0.8139707357074463,
    "best_0_weight_diff": 0.0006009223870933056,
    "best_1_weight_diff": 0.0005299048498272896,
    "best_2_weight_diff": 0.00048550378414802253,
    "best_0_weight_sim": 0.8732360005378723,
    "best_1_weight_sim": 0.8714641332626343,
    "best_2_weight_sim": 0.8752816915512085,
    "num_feature_traj": 48,
    "num_feature_timesteps": "28017",
    "final_test_returns": 3680.106885854065,
    "final_test_normalized_returns": 95.2537722838814,
    "best_return": 3787.315548983078,
    "best_return_normalized": 97.8031424389004,
    "convergence_step": "25000",
    "convergence_iter": "5",
    "best_step": "25000",
    "best_iter": "5"
}