{"final_weight_diff": 0.0012811787892132998, "final_weight_sim": 0.7835789918899536, "final_feature_diff": 0.655194718850782, "final_feature_sim": 0.4205525955838966, "final_0_weight_diff": 0.0018290607258677483, "final_1_weight_diff": 0.0012687939452007413, "final_2_weight_diff": 0.0007409032550640404, "final_0_weight_sim": 0.7321344614028931, "final_1_weight_sim": 0.7814306020736694, "final_2_weight_sim": 0.8371717929840088, "best_weight_diff": 0.0011463674018159509, "best_weight_sim": 0.8021451830863953, "best_feature_diff": 0.6446022370494348, "best_feature_sim": 0.43437017464332023, "best_0_weight_diff": 0.0016522150253877044, "best_1_weight_diff": 0.0011258572340011597, "best_2_weight_diff": 0.0006572290440090001, "best_0_weight_sim": 0.7526974081993103, "best_1_weight_sim": 0.8003687858581543, "best_2_weight_sim": 0.8533382415771484, "num_feature_traj": 120, "num_feature_timesteps": "106539", "final_test_returns": 3470.7611179668784, "final_test_normalized_returns": 90.27563117891418, "best_return": 3835.957431478544, "best_return_normalized": 98.95982287776242, "convergence_step": "45000", "convergence_iter": "9", "best_step": "85000", "best_iter": "17", "best_5percent_normalized": 98.95982287776242, "best_10percent_normalized": 98.060601178447, "best_25percent_normalized": 97.05890448711556, "best_50percent_normalized": 94.63229729307194, "best_100percent_normalized": 88.67229322997055, "best_later_half_normalized": 91.53508593260969, "best_last_four_normalized": 92.66477816398363, "target_steps": 10000}