{"final_weight_diff": 0.0009046997874975204, "final_weight_sim": 0.8118503093719482, "final_feature_diff": 0.6008437691892259, "final_feature_sim": 0.6807910907243148, "final_0_weight_diff": 0.0012573377462103963, "final_1_weight_diff": 0.0007962219533510506, "final_2_weight_diff": 0.000657734228298068, "final_0_weight_sim": 0.7573745846748352, "final_1_weight_sim": 0.8137772083282471, "final_2_weight_sim": 0.8293120265007019, "best_weight_diff": 0.0004363635089248419, "best_weight_sim": 0.8990296125411987, "best_feature_diff": 0.38756404404926625, "best_feature_sim": 0.8006888226941344, "best_0_weight_diff": 0.0005745904636569321, "best_1_weight_diff": 0.00038278696592897177, "best_2_weight_diff": 0.0003514272393658757, "best_0_weight_sim": 0.8669737577438354, "best_1_weight_sim": 0.8998447060585022, "best_2_weight_sim": 0.9028695225715637, "num_feature_traj": 100, "num_feature_timesteps": "100000", "final_test_returns": 5049.314443840916, "final_test_normalized_returns": 42.927237835368445, "best_return": 5076.907184506862, "best_return_normalized": 43.14948787920916, "convergence_step": "10000", "convergence_iter": "2", "best_step": "35000", "best_iter": "7", "best_5percent_normalized": 43.14948787920916, "best_10percent_normalized": 43.0383628572888, "best_25percent_normalized": 42.94784170730386, "best_50percent_normalized": 42.86301454377879, "best_100percent_normalized": 41.931422396289804, "best_later_half_normalized": 42.54737469917647, "best_last_four_normalized": 42.57638678227059, "target_steps": 10000}