{"final_weight_diff": 0.0013030162081122398, "final_weight_sim": 0.7783067226409912, "final_feature_diff": 0.29590665735174354, "final_feature_sim": 0.7174676283101895, "final_0_weight_diff": 0.0016078797634691, "final_1_weight_diff": 0.001383147668093443, "final_2_weight_diff": 0.0009152309503406286, "final_0_weight_sim": 0.7381746768951416, "final_1_weight_sim": 0.7759385108947754, "final_2_weight_sim": 0.8065224289894104, "best_weight_diff": 0.0012076065177097917, "best_weight_sim": 0.7908705472946167, "best_feature_diff": 0.29112988353273017, "best_feature_sim": 0.7231746525909213, "best_0_weight_diff": 0.0014998492551967502, "best_1_weight_diff": 0.0012713947799056768, "best_2_weight_diff": 0.0008492760243825614, "best_0_weight_sim": 0.7515482306480408, "best_1_weight_sim": 0.7887706160545349, "best_2_weight_sim": 0.8181141018867493, "num_feature_traj": 321, "num_feature_timesteps": "203500", "final_test_returns": 2248.3085329239348, "final_test_normalized_returns": 69.70442274208237, "best_return": 3529.90728862146, "best_return_normalized": 109.08283058168098, "convergence_step": "90000", "convergence_iter": "18", "best_step": "90000", "best_iter": "18", "best_5percent_normalized": 109.08283058168098, "best_10percent_normalized": 107.99522160935717, "best_25percent_normalized": 105.7124329563027, "best_50percent_normalized": 102.75365230014077, "best_100percent_normalized": 90.44736488655022, "best_later_half_normalized": 91.6224419657794, "best_last_four_normalized": 89.05697060844466, "target_steps": 10000}