{
    "final_weight_diff": 0.0014151502400636673,
    "final_weight_sim": 0.7671476006507874,
    "final_feature_diff": 0.42150780384421715,
    "final_feature_sim": 0.5583334271275303,
    "final_0_weight_diff": 0.0016678833635523915,
    "final_1_weight_diff": 0.0015129116363823414,
    "final_2_weight_diff": 0.0010605126153677702,
    "final_0_weight_sim": 0.7425850033760071,
    "final_1_weight_sim": 0.7560303211212158,
    "final_2_weight_sim": 0.7866072654724121,
    "best_weight_diff": 0.0012008965713903308,
    "best_weight_sim": 0.7955812811851501,
    "best_feature_diff": 0.4027365810026834,
    "best_feature_sim": 0.5832102972350846,
    "best_0_weight_diff": 0.0014473363989964128,
    "best_1_weight_diff": 0.0012696527410298586,
    "best_2_weight_diff": 0.0008831723243929446,
    "best_0_weight_sim": 0.7715893387794495,
    "best_1_weight_sim": 0.7848151922225952,
    "best_2_weight_sim": 0.8153725862503052,
    "num_feature_traj": 204,
    "num_feature_timesteps": "37349",
    "final_test_returns": 1005.3723657962072,
    "final_test_normalized_returns": 31.513961733789387,
    "best_return": 2435.9806105382527,
    "best_return_normalized": 75.47083565372662,
    "convergence_step": "80000",
    "convergence_iter": "16",
    "best_step": "80000",
    "best_iter": "16"
}