{
    "final_weight_diff": 0.0022272502537816763,
    "final_weight_sim": 0.668506383895874,
    "final_feature_diff": 0.46795397458278193,
    "final_feature_sim": 0.4893400340668851,
    "final_0_weight_diff": 0.002431051339954138,
    "final_1_weight_diff": 0.0023707100190222263,
    "final_2_weight_diff": 0.0018515734700486064,
    "final_0_weight_sim": 0.638729989528656,
    "final_1_weight_sim": 0.6684408187866211,
    "final_2_weight_sim": 0.683924674987793,
    "best_weight_diff": 0.0014440198428928852,
    "best_weight_sim": 0.7608124613761902,
    "best_feature_diff": 0.45448722587383766,
    "best_feature_sim": 0.5434313874570145,
    "best_0_weight_diff": 0.0017169377533718944,
    "best_1_weight_diff": 0.0015173699939623475,
    "best_2_weight_diff": 0.0010898651089519262,
    "best_0_weight_sim": 0.7292236685752869,
    "best_1_weight_sim": 0.756989598274231,
    "best_2_weight_sim": 0.7816006541252136,
    "num_feature_traj": 48,
    "num_feature_timesteps": "28017",
    "final_test_returns": 3385.636333627751,
    "final_test_normalized_returns": 88.25140498009061,
    "best_return": 3741.19017515694,
    "best_return_normalized": 96.7063033590217,
    "convergence_step": "80000",
    "convergence_iter": "16",
    "best_step": "80000",
    "best_iter": "16"
}