{"final_weight_diff": 0.0012483993778005242, "final_weight_sim": 0.7549073696136475, "final_feature_diff": 0.3255139174899049, "final_feature_sim": 0.7193905583362304, "final_0_weight_diff": 0.0014059278182685375, "final_1_weight_diff": 0.001339535228908062, "final_2_weight_diff": 0.0009968889644369483, "final_0_weight_sim": 0.720283567905426, "final_1_weight_sim": 0.7300993800163269, "final_2_weight_sim": 0.7776963114738464, "best_weight_diff": 0.0007991360616870224, "best_weight_sim": 0.8275062441825867, "best_feature_diff": 0.308581761280568, "best_feature_sim": 0.742336802053996, "best_0_weight_diff": 0.0008804963435977697, "best_1_weight_diff": 0.0008775468450039625, "best_2_weight_diff": 0.0006386475870385766, "best_0_weight_sim": 0.8048789501190186, "best_1_weight_sim": 0.8009315729141235, "best_2_weight_sim": 0.8452298045158386, "num_feature_traj": 11, "num_feature_timesteps": "10500", "final_test_returns": 3438.480638703877, "final_test_normalized_returns": 74.8659975130685, "best_return": 3662.7820983513434, "best_return_normalized": 79.75202528631445, "convergence_step": "15000", "convergence_iter": "3", "best_step": "55000", "best_iter": "11", "best_5percent_normalized": 79.75202528631445, "best_10percent_normalized": 79.43640336336416, "best_25percent_normalized": 77.20323080592408, "best_50percent_normalized": 75.22861706453594, "best_100percent_normalized": 71.92683891517262, "best_later_half_normalized": 72.39934081807789, "best_last_four_normalized": 71.220057624354, "target_steps": 5000}