{"final_weight_diff": 0.0015460754511877894, "final_weight_sim": 0.7722466588020325, "final_feature_diff": 0.17541086607131393, "final_feature_sim": 0.7515219402392445, "final_0_weight_diff": 0.00221088039688766, "final_1_weight_diff": 0.0013919114135205746, "final_2_weight_diff": 0.0010319168213754892, "final_0_weight_sim": 0.7236593961715698, "final_1_weight_sim": 0.7904243469238281, "final_2_weight_sim": 0.807514488697052, "best_weight_diff": 0.0013786880299448967, "best_weight_sim": 0.7933966517448425, "best_feature_diff": 0.17186487245854576, "best_feature_sim": 0.758310061381681, "best_0_weight_diff": 0.001972602680325508, "best_1_weight_diff": 0.001243103644810617, "best_2_weight_diff": 0.0009175277664326131, "best_0_weight_sim": 0.7485575675964355, "best_1_weight_sim": 0.8094192743301392, "best_2_weight_sim": 0.8264126777648926, "num_feature_traj": 100, "num_feature_timesteps": "100000", "final_test_returns": 5014.182312600044, "final_test_normalized_returns": 42.64426059135229, "best_return": 5101.287094334199, "best_return_normalized": 43.34585967473165, "convergence_step": "10000", "convergence_iter": "2", "best_step": "85000", "best_iter": "17", "best_5percent_normalized": 43.34585967473165, "best_10percent_normalized": 43.288234546295655, "best_25percent_normalized": 43.1781615382684, "best_50percent_normalized": 42.94966389249684, "best_100percent_normalized": 42.00190639824007, "best_later_half_normalized": 42.28849275799169, "best_last_four_normalized": 42.61753254877526}