{"final_weight_diff": 0.00128367287106812, "final_weight_sim": 0.7794253826141357, "final_feature_diff": 0.393377747714695, "final_feature_sim": 0.6243691898983743, "final_0_weight_diff": 0.0016121827065944672, "final_1_weight_diff": 0.0013250214979052544, "final_2_weight_diff": 0.0009112798143178225, "final_0_weight_sim": 0.7444823384284973, "final_1_weight_sim": 0.7764661312103271, "final_2_weight_sim": 0.8030965328216553, "best_weight_diff": 0.0010334077524021268, "best_weight_sim": 0.8137193918228149, "best_feature_diff": 0.3634421016911458, "best_feature_sim": 0.6557158800804077, "best_0_weight_diff": 0.0013269755290821195, "best_1_weight_diff": 0.00104598980396986, "best_2_weight_diff": 0.0007258219411596656, "best_0_weight_sim": 0.7797570824623108, "best_1_weight_sim": 0.8116557598114014, "best_2_weight_sim": 0.8368048071861267, "num_feature_traj": 321, "num_feature_timesteps": "203500", "final_test_returns": 3215.3461481968657, "final_test_normalized_returns": 99.41762388335894, "best_return": 3612.986511166534, "best_return_normalized": 111.63552306349924, "convergence_step": "35000", "convergence_iter": "7", "best_step": "75000", "best_iter": "15", "best_5percent_normalized": 111.63552306349924, "best_10percent_normalized": 111.34379384716112, "best_25percent_normalized": 109.82588733979301, "best_50percent_normalized": 107.18700964678919, "best_100percent_normalized": 84.11739228811277, "best_later_half_normalized": 99.75702884914992, "best_last_four_normalized": 87.9353137143911, "target_steps": 10000}