{
    "final_weight_diff": 0.0011412216117605567,
    "final_weight_sim": 0.8503291606903076,
    "final_feature_diff": 1.663734821145516,
    "final_feature_sim": 0.5177642975444933,
    "final_0_weight_diff": 0.001529906177893281,
    "final_1_weight_diff": 0.0011329127009958029,
    "final_2_weight_diff": 0.0007583352271467447,
    "final_0_weight_sim": 0.8022571206092834,
    "final_1_weight_sim": 0.8523439764976501,
    "final_2_weight_sim": 0.8572350740432739,
    "best_weight_diff": 0.0011412216117605567,
    "best_weight_sim": 0.8503291606903076,
    "best_feature_diff": 1.663734821145516,
    "best_feature_sim": 0.5177642975444933,
    "best_0_weight_diff": 0.001529906177893281,
    "best_1_weight_diff": 0.0011329127009958029,
    "best_2_weight_diff": 0.0007583352271467447,
    "best_0_weight_sim": 0.8022571206092834,
    "best_1_weight_sim": 0.8523439764976501,
    "best_2_weight_sim": 0.8572350740432739,
    "num_feature_traj": 131,
    "num_feature_timesteps": "59763",
    "final_test_returns": 2341.995697189432,
    "final_test_normalized_returns": 72.58305487821791,
    "best_return": 2341.995697189432,
    "best_return_normalized": 72.58305487821791,
    "convergence_step": "65000",
    "convergence_iter": "13",
    "best_step": "100000",
    "best_iter": "20"
}