{
    "final_weight_diff": 0.001204182393848896,
    "final_weight_sim": 0.7524555921554565,
    "final_feature_diff": 0.3291486599398116,
    "final_feature_sim": 0.64805156130534,
    "final_0_weight_diff": 0.0013575679622590542,
    "final_1_weight_diff": 0.0011867255670949817,
    "final_2_weight_diff": 0.0010621282272040844,
    "final_0_weight_sim": 0.7168375253677368,
    "final_1_weight_sim": 0.7494738101959229,
    "final_2_weight_sim": 0.754156768321991,
    "best_weight_diff": 0.0007074723835103214,
    "best_weight_sim": 0.8432268500328064,
    "best_feature_diff": 0.283071991134109,
    "best_feature_sim": 0.7125171165983233,
    "best_0_weight_diff": 0.0008424018160440028,
    "best_1_weight_diff": 0.0006871401565149426,
    "best_2_weight_diff": 0.0005923689459450543,
    "best_0_weight_sim": 0.8162358999252319,
    "best_1_weight_sim": 0.8369677066802979,
    "best_2_weight_sim": 0.8476265072822571,
    "num_feature_traj": 20,
    "num_feature_timesteps": "20000",
    "final_test_returns": 4802.554559287941,
    "final_test_normalized_returns": 40.93967176413313,
    "best_return": 4881.283433402181,
    "best_return_normalized": 41.573805790008095,
    "convergence_step": "25000",
    "convergence_iter": "5",
    "best_step": "45000",
    "best_iter": "9"
}