{
    "final_weight_diff": 0.0014136690879240632,
    "final_weight_sim": 0.7528133392333984,
    "final_feature_diff": 0.24404802502657552,
    "final_feature_sim": 0.7415043907354777,
    "final_0_weight_diff": 0.001471298048272729,
    "final_1_weight_diff": 0.001392819918692112,
    "final_2_weight_diff": 0.0013735865941271186,
    "final_0_weight_sim": 0.7360482215881348,
    "final_1_weight_sim": 0.7450174689292908,
    "final_2_weight_sim": 0.7474857568740845,
    "best_weight_diff": 0.0010278202826157212,
    "best_weight_sim": 0.8092538118362427,
    "best_feature_diff": 0.22579350691548108,
    "best_feature_sim": 0.7712976703813283,
    "best_0_weight_diff": 0.0010907223913818598,
    "best_1_weight_diff": 0.001009147148579359,
    "best_2_weight_diff": 0.0009822280844673514,
    "best_0_weight_sim": 0.7945526242256165,
    "best_1_weight_sim": 0.801470160484314,
    "best_2_weight_sim": 0.8059248924255371,
    "num_feature_traj": 119,
    "num_feature_timesteps": "101758",
    "final_test_returns": 3561.526968913022,
    "final_test_normalized_returns": 77.54635361838672,
    "best_return": 3657.094828371975,
    "best_return_normalized": 79.62813773285487,
    "convergence_step": "60000",
    "convergence_iter": "12",
    "best_step": "60000",
    "best_iter": "12"
}