{"final_weight_diff": 0.00120188866276294, "final_weight_sim": 0.8222015500068665, "final_feature_diff": 2.0180526609281277, "final_feature_sim": 0.33894665050566725, "final_0_weight_diff": 0.0018090272787958384, "final_1_weight_diff": 0.0010767790954560041, "final_2_weight_diff": 0.0007152550388127565, "final_0_weight_sim": 0.7558552622795105, "final_1_weight_sim": 0.8242525458335876, "final_2_weight_sim": 0.8531641364097595, "best_weight_diff": 0.0008477163501083851, "best_weight_sim": 0.8677846193313599, "best_feature_diff": 1.9214214817728292, "best_feature_sim": 0.3823279211988205, "best_0_weight_diff": 0.0013363668695092201, "best_1_weight_diff": 0.0007010176195763052, "best_2_weight_diff": 0.0005035190843045712, "best_0_weight_sim": 0.8081011772155762, "best_1_weight_sim": 0.8760964870452881, "best_2_weight_sim": 0.8928839564323425, "num_feature_traj": 120, "num_feature_timesteps": "106539", "final_test_returns": 3300.716267126369, "final_test_normalized_returns": 86.23204687243168, "best_return": 3923.813133878276, "best_return_normalized": 101.0489889871894, "convergence_step": "60000", "convergence_iter": "12", "best_step": "60000", "best_iter": "12", "best_5percent_normalized": 101.0489889871894, "best_10percent_normalized": 100.0428060491503, "best_25percent_normalized": 97.50680414155234, "best_50percent_normalized": 94.76088012856802, "best_100percent_normalized": 87.86601280105296, "best_later_half_normalized": 90.98891983006745, "best_last_four_normalized": 91.30970879887288}