{"final_weight_diff": 0.0012011326616629958, "final_weight_sim": 0.8411529064178467, "final_feature_diff": 1.0830748610354386, "final_feature_sim": 0.6871065984241226, "final_0_weight_diff": 0.0015828126342967153, "final_1_weight_diff": 0.001206703600473702, "final_2_weight_diff": 0.000806663534604013, "final_0_weight_sim": 0.801374614238739, "final_1_weight_sim": 0.8398227095603943, "final_2_weight_sim": 0.843593418598175, "best_weight_diff": 0.000599000952206552, "best_weight_sim": 0.9142590761184692, "best_feature_diff": 0.8405353527292889, "best_feature_sim": 0.7635670379453535, "best_0_weight_diff": 0.000845662725623697, "best_1_weight_diff": 0.0005316988681443036, "best_2_weight_diff": 0.00041764802881516516, "best_0_weight_sim": 0.8822782635688782, "best_1_weight_sim": 0.9207078218460083, "best_2_weight_sim": 0.9148915410041809, "num_feature_traj": 800, "num_feature_timesteps": "800000", "final_test_returns": 4989.07510945672, "final_test_normalized_returns": 42.442030698103295, "best_return": 8307.103692964236, "best_return_normalized": 69.16761070036132, "convergence_step": "40000", "convergence_iter": "8", "best_step": "40000", "best_iter": "8", "best_5percent_normalized": 69.16761070036132, "best_10percent_normalized": 65.78986121818053, "best_25percent_normalized": 61.399915580349685, "best_50percent_normalized": 52.81214799745707, "best_100percent_normalized": 47.28100992729172, "best_later_half_normalized": 47.158426212378366, "best_last_four_normalized": 42.664762315471975, "target_steps": 15000}