{"final_weight_diff": 0.0009444148745387793, "final_weight_sim": 0.8113046288490295, "final_feature_diff": 0.4819885825415726, "final_feature_sim": 0.7479356690894509, "final_0_weight_diff": 0.001262517413124442, "final_1_weight_diff": 0.0009033980895765126, "final_2_weight_diff": 0.0006645257235504687, "final_0_weight_sim": 0.765537679195404, "final_1_weight_sim": 0.8026301860809326, "final_2_weight_sim": 0.8315004110336304, "best_weight_diff": 0.0007058904157020152, "best_weight_sim": 0.8511381149291992, "best_feature_diff": 0.41314069257472424, "best_feature_sim": 0.7877310694541597, "best_0_weight_diff": 0.0009472943493165076, "best_1_weight_diff": 0.0006635715835727751, "best_2_weight_diff": 0.0005057363887317479, "best_0_weight_sim": 0.8103814125061035, "best_1_weight_sim": 0.8447532653808594, "best_2_weight_sim": 0.8667166233062744, "num_feature_traj": 200, "num_feature_timesteps": "200000", "final_test_returns": 5002.221678648131, "final_test_normalized_returns": 42.54792179513203, "best_return": 6849.639722212024, "best_return_normalized": 57.42823927229158, "convergence_step": "65000", "convergence_iter": "13", "best_step": "65000", "best_iter": "13", "best_5percent_normalized": 57.42823927229158, "best_10percent_normalized": 51.605388919357175, "best_25percent_normalized": 47.00117084891796, "best_50percent_normalized": 44.98847678563293, "best_100percent_normalized": 43.480431301760724, "best_later_half_normalized": 44.25894723596842, "best_last_four_normalized": 42.682375374810235, "target_steps": 10000}