{"final_weight_diff": 0.0014113022480159998, "final_weight_sim": 0.7774617671966553, "final_feature_diff": 0.42484231244743575, "final_feature_sim": 0.5545587189268157, "final_0_weight_diff": 0.0016273731598630548, "final_1_weight_diff": 0.0015201994683593512, "final_2_weight_diff": 0.0010813127737492323, "final_0_weight_sim": 0.7600100636482239, "final_1_weight_sim": 0.765661358833313, "final_2_weight_sim": 0.7928175330162048, "best_weight_diff": 0.0013582408428192139, "best_weight_sim": 0.7843922972679138, "best_feature_diff": 0.41903688264135436, "best_feature_sim": 0.5611196191952168, "best_0_weight_diff": 0.001575017930008471, "best_1_weight_diff": 0.0014598136767745018, "best_2_weight_diff": 0.0010354039259254932, "best_0_weight_sim": 0.7668684720993042, "best_1_weight_sim": 0.7727212309837341, "best_2_weight_sim": 0.7999895215034485, "num_feature_traj": 204, "num_feature_timesteps": "37349", "final_test_returns": 1706.1822931039703, "final_test_normalized_returns": 53.04705000566796, "best_return": 2937.016274517966, "best_return_normalized": 90.8656592134912, "convergence_step": "95000", "convergence_iter": "19", "best_step": "95000", "best_iter": "19", "best_5percent_normalized": 90.8656592134912, "best_10percent_normalized": 82.70892181260923, "best_25percent_normalized": 69.30305608303088, "best_50percent_normalized": 57.443529696959516, "best_100percent_normalized": 40.73702829744555, "best_later_half_normalized": 51.33229246708951, "best_last_four_normalized": 50.08346529204206}