{"final_weight_diff": 0.0014687819639220834, "final_weight_sim": 0.7358637452125549, "final_feature_diff": 0.07332654697085078, "final_feature_sim": 0.7062133013146658, "final_0_weight_diff": 0.0016373487887904048, "final_1_weight_diff": 0.001425542519427836, "final_2_weight_diff": 0.001328538521192968, "final_0_weight_sim": 0.7058765888214111, "final_1_weight_sim": 0.7359716892242432, "final_2_weight_sim": 0.7451227903366089, "best_weight_diff": 0.0012748840963467956, "best_weight_sim": 0.7642356157302856, "best_feature_diff": 0.07109273679515046, "best_feature_sim": 0.7252366865203469, "best_0_weight_diff": 0.00143959722481668, "best_1_weight_diff": 0.0012286147102713585, "best_2_weight_diff": 0.0011480755638331175, "best_0_weight_sim": 0.7372794151306152, "best_1_weight_sim": 0.7622048258781433, "best_2_weight_sim": 0.7702515721321106, "num_feature_traj": 48, "num_feature_timesteps": "28017", "final_test_returns": 3354.9233626775967, "final_test_normalized_returns": 87.5210653860033, "best_return": 3738.181362104549, "best_return_normalized": 96.6347552399246, "convergence_step": "55000", "convergence_iter": "11", "best_step": "80000", "best_iter": "16", "best_5percent_normalized": 96.6347552399246, "best_10percent_normalized": 95.86680932903589, "best_25percent_normalized": 93.63261834035434, "best_50percent_normalized": 91.43589230352266, "best_100percent_normalized": 85.35955466506653, "best_later_half_normalized": 88.89108836273593, "best_last_four_normalized": 87.44696491914803}