{
    "final_weight_diff": 0.0016333466628566384,
    "final_weight_sim": 0.7316906452178955,
    "final_feature_diff": 0.37752238079824224,
    "final_feature_sim": 0.6092316943977755,
    "final_0_weight_diff": 0.0019304443849250674,
    "final_1_weight_diff": 0.0017094466602429748,
    "final_2_weight_diff": 0.0012461553560569882,
    "final_0_weight_sim": 0.6943727731704712,
    "final_1_weight_sim": 0.72972571849823,
    "final_2_weight_sim": 0.7565109729766846,
    "best_weight_diff": 0.0011249013477936387,
    "best_weight_sim": 0.8037683367729187,
    "best_feature_diff": 0.37343307253788943,
    "best_feature_sim": 0.6328663459398594,
    "best_0_weight_diff": 0.0014282054034993052,
    "best_1_weight_diff": 0.0011393424356356263,
    "best_2_weight_diff": 0.0008034093189053237,
    "best_0_weight_sim": 0.7671414017677307,
    "best_1_weight_sim": 0.8029202222824097,
    "best_2_weight_sim": 0.8290161490440369,
    "num_feature_traj": 388,
    "num_feature_timesteps": "236539",
    "final_test_returns": 2922.164322127418,
    "final_test_normalized_returns": 77.23026471660566,
    "best_return": 3705.995719103754,
    "best_return_normalized": 95.8693962167682,
    "convergence_step": "35000",
    "convergence_iter": "7",
    "best_step": "55000",
    "best_iter": "11"
}