{"final_weight_diff": 0.0012265496188774705, "final_weight_sim": 0.7873597741127014, "final_feature_diff": 0.27913253196794857, "final_feature_sim": 0.73200859525485, "final_0_weight_diff": 0.0016859123716130853, "final_1_weight_diff": 0.0011872606119140983, "final_2_weight_diff": 0.0008031612960621715, "final_0_weight_sim": 0.7451506853103638, "final_1_weight_sim": 0.7899733185768127, "final_2_weight_sim": 0.8200781345367432, "best_weight_diff": 0.0006304128328338265, "best_weight_sim": 0.8774634599685669, "best_feature_diff": 0.19813205288211533, "best_feature_sim": 0.8134290497990284, "best_0_weight_diff": 0.0008908827439881861, "best_1_weight_diff": 0.000585911504458636, "best_2_weight_diff": 0.0004139601078350097, "best_0_weight_sim": 0.844986081123352, "best_1_weight_sim": 0.8799571990966797, "best_2_weight_sim": 0.900650680065155, "num_feature_traj": 321, "num_feature_timesteps": "203500", "final_test_returns": 2723.262337767918, "final_test_normalized_returns": 84.29785500703196, "best_return": 3622.0135479571472, "best_return_normalized": 111.91288782742674, "convergence_step": "40000", "convergence_iter": "8", "best_step": "40000", "best_iter": "8", "best_5percent_normalized": 111.91288782742674, "best_10percent_normalized": 111.43439965893086, "best_25percent_normalized": 109.95973747119035, "best_50percent_normalized": 105.87314363121973, "best_100percent_normalized": 94.1956200379861, "best_later_half_normalized": 96.84539213781238, "best_last_four_normalized": 95.7994804617438}