{"final_weight_diff": 0.0018427136819809675, "final_weight_sim": 0.8297873139381409, "final_feature_diff": 10.083788003445216, "final_feature_sim": 0.2483109658600977, "final_0_weight_diff": 0.0019294396042823792, "final_1_weight_diff": 0.002097074408084154, "final_2_weight_diff": 0.0014916546642780304, "final_0_weight_sim": 0.7135193347930908, "final_1_weight_sim": 0.7589166760444641, "final_2_weight_sim": 0.8329479098320007, "best_weight_diff": 0.0013897392200306058, "best_weight_sim": 0.8662368655204773, "best_feature_diff": 9.777412857904396, "best_feature_sim": 0.26629197158465, "best_0_weight_diff": 0.0015257196500897408, "best_1_weight_diff": 0.0015493864193558693, "best_2_weight_diff": 0.0010885386727750301, "best_0_weight_sim": 0.7565134763717651, "best_1_weight_sim": 0.8085776567459106, "best_2_weight_sim": 0.8730589747428894, "num_feature_traj": 223, "num_feature_timesteps": "196344", "final_test_returns": 3733.967330215785, "final_test_normalized_returns": 96.5345475998332, "best_return": 5234.269767814112, "best_return_normalized": 132.21101390659672, "convergence_step": "65000", "convergence_iter": "13", "best_step": "65000", "best_iter": "13", "best_5percent_normalized": 132.21101390659672, "best_10percent_normalized": 127.39480781678137, "best_25percent_normalized": 122.15428280850251, "best_50percent_normalized": 117.81286003037287, "best_100percent_normalized": 108.80186754998658, "best_later_half_normalized": 111.68391694373581, "best_last_four_normalized": 108.69374084040828}