{
    "final_weight_diff": 0.0015539126470685005,
    "final_weight_sim": 0.7250757813453674,
    "final_feature_diff": 0.3535115973647415,
    "final_feature_sim": 0.6563369926653254,
    "final_0_weight_diff": 0.0017475627828389406,
    "final_1_weight_diff": 0.0016422183252871037,
    "final_2_weight_diff": 0.0012616193853318691,
    "final_0_weight_sim": 0.691564679145813,
    "final_1_weight_sim": 0.7187069654464722,
    "final_2_weight_sim": 0.7422407865524292,
    "best_weight_diff": 0.0007702753646299243,
    "best_weight_sim": 0.8539930582046509,
    "best_feature_diff": 0.29476057365222513,
    "best_feature_sim": 0.7345009041545013,
    "best_0_weight_diff": 0.0009189965785481036,
    "best_1_weight_diff": 0.0007970039150677621,
    "best_2_weight_diff": 0.000594073673710227,
    "best_0_weight_sim": 0.8301038146018982,
    "best_1_weight_sim": 0.8492975234985352,
    "best_2_weight_sim": 0.8672615885734558,
    "num_feature_traj": 16,
    "num_feature_timesteps": "16000",
    "final_test_returns": 4734.834459322034,
    "final_test_normalized_returns": 40.39420963086647,
    "best_return": 4793.5623176974495,
    "best_return_normalized": 40.867242348298426,
    "convergence_step": "15000",
    "convergence_iter": "3",
    "best_step": "35000",
    "best_iter": "7"
}