{"final_weight_diff": 0.001215980271808803, "final_weight_sim": 0.7899083495140076, "final_feature_diff": 0.47747942197298543, "final_feature_sim": 0.5826323432884852, "final_0_weight_diff": 0.0014548309845849872, "final_1_weight_diff": 0.0013321915175765753, "final_2_weight_diff": 0.0008563392329961061, "final_0_weight_sim": 0.7625318765640259, "final_1_weight_sim": 0.7739205956459045, "final_2_weight_sim": 0.8190450668334961, "best_weight_diff": 0.0006207664264366031, "best_weight_sim": 0.8822221755981445, "best_feature_diff": 0.34382680766341345, "best_feature_sim": 0.7088124059909392, "best_0_weight_diff": 0.0007783318869769573, "best_1_weight_diff": 0.000651679583825171, "best_2_weight_diff": 0.0004310603253543377, "best_0_weight_sim": 0.8610223531723022, "best_1_weight_sim": 0.873124361038208, "best_2_weight_sim": 0.902507483959198, "num_feature_traj": 100, "num_feature_timesteps": "100000", "final_test_returns": 5042.560313507121, "final_test_normalized_returns": 42.87283563658126, "best_return": 5069.18548340518, "best_return_normalized": 43.08729223039158, "convergence_step": "10000", "convergence_iter": "2", "best_step": "40000", "best_iter": "8", "best_5percent_normalized": 43.08729223039158, "best_10percent_normalized": 43.08010593388862, "best_25percent_normalized": 43.05867931213744, "best_50percent_normalized": 42.96992632441511, "best_100percent_normalized": 42.46084081954838, "best_later_half_normalized": 42.593088419921585, "best_last_four_normalized": 42.610565552665605}