{
    "final_weight_diff": 0.0015993714332580566,
    "final_weight_sim": 0.7119107246398926,
    "final_feature_diff": 0.1544192701198777,
    "final_feature_sim": 0.6854126834602134,
    "final_0_weight_diff": 0.0018428601324558258,
    "final_1_weight_diff": 0.0014320134650915861,
    "final_2_weight_diff": 0.0015113530680537224,
    "final_0_weight_sim": 0.6707045435905457,
    "final_1_weight_sim": 0.7221167087554932,
    "final_2_weight_sim": 0.7170825600624084,
    "best_weight_diff": 0.0008995424141176045,
    "best_weight_sim": 0.8161258697509766,
    "best_feature_diff": 0.1516597756504956,
    "best_feature_sim": 0.7559836007448152,
    "best_0_weight_diff": 0.0010395328281447291,
    "best_1_weight_diff": 0.0008153714006766677,
    "best_2_weight_diff": 0.0008429232984781265,
    "best_0_weight_sim": 0.7906254529953003,
    "best_1_weight_sim": 0.8166413903236389,
    "best_2_weight_sim": 0.8139553666114807,
    "num_feature_traj": 109,
    "num_feature_timesteps": "31150",
    "final_test_returns": 1574.605879847143,
    "final_test_normalized_returns": 34.26463962650153,
    "best_return": 2773.8439699093256,
    "best_return_normalized": 60.38801226967401,
    "convergence_step": "40000",
    "convergence_iter": "8",
    "best_step": "40000",
    "best_iter": "8"
}