{
    "final_weight_diff": 0.0015612205024808645,
    "final_weight_sim": 0.804694652557373,
    "final_feature_diff": 1.8583071256603743,
    "final_feature_sim": 0.4529702768352344,
    "final_0_weight_diff": 0.0021695424802601337,
    "final_1_weight_diff": 0.0014916766667738557,
    "final_2_weight_diff": 0.0010121826780959964,
    "final_0_weight_sim": 0.7549340724945068,
    "final_1_weight_sim": 0.806860089302063,
    "final_2_weight_sim": 0.8132869005203247,
    "best_weight_diff": 0.0007590490276925266,
    "best_weight_sim": 0.894980251789093,
    "best_feature_diff": 1.5445175226764807,
    "best_feature_sim": 0.560155481771035,
    "best_0_weight_diff": 0.0011043285485357046,
    "best_1_weight_diff": 0.0006668116548098624,
    "best_2_weight_diff": 0.0005036448128521442,
    "best_0_weight_sim": 0.8575538396835327,
    "best_1_weight_sim": 0.9017676711082458,
    "best_2_weight_sim": 0.8995771408081055,
    "num_feature_traj": 134,
    "num_feature_timesteps": "117833",
    "final_test_returns": 4663.061011582244,
    "final_test_normalized_returns": 118.62794596300486,
    "best_return": 5255.999006904503,
    "best_return_normalized": 132.72772470226863,
    "convergence_step": "35000",
    "convergence_iter": "7",
    "best_step": "35000",
    "best_iter": "7"
}