{"final_weight_diff": 0.0009279823279939592, "final_weight_sim": 0.8132275342941284, "final_feature_diff": 0.6277343626029516, "final_feature_sim": 0.6205174002263084, "final_0_weight_diff": 0.0012132012052461505, "final_1_weight_diff": 0.0009077029535546899, "final_2_weight_diff": 0.0006616418831981719, "final_0_weight_sim": 0.7681177258491516, "final_1_weight_sim": 0.8052059412002563, "final_2_weight_sim": 0.8351778388023376, "best_weight_diff": 0.0007293117814697325, "best_weight_sim": 0.8458027839660645, "best_feature_diff": 0.5397806101722712, "best_feature_sim": 0.6741029161579964, "best_0_weight_diff": 0.0009773315396159887, "best_1_weight_diff": 0.0006946250796318054, "best_2_weight_diff": 0.0005152878002263606, "best_0_weight_sim": 0.8019920587539673, "best_1_weight_sim": 0.8410727977752686, "best_2_weight_sim": 0.8664621710777283, "num_feature_traj": 321, "num_feature_timesteps": "203500", "final_test_returns": 3160.069427808672, "final_test_normalized_returns": 97.7191911798276, "best_return": 3623.73475471432, "best_return_normalized": 111.96577363225364, "convergence_step": "35000", "convergence_iter": "7", "best_step": "75000", "best_iter": "15", "best_5percent_normalized": 111.96577363225364, "best_10percent_normalized": 111.87904206683717, "best_25percent_normalized": 108.25388766024682, "best_50percent_normalized": 102.36580478617667, "best_100percent_normalized": 81.70425070454039, "best_later_half_normalized": 94.38685749954377, "best_last_four_normalized": 97.09154481679626}