{
    "final_weight_diff": 0.0023055255878716707,
    "final_weight_sim": 0.6606833338737488,
    "final_feature_diff": 0.5361247986438772,
    "final_feature_sim": 0.3960071976053099,
    "final_0_weight_diff": 0.0024651235435158014,
    "final_1_weight_diff": 0.002408013679087162,
    "final_2_weight_diff": 0.002013367135077715,
    "final_0_weight_sim": 0.6319847106933594,
    "final_1_weight_sim": 0.6599767804145813,
    "final_2_weight_sim": 0.6743223071098328,
    "best_weight_diff": 0.002122469013556838,
    "best_weight_sim": 0.6796579957008362,
    "best_feature_diff": 0.5397419623745479,
    "best_feature_sim": 0.3982669980740365,
    "best_0_weight_diff": 0.0023097102530300617,
    "best_1_weight_diff": 0.00222325068898499,
    "best_2_weight_diff": 0.001809734501875937,
    "best_0_weight_sim": 0.6503108143806458,
    "best_1_weight_sim": 0.6777506470680237,
    "best_2_weight_sim": 0.6946681141853333,
    "num_feature_traj": 48,
    "num_feature_timesteps": "28017",
    "final_test_returns": 3713.572052291687,
    "final_test_normalized_returns": 96.04955775549156,
    "best_return": 3747.683247633714,
    "best_return_normalized": 96.8607054819802,
    "convergence_step": "105000",
    "convergence_iter": "21",
    "best_step": "140000",
    "best_iter": "28"
}