{"final_weight_diff": 0.0021154398564249277, "final_weight_sim": 0.7292910218238831, "final_feature_diff": 0.21938207144949573, "final_feature_sim": 0.7055795952636379, "final_0_weight_diff": 0.002375873038545251, "final_1_weight_diff": 0.0017916234210133553, "final_2_weight_diff": 0.002175835659727454, "final_0_weight_sim": 0.697014331817627, "final_1_weight_sim": 0.70824134349823, "final_2_weight_sim": 0.7304466366767883, "best_weight_diff": 0.0010165649000555277, "best_weight_sim": 0.8542565107345581, "best_feature_diff": 0.1840315019338481, "best_feature_sim": 0.7685689461574413, "best_0_weight_diff": 0.0012393221259117126, "best_1_weight_diff": 0.0008612665114924312, "best_2_weight_diff": 0.0009486782946623862, "best_0_weight_sim": 0.8259854912757874, "best_1_weight_sim": 0.8379878401756287, "best_2_weight_sim": 0.8650230169296265, "num_feature_traj": 119, "num_feature_timesteps": "101758", "final_test_returns": 3621.399934035363, "final_test_normalized_returns": 78.85058485662357, "best_return": 3716.288558089282, "best_return_normalized": 80.91757297708085, "convergence_step": "15000", "convergence_iter": "3", "best_step": "30000", "best_iter": "6", "best_5percent_normalized": 80.91757297708085, "best_10percent_normalized": 79.97197396852513, "best_25percent_normalized": 78.40365451228297, "best_50percent_normalized": 76.85019077350675, "best_100percent_normalized": 73.31981231102608, "best_later_half_normalized": 72.34563743312762, "best_last_four_normalized": 70.74149983674748}