{"final_weight_diff": 0.0012950641103088856, "final_weight_sim": 0.7558268308639526, "final_feature_diff": 0.33499449746124904, "final_feature_sim": 0.6754614276531575, "final_0_weight_diff": 0.0015149512328207493, "final_1_weight_diff": 0.0012115172576159239, "final_2_weight_diff": 0.001154303434304893, "final_0_weight_sim": 0.7342479825019836, "final_1_weight_sim": 0.7505473494529724, "final_2_weight_sim": 0.7499411702156067, "best_weight_diff": 0.0012531960383057594, "best_weight_sim": 0.7616433501243591, "best_feature_diff": 0.3318004116617532, "best_feature_sim": 0.679227480453641, "best_0_weight_diff": 0.0014721170300617814, "best_1_weight_diff": 0.001169724389910698, "best_2_weight_diff": 0.0011137572582811117, "best_0_weight_sim": 0.7400870323181152, "best_1_weight_sim": 0.7563372850418091, "best_2_weight_sim": 0.7559373378753662, "num_feature_traj": 223, "num_feature_timesteps": "196344", "final_test_returns": 4375.021546632032, "final_test_normalized_returns": 111.77850680408132, "best_return": 5270.541293113105, "best_return_normalized": 133.07353323456366, "convergence_step": "95000", "convergence_iter": "19", "best_step": "95000", "best_iter": "19", "best_5percent_normalized": 133.07353323456366, "best_10percent_normalized": 130.68043787092574, "best_25percent_normalized": 123.61417631808433, "best_50percent_normalized": 116.9318292886788, "best_100percent_normalized": 105.58622772647179, "best_later_half_normalized": 110.97725740813962, "best_last_four_normalized": 113.48546910495392}