{
    "final_weight_diff": 0.0015200701309368014,
    "final_weight_sim": 0.736267626285553,
    "final_feature_diff": 0.10359746099744527,
    "final_feature_sim": 0.6919499128747347,
    "final_0_weight_diff": 0.0017158042173832655,
    "final_1_weight_diff": 0.0014941698173061013,
    "final_2_weight_diff": 0.001340601360425353,
    "final_0_weight_sim": 0.7097744345664978,
    "final_1_weight_sim": 0.7300660610198975,
    "final_2_weight_sim": 0.7447440028190613,
    "best_weight_diff": 0.0013291960349306464,
    "best_weight_sim": 0.7629331350326538,
    "best_feature_diff": 0.1055303363448451,
    "best_feature_sim": 0.711689010319293,
    "best_0_weight_diff": 0.0015057442942634225,
    "best_1_weight_diff": 0.0012867293553426862,
    "best_2_weight_diff": 0.001189335947856307,
    "best_0_weight_sim": 0.7401391267776489,
    "best_1_weight_sim": 0.7563543319702148,
    "best_2_weight_sim": 0.7668420076370239,
    "num_feature_traj": 109,
    "num_feature_timesteps": "31150",
    "final_test_returns": 2333.13916409375,
    "final_test_normalized_returns": 50.78800376147169,
    "best_return": 3647.416745886264,
    "best_return_normalized": 79.41731708152575,
    "convergence_step": "80000",
    "convergence_iter": "16",
    "best_step": "80000",
    "best_iter": "16"
}