{"final_weight_diff": 0.0031061938498169184, "final_weight_sim": 0.6539750695228577, "final_feature_diff": 0.9930398754590019, "final_feature_sim": 0.4975277583616998, "final_0_weight_diff": 0.0037084773648530245, "final_1_weight_diff": 0.0032153045758605003, "final_2_weight_diff": 0.002396607305854559, "final_0_weight_sim": 0.6228695511817932, "final_1_weight_sim": 0.6354774236679077, "final_2_weight_sim": 0.657572865486145, "best_weight_diff": 0.002104864688590169, "best_weight_sim": 0.7193301916122437, "best_feature_diff": 0.8663036913313554, "best_feature_sim": 0.5717220734937597, "best_0_weight_diff": 0.0025030001997947693, "best_1_weight_diff": 0.002156659262254834, "best_2_weight_diff": 0.0016559758223593235, "best_0_weight_sim": 0.6894542574882507, "best_1_weight_sim": 0.6984771490097046, "best_2_weight_sim": 0.7220420241355896, "num_feature_traj": 120, "num_feature_timesteps": "106539", "final_test_returns": 3539.1540142161766, "final_test_normalized_returns": 91.90198117176364, "best_return": 3982.639388066006, "best_return_normalized": 102.44784885896384, "convergence_step": "95000", "convergence_iter": "19", "best_step": "95000", "best_iter": "19", "best_5percent_normalized": 102.44784885896384, "best_10percent_normalized": 100.26123562564266, "best_25percent_normalized": 96.66108410681254, "best_50percent_normalized": 93.66861129436482, "best_100percent_normalized": 87.70995357890916, "best_later_half_normalized": 86.65997814814665, "best_last_four_normalized": 83.86399985724024, "target_steps": 5000}