{
    "final_weight_diff": 0.0019662354607135057,
    "final_weight_sim": 0.7168608903884888,
    "final_feature_diff": 0.1949499052261568,
    "final_feature_sim": 0.7427504734871518,
    "final_0_weight_diff": 0.0023425426334142685,
    "final_1_weight_diff": 0.0019990340806543827,
    "final_2_weight_diff": 0.0015449000056833029,
    "final_0_weight_sim": 0.687041699886322,
    "final_1_weight_sim": 0.720771074295044,
    "final_2_weight_sim": 0.735643744468689,
    "best_weight_diff": 0.0019061740022152662,
    "best_weight_sim": 0.7240487933158875,
    "best_feature_diff": 0.19449801941894604,
    "best_feature_sim": 0.7429356895233377,
    "best_0_weight_diff": 0.0022845733910799026,
    "best_1_weight_diff": 0.0019342117011547089,
    "best_2_weight_diff": 0.0014886261196807027,
    "best_0_weight_sim": 0.6942399740219116,
    "best_1_weight_sim": 0.7278478145599365,
    "best_2_weight_sim": 0.7430061101913452,
    "num_feature_traj": 48,
    "num_feature_timesteps": "28017",
    "final_test_returns": 3387.455460223349,
    "final_test_normalized_returns": 88.29466293066723,
    "best_return": 3730.170095153159,
    "best_return_normalized": 96.44425118667296,
    "convergence_step": "50000",
    "convergence_iter": "10",
    "best_step": "95000",
    "best_iter": "19"
}