{
    "final_weight_diff": 0.0010358482832089067,
    "final_weight_sim": 0.8005579710006714,
    "final_feature_diff": 0.7249956345440781,
    "final_feature_sim": 0.573684725334462,
    "final_0_weight_diff": 0.0012418474070727825,
    "final_1_weight_diff": 0.0010795262642204762,
    "final_2_weight_diff": 0.0007842518971301615,
    "final_0_weight_sim": 0.7658547759056091,
    "final_1_weight_sim": 0.780880331993103,
    "final_2_weight_sim": 0.8141091465950012,
    "best_weight_diff": 0.0006582756759598851,
    "best_weight_sim": 0.859783947467804,
    "best_feature_diff": 0.5481102168154399,
    "best_feature_sim": 0.6743866682389853,
    "best_0_weight_diff": 0.0008326378301717341,
    "best_1_weight_diff": 0.0006598453619517386,
    "best_2_weight_diff": 0.0004819317255169153,
    "best_0_weight_sim": 0.8258799910545349,
    "best_1_weight_sim": 0.8465896844863892,
    "best_2_weight_sim": 0.8736521005630493,
    "num_feature_traj": 204,
    "num_feature_timesteps": "37349",
    "final_test_returns": 2107.7192955596456,
    "final_test_normalized_returns": 65.38467734425231,
    "best_return": 2609.0875777382507,
    "best_return_normalized": 80.78972093195671,
    "convergence_step": "60000",
    "convergence_iter": "12",
    "best_step": "60000",
    "best_iter": "12"
}