{"final_weight_diff": 0.0010593506740406156, "final_weight_sim": 0.7869920134544373, "final_feature_diff": 0.2132352994473249, "final_feature_sim": 0.7621484343793081, "final_0_weight_diff": 0.0012390072224661708, "final_1_weight_diff": 0.0010705189779400826, "final_2_weight_diff": 0.0008669565431773663, "final_0_weight_sim": 0.7581669688224792, "final_1_weight_sim": 0.7773038148880005, "final_2_weight_sim": 0.7940878868103027, "best_weight_diff": 0.0004280375433154404, "best_weight_sim": 0.8985881209373474, "best_feature_diff": 0.1410101537288338, "best_feature_sim": 0.8504228036760805, "best_0_weight_diff": 0.0005043716519139707, "best_1_weight_diff": 0.0004263088048901409, "best_2_weight_diff": 0.0003534826391842216, "best_0_weight_sim": 0.8821476697921753, "best_1_weight_sim": 0.8907777070999146, "best_2_weight_sim": 0.9024752974510193, "num_feature_traj": 119, "num_feature_timesteps": "101758", "final_test_returns": 3348.4726620593274, "final_test_normalized_returns": 72.90532603821431, "best_return": 3637.003423390567, "best_return_normalized": 79.19048047062849, "convergence_step": "10000", "convergence_iter": "2", "best_step": "25000", "best_iter": "5", "best_5percent_normalized": 79.19048047062849, "best_10percent_normalized": 78.72406867453188, "best_25percent_normalized": 78.14891959393861, "best_50percent_normalized": 76.87213012468538, "best_100percent_normalized": 71.25928457837122, "best_later_half_normalized": 68.15087843826286, "best_last_four_normalized": 66.29202511181997, "target_steps": 5000}