{
    "final_weight_diff": 0.0016282296273857355,
    "final_weight_sim": 0.7489340305328369,
    "final_feature_diff": 0.22025808303181743,
    "final_feature_sim": 0.7281496318047266,
    "final_0_weight_diff": 0.001702879904769361,
    "final_1_weight_diff": 0.0017123597208410501,
    "final_2_weight_diff": 0.0014638679567724466,
    "final_0_weight_sim": 0.7064642310142517,
    "final_1_weight_sim": 0.7464418411254883,
    "final_2_weight_sim": 0.7740424871444702,
    "best_weight_diff": 0.0006576415034942329,
    "best_weight_sim": 0.8843041658401489,
    "best_feature_diff": 0.18083501230977075,
    "best_feature_sim": 0.7811213640575007,
    "best_0_weight_diff": 0.0007478874758817255,
    "best_1_weight_diff": 0.0006678181234747171,
    "best_2_weight_diff": 0.000556427869014442,
    "best_0_weight_sim": 0.8470239639282227,
    "best_1_weight_sim": 0.8837997317314148,
    "best_2_weight_sim": 0.906059205532074,
    "num_feature_traj": 219,
    "num_feature_timesteps": "197797",
    "final_test_returns": 4955.225393124062,
    "final_test_normalized_returns": 107.90571560794749,
    "best_return": 5000.647774831456,
    "best_return_normalized": 108.89516533733452,
    "convergence_step": "15000",
    "convergence_iter": "3",
    "best_step": "25000",
    "best_iter": "5"
}