{"final_weight_diff": 0.0013672058703377843, "final_weight_sim": 0.7604065537452698, "final_feature_diff": 0.4905163533464883, "final_feature_sim": 0.5163239797733739, "final_0_weight_diff": 0.0019102138467133045, "final_1_weight_diff": 0.0013801041059195995, "final_2_weight_diff": 0.0008068563183769584, "final_0_weight_sim": 0.7043265104293823, "final_1_weight_sim": 0.7594964504241943, "final_2_weight_sim": 0.8140242099761963, "best_weight_diff": 0.00046389130875468254, "best_weight_sim": 0.9043934345245361, "best_feature_diff": 0.3872825872026763, "best_feature_sim": 0.6482981600163562, "best_0_weight_diff": 0.0006622460205107927, "best_1_weight_diff": 0.0004401442129164934, "best_2_weight_diff": 0.0002886045549530536, "best_0_weight_sim": 0.8749622106552124, "best_1_weight_sim": 0.9049713015556335, "best_2_weight_sim": 0.9276633262634277, "num_feature_traj": 120, "num_feature_timesteps": "106539", "final_test_returns": 3785.3024666942338, "final_test_normalized_returns": 97.75527231574998, "best_return": 3948.4509068992497, "best_return_normalized": 101.63486331294436, "convergence_step": "20000", "convergence_iter": "4", "best_step": "20000", "best_iter": "4", "best_5percent_normalized": 101.63486331294436, "best_10percent_normalized": 100.25547613683702, "best_25percent_normalized": 97.92714971045018, "best_50percent_normalized": 93.86346850780589, "best_100percent_normalized": 87.47608812013088, "best_later_half_normalized": 89.11179665923808, "best_last_four_normalized": 92.94799189474975}