{"final_weight_diff": 0.0014564837329089642, "final_weight_sim": 0.7715815901756287, "final_feature_diff": 0.16819999938426677, "final_feature_sim": 0.7903429545518923, "final_0_weight_diff": 0.0019093739101663232, "final_1_weight_diff": 0.0014763461658731103, "final_2_weight_diff": 0.000980014679953456, "final_0_weight_sim": 0.7316261529922485, "final_1_weight_sim": 0.7754005193710327, "final_2_weight_sim": 0.8059698343276978, "best_weight_diff": 0.0014564837329089642, "best_weight_sim": 0.7715815901756287, "best_feature_diff": 0.16819999938426677, "best_feature_sim": 0.7903429545518923, "best_0_weight_diff": 0.0019093739101663232, "best_1_weight_diff": 0.0014763461658731103, "best_2_weight_diff": 0.000980014679953456, "best_0_weight_sim": 0.7316261529922485, "best_1_weight_sim": 0.7754005193710327, "best_2_weight_sim": 0.8059698343276978, "num_feature_traj": 100, "num_feature_timesteps": "100000", "final_test_returns": 5137.463479075052, "final_test_normalized_returns": 43.63724802183325, "best_return": 5137.463479075052, "best_return_normalized": 43.63724802183325, "convergence_step": "5000", "convergence_iter": "1", "best_step": "100000", "best_iter": "20", "best_5percent_normalized": 43.63724802183325, "best_10percent_normalized": 43.417686347427406, "best_25percent_normalized": 43.195974586858966, "best_50percent_normalized": 43.001511369225405, "best_100percent_normalized": 42.48757841410404, "best_later_half_normalized": 42.50185439565807, "best_last_four_normalized": 42.12915483289341}