{"final_weight_diff": 0.0015553842531517148, "final_weight_sim": 0.7220250368118286, "final_feature_diff": 0.23273468942094366, "final_feature_sim": 0.5134477444204836, "final_0_weight_diff": 0.001717519131489098, "final_1_weight_diff": 0.0014208500506356359, "final_2_weight_diff": 0.0015180681366473436, "final_0_weight_sim": 0.6906001567840576, "final_1_weight_sim": 0.7262746095657349, "final_2_weight_sim": 0.7226244211196899, "best_weight_diff": 0.0008728989050723612, "best_weight_sim": 0.8278127908706665, "best_feature_diff": 0.16966552224994844, "best_feature_sim": 0.6644938492743498, "best_0_weight_diff": 0.0009829690679907799, "best_1_weight_diff": 0.0007749657961539924, "best_2_weight_diff": 0.0008602041052654386, "best_0_weight_sim": 0.812384307384491, "best_1_weight_sim": 0.8277158737182617, "best_2_weight_sim": 0.8173208832740784, "num_feature_traj": 437, "num_feature_timesteps": "121445", "final_test_returns": 2673.612096859652, "final_test_normalized_returns": 58.204630510790736, "best_return": 3235.330446080077, "best_return_normalized": 70.44071430331937, "convergence_step": "40000", "convergence_iter": "8", "best_step": "40000", "best_iter": "8", "best_5percent_normalized": 70.44071430331937, "best_10percent_normalized": 68.42707257564365, "best_25percent_normalized": 65.65384383811514, "best_50percent_normalized": 58.69435112835398, "best_100percent_normalized": 41.93903332880532, "best_later_half_normalized": 47.18537098481208, "best_last_four_normalized": 51.80878767763423, "target_steps": 20000}