{"final_weight_diff": 0.0008444041013717651, "final_weight_sim": 0.8190802335739136, "final_feature_diff": 0.2779274162138189, "final_feature_sim": 0.7656395883395224, "final_0_weight_diff": 0.0009626714163459837, "final_1_weight_diff": 0.0009139007888734341, "final_2_weight_diff": 0.000656100339256227, "final_0_weight_sim": 0.7871629595756531, "final_1_weight_sim": 0.7982978820800781, "final_2_weight_sim": 0.8328886032104492, "best_weight_diff": 0.0007288832566700876, "best_weight_sim": 0.8390306234359741, "best_feature_diff": 0.2630013860680215, "best_feature_sim": 0.7792115307890566, "best_0_weight_diff": 0.0008374655153602362, "best_1_weight_diff": 0.0007807773654349148, "best_2_weight_diff": 0.0005680418107658625, "best_0_weight_sim": 0.8091449737548828, "best_1_weight_sim": 0.8203831911087036, "best_2_weight_sim": 0.8512954711914062, "num_feature_traj": 218, "num_feature_timesteps": "100692", "final_test_returns": 1786.09299243355, "final_test_normalized_returns": 55.50238643211062, "best_return": 2249.0292169454024, "best_return_normalized": 69.72656648184076, "convergence_step": "85000", "convergence_iter": "17", "best_step": "85000", "best_iter": "17", "best_5percent_normalized": 69.72656648184076, "best_10percent_normalized": 67.69626705084258, "best_25percent_normalized": 65.19122254759714, "best_50percent_normalized": 62.59105547316219, "best_100percent_normalized": 56.22378626325254, "best_later_half_normalized": 57.04717363532486, "best_last_four_normalized": 56.898229742539364}