current_itr_train_time	current_itr_train_loss_mean	current_itr_train_loss_std	current_itr_eval_2000_return_mean	current_itr_eval_2000_return_std	current_itr_eval_2000_length_mean	current_itr_eval_2000_length_std	current_itr_eval_5000_return_mean	current_itr_eval_5000_return_std	current_itr_eval_5000_length_mean	current_itr_eval_5000_length_std	TestEpRet	TestEpNormRet	Iteration	Steps	total_time	current_eval_time
594.8666982650757	0.10032361834682524	0.17510907773211348	3312.4673143972104	975.1418926373899	861.3	248.22814103159214	3325.7623913931047	1136.0727384756053	933.9	198.3	3325.7623913931047	86.82763159330142	1	5000	704.6976613998413	109.83025431632996
588.5486032962799	0.018750351077318192	0.0021861862721463173	3330.4552659645406	868.1674158713231	860.7	213.53690547537678	3889.07091676072	109.33710028711879	1000.0	0.0	3889.07091676072	100.22283586808837	2	10000	1407.8500220775604	114.55387878417969
587.874844789505	0.016953183375112712	0.0017536598926566112	2923.9355726220538	1295.0561847502206	780.1	332.1269185115835	3377.9652081151203	899.8485606653262	901.4	212.32767130075158	3377.9652081151203	88.06898932573466	3	15000	2095.4283215999603	99.67773175239563
591.2594699859619	0.01617954627070576	0.001582966229876771	3493.032348428786	1067.1688584517776	872.3	255.4611712178585	3271.3837389459495	1116.2943789323451	905.4	190.22050362671214	3271.3837389459495	85.53453353972247	4	20000	2791.7629220485687	105.05929660797119
586.892724275589	0.015719404244981708	0.0014571085624254477	2665.167112643247	1231.761608786594	732.5	333.7352993017071	3169.821430745384	1530.8754303552153	810.1	379.8016455993839	3169.821430745384	83.11943097389921	5	25000	3468.682396888733	90.01209473609924
585.4954171180725	0.01540627887751907	0.001437038626596166	2766.234373748571	1546.0964129501199	716.6	397.1463710019267	2837.487893566118	1453.2765857368722	731.5	361.43775397708526	2837.487893566118	75.21670020132018	6	30000	4139.403511285782	85.21221351623535
