current_itr_train_time	current_itr_train_loss_mean	current_itr_train_loss_std	current_itr_eval_2000_return_mean	current_itr_eval_2000_return_std	current_itr_eval_2000_length_mean	current_itr_eval_2000_length_std	current_itr_eval_5000_return_mean	current_itr_eval_5000_return_std	current_itr_eval_5000_length_mean	current_itr_eval_5000_length_std	TestEpRet	TestEpNormRet	Iteration	Steps	total_time	current_eval_time
581.6405062675476	0.0980325726274401	0.16323259536461085	2191.096023572976	1204.792371301109	577.8	315.13863615875476	2977.1145652772984	1449.8539241732017	763.3	368.4481103221999	2977.1145652772984	78.53695492063106	1	5000	665.6474738121033	84.00631189346313
575.8973512649536	0.018988876593858003	0.0022143819113955524	3319.869715861766	889.0903352231807	858.1	221.92090933483487	2846.9981590542056	1203.5076506761757	750.2	314.6266994391925	2846.9981590542056	75.4428497147458	2	10000	1341.6786963939667	100.11185050010681
576.7016136646271	0.017078467951342463	0.0017721945384299549	3865.0639250379077	167.52627117174976	1000.0	0.0	3903.1188763516648	73.16990905462877	1000.0	0.0	3903.1188763516648	100.55688955250909	3	15000	2038.336888551712	119.92288017272949
578.9706270694733	0.016305358625948427	0.001600988420914072	3412.0552230568405	1082.6699764787352	884.6	266.0673598921897	3322.218698571504	1092.7375959051571	844.3	273.6209239075111	3322.218698571504	86.74336429200065	4	20000	2723.596575021744	106.27539157867432
577.8842661380768	0.015816973840072752	0.0015029733588930669	3051.915552717238	1089.953492667959	872.8	222.69611581704788	2800.3254049647444	1518.6210167783163	713.0	365.6150981565176	2800.3254049647444	74.33299419695965	5	25000	3396.7728452682495	95.27407455444336
576.4522936344147	0.015480161708779633	0.0014329799952235963	3652.9855387487564	962.0180267642115	920.0	240.0	3275.674524094358	1099.3506541259144	912.0	264.0	3275.674524094358	85.63656633520456	6	30000	4081.845243215561	108.57124423980713
