{
    "final_weight_diff": 0.0013719896087422967,
    "final_weight_sim": 0.7736561298370361,
    "final_feature_diff": 0.3942298044396279,
    "final_feature_sim": 0.6030088211789835,
    "final_0_weight_diff": 0.0016702250577509403,
    "final_1_weight_diff": 0.0014137072721496224,
    "final_2_weight_diff": 0.0010277284309267998,
    "final_0_weight_sim": 0.7499837875366211,
    "final_1_weight_sim": 0.7676528692245483,
    "final_2_weight_sim": 0.7897098660469055,
    "best_weight_diff": 0.0003677596978377551,
    "best_weight_sim": 0.9281569123268127,
    "best_feature_diff": 0.2145257049052522,
    "best_feature_sim": 0.7941157875308048,
    "best_0_weight_diff": 0.0004688824119511992,
    "best_1_weight_diff": 0.00036377404467202723,
    "best_2_weight_diff": 0.00027045331080444157,
    "best_0_weight_sim": 0.916449785232544,
    "best_1_weight_sim": 0.9248560070991516,
    "best_2_weight_sim": 0.9368159174919128,
    "num_feature_traj": 219,
    "num_feature_timesteps": "197797",
    "final_test_returns": 4949.578797870696,
    "final_test_normalized_returns": 107.78271408457093,
    "best_return": 5065.970315087265,
    "best_return_normalized": 110.31810634900025,
    "convergence_step": "15000",
    "convergence_iter": "3",
    "best_step": "15000",
    "best_iter": "3"
}