{
    "final_weight_diff": 0.0010673076612874866,
    "final_weight_sim": 0.7742522954940796,
    "final_feature_diff": 0.19178841165881297,
    "final_feature_sim": 0.7011484848940845,
    "final_0_weight_diff": 0.0013581033563241363,
    "final_1_weight_diff": 0.0009995645377784967,
    "final_2_weight_diff": 0.0008430772577412426,
    "final_0_weight_sim": 0.7123758792877197,
    "final_1_weight_sim": 0.786379873752594,
    "final_2_weight_sim": 0.8008683323860168,
    "best_weight_diff": 0.0003942806215491146,
    "best_weight_sim": 0.9034176468849182,
    "best_feature_diff": 0.30864763316357907,
    "best_feature_sim": 0.811286795789657,
    "best_0_weight_diff": 0.0004700161225628108,
    "best_1_weight_diff": 0.00035706537892110646,
    "best_2_weight_diff": 0.0003558504395186901,
    "best_0_weight_sim": 0.876350998878479,
    "best_1_weight_sim": 0.9092869162559509,
    "best_2_weight_sim": 0.9088981747627258,
    "num_feature_traj": 100,
    "num_feature_timesteps": "100000",
    "final_test_returns": 5047.476900732204,
    "final_test_normalized_returns": 42.912437057098,
    "best_return": 5100.652637388805,
    "best_return_normalized": 43.34074934206712,
    "convergence_step": "5000",
    "convergence_iter": "1",
    "best_step": "20000",
    "best_iter": "4"
}