{"final_weight_diff": 0.002423949306830764, "final_weight_sim": 0.713746964931488, "final_feature_diff": 0.5958149562185001, "final_feature_sim": 0.6805498242063521, "final_0_weight_diff": 0.002558496780693531, "final_1_weight_diff": 0.0023549161851406097, "final_2_weight_diff": 0.002358571859076619, "final_0_weight_sim": 0.6901878118515015, "final_1_weight_sim": 0.7018444538116455, "final_2_weight_sim": 0.6984781622886658, "best_weight_diff": 0.0020749177783727646, "best_weight_sim": 0.7370250225067139, "best_feature_diff": 0.529544853953434, "best_feature_sim": 0.7190365845272098, "best_0_weight_diff": 0.0021999904420226812, "best_1_weight_diff": 0.0019909474067389965, "best_2_weight_diff": 0.002033390337601304, "best_0_weight_sim": 0.7124465703964233, "best_1_weight_sim": 0.7260197401046753, "best_2_weight_sim": 0.7213605642318726, "num_feature_traj": 65, "num_feature_timesteps": "17588", "final_test_returns": 2558.828394782832, "final_test_normalized_returns": 55.70426177870672, "best_return": 2889.8560696104155, "best_return_normalized": 62.91513956551508, "convergence_step": "30000", "convergence_iter": "6", "best_step": "75000", "best_iter": "15", "best_5percent_normalized": 62.91513956551508, "best_10percent_normalized": 62.83100334503175, "best_25percent_normalized": 58.8123722269976, "best_50percent_normalized": 49.1253981851891, "best_100percent_normalized": 30.22041593944981, "best_later_half_normalized": 33.02968725298875, "best_last_four_normalized": 31.983037208389568, "target_steps": 30000}