{
    "final_weight_diff": 0.003264201572164893,
    "final_weight_sim": 0.654478907585144,
    "final_feature_diff": 0.6573451178904358,
    "final_feature_sim": 0.6814834038533412,
    "final_0_weight_diff": 0.003254579147323966,
    "final_1_weight_diff": 0.0033444028813391924,
    "final_2_weight_diff": 0.0031941598281264305,
    "final_0_weight_sim": 0.6364829540252686,
    "final_1_weight_sim": 0.6310694217681885,
    "final_2_weight_sim": 0.6397966146469116,
    "best_weight_diff": 0.0022955392487347126,
    "best_weight_sim": 0.7142558693885803,
    "best_feature_diff": 0.5601504209673879,
    "best_feature_sim": 0.7409723433902344,
    "best_0_weight_diff": 0.0024060416035354137,
    "best_1_weight_diff": 0.002259236527606845,
    "best_2_weight_diff": 0.002218850888311863,
    "best_0_weight_sim": 0.6931266188621521,
    "best_1_weight_sim": 0.6928231120109558,
    "best_2_weight_sim": 0.6978303790092468,
    "num_feature_traj": 20,
    "num_feature_timesteps": "20000",
    "final_test_returns": 4659.64131983607,
    "final_test_normalized_returns": 39.78855473236987,
    "best_return": 4705.468644619496,
    "best_return_normalized": 40.157678084976496,
    "convergence_step": "20000",
    "convergence_iter": "4",
    "best_step": "95000",
    "best_iter": "19"
}