{"final_weight_diff": 0.0011798846535384655, "final_weight_sim": 0.7714602947235107, "final_feature_diff": 0.24351561479984335, "final_feature_sim": 0.7686380055936802, "final_0_weight_diff": 0.0013405524659901857, "final_1_weight_diff": 0.001167822047136724, "final_2_weight_diff": 0.0010293972445651889, "final_0_weight_sim": 0.7479498386383057, "final_1_weight_sim": 0.7622190117835999, "final_2_weight_sim": 0.7727715969085693, "best_weight_diff": 0.00041032323497347534, "best_weight_sim": 0.9042246341705322, "best_feature_diff": 0.1330746763958606, "best_feature_sim": 0.8826557366879286, "best_0_weight_diff": 0.00048550902283750474, "best_1_weight_diff": 0.00040828430792316794, "best_2_weight_diff": 0.00033719121711328626, "best_0_weight_sim": 0.8896304965019226, "best_1_weight_sim": 0.8979268074035645, "best_2_weight_sim": 0.9078414440155029, "num_feature_traj": 219, "num_feature_timesteps": "197797", "final_test_returns": 4944.730190715649, "final_test_normalized_returns": 107.6770953816951, "best_return": 5001.480065327169, "best_return_normalized": 108.91329537752176, "convergence_step": "20000", "convergence_iter": "4", "best_step": "20000", "best_iter": "4", "best_5percent_normalized": 108.91329537752176, "best_10percent_normalized": 108.79803259438152, "best_25percent_normalized": 108.44240580361013, "best_50percent_normalized": 108.00763886257273, "best_100percent_normalized": 98.7809686903503, "best_later_half_normalized": 101.41038666797795}