{"final_weight_diff": 0.0012578247115015984, "final_weight_sim": 0.7734507322311401, "final_feature_diff": 0.33052016928103334, "final_feature_sim": 0.6900468232925806, "final_0_weight_diff": 0.0016046010423451662, "final_1_weight_diff": 0.001258449861779809, "final_2_weight_diff": 0.0009054302936419845, "final_0_weight_sim": 0.7268467545509338, "final_1_weight_sim": 0.7768537998199463, "final_2_weight_sim": 0.8014043569564819, "best_weight_diff": 0.0007751601515337825, "best_weight_sim": 0.8500828742980957, "best_feature_diff": 0.27886963095794987, "best_feature_sim": 0.7477922030483138, "best_0_weight_diff": 0.0010052683064714074, "best_1_weight_diff": 0.00076761917443946, "best_2_weight_diff": 0.0005508586764335632, "best_0_weight_sim": 0.8145110011100769, "best_1_weight_sim": 0.8516491651535034, "best_2_weight_sim": 0.8718597888946533, "num_feature_traj": 40, "num_feature_timesteps": "40000", "final_test_returns": 4984.832206233472, "final_test_normalized_returns": 42.40785557071037, "best_return": 5094.485265759134, "best_return_normalized": 43.2910732830025, "convergence_step": "10000", "convergence_iter": "2", "best_step": "50000", "best_iter": "10", "best_5percent_normalized": 43.2910732830025, "best_10percent_normalized": 43.23785293079774, "best_25percent_normalized": 43.082971332789086, "best_50percent_normalized": 42.84402842341715, "best_100percent_normalized": 42.2879168083381, "best_later_half_normalized": 42.550947240031874, "best_last_four_normalized": 42.45502262241344, "target_steps": 5000}