{"final_weight_diff": 0.0010868660174310207, "final_weight_sim": 0.793613612651825, "final_feature_diff": 0.9447203017488249, "final_feature_sim": 0.47802755848873735, "final_0_weight_diff": 0.0014494083588942885, "final_1_weight_diff": 0.0009960092138499022, "final_2_weight_diff": 0.0008110520429909229, "final_0_weight_sim": 0.753718912601471, "final_1_weight_sim": 0.7885705232620239, "final_2_weight_sim": 0.8054198026657104, "best_weight_diff": 0.0010868660174310207, "best_weight_sim": 0.793613612651825, "best_feature_diff": 0.9447203017488249, "best_feature_sim": 0.47802755848873735, "best_0_weight_diff": 0.0014494083588942885, "best_1_weight_diff": 0.0009960092138499022, "best_2_weight_diff": 0.0008110520429909229, "best_0_weight_sim": 0.753718912601471, "best_1_weight_sim": 0.7885705232620239, "best_2_weight_sim": 0.8054198026657104, "num_feature_traj": 223, "num_feature_timesteps": "196344", "final_test_returns": 5334.197272716016, "final_test_normalized_returns": 134.58724164069187, "best_return": 5334.197272716016, "best_return_normalized": 134.58724164069187, "convergence_step": "90000", "convergence_iter": "18", "best_step": "100000", "best_iter": "20", "best_5percent_normalized": 134.58724164069187, "best_10percent_normalized": 133.9725921055496, "best_25percent_normalized": 129.53989328029238, "best_50percent_normalized": 118.03322679433407, "best_100percent_normalized": 102.49552531011156, "best_later_half_normalized": 116.07043123678338, "best_last_four_normalized": 127.87803411147445}