{
    "final_weight_diff": 0.0024837718810886145,
    "final_weight_sim": 0.71076899766922,
    "final_feature_diff": 0.4906722581584888,
    "final_feature_sim": 0.7782719490669057,
    "final_0_weight_diff": 0.002758149290457368,
    "final_1_weight_diff": 0.002295463113114238,
    "final_2_weight_diff": 0.0023939870297908783,
    "final_0_weight_sim": 0.6866354942321777,
    "final_1_weight_sim": 0.6961740255355835,
    "final_2_weight_sim": 0.693575918674469,
    "best_weight_diff": 0.0010767545318230987,
    "best_weight_sim": 0.821752667427063,
    "best_feature_diff": 0.3566152919412906,
    "best_feature_sim": 0.8411925895031075,
    "best_0_weight_diff": 0.0011387651320546865,
    "best_1_weight_diff": 0.0009556705481372774,
    "best_2_weight_diff": 0.0011306869564577937,
    "best_0_weight_sim": 0.8018426895141602,
    "best_1_weight_sim": 0.8161827325820923,
    "best_2_weight_sim": 0.7964725494384766,
    "num_feature_traj": 8,
    "num_feature_timesteps": "8000",
    "final_test_returns": 3457.0326336244166,
    "final_test_normalized_returns": 30.10195504045761,
    "best_return": 4355.293624584258,
    "best_return_normalized": 37.33713863596097,
    "convergence_step": "20000",
    "convergence_iter": "4",
    "best_step": "20000",
    "best_iter": "4"
}