{"final_weight_diff": 0.0017125247977674007, "final_weight_sim": 0.7202579379081726, "final_feature_diff": 0.3105096328768763, "final_feature_sim": 0.670540657086018, "final_0_weight_diff": 0.0019392985850572586, "final_1_weight_diff": 0.0017356108874082565, "final_2_weight_diff": 0.001449999981559813, "final_0_weight_sim": 0.6889505982398987, "final_1_weight_sim": 0.7215495109558105, "final_2_weight_sim": 0.7300394177436829, "best_weight_diff": 0.0014730864204466343, "best_weight_sim": 0.750934898853302, "best_feature_diff": 0.3038183628078542, "best_feature_sim": 0.682072486987666, "best_0_weight_diff": 0.0016920777270570397, "best_1_weight_diff": 0.001492678071372211, "best_2_weight_diff": 0.0012264451943337917, "best_0_weight_sim": 0.7200173735618591, "best_1_weight_sim": 0.7513208389282227, "best_2_weight_sim": 0.7613072395324707, "num_feature_traj": 43, "num_feature_timesteps": "11328", "final_test_returns": 2759.744573166187, "final_test_normalized_returns": 60.080880768250594, "best_return": 3080.4229784916124, "best_return_normalized": 67.06631723024624, "convergence_step": "50000", "convergence_iter": "10", "best_step": "80000", "best_iter": "16", "best_5percent_normalized": 67.06631723024624, "best_10percent_normalized": 66.77437270154843, "best_25percent_normalized": 64.82862627715558, "best_50percent_normalized": 61.7461855285059, "best_100percent_normalized": 44.46661215287642, "best_later_half_normalized": 52.2050771309798, "best_last_four_normalized": 55.56061345664587, "target_steps": 10000}