{
    "final_weight_diff": 0.0012950641103088856,
    "final_weight_sim": 0.7558268308639526,
    "final_feature_diff": 0.33499449746124904,
    "final_feature_sim": 0.6754614276531575,
    "final_0_weight_diff": 0.0015149512328207493,
    "final_1_weight_diff": 0.0012115172576159239,
    "final_2_weight_diff": 0.001154303434304893,
    "final_0_weight_sim": 0.7342479825019836,
    "final_1_weight_sim": 0.7505473494529724,
    "final_2_weight_sim": 0.7499411702156067,
    "best_weight_diff": 0.0010321043664589524,
    "best_weight_sim": 0.7939698696136475,
    "best_feature_diff": 0.31061387830810827,
    "best_feature_sim": 0.7056830775377259,
    "best_0_weight_diff": 0.0012473181122913957,
    "best_1_weight_diff": 0.0009527931688353419,
    "best_2_weight_diff": 0.000894048425834626,
    "best_0_weight_sim": 0.77204430103302,
    "best_1_weight_sim": 0.7887306213378906,
    "best_2_weight_sim": 0.7905192375183105,
    "num_feature_traj": 223,
    "num_feature_timesteps": "196344",
    "final_test_returns": 4031.91146448516,
    "final_test_normalized_returns": 103.6195150045219,
    "best_return": 5100.296882387909,
    "best_return_normalized": 129.0252034905455,
    "convergence_step": "70000",
    "convergence_iter": "14",
    "best_step": "70000",
    "best_iter": "14"
}