{"final_weight_diff": 0.0015270436415448785, "final_weight_sim": 0.7462472319602966, "final_feature_diff": 0.5101522084230118, "final_feature_sim": 0.5025557673205442, "final_0_weight_diff": 0.001967460149899125, "final_1_weight_diff": 0.0015162787167355418, "final_2_weight_diff": 0.0010891719721257687, "final_0_weight_sim": 0.7119330763816833, "final_1_weight_sim": 0.745304524898529, "final_2_weight_sim": 0.7704490423202515, "best_weight_diff": 0.0009415636886842549, "best_weight_sim": 0.8277187943458557, "best_feature_diff": 0.47936174745860005, "best_feature_sim": 0.5536215773371149, "best_0_weight_diff": 0.0012802357086911798, "best_1_weight_diff": 0.0009098252048715949, "best_2_weight_diff": 0.0006324455025605857, "best_0_weight_sim": 0.7952350378036499, "best_1_weight_sim": 0.8262884616851807, "best_2_weight_sim": 0.8537023067474365, "num_feature_traj": 223, "num_feature_timesteps": "196344", "final_test_returns": 4220.08826516363, "final_test_normalized_returns": 108.09426830817374, "best_return": 5050.237936449159, "best_return_normalized": 127.8348259684008, "convergence_step": "45000", "convergence_iter": "9", "best_step": "45000", "best_iter": "9", "best_5percent_normalized": 127.8348259684008, "best_10percent_normalized": 125.49215034088868, "best_25percent_normalized": 118.24467739909979, "best_50percent_normalized": 112.74191677304434, "best_100percent_normalized": 103.69242402958214, "best_later_half_normalized": 102.34580485523898, "best_last_four_normalized": 103.73823882843074, "target_steps": 5000}