{"final_weight_diff": 0.0020113466307520866, "final_weight_sim": 0.7226492166519165, "final_feature_diff": 0.6738327576355889, "final_feature_sim": 0.6618287047368862, "final_0_weight_diff": 0.002341263694688678, "final_1_weight_diff": 0.001908538513816893, "final_2_weight_diff": 0.0017817068146541715, "final_0_weight_sim": 0.692084014415741, "final_1_weight_sim": 0.7083814740180969, "final_2_weight_sim": 0.7118762135505676, "best_weight_diff": 0.0012171956477686763, "best_weight_sim": 0.7960129380226135, "best_feature_diff": 0.5537173055216292, "best_feature_sim": 0.7248396466867567, "best_0_weight_diff": 0.001396368956193328, "best_1_weight_diff": 0.0011136340908706188, "best_2_weight_diff": 0.0011406289413571358, "best_0_weight_sim": 0.766248881816864, "best_1_weight_sim": 0.7873038053512573, "best_2_weight_sim": 0.7824674248695374, "num_feature_traj": 321, "num_feature_timesteps": "203500", "final_test_returns": 3152.1355862545583, "final_test_normalized_returns": 97.4754159365514, "best_return": 3316.8852953794726, "best_return_normalized": 102.53751607400446, "convergence_step": "55000", "convergence_iter": "11", "best_step": "55000", "best_iter": "11", "best_5percent_normalized": 102.53751607400446, "best_10percent_normalized": 101.43965898459709, "best_25percent_normalized": 98.97122808627991, "best_50percent_normalized": 93.23506727118018, "best_100percent_normalized": 75.68270320027052, "best_later_half_normalized": 79.39585049364649, "best_last_four_normalized": 83.75017843442478, "target_steps": 25000}