{
    "final_weight_diff": 0.001405110931955278,
    "final_weight_sim": 0.7464942932128906,
    "final_feature_diff": 0.13002485286415047,
    "final_feature_sim": 0.6527393155009673,
    "final_0_weight_diff": 0.0017936979420483112,
    "final_1_weight_diff": 0.0013940694043412805,
    "final_2_weight_diff": 0.0010206833248957992,
    "final_0_weight_sim": 0.7022451162338257,
    "final_1_weight_sim": 0.7405364513397217,
    "final_2_weight_sim": 0.7771415710449219,
    "best_weight_diff": 0.0012356988154351711,
    "best_weight_sim": 0.7703245282173157,
    "best_feature_diff": 0.12877544972427352,
    "best_feature_sim": 0.6700253882296124,
    "best_0_weight_diff": 0.0015924125909805298,
    "best_1_weight_diff": 0.0012184173101559281,
    "best_2_weight_diff": 0.0008919593528844416,
    "best_0_weight_sim": 0.7286927700042725,
    "best_1_weight_sim": 0.763403594493866,
    "best_2_weight_sim": 0.7987407445907593,
    "num_feature_traj": 89,
    "num_feature_timesteps": "79322",
    "final_test_returns": 4855.405927020277,
    "final_test_normalized_returns": 123.2018150196247,
    "best_return": 5331.793564744783,
    "best_return_normalized": 134.53008262775032,
    "convergence_step": "75000",
    "convergence_iter": "15",
    "best_step": "80000",
    "best_iter": "16"
}