{
    "final_weight_diff": 0.0012590241385623813,
    "final_weight_sim": 0.7794955968856812,
    "final_feature_diff": 0.6108014573625292,
    "final_feature_sim": 0.42866790445188513,
    "final_0_weight_diff": 0.0017720628529787064,
    "final_1_weight_diff": 0.0012830651830881834,
    "final_2_weight_diff": 0.000717145565431565,
    "final_0_weight_sim": 0.7301021218299866,
    "final_1_weight_sim": 0.7738130688667297,
    "final_2_weight_sim": 0.8341101408004761,
    "best_weight_diff": 0.000901253311894834,
    "best_weight_sim": 0.8327275514602661,
    "best_feature_diff": 0.5812855173523162,
    "best_feature_sim": 0.47103720949429484,
    "best_0_weight_diff": 0.0013035590527579188,
    "best_1_weight_diff": 0.0008878567023202777,
    "best_2_weight_diff": 0.0005099535337649286,
    "best_0_weight_sim": 0.7897951602935791,
    "best_1_weight_sim": 0.8292965292930603,
    "best_2_weight_sim": 0.8778431415557861,
    "num_feature_traj": 120,
    "num_feature_timesteps": "106539",
    "final_test_returns": 3172.290929696891,
    "final_test_normalized_returns": 83.17815446453025,
    "best_return": 3871.348413197259,
    "best_return_normalized": 99.8014033052876,
    "convergence_step": "30000",
    "convergence_iter": "6",
    "best_step": "60000",
    "best_iter": "12"
}