{"final_weight_diff": 0.0015791096957400441, "final_weight_sim": 0.8497041463851929, "final_feature_diff": 7.041638317151703, "final_feature_sim": 0.42431956599519555, "final_0_weight_diff": 0.0017339435871690512, "final_1_weight_diff": 0.0016970797441899776, "final_2_weight_diff": 0.0013008661335334182, "final_0_weight_sim": 0.7308235764503479, "final_1_weight_sim": 0.7958536744117737, "final_2_weight_sim": 0.8478753566741943, "best_weight_diff": 0.0011442808900028467, "best_weight_sim": 0.8862290978431702, "best_feature_diff": 6.653929626415428, "best_feature_sim": 0.4575070725131578, "best_0_weight_diff": 0.0013030529953539371, "best_1_weight_diff": 0.0012041247682645917, "best_2_weight_diff": 0.0009223991655744612, "best_0_weight_sim": 0.7811157703399658, "best_1_weight_sim": 0.8433023691177368, "best_2_weight_sim": 0.8883016705513, "num_feature_traj": 120, "num_feature_timesteps": "120000", "final_test_returns": 5091.558699880591, "final_test_normalized_returns": 43.26750080056289, "best_return": 8870.051922226308, "best_return_normalized": 73.70196523035418, "convergence_step": "65000", "convergence_iter": "13", "best_step": "65000", "best_iter": "13", "best_5percent_normalized": 73.70196523035418, "best_10percent_normalized": 67.74181486467238, "best_25percent_normalized": 54.785050410921805, "best_50percent_normalized": 48.93570121101995, "best_100percent_normalized": 45.230716278999935, "best_later_half_normalized": 45.60857501629489, "best_last_four_normalized": 43.017392990761884, "target_steps": 20000}