{
    "final_weight_diff": 0.0012068948708474636,
    "final_weight_sim": 0.7651286721229553,
    "final_feature_diff": 0.8486721266728815,
    "final_feature_sim": 0.4466048840856518,
    "final_0_weight_diff": 0.0014356916071847081,
    "final_1_weight_diff": 0.0011075723450630903,
    "final_2_weight_diff": 0.0010703501757234335,
    "final_0_weight_sim": 0.7344732880592346,
    "final_1_weight_sim": 0.7665734887123108,
    "final_2_weight_sim": 0.7568759322166443,
    "best_weight_diff": 0.0012068948708474636,
    "best_weight_sim": 0.7651286721229553,
    "best_feature_diff": 0.8486721266728815,
    "best_feature_sim": 0.4466048840856518,
    "best_0_weight_diff": 0.0014356916071847081,
    "best_1_weight_diff": 0.0011075723450630903,
    "best_2_weight_diff": 0.0010703501757234335,
    "best_0_weight_sim": 0.7344732880592346,
    "best_1_weight_sim": 0.7665734887123108,
    "best_2_weight_sim": 0.7568759322166443,
    "num_feature_traj": 48,
    "num_feature_timesteps": "28017",
    "final_test_returns": 3626.2925748530847,
    "final_test_normalized_returns": 93.97409399693444,
    "best_return": 3626.2925748530847,
    "best_return_normalized": 93.97409399693444,
    "convergence_step": "45000",
    "convergence_iter": "9",
    "best_step": "100000",
    "best_iter": "20"
}