{"final_weight_diff": 0.000955298775807023, "final_weight_sim": 0.7922419309616089, "final_feature_diff": 0.1960491308338644, "final_feature_sim": 0.6837453618455203, "final_0_weight_diff": 0.0011821665102615952, "final_1_weight_diff": 0.0009411831269972026, "final_2_weight_diff": 0.0007417307351715863, "final_0_weight_sim": 0.7511944770812988, "final_1_weight_sim": 0.7885802984237671, "final_2_weight_sim": 0.8118931651115417, "best_weight_diff": 0.00025863375049084425, "best_weight_sim": 0.9314703345298767, "best_feature_diff": 0.16744456120381773, "best_feature_sim": 0.8953835311118159, "best_0_weight_diff": 0.00030403846176341176, "best_1_weight_diff": 0.00025670172180980444, "best_2_weight_diff": 0.00021528876095544547, "best_0_weight_sim": 0.9176290035247803, "best_1_weight_sim": 0.927640974521637, "best_2_weight_sim": 0.936115026473999, "num_feature_traj": 321, "num_feature_timesteps": "203500", "final_test_returns": 3535.3111667207727, "final_test_normalized_returns": 109.24887015901687, "best_return": 3634.8871908375454, "best_return_normalized": 112.3084434234914, "convergence_step": "15000", "convergence_iter": "3", "best_step": "15000", "best_iter": "3", "best_5percent_normalized": 112.3084434234914, "best_10percent_normalized": 111.55733126209296, "best_25percent_normalized": 110.24048367943215, "best_50percent_normalized": 106.26515710883832, "best_100percent_normalized": 92.09924219171239, "best_later_half_normalized": 97.95716923337693, "best_last_four_normalized": 100.33670411462066}