{"final_weight_diff": 0.0015146660152822733, "final_weight_sim": 0.7398319840431213, "final_feature_diff": 0.25016886629077806, "final_feature_sim": 0.6735668376877652, "final_0_weight_diff": 0.0015378628158941865, "final_1_weight_diff": 0.0017135880189016461, "final_2_weight_diff": 0.0012894244864583015, "final_0_weight_sim": 0.7049697637557983, "final_1_weight_sim": 0.7174645066261292, "final_2_weight_sim": 0.7615941762924194, "best_weight_diff": 0.0004527293494902551, "best_weight_sim": 0.9038357138633728, "best_feature_diff": 0.16698045434847889, "best_feature_sim": 0.7839679305818383, "best_0_weight_diff": 0.0004953317111358047, "best_1_weight_diff": 0.0004655520315282047, "best_2_weight_diff": 0.000397288182284683, "best_0_weight_sim": 0.8810498118400574, "best_1_weight_sim": 0.8970435261726379, "best_2_weight_sim": 0.9130404591560364, "num_feature_traj": 204, "num_feature_timesteps": "37349", "final_test_returns": 1819.701998218806, "final_test_normalized_returns": 56.535056861144334, "best_return": 2739.4407587757573, "best_return_normalized": 84.79495322737213, "convergence_step": "20000", "convergence_iter": "4", "best_step": "20000", "best_iter": "4", "best_5percent_normalized": 84.79495322737213, "best_10percent_normalized": 81.5758108332828, "best_25percent_normalized": 77.06502431059543, "best_50percent_normalized": 72.38961860362636, "best_100percent_normalized": 61.0795579257442, "best_later_half_normalized": 62.55011188674651}