{"final_weight_diff": 0.001299588126130402, "final_weight_sim": 0.754417359828949, "final_feature_diff": 0.19410461143422492, "final_feature_sim": 0.7728595632113684, "final_0_weight_diff": 0.0015333036426454782, "final_1_weight_diff": 0.0012864122400060296, "final_2_weight_diff": 0.001078141969628632, "final_0_weight_sim": 0.7250876426696777, "final_1_weight_sim": 0.7475234866142273, "final_2_weight_sim": 0.7582665681838989, "best_weight_diff": 0.0008283918723464012, "best_weight_sim": 0.8246086835861206, "best_feature_diff": 0.1609244653958938, "best_feature_sim": 0.816209585317037, "best_0_weight_diff": 0.0010059680789709091, "best_1_weight_diff": 0.0007878745091147721, "best_2_weight_diff": 0.0006912061362527311, "best_0_weight_sim": 0.797668993473053, "best_1_weight_sim": 0.8197746276855469, "best_2_weight_sim": 0.8293725848197937, "num_feature_traj": 321, "num_feature_timesteps": "203500", "final_test_returns": 3556.269989487115, "final_test_normalized_returns": 109.89285102046964, "best_return": 3628.457867681005, "best_return_normalized": 112.11089601774894, "convergence_step": "55000", "convergence_iter": "11", "best_step": "55000", "best_iter": "11", "best_5percent_normalized": 112.11089601774894, "best_10percent_normalized": 111.0018735191093, "best_25percent_normalized": 109.39068221304544, "best_50percent_normalized": 104.6103148664321, "best_100percent_normalized": 91.54920774706335, "best_later_half_normalized": 100.00517914075556, "best_last_four_normalized": 105.9272686905831, "target_steps": 15000}