{
    "final_weight_diff": 0.001177896512672305,
    "final_weight_sim": 0.8420729637145996,
    "final_feature_diff": 1.2863456389369512,
    "final_feature_sim": 0.6250999228044164,
    "final_0_weight_diff": 0.0016174654010683298,
    "final_1_weight_diff": 0.0011020100209861994,
    "final_2_weight_diff": 0.0008078038226813078,
    "final_0_weight_sim": 0.7950239181518555,
    "final_1_weight_sim": 0.8482532501220703,
    "final_2_weight_sim": 0.843384861946106,
    "best_weight_diff": 0.000469425052870065,
    "best_weight_sim": 0.9314702749252319,
    "best_feature_diff": 0.8813016286659742,
    "best_feature_sim": 0.7488904839516117,
    "best_0_weight_diff": 0.0006561792688444257,
    "best_1_weight_diff": 0.0004036749014630914,
    "best_2_weight_diff": 0.00034714562934823334,
    "best_0_weight_sim": 0.9058563113212585,
    "best_1_weight_sim": 0.9379714131355286,
    "best_2_weight_sim": 0.9287706613540649,
    "num_feature_traj": 119,
    "num_feature_timesteps": "101758",
    "final_test_returns": 3265.996718511506,
    "final_test_normalized_returns": 71.10872715993379,
    "best_return": 3600.744928430127,
    "best_return_normalized": 78.4006505084372,
    "convergence_step": "5000",
    "convergence_iter": "1",
    "best_step": "30000",
    "best_iter": "6"
}