{
    "final_weight_diff": 0.0017164188902825117,
    "final_weight_sim": 0.734117865562439,
    "final_feature_diff": 0.16256250280045728,
    "final_feature_sim": 0.7293521786495127,
    "final_0_weight_diff": 0.0021011813078075647,
    "final_1_weight_diff": 0.001646579010412097,
    "final_2_weight_diff": 0.0013999795773997903,
    "final_0_weight_sim": 0.7102116942405701,
    "final_1_weight_sim": 0.7292200326919556,
    "final_2_weight_sim": 0.7440772652626038,
    "best_weight_diff": 0.0012775693321600556,
    "best_weight_sim": 0.7877562642097473,
    "best_feature_diff": 0.14480113684610582,
    "best_feature_sim": 0.7633254521566275,
    "best_0_weight_diff": 0.0016100135399028659,
    "best_1_weight_diff": 0.0011928947642445564,
    "best_2_weight_diff": 0.0010292604565620422,
    "best_0_weight_sim": 0.7642719745635986,
    "best_1_weight_sim": 0.7839181423187256,
    "best_2_weight_sim": 0.7991077899932861,
    "num_feature_traj": 321,
    "num_feature_timesteps": "203500",
    "final_test_returns": 3101.4625029359104,
    "final_test_normalized_returns": 95.91843460168292,
    "best_return": 3517.294133859317,
    "best_return_normalized": 108.69527874444678,
    "convergence_step": "65000",
    "convergence_iter": "13",
    "best_step": "65000",
    "best_iter": "13"
}