{"final_weight_diff": 0.0012967507354915142, "final_weight_sim": 0.7712415456771851, "final_feature_diff": 0.617627079880416, "final_feature_sim": 0.41530254683828854, "final_0_weight_diff": 0.0017938725650310516, "final_1_weight_diff": 0.0013155235210433602, "final_2_weight_diff": 0.0007759873406030238, "final_0_weight_sim": 0.7240040302276611, "final_1_weight_sim": 0.7657535672187805, "final_2_weight_sim": 0.8200891017913818, "best_weight_diff": 0.0005929674371145666, "best_weight_sim": 0.882473349571228, "best_feature_diff": 0.5193612349970061, "best_feature_sim": 0.5319413862786748, "best_0_weight_diff": 0.000847012794110924, "best_1_weight_diff": 0.0005779888015240431, "best_2_weight_diff": 0.00035284325713291764, "best_0_weight_sim": 0.8516623973846436, "best_1_weight_sim": 0.8794037103652954, "best_2_weight_sim": 0.9122563004493713, "num_feature_traj": 120, "num_feature_timesteps": "106539", "final_test_returns": 3037.9740661120154, "final_test_normalized_returns": 79.98416441423953, "best_return": 3925.0546861967896, "best_return_normalized": 101.0785125008154, "convergence_step": "15000", "convergence_iter": "3", "best_step": "30000", "best_iter": "6", "best_5percent_normalized": 101.0785125008154, "best_10percent_normalized": 100.88264048929102, "best_25percent_normalized": 96.48678199006548, "best_50percent_normalized": 92.8106549538102, "best_100percent_normalized": 87.98822445350336, "best_later_half_normalized": 85.77230011245773, "best_last_four_normalized": 83.369440275348}