{
    "final_weight_diff": 0.0014326898381114006,
    "final_weight_sim": 0.760396420955658,
    "final_feature_diff": 0.4917659254762818,
    "final_feature_sim": 0.530806753761523,
    "final_0_weight_diff": 0.001840876298956573,
    "final_1_weight_diff": 0.0014893673360347748,
    "final_2_weight_diff": 0.0009591623093001544,
    "final_0_weight_sim": 0.7293685674667358,
    "final_1_weight_sim": 0.7506204843521118,
    "final_2_weight_sim": 0.7931630611419678,
    "best_weight_diff": 0.0013863336062058806,
    "best_weight_sim": 0.7663835287094116,
    "best_feature_diff": 0.4909725482375239,
    "best_feature_sim": 0.5331621533708798,
    "best_0_weight_diff": 0.0017875359626486897,
    "best_1_weight_diff": 0.001439507002942264,
    "best_2_weight_diff": 0.0009239501086995006,
    "best_0_weight_sim": 0.7355140447616577,
    "best_1_weight_sim": 0.7565176486968994,
    "best_2_weight_sim": 0.7992106676101685,
    "num_feature_traj": 223,
    "num_feature_timesteps": "196344",
    "final_test_returns": 4724.49110279829,
    "final_test_normalized_returns": 120.08872381990084,
    "best_return": 5144.128862178628,
    "best_return_normalized": 130.0675067695201,
    "convergence_step": "75000",
    "convergence_iter": "15",
    "best_step": "95000",
    "best_iter": "19"
}