{"final_weight_diff": 0.0009980124887079, "final_weight_sim": 0.8048136830329895, "final_feature_diff": 0.45906298726073924, "final_feature_sim": 0.6903469333158915, "final_0_weight_diff": 0.0013211221667006612, "final_1_weight_diff": 0.0010065194219350815, "final_2_weight_diff": 0.0006645001121796668, "final_0_weight_sim": 0.7589150071144104, "final_1_weight_sim": 0.7965208888053894, "final_2_weight_sim": 0.8353493809700012, "best_weight_diff": 0.00044438531040214, "best_weight_sim": 0.9000620245933533, "best_feature_diff": 0.2911130646714515, "best_feature_sim": 0.806083702064404, "best_0_weight_diff": 0.0006088918307796121, "best_1_weight_diff": 0.00042576383566483855, "best_2_weight_diff": 0.0002984176971949637, "best_0_weight_sim": 0.865164577960968, "best_1_weight_sim": 0.8975576758384705, "best_2_weight_sim": 0.9194868803024292, "num_feature_traj": 321, "num_feature_timesteps": "203500", "final_test_returns": 3541.671373629194, "final_test_normalized_returns": 109.44429389867844, "best_return": 3595.3161121348107, "best_return_normalized": 111.09258232119106, "convergence_step": "35000", "convergence_iter": "7", "best_step": "35000", "best_iter": "7", "best_5percent_normalized": 111.09258232119106, "best_10percent_normalized": 110.71384641272383, "best_25percent_normalized": 109.44915867298337, "best_50percent_normalized": 105.22821973041127, "best_100percent_normalized": 92.54445742765179, "best_later_half_normalized": 97.28143965122392, "best_last_four_normalized": 98.98436992345025}