{
    "final_weight_diff": 0.0019224154530093074,
    "final_weight_sim": 0.6909846067428589,
    "final_feature_diff": 0.6208877134583526,
    "final_feature_sim": 0.36297754814532046,
    "final_0_weight_diff": 0.0024589113891124725,
    "final_1_weight_diff": 0.0020490377210080624,
    "final_2_weight_diff": 0.0012504736660048366,
    "final_0_weight_sim": 0.6300521492958069,
    "final_1_weight_sim": 0.6876224279403687,
    "final_2_weight_sim": 0.7448312044143677,
    "best_weight_diff": 0.0013426376972347498,
    "best_weight_sim": 0.7648032903671265,
    "best_feature_diff": 0.599681545546825,
    "best_feature_sim": 0.40729451307151915,
    "best_0_weight_diff": 0.001814820570871234,
    "best_1_weight_diff": 0.0013699596747756004,
    "best_2_weight_diff": 0.0008387379348278046,
    "best_0_weight_sim": 0.7092701196670532,
    "best_1_weight_sim": 0.7637194991111755,
    "best_2_weight_sim": 0.8135892152786255,
    "num_feature_traj": 120,
    "num_feature_timesteps": "106539",
    "final_test_returns": 3804.965297332032,
    "final_test_normalized_returns": 98.2228449178901,
    "best_return": 3898.235675355584,
    "best_return_normalized": 100.4407693947063,
    "convergence_step": "60000",
    "convergence_iter": "12",
    "best_step": "90000",
    "best_iter": "18"
}