{"final_weight_diff": 0.0010682011488825083, "final_weight_sim": 0.7767136693000793, "final_feature_diff": 0.2027641189439072, "final_feature_sim": 0.7556830816566209, "final_0_weight_diff": 0.0011863523395732045, "final_1_weight_diff": 0.001165482448413968, "final_2_weight_diff": 0.0008517733658663929, "final_0_weight_sim": 0.7504717111587524, "final_1_weight_sim": 0.7536307573318481, "final_2_weight_sim": 0.7907315492630005, "best_weight_diff": 0.0009489368530921638, "best_weight_sim": 0.796492338180542, "best_feature_diff": 0.1929895424516832, "best_feature_sim": 0.7689288984462933, "best_0_weight_diff": 0.0010670814663171768, "best_1_weight_diff": 0.0010311204241588712, "best_2_weight_diff": 0.0007479096530005336, "best_0_weight_sim": 0.7712672352790833, "best_1_weight_sim": 0.7743813395500183, "best_2_weight_sim": 0.8105209469795227, "num_feature_traj": 100, "num_feature_timesteps": "100000", "final_test_returns": 4987.304567738056, "final_test_normalized_returns": 42.42776959300471, "best_return": 5059.15623645813, "best_return_normalized": 43.00651009277586, "convergence_step": "5000", "convergence_iter": "1", "best_step": "85000", "best_iter": "17", "best_5percent_normalized": 43.00651009277586, "best_10percent_normalized": 43.005201364500266, "best_25percent_normalized": 42.912534649874644, "best_50percent_normalized": 42.723992627475425, "best_100percent_normalized": 42.16924068169488, "best_later_half_normalized": 42.23333781709238, "best_last_four_normalized": 41.8688366598335}