{"final_weight_diff": 0.0012635468738153577, "final_weight_sim": 0.7815687656402588, "final_feature_diff": 0.28700568422415945, "final_feature_sim": 0.7379596161025193, "final_0_weight_diff": 0.0015893721720203757, "final_1_weight_diff": 0.0013941432116553187, "final_2_weight_diff": 0.0008016034262254834, "final_0_weight_sim": 0.7518976926803589, "final_1_weight_sim": 0.7656617164611816, "final_2_weight_sim": 0.8197406530380249, "best_weight_diff": 0.0005561020225286484, "best_weight_sim": 0.8921256065368652, "best_feature_diff": 0.2139843614029847, "best_feature_sim": 0.8141713261953589, "best_0_weight_diff": 0.0007232744828797877, "best_1_weight_diff": 0.0005663657793775201, "best_2_weight_diff": 0.00037798183620907366, "best_0_weight_sim": 0.8711692094802856, "best_1_weight_sim": 0.886216402053833, "best_2_weight_sim": 0.9105761647224426, "num_feature_traj": 200, "num_feature_timesteps": "200000", "final_test_returns": 5018.482951964423, "final_test_normalized_returns": 42.67890076352106, "best_return": 10501.100045540898, "best_return_normalized": 86.83949735525732, "convergence_step": "30000", "convergence_iter": "6", "best_step": "30000", "best_iter": "6", "best_5percent_normalized": 86.83949735525732, "best_10percent_normalized": 79.10631551053442, "best_25percent_normalized": 71.07872660503592, "best_50percent_normalized": 59.08304431869203, "best_100percent_normalized": 50.650390490820584, "best_later_half_normalized": 48.54531826470711, "best_last_four_normalized": 45.3085935037359}