{"final_weight_diff": 0.00216963910497725, "final_weight_sim": 0.7123219966888428, "final_feature_diff": 0.8766012961283293, "final_feature_sim": 0.560484710488861, "final_0_weight_diff": 0.0025803071912378073, "final_1_weight_diff": 0.0021910998038947582, "final_2_weight_diff": 0.0017385247629135847, "final_0_weight_sim": 0.6811173558235168, "final_1_weight_sim": 0.6944558024406433, "final_2_weight_sim": 0.7120382785797119, "best_weight_diff": 0.0008567902841605246, "best_weight_sim": 0.8414581418037415, "best_feature_diff": 0.5772306410568547, "best_feature_sim": 0.7132579350530223, "best_0_weight_diff": 0.0009880716679617763, "best_1_weight_diff": 0.0008559072157368064, "best_2_weight_diff": 0.0007267348119057715, "best_0_weight_sim": 0.8156586289405823, "best_1_weight_sim": 0.8275288343429565, "best_2_weight_sim": 0.840391993522644, "num_feature_traj": 120, "num_feature_timesteps": "106539", "final_test_returns": 3630.115042265651, "final_test_normalized_returns": 94.06499042317196, "best_return": 3944.366561578646, "best_return_normalized": 101.5377395567176, "convergence_step": "20000", "convergence_iter": "4", "best_step": "20000", "best_iter": "4", "best_5percent_normalized": 101.5377395567176, "best_10percent_normalized": 101.52171327773047, "best_25percent_normalized": 99.7633768808557, "best_50percent_normalized": 96.95638625723312, "best_100percent_normalized": 92.0277728884222, "best_later_half_normalized": 93.70463836297131, "best_last_four_normalized": 94.61868370097366}