{"final_weight_diff": 0.0014572293730452657, "final_weight_sim": 0.743401288986206, "final_feature_diff": 0.24388560383430744, "final_feature_sim": 0.6608524090846567, "final_0_weight_diff": 0.0018290842417627573, "final_1_weight_diff": 0.0013766793999820948, "final_2_weight_diff": 0.001158401952125132, "final_0_weight_sim": 0.7154229283332825, "final_1_weight_sim": 0.7420499324798584, "final_2_weight_sim": 0.7540637254714966, "best_weight_diff": 0.0011211868841201067, "best_weight_sim": 0.7906544804573059, "best_feature_diff": 0.22353460983296472, "best_feature_sim": 0.6990828263937439, "best_0_weight_diff": 0.0014552579959854484, "best_1_weight_diff": 0.0010433705756440759, "best_2_weight_diff": 0.000861631880979985, "best_0_weight_sim": 0.7617809772491455, "best_1_weight_sim": 0.789033830165863, "best_2_weight_sim": 0.8045072555541992, "num_feature_traj": 223, "num_feature_timesteps": "196344", "final_test_returns": 4013.2073062912473, "final_test_normalized_returns": 103.17473916941115, "best_return": 4549.430984258548, "best_return_normalized": 115.925878873292, "convergence_step": "65000", "convergence_iter": "13", "best_step": "65000", "best_iter": "13", "best_5percent_normalized": 115.925878873292, "best_10percent_normalized": 115.78335057468729, "best_25percent_normalized": 114.62596276389354, "best_50percent_normalized": 108.83262134238107, "best_100percent_normalized": 97.99273447606215, "best_later_half_normalized": 99.0982001844729, "best_last_four_normalized": 97.83799222835856}