{"final_weight_diff": 0.002682839287444949, "final_weight_sim": 0.6984711289405823, "final_feature_diff": 1.0230647048537032, "final_feature_sim": 0.4312608316018005, "final_0_weight_diff": 0.002859325846657157, "final_1_weight_diff": 0.002465795259922743, "final_2_weight_diff": 0.0027236342430114746, "final_0_weight_sim": 0.6778445243835449, "final_1_weight_sim": 0.6859449744224548, "final_2_weight_sim": 0.6822386384010315, "best_weight_diff": 0.0014796487521380186, "best_weight_sim": 0.7817960381507874, "best_feature_diff": 0.835932326224651, "best_feature_sim": 0.5625187319032752, "best_0_weight_diff": 0.001759647740982473, "best_1_weight_diff": 0.00133762217592448, "best_2_weight_diff": 0.001341683091595769, "best_0_weight_sim": 0.7477262020111084, "best_1_weight_sim": 0.774463415145874, "best_2_weight_sim": 0.778090238571167, "num_feature_traj": 48, "num_feature_timesteps": "28017", "final_test_returns": 3280.3378852334963, "final_test_normalized_returns": 85.7474588075404, "best_return": 3595.595886176391, "best_return_normalized": 93.24414158743468, "convergence_step": "40000", "convergence_iter": "8", "best_step": "40000", "best_iter": "8", "best_5percent_normalized": 93.24414158743468, "best_10percent_normalized": 92.30978898209497, "best_25percent_normalized": 90.88075073456639, "best_50percent_normalized": 88.08536242755225, "best_100percent_normalized": 81.01409464431435, "best_later_half_normalized": 85.27291340925083, "best_last_four_normalized": 85.85228636500182}