{"final_weight_diff": 0.0018966278294101357, "final_weight_sim": 0.7074872851371765, "final_feature_diff": 0.32428244811009144, "final_feature_sim": 0.6852020561417347, "final_0_weight_diff": 0.0024183576460927725, "final_1_weight_diff": 0.0019424392376095057, "final_2_weight_diff": 0.0013189559103921056, "final_0_weight_sim": 0.6603258848190308, "final_1_weight_sim": 0.7134655714035034, "final_2_weight_sim": 0.7388156652450562, "best_weight_diff": 0.0008168970816768706, "best_weight_sim": 0.8479323983192444, "best_feature_diff": 0.261412847715678, "best_feature_sim": 0.7608393844104966, "best_0_weight_diff": 0.0011203234316781163, "best_1_weight_diff": 0.0007826709770597517, "best_2_weight_diff": 0.0005465077119879425, "best_0_weight_sim": 0.8080446720123291, "best_1_weight_sim": 0.8527654409408569, "best_2_weight_sim": 0.8743202090263367, "num_feature_traj": 219, "num_feature_timesteps": "197797", "final_test_returns": 4930.031598028274, "final_test_normalized_returns": 107.356911410485, "best_return": 5021.1724333494985, "best_return_normalized": 109.3422602947778, "convergence_step": "35000", "convergence_iter": "7", "best_step": "45000", "best_iter": "9", "best_5percent_normalized": 109.3422602947778, "best_10percent_normalized": 108.79111082624799, "best_25percent_normalized": 108.4143998226962, "best_50percent_normalized": 108.11277251816117, "best_100percent_normalized": 103.68685317247484, "best_later_half_normalized": 105.8045452768039, "best_last_four_normalized": 100.44637536768168, "target_steps": 10000}