{
    "final_weight_diff": 0.0012659099884331226,
    "final_weight_sim": 0.7799778580665588,
    "final_feature_diff": 0.3083889437447256,
    "final_feature_sim": 0.7164435042293601,
    "final_0_weight_diff": 0.0015839977422729135,
    "final_1_weight_diff": 0.0013118945062160492,
    "final_2_weight_diff": 0.0008964986773207784,
    "final_0_weight_sim": 0.749703049659729,
    "final_1_weight_sim": 0.7733296155929565,
    "final_2_weight_sim": 0.8038528561592102,
    "best_weight_diff": 0.0005702380440197885,
    "best_weight_sim": 0.8882825374603271,
    "best_feature_diff": 0.23533404056586377,
    "best_feature_sim": 0.7945319279420459,
    "best_0_weight_diff": 0.0007324299076572061,
    "best_1_weight_diff": 0.0005723194917663932,
    "best_2_weight_diff": 0.0004053509619552642,
    "best_0_weight_sim": 0.8672387599945068,
    "best_1_weight_sim": 0.8839885592460632,
    "best_2_weight_sim": 0.9035465717315674,
    "num_feature_traj": 200,
    "num_feature_timesteps": "200000",
    "final_test_returns": 6111.738452616415,
    "final_test_normalized_returns": 51.48469812488586,
    "best_return": 8895.740508358369,
    "best_return_normalized": 73.90887796378564,
    "convergence_step": "30000",
    "convergence_iter": "6",
    "best_step": "30000",
    "best_iter": "6"
}