{
    "final_weight_diff": 0.0011179526336491108,
    "final_weight_sim": 0.7759875655174255,
    "final_feature_diff": 0.19007669321193893,
    "final_feature_sim": 0.7789386980132038,
    "final_0_weight_diff": 0.0012643368681892753,
    "final_1_weight_diff": 0.0010709631023928523,
    "final_2_weight_diff": 0.0010169821325689554,
    "final_0_weight_sim": 0.7507773041725159,
    "final_1_weight_sim": 0.7702570557594299,
    "final_2_weight_sim": 0.7716618776321411,
    "best_weight_diff": 0.0004534222825895995,
    "best_weight_sim": 0.8921869993209839,
    "best_feature_diff": 0.11334453314315669,
    "best_feature_sim": 0.8773838982133961,
    "best_0_weight_diff": 0.0005245523643679917,
    "best_1_weight_diff": 0.0004379678866825998,
    "best_2_weight_diff": 0.0003977537271566689,
    "best_0_weight_sim": 0.8771094679832458,
    "best_1_weight_sim": 0.8859051465988159,
    "best_2_weight_sim": 0.8913725018501282,
    "num_feature_traj": 219,
    "num_feature_timesteps": "197797",
    "final_test_returns": 4965.721878794167,
    "final_test_normalized_returns": 108.13436378788452,
    "best_return": 5036.103319487858,
    "best_return_normalized": 109.66750438576972,
    "convergence_step": "25000",
    "convergence_iter": "5",
    "best_step": "25000",
    "best_iter": "5"
}