{
    "final_weight_diff": 0.00330369477160275,
    "final_weight_sim": 0.6461461186408997,
    "final_feature_diff": 0.9734822901640193,
    "final_feature_sim": 0.5083991960338311,
    "final_0_weight_diff": 0.0038147021550685167,
    "final_1_weight_diff": 0.00349783175624907,
    "final_2_weight_diff": 0.0026001473888754845,
    "final_0_weight_sim": 0.6238151788711548,
    "final_1_weight_sim": 0.6210184693336487,
    "final_2_weight_sim": 0.646336555480957,
    "best_weight_diff": 0.0030242158100008965,
    "best_weight_sim": 0.661557137966156,
    "best_feature_diff": 0.9523942867931469,
    "best_feature_sim": 0.5233559068066992,
    "best_0_weight_diff": 0.0035151815973222256,
    "best_1_weight_diff": 0.0031874331180006266,
    "best_2_weight_diff": 0.002371429232880473,
    "best_0_weight_sim": 0.6380603313446045,
    "best_1_weight_sim": 0.6358557939529419,
    "best_2_weight_sim": 0.6627794504165649,
    "num_feature_traj": 223,
    "num_feature_timesteps": "196344",
    "final_test_returns": 4260.968059793057,
    "final_test_normalized_returns": 109.06637005191205,
    "best_return": 4928.393692281002,
    "best_return_normalized": 124.93742877514092,
    "convergence_step": "155000",
    "convergence_iter": "31",
    "best_step": "155000",
    "best_iter": "31"
}