{"final_weight_diff": 0.0014854856999590993, "final_weight_sim": 0.7706097364425659, "final_feature_diff": 0.16586216625379677, "final_feature_sim": 0.7927896605244658, "final_0_weight_diff": 0.0021228017285466194, "final_1_weight_diff": 0.0013752272352576256, "final_2_weight_diff": 0.0009550935938023031, "final_0_weight_sim": 0.7138378024101257, "final_1_weight_sim": 0.7885781526565552, "final_2_weight_sim": 0.812614917755127, "best_weight_diff": 0.00038583928835578263, "best_weight_sim": 0.9320685863494873, "best_feature_diff": 0.12393387623292913, "best_feature_sim": 0.8534608953356223, "best_0_weight_diff": 0.0005322780925780535, "best_1_weight_diff": 0.0003368897596374154, "best_2_weight_diff": 0.0002881153195630759, "best_0_weight_sim": 0.915785551071167, "best_1_weight_sim": 0.9377844333648682, "best_2_weight_sim": 0.9401505589485168, "num_feature_traj": 100, "num_feature_timesteps": "100000", "final_test_returns": 5109.767567504961, "final_test_normalized_returns": 43.414166971814254, "best_return": 5121.5322108177215, "best_return_normalized": 43.50892713078818, "convergence_step": "5000", "convergence_iter": "1", "best_step": "15000", "best_iter": "3", "best_5percent_normalized": 43.50892713078818, "best_10percent_normalized": 43.46154705130122, "best_25percent_normalized": 43.3113901353439, "best_50percent_normalized": 42.959220375033816, "best_100percent_normalized": 42.489498140582775, "best_later_half_normalized": 42.604866336765895, "best_last_four_normalized": 42.75049215589584}