{
    "final_weight_diff": 0.0013345553306862712,
    "final_weight_sim": 0.7621607780456543,
    "final_feature_diff": 0.3969600450299417,
    "final_feature_sim": 0.612689763840731,
    "final_0_weight_diff": 0.0018856493989005685,
    "final_1_weight_diff": 0.001275454880669713,
    "final_2_weight_diff": 0.0008372844895347953,
    "final_0_weight_sim": 0.6989575624465942,
    "final_1_weight_sim": 0.7718676924705505,
    "final_2_weight_sim": 0.809928834438324,
    "best_weight_diff": 0.0009347666637040675,
    "best_weight_sim": 0.8238922357559204,
    "best_feature_diff": 0.37582928517981623,
    "best_feature_sim": 0.6449589053646215,
    "best_0_weight_diff": 0.0013668691972270608,
    "best_1_weight_diff": 0.0008445543353445828,
    "best_2_weight_diff": 0.0005907672457396984,
    "best_0_weight_sim": 0.768812894821167,
    "best_1_weight_sim": 0.8361663818359375,
    "best_2_weight_sim": 0.8610607981681824,
    "num_feature_traj": 48,
    "num_feature_timesteps": "39870",
    "final_test_returns": 2893.351595949599,
    "final_test_normalized_returns": 76.54511202410288,
    "best_return": 3894.475143336623,
    "best_return_normalized": 100.35134576217207,
    "convergence_step": "30000",
    "convergence_iter": "6",
    "best_step": "55000",
    "best_iter": "11"
}