{
    "final_weight_diff": 0.0012311100726947188,
    "final_weight_sim": 0.7679706811904907,
    "final_feature_diff": 0.1390537261924974,
    "final_feature_sim": 0.7339567630265292,
    "final_0_weight_diff": 0.0015785142313688993,
    "final_1_weight_diff": 0.0011993612861260772,
    "final_2_weight_diff": 0.0009133311687037349,
    "final_0_weight_sim": 0.7266600131988525,
    "final_1_weight_sim": 0.7611045241355896,
    "final_2_weight_sim": 0.7915922403335571,
    "best_weight_diff": 0.0010215211659669876,
    "best_weight_sim": 0.7993777990341187,
    "best_feature_diff": 0.1456433927350778,
    "best_feature_sim": 0.7548185415977705,
    "best_0_weight_diff": 0.0013234494253993034,
    "best_1_weight_diff": 0.0009841410210356116,
    "best_2_weight_diff": 0.0007558706565760076,
    "best_0_weight_sim": 0.7621790766716003,
    "best_1_weight_sim": 0.7923140525817871,
    "best_2_weight_sim": 0.8201687335968018,
    "num_feature_traj": 200,
    "num_feature_timesteps": "200000",
    "final_test_returns": 5016.404468129244,
    "final_test_normalized_returns": 42.66215929049801,
    "best_return": 8103.284716618788,
    "best_return_normalized": 67.52591888812856,
    "convergence_step": "75000",
    "convergence_iter": "15",
    "best_step": "75000",
    "best_iter": "15"
}