{
    "final_weight_diff": 0.0010982430540025234,
    "final_weight_sim": 0.7754931449890137,
    "final_feature_diff": 0.3611529168121272,
    "final_feature_sim": 0.695264192224842,
    "final_0_weight_diff": 0.001353540108539164,
    "final_1_weight_diff": 0.00119120127055794,
    "final_2_weight_diff": 0.0007470040000043809,
    "final_0_weight_sim": 0.7340778708457947,
    "final_1_weight_sim": 0.7499785423278809,
    "final_2_weight_sim": 0.8155648708343506,
    "best_weight_diff": 0.000903687032405287,
    "best_weight_sim": 0.8080520629882812,
    "best_feature_diff": 0.35290030598525185,
    "best_feature_sim": 0.7076044562112123,
    "best_0_weight_diff": 0.0011084568686783314,
    "best_1_weight_diff": 0.0009719834779389203,
    "best_2_weight_diff": 0.0006287480937317014,
    "best_0_weight_sim": 0.7724570035934448,
    "best_1_weight_sim": 0.784218966960907,
    "best_2_weight_sim": 0.841270923614502,
    "num_feature_traj": 80,
    "num_feature_timesteps": "80000",
    "final_test_returns": 4776.88199267713,
    "final_test_normalized_returns": 40.73288806244023,
    "best_return": 5108.0074578129415,
    "best_return_normalized": 43.39998989310534,
    "convergence_step": "5000",
    "convergence_iter": "1",
    "best_step": "75000",
    "best_iter": "15"
}