{"final_weight_diff": 0.001267790561541915, "final_weight_sim": 0.7789398431777954, "final_feature_diff": 0.30844689014297927, "final_feature_sim": 0.7187742386343532, "final_0_weight_diff": 0.0016570461448282003, "final_1_weight_diff": 0.001316803740337491, "final_2_weight_diff": 0.0008239623857662082, "final_0_weight_sim": 0.7422381639480591, "final_1_weight_sim": 0.7722947597503662, "final_2_weight_sim": 0.814052164554596, "best_weight_diff": 0.0003601128701120615, "best_weight_sim": 0.9266347289085388, "best_feature_diff": 0.1906089550518761, "best_feature_sim": 0.8370875418634213, "best_0_weight_diff": 0.00046851171646267176, "best_1_weight_diff": 0.0003448275092523545, "best_2_weight_diff": 0.00026684062322601676, "best_0_weight_sim": 0.9104987978935242, "best_1_weight_sim": 0.9258942604064941, "best_2_weight_sim": 0.9356136322021484, "num_feature_traj": 200, "num_feature_timesteps": "200000", "final_test_returns": 5180.341260627616, "final_test_normalized_returns": 43.98261381732349, "best_return": 5611.015672117538, "best_return_normalized": 47.45154820095437, "convergence_step": "15000", "convergence_iter": "3", "best_step": "15000", "best_iter": "3", "best_5percent_normalized": 47.45154820095437, "best_10percent_normalized": 45.71708100913893, "best_25percent_normalized": 44.28098953293075, "best_50percent_normalized": 43.66470887121231, "best_100percent_normalized": 42.72076335696496, "best_later_half_normalized": 42.64270111330777, "best_last_four_normalized": 43.08698131655734, "target_steps": 10000}