{"final_weight_diff": 0.0010895440354943275, "final_weight_sim": 0.7927748560905457, "final_feature_diff": 0.7072796116101242, "final_feature_sim": 0.5665586518251121, "final_0_weight_diff": 0.0015529808588325977, "final_1_weight_diff": 0.0010114797623828053, "final_2_weight_diff": 0.0006984832580201328, "final_0_weight_sim": 0.7454929947853088, "final_1_weight_sim": 0.7938723564147949, "final_2_weight_sim": 0.8229206204414368, "best_weight_diff": 0.0002583519963081926, "best_weight_sim": 0.938890278339386, "best_feature_diff": 0.3256930499733632, "best_feature_sim": 0.811689498376684, "best_0_weight_diff": 0.00033163209445774555, "best_1_weight_diff": 0.00026740613975562155, "best_2_weight_diff": 0.00017594845849089324, "best_0_weight_sim": 0.9182677865028381, "best_1_weight_sim": 0.9324877858161926, "best_2_weight_sim": 0.9509957432746887, "num_feature_traj": 223, "num_feature_timesteps": "196344", "final_test_returns": 4599.926792205322, "final_test_normalized_returns": 117.12664476268807, "best_return": 5105.565515254077, "best_return_normalized": 129.15048903179505, "convergence_step": "10000", "convergence_iter": "2", "best_step": "10000", "best_iter": "2", "best_5percent_normalized": 129.15048903179505, "best_10percent_normalized": 128.77691267085623, "best_25percent_normalized": 125.08228236522186, "best_50percent_normalized": 117.55202137839876, "best_100percent_normalized": 103.21333288085262, "best_later_half_normalized": 108.37196821028446, "best_last_four_normalized": 105.34939361269923, "target_steps": 10000}