{"final_weight_diff": 0.0016340342117473483, "final_weight_sim": 0.8487077951431274, "final_feature_diff": 8.670514255492277, "final_feature_sim": 0.34523380311542795, "final_0_weight_diff": 0.0016885318327695131, "final_1_weight_diff": 0.0018494840478524566, "final_2_weight_diff": 0.0013592597097158432, "final_0_weight_sim": 0.7441070675849915, "final_1_weight_sim": 0.7875011563301086, "final_2_weight_sim": 0.8464375138282776, "best_weight_diff": 0.0005480748950503767, "best_weight_sim": 0.9429625272750854, "best_feature_diff": 7.2794982847296925, "best_feature_sim": 0.46167796622799073, "best_0_weight_diff": 0.0006411997019313276, "best_1_weight_diff": 0.0005925666191615164, "best_2_weight_diff": 0.0004093623720109463, "best_0_weight_sim": 0.8761114478111267, "best_1_weight_sim": 0.9165315628051758, "best_2_weight_sim": 0.9495011568069458, "num_feature_traj": 175, "num_feature_timesteps": "161070", "final_test_returns": 4904.992603056877, "final_test_normalized_returns": 106.81147927180568, "best_return": 5043.389886298878, "best_return_normalized": 109.82622991464596, "convergence_step": "25000", "convergence_iter": "5", "best_step": "25000", "best_iter": "5", "best_5percent_normalized": 109.82622991464596, "best_10percent_normalized": 109.29062138903532, "best_25percent_normalized": 108.46199325583339, "best_50percent_normalized": 107.82002472721021, "best_100percent_normalized": 95.65447319676791, "best_later_half_normalized": 103.732994986783, "best_last_four_normalized": 104.06688245244607, "target_steps": 15000}