{
    "final_weight_diff": 0.0010157732758671045,
    "final_weight_sim": 0.7916208505630493,
    "final_feature_diff": 0.2737539093925271,
    "final_feature_sim": 0.7531166980391103,
    "final_0_weight_diff": 0.0010936474427580833,
    "final_1_weight_diff": 0.00107488501816988,
    "final_2_weight_diff": 0.000878005928825587,
    "final_0_weight_sim": 0.765073835849762,
    "final_1_weight_sim": 0.7692776918411255,
    "final_2_weight_sim": 0.8028721809387207,
    "best_weight_diff": 0.0007147006690502167,
    "best_weight_sim": 0.8423906564712524,
    "best_feature_diff": 0.2555015582597207,
    "best_feature_sim": 0.7733945025471864,
    "best_0_weight_diff": 0.0007880638004280627,
    "best_1_weight_diff": 0.000743907643482089,
    "best_2_weight_diff": 0.0006117880111560225,
    "best_0_weight_sim": 0.819982647895813,
    "best_1_weight_sim": 0.8238614201545715,
    "best_2_weight_sim": 0.8520429730415344,
    "num_feature_traj": 218,
    "num_feature_timesteps": "100692",
    "final_test_returns": 1960.8209655813816,
    "final_test_normalized_returns": 60.8710787447502,
    "best_return": 2268.289544659185,
    "best_return_normalized": 70.31835937838183,
    "convergence_step": "65000",
    "convergence_iter": "13",
    "best_step": "65000",
    "best_iter": "13"
}