{"final_weight_diff": 0.0020473599433898926, "final_weight_sim": 0.7239913940429688, "final_feature_diff": 0.20615580905811307, "final_feature_sim": 0.6667564210941314, "final_0_weight_diff": 0.0024190586991608143, "final_1_weight_diff": 0.00205424171872437, "final_2_weight_diff": 0.001660106354393065, "final_0_weight_sim": 0.7022755742073059, "final_1_weight_sim": 0.7273412346839905, "final_2_weight_sim": 0.735932469367981, "best_weight_diff": 0.0009909849613904953, "best_weight_sim": 0.8546414971351624, "best_feature_diff": 0.17874508630897426, "best_feature_sim": 0.7215936453403979, "best_0_weight_diff": 0.0012260813964530826, "best_1_weight_diff": 0.0009591342532075942, "best_2_weight_diff": 0.0007864194340072572, "best_0_weight_sim": 0.8422961235046387, "best_1_weight_sim": 0.855497419834137, "best_2_weight_sim": 0.8607972264289856, "num_feature_traj": 109, "num_feature_timesteps": "31150", "final_test_returns": 3066.67057341209, "final_test_normalized_returns": 66.76674435509383, "best_return": 3649.417469057463, "best_return_normalized": 79.46089945052334, "convergence_step": "35000", "convergence_iter": "7", "best_step": "35000", "best_iter": "7", "best_5percent_normalized": 79.46089945052334, "best_10percent_normalized": 77.38250727921952, "best_25percent_normalized": 74.76519248181019, "best_50percent_normalized": 70.24552511971964, "best_100percent_normalized": 55.98630676084862, "best_later_half_normalized": 58.74704396996792, "best_last_four_normalized": 57.60093094726184, "target_steps": 5000}