{"final_weight_diff": 0.0013674370711669326, "final_weight_sim": 0.7593410611152649, "final_feature_diff": 0.3918009949208085, "final_feature_sim": 0.619840315826946, "final_0_weight_diff": 0.001963102724403143, "final_1_weight_diff": 0.0012988813687115908, "final_2_weight_diff": 0.0008356136968359351, "final_0_weight_sim": 0.6940301656723022, "final_1_weight_sim": 0.7695799469947815, "final_2_weight_sim": 0.8107535243034363, "best_weight_diff": 0.000844868365675211, "best_weight_sim": 0.8394602537155151, "best_feature_diff": 0.3645922321398852, "best_feature_sim": 0.659941448968785, "best_0_weight_diff": 0.0012509661028161645, "best_1_weight_diff": 0.0007536067860201001, "best_2_weight_diff": 0.0005286357481963933, "best_0_weight_sim": 0.7866171598434448, "best_1_weight_sim": 0.8514767289161682, "best_2_weight_sim": 0.8751643300056458, "num_feature_traj": 48, "num_feature_timesteps": "39870", "final_test_returns": 3760.631862248976, "final_test_normalized_returns": 97.16861727460528, "best_return": 3919.735938998625, "best_return_normalized": 100.95203526499, "convergence_step": "45000", "convergence_iter": "9", "best_step": "45000", "best_iter": "9", "best_5percent_normalized": 100.95203526499, "best_10percent_normalized": 99.06032626979764, "best_25percent_normalized": 95.81244213800109, "best_50percent_normalized": 93.45533113223641, "best_100percent_normalized": 88.0522389889939, "best_later_half_normalized": 87.43543765886331, "best_last_four_normalized": 92.15393268168336, "target_steps": 5000}