{"final_weight_diff": 0.001311330939643085, "final_weight_sim": 0.7751743793487549, "final_feature_diff": 0.29943411908283796, "final_feature_sim": 0.7149711458570874, "final_0_weight_diff": 0.0016487340908497572, "final_1_weight_diff": 0.0013762038433924317, "final_2_weight_diff": 0.0009050182998180389, "final_0_weight_sim": 0.7341942191123962, "final_1_weight_sim": 0.772960901260376, "final_2_weight_sim": 0.8058857321739197, "best_weight_diff": 0.0009800109546631575, "best_weight_sim": 0.8216361999511719, "best_feature_diff": 0.2832426113508282, "best_feature_sim": 0.735348141710005, "best_0_weight_diff": 0.0012462576851248741, "best_1_weight_diff": 0.001015158137306571, "best_2_weight_diff": 0.0006766112055629492, "best_0_weight_sim": 0.7849642038345337, "best_1_weight_sim": 0.8193537592887878, "best_2_weight_sim": 0.8484495878219604, "num_feature_traj": 119, "num_feature_timesteps": "101758", "final_test_returns": 3369.0782868777387, "final_test_normalized_returns": 73.35418470951356, "best_return": 3630.388678700829, "best_return_normalized": 79.04638944992007, "convergence_step": "15000", "convergence_iter": "3", "best_step": "65000", "best_iter": "13", "best_5percent_normalized": 79.04638944992007, "best_10percent_normalized": 79.00987524333107, "best_25percent_normalized": 78.04833982025909, "best_50percent_normalized": 76.00239065576359, "best_100percent_normalized": 72.45667176782477, "best_later_half_normalized": 72.57609440604678, "best_last_four_normalized": 72.65356433353634, "target_steps": 5000}