{"final_weight_diff": 0.0010658188257366419, "final_weight_sim": 0.7856643199920654, "final_feature_diff": 0.20823899737405036, "final_feature_sim": 0.761430843473058, "final_0_weight_diff": 0.0012908471981063485, "final_1_weight_diff": 0.0010392145486548543, "final_2_weight_diff": 0.0008658230653963983, "final_0_weight_sim": 0.7526320815086365, "final_1_weight_sim": 0.7788637280464172, "final_2_weight_sim": 0.7946370840072632, "best_weight_diff": 0.00042903481516987085, "best_weight_sim": 0.8981553316116333, "best_feature_diff": 0.13941974819494743, "best_feature_sim": 0.8496945188962544, "best_0_weight_diff": 0.0005194299155846238, "best_1_weight_diff": 0.00041106445132754743, "best_2_weight_diff": 0.00035667381598614156, "best_0_weight_sim": 0.8792967796325684, "best_1_weight_sim": 0.8928165435791016, "best_2_weight_sim": 0.9020387530326843, "num_feature_traj": 119, "num_feature_timesteps": "101758", "final_test_returns": 3288.585512883236, "final_test_normalized_returns": 71.60078582436638, "best_return": 3659.407898383963, "best_return_normalized": 79.6785240492783, "convergence_step": "25000", "convergence_iter": "5", "best_step": "25000", "best_iter": "5", "best_5percent_normalized": 79.6785240492783, "best_10percent_normalized": 78.61429952954387, "best_25percent_normalized": 77.30120011701962, "best_50percent_normalized": 75.0967580031397, "best_100percent_normalized": 68.80300620013097, "best_later_half_normalized": 68.42108175925635, "best_last_four_normalized": 72.23020340169738}