{
    "final_weight_diff": 0.0011450647143647075,
    "final_weight_sim": 0.7737104892730713,
    "final_feature_diff": 0.28577757363492734,
    "final_feature_sim": 0.7541945640422042,
    "final_0_weight_diff": 0.0012727782595902681,
    "final_1_weight_diff": 0.0012570078251883388,
    "final_2_weight_diff": 0.0009029685170389712,
    "final_0_weight_sim": 0.7470139265060425,
    "final_1_weight_sim": 0.7468406558036804,
    "final_2_weight_sim": 0.7943615913391113,
    "best_weight_diff": 0.0005792581359855831,
    "best_weight_sim": 0.8701862692832947,
    "best_feature_diff": 0.2552821922211307,
    "best_feature_sim": 0.7910819771245491,
    "best_0_weight_diff": 0.0006396865355782211,
    "best_1_weight_diff": 0.0006345576257444918,
    "best_2_weight_diff": 0.00046323935384862125,
    "best_0_weight_sim": 0.8549078702926636,
    "best_1_weight_sim": 0.8472068309783936,
    "best_2_weight_sim": 0.8834803104400635,
    "num_feature_traj": 47,
    "num_feature_timesteps": "39704",
    "final_test_returns": 3424.83551745164,
    "final_test_normalized_returns": 74.56876163456586,
    "best_return": 3658.951596678353,
    "best_return_normalized": 79.66858428869854,
    "convergence_step": "35000",
    "convergence_iter": "7",
    "best_step": "35000",
    "best_iter": "7"
}