{"final_weight_diff": 0.0010379584273323417, "final_weight_sim": 0.7932628393173218, "final_feature_diff": 0.647357009747423, "final_feature_sim": 0.640757793434133, "final_0_weight_diff": 0.0011962293647229671, "final_1_weight_diff": 0.0010423526400700212, "final_2_weight_diff": 0.0008680238970555365, "final_0_weight_sim": 0.7591718435287476, "final_1_weight_sim": 0.7811392545700073, "final_2_weight_sim": 0.7978418469429016, "best_weight_diff": 0.0008084666333161294, "best_weight_sim": 0.8330110311508179, "best_feature_diff": 0.6151096135065293, "best_feature_sim": 0.6698551408464343, "best_0_weight_diff": 0.0009664105600677431, "best_1_weight_diff": 0.0007970248116180301, "best_2_weight_diff": 0.000659375567920506, "best_0_weight_sim": 0.8005986213684082, "best_1_weight_sim": 0.8224201798439026, "best_2_weight_sim": 0.8380751609802246, "num_feature_traj": 20, "num_feature_timesteps": "20000", "final_test_returns": 4028.944335015204, "final_test_normalized_returns": 34.70850725815715, "best_return": 4802.490455299978, "best_return_normalized": 40.93915542853937, "convergence_step": "20000", "convergence_iter": "4", "best_step": "70000", "best_iter": "14", "best_5percent_normalized": 40.93915542853937, "best_10percent_normalized": 40.57128732693607, "best_25percent_normalized": 40.25106701017226, "best_50percent_normalized": 39.716258820952596, "best_100percent_normalized": 36.51576730971084, "best_later_half_normalized": 37.93006258365982, "best_last_four_normalized": 38.75703937430482}