{"final_weight_diff": 0.001310435007326305, "final_weight_sim": 0.7740958333015442, "final_feature_diff": 0.360782558611359, "final_feature_sim": 0.6579158604502502, "final_0_weight_diff": 0.001651992555707693, "final_1_weight_diff": 0.001339645474217832, "final_2_weight_diff": 0.0009341368568129838, "final_0_weight_sim": 0.7412718534469604, "final_1_weight_sim": 0.7718884944915771, "final_2_weight_sim": 0.7968075275421143, "best_weight_diff": 0.000710268912371248, "best_weight_sim": 0.8629857301712036, "best_feature_diff": 0.28494308307835803, "best_feature_sim": 0.7409578540963582, "best_0_weight_diff": 0.0009189149714075029, "best_1_weight_diff": 0.0007087658741511405, "best_2_weight_diff": 0.0005019371747039258, "best_0_weight_sim": 0.8362289071083069, "best_1_weight_sim": 0.8609737753868103, "best_2_weight_sim": 0.8811641335487366, "num_feature_traj": 219, "num_feature_timesteps": "197797", "final_test_returns": 4953.3856712925135, "final_test_normalized_returns": 107.8656403807148, "best_return": 5004.676768639975, "best_return_normalized": 108.982930150268, "convergence_step": "15000", "convergence_iter": "3", "best_step": "40000", "best_iter": "8", "best_5percent_normalized": 108.982930150268, "best_10percent_normalized": 108.89628522462445, "best_25percent_normalized": 108.57234471131649, "best_50percent_normalized": 108.28974506920436, "best_100percent_normalized": 101.01315837560762, "best_later_half_normalized": 104.8207824517525, "best_last_four_normalized": 108.01127896699471}