{
    "final_weight_diff": 0.0010892830323427916,
    "final_weight_sim": 0.8026700615882874,
    "final_feature_diff": 1.6153359068934154,
    "final_feature_sim": 0.5277471843500179,
    "final_0_weight_diff": 0.001606350182555616,
    "final_1_weight_diff": 0.0009398030233569443,
    "final_2_weight_diff": 0.0007184674614109099,
    "final_0_weight_sim": 0.7490035891532898,
    "final_1_weight_sim": 0.7806618213653564,
    "final_2_weight_sim": 0.81394362449646,
    "best_weight_diff": 0.0010105230612680316,
    "best_weight_sim": 0.8134883642196655,
    "best_feature_diff": 1.5494478230150543,
    "best_feature_sim": 0.5485181856257976,
    "best_0_weight_diff": 0.0014964020811021328,
    "best_1_weight_diff": 0.00086878368165344,
    "best_2_weight_diff": 0.0006638079648837447,
    "best_0_weight_sim": 0.7601749897003174,
    "best_1_weight_sim": 0.7923953533172607,
    "best_2_weight_sim": 0.8250592947006226,
    "num_feature_traj": 223,
    "num_feature_timesteps": "196344",
    "final_test_returns": 5118.6498191794135,
    "final_test_normalized_returns": 129.4616274505841,
    "best_return": 5320.68697964087,
    "best_return_normalized": 134.2659734059608,
    "convergence_step": "75000",
    "convergence_iter": "15",
    "best_step": "90000",
    "best_iter": "18"
}