{"final_weight_diff": 0.0017234255792573094, "final_weight_sim": 0.7441087365150452, "final_feature_diff": 0.18993146839982147, "final_feature_sim": 0.7268786117918676, "final_0_weight_diff": 0.0024632837157696486, "final_1_weight_diff": 0.0015932649839669466, "final_2_weight_diff": 0.001108031254261732, "final_0_weight_sim": 0.6865741610527039, "final_1_weight_sim": 0.7637901902198792, "final_2_weight_sim": 0.7898207306861877, "best_weight_diff": 0.00015137236914597452, "best_weight_sim": 0.9742894172668457, "best_feature_diff": 0.12721216053611673, "best_feature_sim": 0.832195461316228, "best_0_weight_diff": 0.00017562923312652856, "best_1_weight_diff": 0.0001295130787184462, "best_2_weight_diff": 0.00014877163630444556, "best_0_weight_sim": 0.9736074209213257, "best_1_weight_sim": 0.9763668179512024, "best_2_weight_sim": 0.9707120060920715, "num_feature_traj": 120, "num_feature_timesteps": "106539", "final_test_returns": 3234.061162291698, "final_test_normalized_returns": 84.64702071889516, "best_return": 3717.317438747843, "best_return_normalized": 96.1386212338678, "convergence_step": "5000", "convergence_iter": "1", "best_step": "5000", "best_iter": "1", "best_5percent_normalized": 96.1386212338678, "best_10percent_normalized": 96.12388298495819, "best_25percent_normalized": 95.31763332458806, "best_50percent_normalized": 93.18060638801565, "best_100percent_normalized": 86.83012510501801, "best_later_half_normalized": 86.98851255346854, "best_last_four_normalized": 82.11353766869848}