{"final_weight_diff": 0.0015674324240535498, "final_weight_sim": 0.7805747389793396, "final_feature_diff": 2.0860639731187907, "final_feature_sim": 0.2962386208475923, "final_0_weight_diff": 0.0019603893160820007, "final_1_weight_diff": 0.0016133449971675873, "final_2_weight_diff": 0.001117371371947229, "final_0_weight_sim": 0.7357690334320068, "final_1_weight_sim": 0.7645971775054932, "final_2_weight_sim": 0.7922625541687012, "best_weight_diff": 0.0008867511642165482, "best_weight_sim": 0.8650622367858887, "best_feature_diff": 1.954613617368108, "best_feature_sim": 0.3697870343642267, "best_0_weight_diff": 0.0012308134464547038, "best_1_weight_diff": 0.0008456328068859875, "best_2_weight_diff": 0.0005814633914269507, "best_0_weight_sim": 0.8222395777702332, "best_1_weight_sim": 0.8596737384796143, "best_2_weight_sim": 0.8803563714027405, "num_feature_traj": 48, "num_feature_timesteps": "28017", "final_test_returns": 3386.487871108089, "final_test_normalized_returns": 88.27165412950535, "best_return": 3693.008197540855, "best_return_normalized": 95.56055923574668, "convergence_step": "15000", "convergence_iter": "3", "best_step": "45000", "best_iter": "9", "best_5percent_normalized": 95.56055923574668, "best_10percent_normalized": 95.54033040200885, "best_25percent_normalized": 94.94444405046731, "best_50percent_normalized": 92.44376068628097, "best_100percent_normalized": 83.42385731813916, "best_later_half_normalized": 89.41673941983542, "best_last_four_normalized": 91.06560317267402, "target_steps": 15000}