{
    "final_weight_diff": 0.0022347408812493086,
    "final_weight_sim": 0.6894984245300293,
    "final_feature_diff": 0.4190261957842196,
    "final_feature_sim": 0.5659859435458872,
    "final_0_weight_diff": 0.002654474228620529,
    "final_1_weight_diff": 0.001987022813409567,
    "final_2_weight_diff": 0.002043365268036723,
    "final_0_weight_sim": 0.6125632524490356,
    "final_1_weight_sim": 0.711434006690979,
    "final_2_weight_sim": 0.7281829714775085,
    "best_weight_diff": 0.0017697265138849616,
    "best_weight_sim": 0.7433949708938599,
    "best_feature_diff": 0.4030419724400168,
    "best_feature_sim": 0.5918645641156568,
    "best_0_weight_diff": 0.0021390807814896107,
    "best_1_weight_diff": 0.001562013290822506,
    "best_2_weight_diff": 0.0015970685053616762,
    "best_0_weight_sim": 0.6668652296066284,
    "best_1_weight_sim": 0.758155882358551,
    "best_2_weight_sim": 0.784361720085144,
    "num_feature_traj": 178,
    "num_feature_timesteps": "160479",
    "final_test_returns": 4901.705359783843,
    "final_test_normalized_returns": 124.30279313684738,
    "best_return": 5370.615668771286,
    "best_return_normalized": 135.45325348420533,
    "convergence_step": "65000",
    "convergence_iter": "13",
    "best_step": "65000",
    "best_iter": "13"
}