{"final_weight_diff": 0.0011507273884490132, "final_weight_sim": 0.7667944431304932, "final_feature_diff": 0.2568306423561156, "final_feature_sim": 0.6475676303470849, "final_0_weight_diff": 0.001193328993394971, "final_1_weight_diff": 0.0011891506146639585, "final_2_weight_diff": 0.0010671054478734732, "final_0_weight_sim": 0.7463033199310303, "final_1_weight_sim": 0.7564983367919922, "final_2_weight_sim": 0.7590925097465515, "best_weight_diff": 0.0002486916782800108, "best_weight_sim": 0.935831606388092, "best_feature_diff": 0.08048595159667164, "best_feature_sim": 0.8841640938339017, "best_0_weight_diff": 0.00027155474526807666, "best_1_weight_diff": 0.00025310192722827196, "best_2_weight_diff": 0.0002215091371908784, "best_0_weight_sim": 0.9275551438331604, "best_1_weight_sim": 0.9285720586776733, "best_2_weight_sim": 0.9353798031806946, "num_feature_traj": 408, "num_feature_timesteps": "83240", "final_test_returns": 2315.1485283052984, "final_test_normalized_returns": 71.75814867340297, "best_return": 2651.7842635556544, "best_return_normalized": 82.10161944936891, "convergence_step": "15000", "convergence_iter": "3", "best_step": "15000", "best_iter": "3", "best_5percent_normalized": 82.10161944936891, "best_10percent_normalized": 81.93228106411976, "best_25percent_normalized": 76.50309953130291, "best_50percent_normalized": 67.29893600871787, "best_100percent_normalized": 50.36899079816268, "best_later_half_normalized": 53.74261629949832, "best_last_four_normalized": 55.937405212739975, "target_steps": 15000}