{
    "final_weight_diff": 0.0008009741432033479,
    "final_weight_sim": 0.8283296823501587,
    "final_feature_diff": 0.7102427270405022,
    "final_feature_sim": 0.606847287463499,
    "final_0_weight_diff": 0.00102828664239496,
    "final_1_weight_diff": 0.000777002249378711,
    "final_2_weight_diff": 0.000596752914134413,
    "final_0_weight_sim": 0.7832744717597961,
    "final_1_weight_sim": 0.8179125785827637,
    "final_2_weight_sim": 0.8429896235466003,
    "best_weight_diff": 0.00024859298719093204,
    "best_weight_sim": 0.9382875561714172,
    "best_feature_diff": 0.302148423082136,
    "best_feature_sim": 0.8285033467423816,
    "best_0_weight_diff": 0.00031017829314805567,
    "best_1_weight_diff": 0.00024423320428468287,
    "best_2_weight_diff": 0.00019139035430271178,
    "best_0_weight_sim": 0.9186719059944153,
    "best_1_weight_sim": 0.932586133480072,
    "best_2_weight_sim": 0.9436743259429932,
    "num_feature_traj": 218,
    "num_feature_timesteps": "100692",
    "final_test_returns": 1797.647264442343,
    "final_test_normalized_returns": 55.8574030341705,
    "best_return": 2400.124719918179,
    "best_return_normalized": 74.36912743341797,
    "convergence_step": "25000",
    "convergence_iter": "5",
    "best_step": "25000",
    "best_iter": "5"
}