{"final_weight_diff": 0.001260345452465117, "final_weight_sim": 0.7585104703903198, "final_feature_diff": 0.33034625691538483, "final_feature_sim": 0.6748809868711865, "final_0_weight_diff": 0.0014475247589871287, "final_1_weight_diff": 0.0011903165141120553, "final_2_weight_diff": 0.0011387933045625687, "final_0_weight_sim": 0.7381618618965149, "final_1_weight_sim": 0.7500746250152588, "final_2_weight_sim": 0.753806471824646, "best_weight_diff": 0.00017442209355067462, "best_weight_sim": 0.9558992981910706, "best_feature_diff": 0.16915339796266088, "best_feature_sim": 0.9037732435219655, "best_0_weight_diff": 0.00020610966021195054, "best_1_weight_diff": 0.0001726626796880737, "best_2_weight_diff": 0.00014448263391386718, "best_0_weight_sim": 0.950032651424408, "best_1_weight_sim": 0.9506623148918152, "best_2_weight_sim": 0.9571799635887146, "num_feature_traj": 223, "num_feature_timesteps": "196344", "final_test_returns": 3620.907795941118, "final_test_normalized_returns": 93.84604655889277, "best_return": 4802.331390498043, "best_return_normalized": 121.93972821197164, "convergence_step": "5000", "convergence_iter": "1", "best_step": "5000", "best_iter": "1", "best_5percent_normalized": 121.93972821197164, "best_10percent_normalized": 119.64970378804495, "best_25percent_normalized": 111.79855279609289, "best_50percent_normalized": 105.65978051707518, "best_100percent_normalized": 97.03365132960161, "best_later_half_normalized": 94.5894303666137, "best_last_four_normalized": 96.2618632016707}