{"final_weight_diff": 0.0015321590472012758, "final_weight_sim": 0.7394964694976807, "final_feature_diff": 0.38242095090409517, "final_feature_sim": 0.606994970348965, "final_0_weight_diff": 0.0017425083788111806, "final_1_weight_diff": 0.0016187652945518494, "final_2_weight_diff": 0.0012284070253372192, "final_0_weight_sim": 0.7039738297462463, "final_1_weight_sim": 0.7380464673042297, "final_2_weight_sim": 0.7550420165061951, "best_weight_diff": 0.0014121771091595292, "best_weight_sim": 0.7549760341644287, "best_feature_diff": 0.37870304419962986, "best_feature_sim": 0.6132680776263617, "best_0_weight_diff": 0.0016224827850237489, "best_1_weight_diff": 0.0014844165416434407, "best_2_weight_diff": 0.0011242891196161509, "best_0_weight_sim": 0.7195543050765991, "best_1_weight_sim": 0.7532526254653931, "best_2_weight_sim": 0.7709688544273376, "num_feature_traj": 40, "num_feature_timesteps": "7375", "final_test_returns": 464.2294702958934, "final_test_normalized_returns": 14.886803238371852, "best_return": 2526.9630255564284, "best_return_normalized": 78.26636165505097, "convergence_step": "90000", "convergence_iter": "18", "best_step": "90000", "best_iter": "18", "best_5percent_normalized": 78.26636165505097, "best_10percent_normalized": 76.38986544208484, "best_25percent_normalized": 66.44841972472207, "best_50percent_normalized": 54.25821795405487, "best_100percent_normalized": 37.59599690404989, "best_later_half_normalized": 39.683933243316154, "best_last_four_normalized": 53.28035184481367, "target_steps": 15000}