{
    "final_weight_diff": 0.0009564213687554002,
    "final_weight_sim": 0.7936854362487793,
    "final_feature_diff": 0.22385370667115306,
    "final_feature_sim": 0.7690370546089674,
    "final_0_weight_diff": 0.0011333784786984324,
    "final_1_weight_diff": 0.0009356497903354466,
    "final_2_weight_diff": 0.0007992116152308881,
    "final_0_weight_sim": 0.7552518248558044,
    "final_1_weight_sim": 0.7875382900238037,
    "final_2_weight_sim": 0.8020115494728088,
    "best_weight_diff": 0.0005927233723923564,
    "best_weight_sim": 0.8601911067962646,
    "best_feature_diff": 0.16830134213890155,
    "best_feature_sim": 0.8353609475066255,
    "best_0_weight_diff": 0.0007386503857560456,
    "best_1_weight_diff": 0.0005633074324578047,
    "best_2_weight_diff": 0.00047610371257178485,
    "best_0_weight_sim": 0.8275736570358276,
    "best_1_weight_sim": 0.8560896515846252,
    "best_2_weight_sim": 0.8693628311157227,
    "num_feature_traj": 321,
    "num_feature_timesteps": "203500",
    "final_test_returns": 2611.655728851143,
    "final_test_normalized_returns": 80.86862995201278,
    "best_return": 3613.3155712378857,
    "best_return_normalized": 111.64563376439982,
    "convergence_step": "55000",
    "convergence_iter": "11",
    "best_step": "55000",
    "best_iter": "11"
}