{"final_weight_diff": 0.002072839066386223, "final_weight_sim": 0.7234393954277039, "final_feature_diff": 0.7074379059494467, "final_feature_sim": 0.6694203139070436, "final_0_weight_diff": 0.002244163304567337, "final_1_weight_diff": 0.00213638786226511, "final_2_weight_diff": 0.0018364764982834458, "final_0_weight_sim": 0.6985849142074585, "final_1_weight_sim": 0.7023903131484985, "final_2_weight_sim": 0.7108726501464844, "best_weight_diff": 0.001167926238849759, "best_weight_sim": 0.8062403202056885, "best_feature_diff": 0.5411111299281103, "best_feature_sim": 0.7480023407640152, "best_0_weight_diff": 0.0012183586368337274, "best_1_weight_diff": 0.001194315729662776, "best_2_weight_diff": 0.0010890892008319497, "best_0_weight_sim": 0.7871336936950684, "best_1_weight_sim": 0.7875985503196716, "best_2_weight_sim": 0.791722297668457, "num_feature_traj": 40, "num_feature_timesteps": "40000", "final_test_returns": 5045.469833985177, "final_test_normalized_returns": 42.896270824177584, "best_return": 8539.429084818774, "best_return_normalized": 71.03891189331272, "convergence_step": "35000", "convergence_iter": "7", "best_step": "35000", "best_iter": "7", "best_5percent_normalized": 71.03891189331272, "best_10percent_normalized": 67.45542962472265, "best_25percent_normalized": 58.90566061997814, "best_50percent_normalized": 52.417918609100376, "best_100percent_normalized": 47.04821938747587, "best_later_half_normalized": 45.59659813858244, "best_last_four_normalized": 43.93486832089046, "target_steps": 20000}