{"final_weight_diff": 0.0011920665856450796, "final_weight_sim": 0.7823052406311035, "final_feature_diff": 0.887302588748167, "final_feature_sim": 0.4753859282483531, "final_0_weight_diff": 0.00134605064522475, "final_1_weight_diff": 0.0011034817434847355, "final_2_weight_diff": 0.0011204942129552364, "final_0_weight_sim": 0.7600818276405334, "final_1_weight_sim": 0.777035117149353, "final_2_weight_sim": 0.7688805460929871, "best_weight_diff": 0.0009308183798566461, "best_weight_sim": 0.82081538438797, "best_feature_diff": 0.822888759075707, "best_feature_sim": 0.5239511082681996, "best_0_weight_diff": 0.001050753751769662, "best_1_weight_diff": 0.0008503984427079558, "best_2_weight_diff": 0.0008889291784726083, "best_0_weight_sim": 0.8006482720375061, "best_1_weight_sim": 0.8167622685432434, "best_2_weight_sim": 0.8057050108909607, "num_feature_traj": 109, "num_feature_timesteps": "31150", "final_test_returns": 1438.8498652118933, "final_test_normalized_returns": 31.30742455114921, "best_return": 3440.802808468182, "best_return_normalized": 74.91658205219908, "convergence_step": "25000", "convergence_iter": "5", "best_step": "70000", "best_iter": "14", "best_5percent_normalized": 74.91658205219908, "best_10percent_normalized": 74.72576806864613, "best_25percent_normalized": 70.27735530257777, "best_50percent_normalized": 62.954274875493425, "best_100percent_normalized": 49.56280191659693, "best_later_half_normalized": 54.6035572196201, "best_last_four_normalized": 46.91160751282089}