current_itr_train_time	current_itr_train_loss_mean	current_itr_train_loss_std	current_itr_eval_5000_return_mean	current_itr_eval_5000_return_std	current_itr_eval_5000_length_mean	current_itr_eval_5000_length_std	current_itr_eval_2500_return_mean	current_itr_eval_2500_return_std	current_itr_eval_2500_length_mean	current_itr_eval_2500_length_std	TestEpRet	TestEpNormRet	Iteration	Steps	total_time	current_eval_time
1777.0848813056946	0.32135911631435155	0.21576621940683488	707.1405447213199	415.3754464737772	519.7	299.9750156263018	240.82876142661047	57.24045145278873	344.3	49.99009901970589	707.1405447213199	15.368375079607967	1	5000	1959.4198751449585	182.33409214019775
1490.1475892066956	0.13736322648078203	0.013659581853285065	528.833502469771	237.4152376185843	480.7	209.61967941965756	196.27261387833684	184.80459045387417	204.9	141.97425823014538	528.833502469771	11.48425786532103	2	10000	3746.9813735485077	297.301664352417
1284.2896180152893	0.12332730450183153	0.011865905951654925	49.16008047815417	8.94022836679135	147.2	7.096477999684069	353.1424993826813	807.3128643367071	265.3	246.67389403826263	49.16008047815417	1.0353839898564914	3	15000	5155.405264139175	123.97264242172241
1446.88583111763	0.11644216150194407	0.011068339066176353	1536.2422757121558	1170.0410673802878	622.0	344.8361929960369	2395.0582296604507	1112.7593947480873	763.4	269.87893582123075	1536.2422757121558	33.42895342285413	4	20000	7071.758416891098	469.3387231826782
1451.7528071403503	0.11205940075665713	0.010656134821547087	335.65063987554	891.8684021002614	207.3	264.49614363918425	48.02908602663026	12.317822824272174	138.3	17.12337583538947	335.65063987554	7.276096075227949	5	25000	8609.745272874832	86.01815748214722
