{
    "final_weight_diff": 0.0018443349981680512,
    "final_weight_sim": 0.6823982000350952,
    "final_feature_diff": 0.24247238659631454,
    "final_feature_sim": 0.691930919086575,
    "final_0_weight_diff": 0.0019360570004209876,
    "final_1_weight_diff": 0.00187886122148484,
    "final_2_weight_diff": 0.0016962720546871424,
    "final_0_weight_sim": 0.6289637684822083,
    "final_1_weight_sim": 0.6852005124092102,
    "final_2_weight_sim": 0.7114160060882568,
    "best_weight_diff": 0.0009550493559800088,
    "best_weight_sim": 0.8268795609474182,
    "best_feature_diff": 0.2079981271828086,
    "best_feature_sim": 0.7433702970980448,
    "best_0_weight_diff": 0.0010335380211472511,
    "best_1_weight_diff": 0.0009759106324054301,
    "best_2_weight_diff": 0.0008516923990100622,
    "best_0_weight_sim": 0.7798821330070496,
    "best_1_weight_sim": 0.826501190662384,
    "best_2_weight_sim": 0.8524631261825562,
    "num_feature_traj": 4,
    "num_feature_timesteps": "4000",
    "final_test_returns": 3764.1255973515945,
    "final_test_normalized_returns": 32.575483331026255,
    "best_return": 4494.962410555213,
    "best_return_normalized": 38.46212270988932,
    "convergence_step": "20000",
    "convergence_iter": "4",
    "best_step": "35000",
    "best_iter": "7"
}