{
    "final_weight_diff": 0.0009240746730938554,
    "final_weight_sim": 0.8122327327728271,
    "final_feature_diff": 0.5305086941231818,
    "final_feature_sim": 0.7189311563063238,
    "final_0_weight_diff": 0.0012872145744040608,
    "final_1_weight_diff": 0.0008379774517379701,
    "final_2_weight_diff": 0.0006442024023272097,
    "final_0_weight_sim": 0.7599096298217773,
    "final_1_weight_sim": 0.8110026121139526,
    "final_2_weight_sim": 0.8336141109466553,
    "best_weight_diff": 0.0002813097380567342,
    "best_weight_sim": 0.9326550364494324,
    "best_feature_diff": 0.24440764520485767,
    "best_feature_sim": 0.8763454557823025,
    "best_0_weight_diff": 0.00035950166056863964,
    "best_1_weight_diff": 0.0002767837722785771,
    "best_2_weight_diff": 0.0002076788223348558,
    "best_0_weight_sim": 0.9108416438102722,
    "best_1_weight_sim": 0.9261362552642822,
    "best_2_weight_sim": 0.9407620429992676,
    "num_feature_traj": 200,
    "num_feature_timesteps": "200000",
    "final_test_returns": 5077.121000209054,
    "final_test_normalized_returns": 43.15121009121272,
    "best_return": 6598.825601805824,
    "best_return_normalized": 55.40801772449347,
    "convergence_step": "15000",
    "convergence_iter": "3",
    "best_step": "15000",
    "best_iter": "3"
}