{"final_weight_diff": 0.0009952639229595661, "final_weight_sim": 0.8063464760780334, "final_feature_diff": 0.469671853609805, "final_feature_sim": 0.6864050413863865, "final_0_weight_diff": 0.0013597076758742332, "final_1_weight_diff": 0.0009537988225929439, "final_2_weight_diff": 0.0006685833795927465, "final_0_weight_sim": 0.7591276168823242, "final_1_weight_sim": 0.8050315976142883, "final_2_weight_sim": 0.835217297077179, "best_weight_diff": 0.00012008742487523705, "best_weight_sim": 0.9703052043914795, "best_feature_diff": 0.14757525607721295, "best_feature_sim": 0.9031211829125011, "best_0_weight_diff": 0.00014573719818145037, "best_1_weight_diff": 0.00012030360085191205, "best_2_weight_diff": 9.419734124094248e-05, "best_0_weight_sim": 0.9610873460769653, "best_1_weight_sim": 0.9681234955787659, "best_2_weight_sim": 0.9738974571228027, "num_feature_traj": 119, "num_feature_timesteps": "101758", "final_test_returns": 3501.704495692086, "final_test_normalized_returns": 76.2432222607881, "best_return": 3711.519360721991, "best_return_normalized": 80.81368408206743, "convergence_step": "5000", "convergence_iter": "1", "best_step": "5000", "best_iter": "1", "best_5percent_normalized": 80.81368408206743, "best_10percent_normalized": 79.62627529270644, "best_25percent_normalized": 77.9292736446934, "best_50percent_normalized": 75.92268746229689, "best_100percent_normalized": 69.90047092702943, "best_later_half_normalized": 71.64762120937785, "best_last_four_normalized": 68.3888223343889}