current_itr_train_time	current_itr_train_loss_mean	current_itr_train_loss_std	current_itr_eval_5000_return_mean	current_itr_eval_5000_return_std	current_itr_eval_5000_length_mean	current_itr_eval_5000_length_std	current_itr_eval_2500_return_mean	current_itr_eval_2500_return_std	current_itr_eval_2500_length_mean	current_itr_eval_2500_length_std	TestEpRet	TestEpNormRet	Iteration	Steps	total_time	current_eval_time
1842.7540020942688	0.23193428369164468	0.2520161986384659	1528.970145852396	1520.8632921703402	547.1	372.8955483778266	871.2923417983969	1155.6625613263589	400.7	303.6593650787013	1528.970145852396	33.270542378533314	1	5000	2090.0271208286285	247.2722315788269
1631.988864183426	0.05445066299512982	0.006430707420217797	3434.584666551132	574.7950262782095	934.3	142.88460378921167	3087.5288134014127	780.0725418703546	869.5	201.39227889867078	3434.584666551132	74.78113035182923	2	10000	4253.272231578827	531.1243844032288
1686.06303191185	0.04615596228465438	0.004068343745867645	3283.830764743651	501.12967529445785	963.2	110.4	2676.973932645856	739.0705890184461	893.5	131.0070608784122	3283.830764743651	71.49721168132997	3	15000	6531.392128944397	591.9251463413239
1671.7754876613617	0.04309078436121345	0.003583630485096835	3255.275345266995	639.9548097585198	921.4	171.26774360631953	3479.387597074235	243.35210200477067	970.5	51.31325364854581	3255.275345266995	70.87518018470523	4	20000	8522.714679002762	319.4466938972473
