{
    "final_weight_diff": 0.0021864569280296564,
    "final_weight_sim": 0.7139599919319153,
    "final_feature_diff": 0.7334083839272294,
    "final_feature_sim": 0.6431240011095205,
    "final_0_weight_diff": 0.002583119785413146,
    "final_1_weight_diff": 0.002190598286688328,
    "final_2_weight_diff": 0.0017858659848570824,
    "final_0_weight_sim": 0.6843349933624268,
    "final_1_weight_sim": 0.6897071599960327,
    "final_2_weight_sim": 0.7152965664863586,
    "best_weight_diff": 0.0014022757532075047,
    "best_weight_sim": 0.7808787822723389,
    "best_feature_diff": 0.6125064751753098,
    "best_feature_sim": 0.7041534744864586,
    "best_0_weight_diff": 0.00161934329662472,
    "best_1_weight_diff": 0.0013888911344110966,
    "best_2_weight_diff": 0.0011978941038250923,
    "best_0_weight_sim": 0.7514141798019409,
    "best_1_weight_sim": 0.7607420682907104,
    "best_2_weight_sim": 0.7793716788291931,
    "num_feature_traj": 119,
    "num_feature_timesteps": "101758",
    "final_test_returns": 3314.867901150354,
    "final_test_normalized_returns": 72.17330318213216,
    "best_return": 3671.5980668640273,
    "best_return_normalized": 79.94406624346534,
    "convergence_step": "50000",
    "convergence_iter": "10",
    "best_step": "55000",
    "best_iter": "11"
}