{"final_weight_diff": 0.0013424331555142999, "final_weight_sim": 0.7682297229766846, "final_feature_diff": 0.3039363521165823, "final_feature_sim": 0.7095436560110221, "final_0_weight_diff": 0.0016303880838677287, "final_1_weight_diff": 0.0014000340597704053, "final_2_weight_diff": 0.0009926289785653353, "final_0_weight_sim": 0.7303760647773743, "final_1_weight_sim": 0.7650203704833984, "final_2_weight_sim": 0.7924341559410095, "best_weight_diff": 0.000662308419123292, "best_weight_sim": 0.8714874982833862, "best_feature_diff": 0.2431477566408841, "best_feature_sim": 0.777548165298293, "best_0_weight_diff": 0.0008385298424400389, "best_1_weight_diff": 0.0006552503909915686, "best_2_weight_diff": 0.0004924167296849191, "best_0_weight_sim": 0.8434088230133057, "best_1_weight_sim": 0.8709130883216858, "best_2_weight_sim": 0.8874354362487793, "num_feature_traj": 476, "num_feature_timesteps": "401535", "final_test_returns": 3491.458398358493, "final_test_normalized_returns": 76.02002836709698, "best_return": 3622.5595691172175, "best_return_normalized": 78.87584554474249, "convergence_step": "35000", "convergence_iter": "7", "best_step": "35000", "best_iter": "7", "best_5percent_normalized": 78.87584554474249, "best_10percent_normalized": 78.49767074627701, "best_25percent_normalized": 77.58493926131288, "best_50percent_normalized": 76.57726564783195, "best_100percent_normalized": 72.13726579454918, "best_later_half_normalized": 70.94550772396771, "best_last_four_normalized": 71.72299172760769, "target_steps": 5000}