{
    "final_weight_diff": 0.001087632030248642,
    "final_weight_sim": 0.7752352952957153,
    "final_feature_diff": 0.3586635662717444,
    "final_feature_sim": 0.6939895031634897,
    "final_0_weight_diff": 0.0012564539210870862,
    "final_1_weight_diff": 0.0011999510461464524,
    "final_2_weight_diff": 0.0008048671879805624,
    "final_0_weight_sim": 0.7404831051826477,
    "final_1_weight_sim": 0.7490525245666504,
    "final_2_weight_sim": 0.8033192753791809,
    "best_weight_diff": 0.0007520507206209004,
    "best_weight_sim": 0.8332527875900269,
    "best_feature_diff": 0.3174664175573465,
    "best_feature_sim": 0.7335377253461645,
    "best_0_weight_diff": 0.0008568273624405265,
    "best_1_weight_diff": 0.0008269755635410547,
    "best_2_weight_diff": 0.00057177001144737,
    "best_0_weight_sim": 0.8075821399688721,
    "best_1_weight_sim": 0.8088763356208801,
    "best_2_weight_sim": 0.8541235327720642,
    "num_feature_traj": 21,
    "num_feature_timesteps": "9625",
    "final_test_returns": 1567.6231641965874,
    "final_test_normalized_returns": 48.789681727368695,
    "best_return": 1915.0597080992625,
    "best_return_normalized": 59.46501818767435,
    "convergence_step": "25000",
    "convergence_iter": "5",
    "best_step": "65000",
    "best_iter": "13"
}