{
    "final_weight_diff": 0.0010350467637181282,
    "final_weight_sim": 0.7847943305969238,
    "final_feature_diff": 0.2411792653110426,
    "final_feature_sim": 0.7490614381543542,
    "final_0_weight_diff": 0.0013430829858407378,
    "final_1_weight_diff": 0.001014046254567802,
    "final_2_weight_diff": 0.0007457979372702539,
    "final_0_weight_sim": 0.7402597069740295,
    "final_1_weight_sim": 0.7769064903259277,
    "final_2_weight_sim": 0.8093253374099731,
    "best_weight_diff": 0.0003184321103617549,
    "best_weight_sim": 0.920505940914154,
    "best_feature_diff": 0.15272507910500968,
    "best_feature_sim": 0.8747664638184877,
    "best_0_weight_diff": 0.0004080774961039424,
    "best_1_weight_diff": 0.0003027001803275198,
    "best_2_weight_diff": 0.00024457232211716473,
    "best_0_weight_sim": 0.8990929126739502,
    "best_1_weight_sim": 0.9166571497917175,
    "best_2_weight_sim": 0.9289665818214417,
    "num_feature_traj": 1200,
    "num_feature_timesteps": "1200000",
    "final_test_returns": 5122.003486003141,
    "final_test_normalized_returns": 43.51272309045339,
    "best_return": 8987.153533190994,
    "best_return_normalized": 74.64517846479885,
    "convergence_step": "15000",
    "convergence_iter": "3",
    "best_step": "15000",
    "best_iter": "3"
}