{
    "final_weight_diff": 0.0012604547664523125,
    "final_weight_sim": 0.7434569001197815,
    "final_feature_diff": 0.3040040253362065,
    "final_feature_sim": 0.6450581844949318,
    "final_0_weight_diff": 0.0015341497492045164,
    "final_1_weight_diff": 0.0012398307444527745,
    "final_2_weight_diff": 0.0010040979832410812,
    "final_0_weight_sim": 0.6988953948020935,
    "final_1_weight_sim": 0.7430948615074158,
    "final_2_weight_sim": 0.756333589553833,
    "best_weight_diff": 0.0011403614189475775,
    "best_weight_sim": 0.7630026340484619,
    "best_feature_diff": 0.2954919478907777,
    "best_feature_sim": 0.6577071052318828,
    "best_0_weight_diff": 0.0013939407654106617,
    "best_1_weight_diff": 0.0011120329145342112,
    "best_2_weight_diff": 0.0009125576470978558,
    "best_0_weight_sim": 0.721841037273407,
    "best_1_weight_sim": 0.762015163898468,
    "best_2_weight_sim": 0.7743355631828308,
    "num_feature_traj": 24,
    "num_feature_timesteps": "20987",
    "final_test_returns": 3773.1381080934298,
    "final_test_normalized_returns": 97.4660097518234,
    "best_return": 3875.532653157939,
    "best_return_normalized": 99.90090250773876,
    "convergence_step": "55000",
    "convergence_iter": "11",
    "best_step": "85000",
    "best_iter": "17"
}