{"final_weight_diff": 0.0013116082409396768, "final_weight_sim": 0.7500292062759399, "final_feature_diff": 0.2558235547741581, "final_feature_sim": 0.6783055299661628, "final_0_weight_diff": 0.001431986689567566, "final_1_weight_diff": 0.0012373318895697594, "final_2_weight_diff": 0.0012608648976311088, "final_0_weight_sim": 0.7289620637893677, "final_1_weight_sim": 0.7464296221733093, "final_2_weight_sim": 0.7407129406929016, "best_weight_diff": 0.001181438798084855, "best_weight_sim": 0.7684527039527893, "best_feature_diff": 0.2469964442084872, "best_feature_sim": 0.6936638627538915, "best_0_weight_diff": 0.0013132827589288354, "best_1_weight_diff": 0.0011163505259901285, "best_2_weight_diff": 0.001111262827180326, "best_0_weight_sim": 0.7473796606063843, "best_1_weight_sim": 0.7636091709136963, "best_2_weight_sim": 0.7609972953796387, "num_feature_traj": 134, "num_feature_timesteps": "117833", "final_test_returns": 4881.720914985091, "final_test_normalized_returns": 123.82757270551664, "best_return": 5365.231126626621, "best_return_normalized": 135.32521167637557, "convergence_step": "85000", "convergence_iter": "17", "best_step": "85000", "best_iter": "17", "best_5percent_normalized": 135.32521167637557, "best_10percent_normalized": 133.3427423072871, "best_25percent_normalized": 129.07808816026164, "best_50percent_normalized": 123.6019788378643, "best_100percent_normalized": 109.7098615784774, "best_later_half_normalized": 120.41686149052816, "best_last_four_normalized": 125.97286367327314, "target_steps": 10000}