{"final_weight_diff": 0.0016518727643415332, "final_weight_sim": 0.7577848434448242, "final_feature_diff": 0.19459209889827153, "final_feature_sim": 0.7492112867017621, "final_0_weight_diff": 0.0021281314548105, "final_1_weight_diff": 0.0016772362869232893, "final_2_weight_diff": 0.0011447491124272346, "final_0_weight_sim": 0.7227348685264587, "final_1_weight_sim": 0.7643423676490784, "final_2_weight_sim": 0.7846566438674927, "best_weight_diff": 0.0008284497307613492, "best_weight_sim": 0.8647822737693787, "best_feature_diff": 0.16959512822131462, "best_feature_sim": 0.7901857267194916, "best_0_weight_diff": 0.0010925540700554848, "best_1_weight_diff": 0.0008094834629446268, "best_2_weight_diff": 0.0005822111270390451, "best_0_weight_sim": 0.8412467837333679, "best_1_weight_sim": 0.8674756288528442, "best_2_weight_sim": 0.8827115297317505, "num_feature_traj": 219, "num_feature_timesteps": "197797", "final_test_returns": 4941.68733982057, "final_test_normalized_returns": 107.6108120235459, "best_return": 4983.562016630172, "best_return_normalized": 108.52298100456362, "convergence_step": "20000", "convergence_iter": "4", "best_step": "35000", "best_iter": "7", "best_5percent_normalized": 108.52298100456362, "best_10percent_normalized": 108.47917326340139, "best_25percent_normalized": 108.2886329574488, "best_50percent_normalized": 107.9817825947184, "best_100percent_normalized": 103.81764264308126, "best_later_half_normalized": 107.39620700423002, "best_last_four_normalized": 106.97120333345748}