{"final_weight_diff": 0.0010524885728955269, "final_weight_sim": 0.7859716415405273, "final_feature_diff": 0.28124863219416973, "final_feature_sim": 0.7775092781694879, "final_0_weight_diff": 0.0012966657523065805, "final_1_weight_diff": 0.000989551073871553, "final_2_weight_diff": 0.0008702387567609549, "final_0_weight_sim": 0.7543224692344666, "final_1_weight_sim": 0.7796764969825745, "final_2_weight_sim": 0.7910584211349487, "best_weight_diff": 0.0008368475246243179, "best_weight_sim": 0.8207894563674927, "best_feature_diff": 0.2549454136261744, "best_feature_sim": 0.802261910693745, "best_0_weight_diff": 0.0010518019553273916, "best_1_weight_diff": 0.0007727800402790308, "best_2_weight_diff": 0.0006855010287836194, "best_0_weight_sim": 0.7911762595176697, "best_1_weight_sim": 0.8161572813987732, "best_2_weight_sim": 0.8255875110626221, "num_feature_traj": 321, "num_feature_timesteps": "203500", "final_test_returns": 3619.243967223318, "final_test_normalized_returns": 111.82778968013488, "best_return": 3622.799604951072, "best_return_normalized": 111.93704021736497, "convergence_step": "75000", "convergence_iter": "15", "best_step": "75000", "best_iter": "15", "best_5percent_normalized": 111.93704021736497, "best_10percent_normalized": 111.88241494874993, "best_25percent_normalized": 110.53803707764318, "best_50percent_normalized": 107.69765733805295, "best_100percent_normalized": 88.65748151825213, "best_later_half_normalized": 94.61149780290404, "best_last_four_normalized": 103.75787824778405, "target_steps": 10000}