{"final_weight_diff": 0.0013157251523807645, "final_weight_sim": 0.7713006734848022, "final_feature_diff": 0.6685880769370088, "final_feature_sim": 0.5111425746511357, "final_0_weight_diff": 0.0016057181637734175, "final_1_weight_diff": 0.0012691660085693002, "final_2_weight_diff": 0.0010644380236044526, "final_0_weight_sim": 0.7377132773399353, "final_1_weight_sim": 0.771213173866272, "final_2_weight_sim": 0.7797155380249023, "best_weight_diff": 0.0010720737045630813, "best_weight_sim": 0.8043907880783081, "best_feature_diff": 0.6231426405763149, "best_feature_sim": 0.554243470834543, "best_0_weight_diff": 0.0013306594919413328, "best_1_weight_diff": 0.0010154492920264602, "best_2_weight_diff": 0.0008660253952257335, "best_0_weight_sim": 0.7713582515716553, "best_1_weight_sim": 0.8052580952644348, "best_2_weight_sim": 0.8115867376327515, "num_feature_traj": 109, "num_feature_timesteps": "31150", "final_test_returns": 2525.2867423144994, "final_test_normalized_returns": 54.97361363322243, "best_return": 3354.642914884923, "best_return_normalized": 73.0397345557567, "convergence_step": "75000", "convergence_iter": "15", "best_step": "75000", "best_iter": "15", "best_5percent_normalized": 73.0397345557567, "best_10percent_normalized": 71.85524093349846, "best_25percent_normalized": 69.1486559757727, "best_50percent_normalized": 63.10779629276283, "best_100percent_normalized": 48.55533576398487, "best_later_half_normalized": 59.410536197853425, "best_last_four_normalized": 56.339009579003005}