{
    "final_weight_diff": 0.0012012816732749343,
    "final_weight_sim": 0.7695474624633789,
    "final_feature_diff": 0.2835153865749992,
    "final_feature_sim": 0.6972511815919755,
    "final_0_weight_diff": 0.0012569203972816467,
    "final_1_weight_diff": 0.001270319102331996,
    "final_2_weight_diff": 0.0010747007327154279,
    "final_0_weight_sim": 0.7612472176551819,
    "final_1_weight_sim": 0.7494533658027649,
    "final_2_weight_sim": 0.7622542977333069,
    "best_weight_diff": 0.0009933959227055311,
    "best_weight_sim": 0.8004080057144165,
    "best_feature_diff": 0.25907240167856405,
    "best_feature_sim": 0.7254531800892063,
    "best_0_weight_diff": 0.0010727780172601342,
    "best_1_weight_diff": 0.0010341547895222902,
    "best_2_weight_diff": 0.0008722080383449793,
    "best_0_weight_sim": 0.7914654612541199,
    "best_1_weight_sim": 0.7812029123306274,
    "best_2_weight_sim": 0.7948490381240845,
    "num_feature_traj": 204,
    "num_feature_timesteps": "37349",
    "final_test_returns": 553.6649760435143,
    "final_test_normalized_returns": 17.6347989000513,
    "best_return": 2624.9246190798644,
    "best_return_normalized": 81.27632991948121,
    "convergence_step": "80000",
    "convergence_iter": "16",
    "best_step": "80000",
    "best_iter": "16"
}