{
    "final_weight_diff": 0.0013958534691482782,
    "final_weight_sim": 0.7517468929290771,
    "final_feature_diff": 0.29929109893177114,
    "final_feature_sim": 0.7121867283178989,
    "final_0_weight_diff": 0.001822772086597979,
    "final_1_weight_diff": 0.0013983860844746232,
    "final_2_weight_diff": 0.0009594726143404841,
    "final_0_weight_sim": 0.6989869475364685,
    "final_1_weight_sim": 0.7538749575614929,
    "final_2_weight_sim": 0.7894982695579529,
    "best_weight_diff": 0.00026088583399541676,
    "best_weight_sim": 0.9450342059135437,
    "best_feature_diff": 0.16111634880814657,
    "best_feature_sim": 0.8544917124723499,
    "best_0_weight_diff": 0.0003312706539873034,
    "best_1_weight_diff": 0.00025299988919869065,
    "best_2_weight_diff": 0.0001983163965633139,
    "best_0_weight_sim": 0.9306036829948425,
    "best_1_weight_sim": 0.9451422095298767,
    "best_2_weight_sim": 0.952324390411377,
    "num_feature_traj": 119,
    "num_feature_timesteps": "101758",
    "final_test_returns": 3100.1478674204445,
    "final_test_normalized_returns": 67.49599056042403,
    "best_return": 3659.808476545601,
    "best_return_normalized": 79.68724996673863,
    "convergence_step": "10000",
    "convergence_iter": "2",
    "best_step": "10000",
    "best_iter": "2"
}