{"final_weight_diff": 0.0010127924615517259, "final_weight_sim": 0.7881211042404175, "final_feature_diff": 0.25581534911582726, "final_feature_sim": 0.6955489545247122, "final_0_weight_diff": 0.0013007445959374309, "final_1_weight_diff": 0.000963986327406019, "final_2_weight_diff": 0.0007707072654739022, "final_0_weight_sim": 0.7439135313034058, "final_1_weight_sim": 0.787455141544342, "final_2_weight_sim": 0.8059921264648438, "best_weight_diff": 0.0008462127298116684, "best_weight_sim": 0.8164737224578857, "best_feature_diff": 0.2432502545361828, "best_feature_sim": 0.7161169978439761, "best_0_weight_diff": 0.0010914404410868883, "best_1_weight_diff": 0.0007985024130903184, "best_2_weight_diff": 0.0006470401422120631, "best_0_weight_sim": 0.7766464352607727, "best_1_weight_sim": 0.8155364990234375, "best_2_weight_sim": 0.8314273953437805, "num_feature_traj": 120, "num_feature_timesteps": "106539", "final_test_returns": 3918.322630167585, "final_test_normalized_returns": 100.91842746457051, "best_return": 3925.489351781937, "best_return_normalized": 101.08884863819318, "convergence_step": "10000", "convergence_iter": "2", "best_step": "75000", "best_iter": "15", "best_5percent_normalized": 101.08884863819318, "best_10percent_normalized": 101.00363805138184, "best_25percent_normalized": 99.81246282607654, "best_50percent_normalized": 97.02111769518082, "best_100percent_normalized": 89.33784288397669, "best_later_half_normalized": 92.48874204713951, "best_last_four_normalized": 97.17525075358596}