{
    "final_weight_diff": 0.0012013539671897888,
    "final_weight_sim": 0.7998780608177185,
    "final_feature_diff": 0.30331850605770566,
    "final_feature_sim": 0.7153407092705135,
    "final_0_weight_diff": 0.0014860340161249042,
    "final_1_weight_diff": 0.0013466529780998826,
    "final_2_weight_diff": 0.0007651241030544043,
    "final_0_weight_sim": 0.7697111368179321,
    "final_1_weight_sim": 0.7816870212554932,
    "final_2_weight_sim": 0.8427855968475342,
    "best_weight_diff": 0.0011570669012144208,
    "best_weight_sim": 0.8061317801475525,
    "best_feature_diff": 0.2985296040034928,
    "best_feature_sim": 0.7207042477268129,
    "best_0_weight_diff": 0.0014351519057527184,
    "best_1_weight_diff": 0.0012934677070006728,
    "best_2_weight_diff": 0.0007367991493083537,
    "best_0_weight_sim": 0.7762253284454346,
    "best_1_weight_sim": 0.7885048389434814,
    "best_2_weight_sim": 0.8481103777885437,
    "num_feature_traj": 100,
    "num_feature_timesteps": "100000",
    "final_test_returns": 4963.029593319352,
    "final_test_normalized_returns": 42.23224301613779,
    "best_return": 5059.772634356685,
    "best_return_normalized": 43.01147496602407,
    "convergence_step": "10000",
    "convergence_iter": "2",
    "best_step": "95000",
    "best_iter": "19"
}