{
    "final_weight_diff": 0.001077069086022675,
    "final_weight_sim": 0.8014623522758484,
    "final_feature_diff": 0.34344755935792265,
    "final_feature_sim": 0.670403522667151,
    "final_0_weight_diff": 0.0013783412287011743,
    "final_1_weight_diff": 0.0011023792903870344,
    "final_2_weight_diff": 0.0007481143111363053,
    "final_0_weight_sim": 0.7677292227745056,
    "final_1_weight_sim": 0.7951424717903137,
    "final_2_weight_sim": 0.8280864953994751,
    "best_weight_diff": 0.0006738683441653848,
    "best_weight_sim": 0.8663338422775269,
    "best_feature_diff": 0.2738000035043293,
    "best_feature_sim": 0.7375441061900816,
    "best_0_weight_diff": 0.0008736919262446463,
    "best_1_weight_diff": 0.0006796261295676231,
    "best_2_weight_diff": 0.0004674800729844719,
    "best_0_weight_sim": 0.8395521640777588,
    "best_1_weight_sim": 0.8612744212150574,
    "best_2_weight_sim": 0.88707435131073,
    "num_feature_traj": 218,
    "num_feature_timesteps": "100692",
    "final_test_returns": 1878.1648793515249,
    "final_test_normalized_returns": 58.3313875508298,
    "best_return": 2133.018514796985,
    "best_return_normalized": 66.16202124281841,
    "convergence_step": "25000",
    "convergence_iter": "5",
    "best_step": "55000",
    "best_iter": "11"
}