{"final_weight_diff": 0.0021504987962543964, "final_weight_sim": 0.689460039138794, "final_feature_diff": 0.42540936050540695, "final_feature_sim": 0.5810844440497652, "final_0_weight_diff": 0.0022498718462884426, "final_1_weight_diff": 0.0018377198139205575, "final_2_weight_diff": 0.0023475303314626217, "final_0_weight_sim": 0.6334434747695923, "final_1_weight_sim": 0.6957337260246277, "final_2_weight_sim": 0.7062649726867676, "best_weight_diff": 0.001316290581598878, "best_weight_sim": 0.8026599884033203, "best_feature_diff": 0.36128629764151543, "best_feature_sim": 0.659023646514887, "best_0_weight_diff": 0.0014706584624946117, "best_1_weight_diff": 0.0011016594944521785, "best_2_weight_diff": 0.001372725237160921, "best_0_weight_sim": 0.748775064945221, "best_1_weight_sim": 0.8059450387954712, "best_2_weight_sim": 0.8239017724990845, "num_feature_traj": 20, "num_feature_timesteps": "20000", "final_test_returns": 4754.58485785124, "final_test_normalized_returns": 40.55329230381041, "best_return": 4885.514868162021, "best_return_normalized": 41.60788854286941, "convergence_step": "35000", "convergence_iter": "7", "best_step": "45000", "best_iter": "9", "best_5percent_normalized": 41.60788854286941, "best_10percent_normalized": 41.55501473432509, "best_25percent_normalized": 41.15884115113418, "best_50percent_normalized": 40.874329335837544, "best_100percent_normalized": 39.07381538877558, "best_later_half_normalized": 39.76376889088445, "best_last_four_normalized": 40.486945877720785, "target_steps": 5000}