{"final_weight_diff": 0.001406793249770999, "final_weight_sim": 0.7550338506698608, "final_feature_diff": 0.19397059502502906, "final_feature_sim": 0.7420042234016291, "final_0_weight_diff": 0.00146243697963655, "final_1_weight_diff": 0.0013625388965010643, "final_2_weight_diff": 0.0013923177029937506, "final_0_weight_sim": 0.7362515926361084, "final_1_weight_sim": 0.7511557936668396, "final_2_weight_sim": 0.7485580444335938, "best_weight_diff": 0.0009686951525509357, "best_weight_sim": 0.8195237517356873, "best_feature_diff": 0.17272569526114523, "best_feature_sim": 0.7890942393065352, "best_0_weight_diff": 0.0010123294778168201, "best_1_weight_diff": 0.0009429601486772299, "best_2_weight_diff": 0.0009497235878370702, "best_0_weight_sim": 0.8058356046676636, "best_1_weight_sim": 0.8139247894287109, "best_2_weight_sim": 0.8143245577812195, "num_feature_traj": 119, "num_feature_timesteps": "101758", "final_test_returns": 3214.0405886133785, "final_test_normalized_returns": 69.9769507815205, "best_return": 3701.06635589598, "best_return_normalized": 80.58598305874801, "convergence_step": "25000", "convergence_iter": "5", "best_step": "55000", "best_iter": "11", "best_5percent_normalized": 80.58598305874801, "best_10percent_normalized": 80.25966505591026, "best_25percent_normalized": 78.9260253649076, "best_50percent_normalized": 76.91428284833678, "best_100percent_normalized": 73.4573082715009, "best_later_half_normalized": 74.76406866981276}