{"final_weight_diff": 0.001614106586202979, "final_weight_sim": 0.8467414379119873, "final_feature_diff": 9.818996459755413, "final_feature_sim": 0.25131933698938547, "final_0_weight_diff": 0.0017129449406638741, "final_1_weight_diff": 0.0017957929521799088, "final_2_weight_diff": 0.0013258976396173239, "final_0_weight_sim": 0.7252045273780823, "final_1_weight_sim": 0.7860507369041443, "final_2_weight_sim": 0.8483235836029053, "best_weight_diff": 0.0009117225417867303, "best_weight_sim": 0.9073201417922974, "best_feature_diff": 10.036098650816625, "best_feature_sim": 0.26841243196951736, "best_0_weight_diff": 0.0009984375210478902, "best_1_weight_diff": 0.000983573729172349, "best_2_weight_diff": 0.000749728293158114, "best_0_weight_sim": 0.8117188215255737, "best_1_weight_sim": 0.8681157827377319, "best_2_weight_sim": 0.9102689623832703, "num_feature_traj": 120, "num_feature_timesteps": "106539", "final_test_returns": 3106.8977717156886, "final_test_normalized_returns": 81.62313679679662, "best_return": 3872.348218617672, "best_return_normalized": 99.82517819460377, "convergence_step": "40000", "convergence_iter": "8", "best_step": "45000", "best_iter": "9", "best_5percent_normalized": 99.82517819460377, "best_10percent_normalized": 99.04684119840111, "best_25percent_normalized": 95.84473622030704, "best_50percent_normalized": 93.83871692732114, "best_100percent_normalized": 87.41356079281061, "best_later_half_normalized": 84.91086128455312, "best_last_four_normalized": 88.4998327530098}