{"final_weight_diff": 0.0010987730929628015, "final_weight_sim": 0.8000311851501465, "final_feature_diff": 0.3302249990386857, "final_feature_sim": 0.6746673175383037, "final_0_weight_diff": 0.001418420928530395, "final_1_weight_diff": 0.0011389193823561072, "final_2_weight_diff": 0.0007369627710431814, "final_0_weight_sim": 0.7615045309066772, "final_1_weight_sim": 0.7934727072715759, "final_2_weight_sim": 0.8323907852172852, "best_weight_diff": 0.00026157620595768094, "best_weight_sim": 0.9435042142868042, "best_feature_diff": 0.1475520960631242, "best_feature_sim": 0.8539036945802572, "best_0_weight_diff": 0.00033758548670448363, "best_1_weight_diff": 0.00025235925568267703, "best_2_weight_diff": 0.00019474918371997774, "best_0_weight_sim": 0.9294626712799072, "best_1_weight_sim": 0.9424307346343994, "best_2_weight_sim": 0.9514591693878174, "num_feature_traj": 218, "num_feature_timesteps": "100692", "final_test_returns": 1953.1276009321025, "final_test_normalized_returns": 60.634692395691054, "best_return": 2593.97065278195, "best_return_normalized": 80.3252382430001, "convergence_step": "15000", "convergence_iter": "3", "best_step": "15000", "best_iter": "3", "best_5percent_normalized": 80.3252382430001, "best_10percent_normalized": 76.30799506339378, "best_25percent_normalized": 71.69028528138095, "best_50percent_normalized": 68.03805907228711, "best_100percent_normalized": 60.800285646691215, "best_later_half_normalized": 62.54304858978842, "best_last_four_normalized": 63.533027221920406}