{
    "final_weight_diff": 0.001738856197334826,
    "final_weight_sim": 0.7416510581970215,
    "final_feature_diff": 0.19646730692616574,
    "final_feature_sim": 0.7201031171055379,
    "final_0_weight_diff": 0.002437806921079755,
    "final_1_weight_diff": 0.001626537530682981,
    "final_2_weight_diff": 0.0011467015137895942,
    "final_0_weight_sim": 0.6875417828559875,
    "final_1_weight_sim": 0.7603734731674194,
    "final_2_weight_sim": 0.7827850580215454,
    "best_weight_diff": 0.0004696113464888185,
    "best_weight_sim": 0.9221644401550293,
    "best_feature_diff": 0.16311656177952505,
    "best_feature_sim": 0.781566204979662,
    "best_0_weight_diff": 0.0006228165002539754,
    "best_1_weight_diff": 0.0004141830140724778,
    "best_2_weight_diff": 0.00037124191294424236,
    "best_0_weight_sim": 0.9094088077545166,
    "best_1_weight_sim": 0.9276885986328125,
    "best_2_weight_sim": 0.9268834590911865,
    "num_feature_traj": 120,
    "num_feature_timesteps": "106539",
    "final_test_returns": 3240.4976450626004,
    "final_test_normalized_returns": 84.80007716601908,
    "best_return": 3827.6586285997328,
    "best_return_normalized": 98.7624813592308,
    "convergence_step": "15000",
    "convergence_iter": "3",
    "best_step": "15000",
    "best_iter": "3"
}