current_itr_train_time	current_itr_train_loss_mean	current_itr_train_loss_std	current_itr_eval_12000_return_mean	current_itr_eval_12000_return_std	current_itr_eval_12000_length_mean	current_itr_eval_12000_length_std	current_itr_eval_6000_return_mean	current_itr_eval_6000_return_std	current_itr_eval_6000_length_mean	current_itr_eval_6000_length_std	TestEpRet	TestEpNormRet	Iteration	Steps	total_time	current_eval_time
1825.8565711975098	0.3368269040375948	0.2401284781409488	1784.5419423915835	2291.905178684297	1000.0	0.0	2882.980747503013	1965.7402734892348	1000.0	0.0	2882.980747503013	25.478164370225752	1	5000	1944.2717139720917	118.41442894935608
1819.4843480587006	0.14192963044196366	0.017379976544736702	4146.406573056416	1129.3296897340715	1000.0	0.0	4451.652474161829	391.16975413640137	1000.0	0.0	4451.652474161829	38.11327605566595	2	10000	3884.4623556137085	120.59953045845032
1810.506848335266	0.1266009717002511	0.015669698847865524	3965.474751379136	1357.8099653644501	1000.0	0.0	4683.457650756873	116.99090251704905	1000.0	0.0	4683.457650756873	39.980387093473674	3	15000	5823.325471401215	128.10115361213684
1785.1229944229126	0.11822990186661482	0.014843338488827651	3969.3679859606505	1065.024109262169	1000.0	0.0	4591.362188499148	190.07743042203688	1000.0	0.0	4591.362188499148	39.238589793520376	4	20000	7759.740953445435	151.14845252037048
