{
    "final_weight_diff": 0.0012084566988050938,
    "final_weight_sim": 0.8216830492019653,
    "final_feature_diff": 1.6965623146550177,
    "final_feature_sim": 0.4645680797200119,
    "final_0_weight_diff": 0.001559713389724493,
    "final_1_weight_diff": 0.0012475128751248121,
    "final_2_weight_diff": 0.0008142017759382725,
    "final_0_weight_sim": 0.7755370140075684,
    "final_1_weight_sim": 0.8086397647857666,
    "final_2_weight_sim": 0.8362981677055359,
    "best_weight_diff": 0.0006610756390728056,
    "best_weight_sim": 0.893250584602356,
    "best_feature_diff": 1.3764017465847032,
    "best_feature_sim": 0.5740226883798312,
    "best_0_weight_diff": 0.0008865208947099745,
    "best_1_weight_diff": 0.0006423255545087159,
    "best_2_weight_diff": 0.00045308482367545366,
    "best_0_weight_sim": 0.8566567301750183,
    "best_1_weight_sim": 0.8882507085800171,
    "best_2_weight_sim": 0.9031274914741516,
    "num_feature_traj": 119,
    "num_feature_timesteps": "101758",
    "final_test_returns": 3495.449731888256,
    "final_test_normalized_returns": 76.10697281458012,
    "best_return": 3615.668324333063,
    "best_return_normalized": 78.7257314373241,
    "convergence_step": "45000",
    "convergence_iter": "9",
    "best_step": "45000",
    "best_iter": "9"
}