{
    "final_weight_diff": 0.0013200899120420218,
    "final_weight_sim": 0.827540934085846,
    "final_feature_diff": 1.503602780100159,
    "final_feature_sim": 0.5640631844691739,
    "final_0_weight_diff": 0.001706666429527104,
    "final_1_weight_diff": 0.0012419181875884533,
    "final_2_weight_diff": 0.0010054660961031914,
    "final_0_weight_sim": 0.7859939336776733,
    "final_1_weight_sim": 0.8339107036590576,
    "final_2_weight_sim": 0.8149173855781555,
    "best_weight_diff": 0.0011098656104877591,
    "best_weight_sim": 0.851253867149353,
    "best_feature_diff": 1.4126999082374576,
    "best_feature_sim": 0.5931485415548055,
    "best_0_weight_diff": 0.0014546869788318872,
    "best_1_weight_diff": 0.0010206594597548246,
    "best_2_weight_diff": 0.0008498280076310039,
    "best_0_weight_sim": 0.8124167919158936,
    "best_1_weight_sim": 0.8586989641189575,
    "best_2_weight_sim": 0.8394635915756226,
    "num_feature_traj": 438,
    "num_feature_timesteps": "392859",
    "final_test_returns": 4949.093758203951,
    "final_test_normalized_returns": 107.77214831613335,
    "best_return": 4984.6212374228,
    "best_return_normalized": 108.54605433729589,
    "convergence_step": "40000",
    "convergence_iter": "8",
    "best_step": "80000",
    "best_iter": "16"
}