{
    "final_weight_diff": 0.001624015043489635,
    "final_weight_sim": 0.7363814115524292,
    "final_feature_diff": 0.5904975738354168,
    "final_feature_sim": 0.37242192328229606,
    "final_0_weight_diff": 0.0018755970522761345,
    "final_1_weight_diff": 0.001724911737255752,
    "final_2_weight_diff": 0.0012592552229762077,
    "final_0_weight_sim": 0.7098478078842163,
    "final_1_weight_sim": 0.7247235178947449,
    "final_2_weight_sim": 0.7594391703605652,
    "best_weight_diff": 0.0010337147396057844,
    "best_weight_sim": 0.8196380138397217,
    "best_feature_diff": 0.593182273251228,
    "best_feature_sim": 0.4233246985920486,
    "best_0_weight_diff": 0.0013271725038066506,
    "best_1_weight_diff": 0.001054528634995222,
    "best_2_weight_diff": 0.00071659468812868,
    "best_0_weight_sim": 0.7924666404724121,
    "best_1_weight_sim": 0.8106231093406677,
    "best_2_weight_sim": 0.8455247282981873,
    "num_feature_traj": 48,
    "num_feature_timesteps": "28017",
    "final_test_returns": 3494.353012885372,
    "final_test_normalized_returns": 90.83663502925764,
    "best_return": 3697.634904600976,
    "best_return_normalized": 95.67058009181213,
    "convergence_step": "40000",
    "convergence_iter": "8",
    "best_step": "50000",
    "best_iter": "10"
}