{
    "final_weight_diff": 0.0015177758177742362,
    "final_weight_sim": 0.728863537311554,
    "final_feature_diff": 0.07665088011180221,
    "final_feature_sim": 0.6967503429834355,
    "final_0_weight_diff": 0.0017026035347953439,
    "final_1_weight_diff": 0.0014661831082776189,
    "final_2_weight_diff": 0.0013693198561668396,
    "final_0_weight_sim": 0.6945022940635681,
    "final_1_weight_sim": 0.730906069278717,
    "final_2_weight_sim": 0.740877628326416,
    "best_weight_diff": 0.0015177758177742362,
    "best_weight_sim": 0.728863537311554,
    "best_feature_diff": 0.07665088011180221,
    "best_feature_sim": 0.6967503429834355,
    "best_0_weight_diff": 0.0017026035347953439,
    "best_1_weight_diff": 0.0014661831082776189,
    "best_2_weight_diff": 0.0013693198561668396,
    "best_0_weight_sim": 0.6945022940635681,
    "best_1_weight_sim": 0.730906069278717,
    "best_2_weight_sim": 0.740877628326416,
    "num_feature_traj": 38,
    "num_feature_timesteps": "22985",
    "final_test_returns": 3628.760855824164,
    "final_test_normalized_returns": 94.03278852458004,
    "best_return": 3628.760855824164,
    "best_return_normalized": 94.03278852458004,
    "convergence_step": "100000",
    "convergence_iter": "20",
    "best_step": "100000",
    "best_iter": "20"
}