{"final_weight_diff": 0.001194110489450395, "final_weight_sim": 0.7634749412536621, "final_feature_diff": 0.17406352643213163, "final_feature_sim": 0.7405091874744899, "final_0_weight_diff": 0.001453236909583211, "final_1_weight_diff": 0.0011584718013182282, "final_2_weight_diff": 0.0009686943958513439, "final_0_weight_sim": 0.7105768918991089, "final_1_weight_sim": 0.7706165909767151, "final_2_weight_sim": 0.7868791818618774, "best_weight_diff": 0.001114961807616055, "best_weight_sim": 0.7753632068634033, "best_feature_diff": 0.18137450283056905, "best_feature_sim": 0.7478160081637802, "best_0_weight_diff": 0.001361210597679019, "best_1_weight_diff": 0.0010778411524370313, "best_2_weight_diff": 0.0009043567115440965, "best_0_weight_sim": 0.7234398126602173, "best_1_weight_sim": 0.7821457982063293, "best_2_weight_sim": 0.7982683181762695, "num_feature_traj": 219, "num_feature_timesteps": "197797", "final_test_returns": 5010.096006176651, "final_test_normalized_returns": 109.10097907048292, "best_return": 5019.025487586005, "best_return_normalized": 109.29549271402033, "convergence_step": "15000", "convergence_iter": "3", "best_step": "90000", "best_iter": "18", "best_5percent_normalized": 109.29549271402033, "best_10percent_normalized": 109.27752667692076, "best_25percent_normalized": 109.1292954979439, "best_50percent_normalized": 108.66016514189153, "best_100percent_normalized": 101.98039161788759, "best_later_half_normalized": 105.1621928533823, "best_last_four_normalized": 107.26639871116376, "target_steps": 15000}