{"final_weight_diff": 0.0010664119618013501, "final_weight_sim": 0.797909677028656, "final_feature_diff": 0.44074727273469355, "final_feature_sim": 0.7032759231241995, "final_0_weight_diff": 0.0014441239181905985, "final_1_weight_diff": 0.0010092653101310134, "final_2_weight_diff": 0.0007420830079354346, "final_0_weight_sim": 0.752971351146698, "final_1_weight_sim": 0.7978413105010986, "final_2_weight_sim": 0.8223710060119629, "best_weight_diff": 0.0006595936138182878, "best_weight_sim": 0.8623828291893005, "best_feature_diff": 0.3521246911868234, "best_feature_sim": 0.7703085174964146, "best_0_weight_diff": 0.0009180685738101602, "best_1_weight_diff": 0.0006042210734449327, "best_2_weight_diff": 0.0004555431369226426, "best_0_weight_sim": 0.8211570978164673, "best_1_weight_sim": 0.864546000957489, "best_2_weight_sim": 0.882980465888977, "num_feature_traj": 219, "num_feature_timesteps": "197797", "final_test_returns": 4924.902919260472, "final_test_normalized_returns": 107.24519182141536, "best_return": 5002.476875096749, "best_return_normalized": 108.93500919171836, "convergence_step": "15000", "convergence_iter": "3", "best_step": "50000", "best_iter": "10", "best_5percent_normalized": 108.93500919171836, "best_10percent_normalized": 108.87695925855212, "best_25percent_normalized": 108.33285732984521, "best_50percent_normalized": 107.98561866353222, "best_100percent_normalized": 102.01761275814623, "best_later_half_normalized": 107.16533330765296, "best_last_four_normalized": 107.4175719698865}