{"final_weight_diff": 0.0016235837247222662, "final_weight_sim": 0.7475537061691284, "final_feature_diff": 0.21851240050109474, "final_feature_sim": 0.7221552287300801, "final_0_weight_diff": 0.0017199997091665864, "final_1_weight_diff": 0.001766256638802588, "final_2_weight_diff": 0.001378428190946579, "final_0_weight_sim": 0.7016278505325317, "final_1_weight_sim": 0.7437281608581543, "final_2_weight_sim": 0.779220461845398, "best_weight_diff": 0.0003218512574676424, "best_weight_sim": 0.9398428201675415, "best_feature_diff": 0.14395107552577574, "best_feature_sim": 0.8291372187905838, "best_0_weight_diff": 0.0003855059912893921, "best_1_weight_diff": 0.0002999794960487634, "best_2_weight_diff": 0.000279783911537379, "best_0_weight_sim": 0.9117680788040161, "best_1_weight_sim": 0.944158136844635, "best_2_weight_sim": 0.9515335559844971, "num_feature_traj": 200, "num_feature_timesteps": "200000", "final_test_returns": 5036.470047307411, "final_test_normalized_returns": 42.82378063525775, "best_return": 8223.15065325293, "best_return_normalized": 68.49139781588237, "convergence_step": "10000", "convergence_iter": "2", "best_step": "10000", "best_iter": "2", "best_5percent_normalized": 68.49139781588237, "best_10percent_normalized": 65.47716026098018, "best_25percent_normalized": 54.88860300686024, "best_50percent_normalized": 48.99896243479511, "best_100percent_normalized": 45.61758323026547, "best_later_half_normalized": 44.27979579606868, "best_last_four_normalized": 45.26082176952499, "target_steps": 10000}