{"final_weight_diff": 0.0009164316579699516, "final_weight_sim": 0.8143845796585083, "final_feature_diff": 0.7554183261484532, "final_feature_sim": 0.5921168815082526, "final_0_weight_diff": 0.0011740179033949971, "final_1_weight_diff": 0.0008810426224954426, "final_2_weight_diff": 0.0006919547449797392, "final_0_weight_sim": 0.7743634581565857, "final_1_weight_sim": 0.8048948049545288, "final_2_weight_sim": 0.8260775208473206, "best_weight_diff": 0.0005476921214722097, "best_weight_sim": 0.8782974481582642, "best_feature_diff": 0.5611125658380083, "best_feature_sim": 0.7027803567774853, "best_0_weight_diff": 0.0007061513606458902, "best_1_weight_diff": 0.0005178233841434121, "best_2_weight_diff": 0.00041862105717882514, "best_0_weight_sim": 0.8453171849250793, "best_1_weight_sim": 0.8722335696220398, "best_2_weight_sim": 0.8867895603179932, "num_feature_traj": 119, "num_feature_timesteps": "101758", "final_test_returns": 3238.437218430846, "final_test_normalized_returns": 70.50839008222364, "best_return": 3607.0986121031056, "best_return_normalized": 78.53905475661901, "convergence_step": "50000", "convergence_iter": "10", "best_step": "50000", "best_iter": "10", "best_5percent_normalized": 78.53905475661901, "best_10percent_normalized": 78.0602002493115, "best_25percent_normalized": 76.3313785470859, "best_50percent_normalized": 73.88171619828786, "best_100percent_normalized": 67.75988459382518, "best_later_half_normalized": 68.73707683389503, "best_last_four_normalized": 73.51682369058192, "target_steps": 10000}