{"final_weight_diff": 0.0010456768795847893, "final_weight_sim": 0.7765935063362122, "final_feature_diff": 0.2535511233390665, "final_feature_sim": 0.7236522425612253, "final_0_weight_diff": 0.0012504548067227006, "final_1_weight_diff": 0.0010309546487405896, "final_2_weight_diff": 0.0008533907821401954, "final_0_weight_sim": 0.7349541187286377, "final_1_weight_sim": 0.7690521478652954, "final_2_weight_sim": 0.7891579270362854, "best_weight_diff": 0.000517278618644923, "best_weight_sim": 0.8769562244415283, "best_feature_diff": 0.16595664192958848, "best_feature_sim": 0.8368937538770274, "best_0_weight_diff": 0.000664093007799238, "best_1_weight_diff": 0.0004962773527950048, "best_2_weight_diff": 0.000391433626646176, "best_0_weight_sim": 0.8462172150611877, "best_1_weight_sim": 0.8711721897125244, "best_2_weight_sim": 0.8900453448295593, "num_feature_traj": 200, "num_feature_timesteps": "200000", "final_test_returns": 4822.923427541333, "final_test_normalized_returns": 41.10373599816876, "best_return": 8809.06882696295, "best_return_normalized": 73.2107673548002, "convergence_step": "35000", "convergence_iter": "7", "best_step": "35000", "best_iter": "7", "best_5percent_normalized": 73.2107673548002, "best_10percent_normalized": 71.95389892987478, "best_25percent_normalized": 67.96394622315793, "best_50percent_normalized": 62.86311160304607, "best_100percent_normalized": 52.807600073313, "best_later_half_normalized": 46.44548817711528, "best_last_four_normalized": 43.6172765235577, "target_steps": 10000}