{"final_weight_diff": 0.0008765277452766895, "final_weight_sim": 0.8185718059539795, "final_feature_diff": 0.5333940584008159, "final_feature_sim": 0.7210659065956185, "final_0_weight_diff": 0.001177793717943132, "final_1_weight_diff": 0.0008782477234490216, "final_2_weight_diff": 0.0005707417149096727, "final_0_weight_sim": 0.7702627182006836, "final_1_weight_sim": 0.8050748705863953, "final_2_weight_sim": 0.8476301431655884, "best_weight_diff": 0.0004478680493775755, "best_weight_sim": 0.8971014022827148, "best_feature_diff": 0.3524953369781849, "best_feature_sim": 0.8210854870787415, "best_0_weight_diff": 0.0005914430366829038, "best_1_weight_diff": 0.00044084989349357784, "best_2_weight_diff": 0.00031091022538021207, "best_0_weight_sim": 0.864270806312561, "best_1_weight_sim": 0.8886786699295044, "best_2_weight_sim": 0.9120060205459595, "num_feature_traj": 100, "num_feature_timesteps": "100000", "final_test_returns": 5041.0398701116565, "final_test_normalized_returns": 42.86058898752996, "best_return": 5090.484810819566, "best_return_normalized": 43.25885099321746, "convergence_step": "5000", "convergence_iter": "1", "best_step": "40000", "best_iter": "8", "best_5percent_normalized": 43.25885099321746, "best_10percent_normalized": 43.24058224606661, "best_25percent_normalized": 43.16683046682849, "best_50percent_normalized": 43.006267222891346, "best_100percent_normalized": 41.708818611911056, "best_later_half_normalized": 42.56598991878802, "best_last_four_normalized": 42.72475612350366, "target_steps": 