{
    "final_weight_diff": 0.0028309221379458904,
    "final_weight_sim": 0.6835704445838928,
    "final_feature_diff": 0.9003965618382987,
    "final_feature_sim": 0.48979972815403255,
    "final_0_weight_diff": 0.0029089662712067366,
    "final_1_weight_diff": 0.0027193722780793905,
    "final_2_weight_diff": 0.002865435788407922,
    "final_0_weight_sim": 0.6672382354736328,
    "final_1_weight_sim": 0.6698483824729919,
    "final_2_weight_sim": 0.6653458476066589,
    "best_weight_diff": 0.0013060931814834476,
    "best_weight_sim": 0.7959817051887512,
    "best_feature_diff": 0.669848991787478,
    "best_feature_sim": 0.6547415677751623,
    "best_0_weight_diff": 0.0015644218074157834,
    "best_1_weight_diff": 0.001211409573443234,
    "best_2_weight_diff": 0.0011428449070081115,
    "best_0_weight_sim": 0.7624142169952393,
    "best_1_weight_sim": 0.7881336212158203,
    "best_2_weight_sim": 0.7940958142280579,
    "num_feature_traj": 48,
    "num_feature_timesteps": "28017",
    "final_test_returns": 3560.660074849009,
    "final_test_normalized_returns": 92.41338489166073,
    "best_return": 3720.762365682048,
    "best_return_normalized": 96.22053993013692,
    "convergence_step": "35000",
    "convergence_iter": "7",
    "best_step": "35000",
    "best_iter": "7"
}