{
    "final_weight_diff": 0.001199504011310637,
    "final_weight_sim": 0.7589814066886902,
    "final_feature_diff": 0.24555723389882925,
    "final_feature_sim": 0.7140837377062939,
    "final_0_weight_diff": 0.0015114103443920612,
    "final_1_weight_diff": 0.0011941323755308986,
    "final_2_weight_diff": 0.0008911048644222319,
    "final_0_weight_sim": 0.7161048054695129,
    "final_1_weight_sim": 0.7515190839767456,
    "final_2_weight_sim": 0.7815112471580505,
    "best_weight_diff": 0.000533915008418262,
    "best_weight_sim": 0.8764180541038513,
    "best_feature_diff": 0.19175982057247087,
    "best_feature_sim": 0.7969014548996445,
    "best_0_weight_diff": 0.0006856107502244413,
    "best_1_weight_diff": 0.0005032999906688929,
    "best_2_weight_diff": 0.0004126180720049888,
    "best_0_weight_sim": 0.8484424352645874,
    "best_1_weight_sim": 0.8715512752532959,
    "best_2_weight_sim": 0.8896546363830566,
    "num_feature_traj": 80,
    "num_feature_timesteps": "80000",
    "final_test_returns": 5068.295691046558,
    "final_test_normalized_returns": 43.08012525871931,
    "best_return": 5093.239501925989,
    "best_return_normalized": 43.28103908343228,
    "convergence_step": "5000",
    "convergence_iter": "1",
    "best_step": "30000",
    "best_iter": "6"
}