{
    "final_weight_diff": 0.0010482115903869271,
    "final_weight_sim": 0.8058237433433533,
    "final_feature_diff": 1.3715130979840577,
    "final_feature_sim": 0.6019943698418728,
    "final_0_weight_diff": 0.001597162801772356,
    "final_1_weight_diff": 0.0008228342048823833,
    "final_2_weight_diff": 0.0007212316268123686,
    "final_0_weight_sim": 0.7443113327026367,
    "final_1_weight_sim": 0.7983706593513489,
    "final_2_weight_sim": 0.8122062087059021,
    "best_weight_diff": 0.0007171438192017376,
    "best_weight_sim": 0.856039822101593,
    "best_feature_diff": 1.1065602731362767,
    "best_feature_sim": 0.6833508034087291,
    "best_0_weight_diff": 0.00108562340028584,
    "best_1_weight_diff": 0.0005530054331757128,
    "best_2_weight_diff": 0.0005118650151416659,
    "best_0_weight_sim": 0.8004778027534485,
    "best_1_weight_sim": 0.8522642850875854,
    "best_2_weight_sim": 0.8588284850120544,
    "num_feature_traj": 223,
    "num_feature_timesteps": "196344",
    "final_test_returns": 4934.352188423157,
    "final_test_normalized_returns": 125.0791189314236,
    "best_return": 5298.74236616656,
    "best_return_normalized": 133.7441411116106,
    "convergence_step": "55000",
    "convergence_iter": "11",
    "best_step": "55000",
    "best_iter": "11"
}