{"final_weight_diff": 0.0016190947499126196, "final_weight_sim": 0.7385656237602234, "final_feature_diff": 0.6380099162261844, "final_feature_sim": 0.3370696451746698, "final_0_weight_diff": 0.0018138488521799445, "final_1_weight_diff": 0.0017272940604016185, "final_2_weight_diff": 0.0013047863030806184, "final_0_weight_sim": 0.7162907719612122, "final_1_weight_sim": 0.725525975227356, "final_2_weight_sim": 0.7560902833938599, "best_weight_diff": 0.0016190947499126196, "best_weight_sim": 0.7385656237602234, "best_feature_diff": 0.6380099162261844, "best_feature_sim": 0.3370696451746698, "best_0_weight_diff": 0.0018138488521799445, "best_1_weight_diff": 0.0017272940604016185, "best_2_weight_diff": 0.0013047863030806184, "best_0_weight_sim": 0.7162907719612122, "best_1_weight_sim": 0.725525975227356, "best_2_weight_sim": 0.7560902833938599, "num_feature_traj": 48, "num_feature_timesteps": "28017", "final_test_returns": 3718.343904196777, "final_test_normalized_returns": 96.16303008576742, "best_return": 3718.343904196777, "best_return_normalized": 96.16303008576742, "convergence_step": "20000", "convergence_iter": "4", "best_step": "100000", "best_iter": "20", "best_5percent_normalized": 96.16303008576742, "best_10percent_normalized": 95.72441187794936, "best_25percent_normalized": 94.56957878963578, "best_50percent_normalized": 91.6356588037366, "best_100percent_normalized": 82.9843633207598, "best_later_half_normalized": 86.653572491284, "best_last_four_normalized": 83.94030315348351, "target_steps": 5000}