{
    "final_weight_diff": 0.0010045438539236784,
    "final_weight_sim": 0.8060124516487122,
    "final_feature_diff": 0.4566191910440444,
    "final_feature_sim": 0.7254937410351827,
    "final_0_weight_diff": 0.0013908363180235028,
    "final_1_weight_diff": 0.0009173892904073,
    "final_2_weight_diff": 0.0007017486495897174,
    "final_0_weight_sim": 0.7586978673934937,
    "final_1_weight_sim": 0.8075149655342102,
    "final_2_weight_sim": 0.8288145065307617,
    "best_weight_diff": 0.0007784828194417059,
    "best_weight_sim": 0.8411993384361267,
    "best_feature_diff": 0.40139693049216585,
    "best_feature_sim": 0.7620102319638219,
    "best_0_weight_diff": 0.0010906390380114317,
    "best_1_weight_diff": 0.0007020387565717101,
    "best_2_weight_diff": 0.0005409723380580544,
    "best_0_weight_sim": 0.7958542108535767,
    "best_1_weight_sim": 0.8432214856147766,
    "best_2_weight_sim": 0.862395703792572,
    "num_feature_traj": 219,
    "num_feature_timesteps": "197797",
    "final_test_returns": 4922.096789301678,
    "final_test_normalized_returns": 107.1840650283238,
    "best_return": 4999.564611292243,
    "best_return_normalized": 108.8715704523798,
    "convergence_step": "30000",
    "convergence_iter": "6",
    "best_step": "70000",
    "best_iter": "14"
}