{
    "final_weight_diff": 0.0008694548741914332,
    "final_weight_sim": 0.8227677345275879,
    "final_feature_diff": 0.5342971595312587,
    "final_feature_sim": 0.7161343037110575,
    "final_0_weight_diff": 0.00117709138430655,
    "final_1_weight_diff": 0.0008084330474957824,
    "final_2_weight_diff": 0.0006204125238582492,
    "final_0_weight_sim": 0.7763821482658386,
    "final_1_weight_sim": 0.8187006115913391,
    "final_2_weight_sim": 0.8399760723114014,
    "best_weight_diff": 0.00019276405510026962,
    "best_weight_sim": 0.9527404308319092,
    "best_feature_diff": 0.1495166077803685,
    "best_feature_sim": 0.9201948517971916,
    "best_0_weight_diff": 0.00022954973974265158,
    "best_1_weight_diff": 0.00019726657774299383,
    "best_2_weight_diff": 0.00015149565297178924,
    "best_0_weight_sim": 0.940049946308136,
    "best_1_weight_sim": 0.9463611841201782,
    "best_2_weight_sim": 0.9562915563583374,
    "num_feature_traj": 119,
    "num_feature_timesteps": "101758",
    "final_test_returns": 2206.4656879140466,
    "final_test_normalized_returns": 48.02863641843072,
    "best_return": 3631.342810462217,
    "best_return_normalized": 79.06717359592075,
    "convergence_step": "10000",
    "convergence_iter": "2",
    "best_step": "10000",
    "best_iter": "2"
}