{"final_weight_diff": 0.0018266993574798107, "final_weight_sim": 0.8336750864982605, "final_feature_diff": 10.263426379712811, "final_feature_sim": 0.22309180144255103, "final_0_weight_diff": 0.0015016888501122594, "final_1_weight_diff": 0.0016020373441278934, "final_2_weight_diff": 0.002371692331507802, "final_0_weight_sim": 0.7429409027099609, "final_1_weight_sim": 0.8007562756538391, "final_2_weight_sim": 0.7771634459495544, "best_weight_diff": 0.0012167860986664891, "best_weight_sim": 0.8829328417778015, "best_feature_diff": 10.042480519649974, "best_feature_sim": 0.24180245857719115, "best_0_weight_diff": 0.0011167582124471664, "best_1_weight_diff": 0.0011108110193163157, "best_2_weight_diff": 0.0014207353815436363, "best_0_weight_sim": 0.7995781302452087, "best_1_weight_sim": 0.8524160385131836, "best_2_weight_sim": 0.8514717817306519, "num_feature_traj": 81, "num_feature_timesteps": "13561", "final_test_returns": 1510.0927801201035, "final_test_normalized_returns": 47.02200294548698, "best_return": 2486.5360782378534, "best_return_normalized": 77.02420313067383, "convergence_step": "65000", "convergence_iter": "13", "best_step": "65000", "best_iter": "13", "best_5percent_normalized": 77.02420313067383, "best_10percent_normalized": 72.09855588466976, "best_25percent_normalized": 66.50088606058083, "best_50percent_normalized": 60.54194856277654, "best_100percent_normalized": 43.725282488523284, "best_later_half_normalized": 54.748769946584446, "best_last_four_normalized": 50.67055001286119, "target_steps": 30000}