{"final_weight_diff": 0.0013483194634318352, "final_weight_sim": 0.742906928062439, "final_feature_diff": 0.246211477806822, "final_feature_sim": 0.7160566770032619, "final_0_weight_diff": 0.001682115369476378, "final_1_weight_diff": 0.0013215981889516115, "final_2_weight_diff": 0.0010387783404439688, "final_0_weight_sim": 0.7032269835472107, "final_1_weight_sim": 0.7384334802627563, "final_2_weight_sim": 0.7588040828704834, "best_weight_diff": 0.0010733443778008223, "best_weight_sim": 0.7837033867835999, "best_feature_diff": 0.2320137590536904, "best_feature_sim": 0.7396733892941398, "best_0_weight_diff": 0.0013668136671185493, "best_1_weight_diff": 0.0010296631371602416, "best_2_weight_diff": 0.0008222876349464059, "best_0_weight_sim": 0.7458297610282898, "best_1_weight_sim": 0.7800294160842896, "best_2_weight_sim": 0.7995292544364929, "num_feature_traj": 200, "num_feature_timesteps": "200000", "final_test_returns": 6931.888233930666, "final_test_normalized_returns": 58.09072276954931, "best_return": 10923.501727056202, "best_return_normalized": 90.24179774185976, "convergence_step": "70000", "convergence_iter": "14", "best_step": "70000", "best_iter": "14", "best_5percent_normalized": 90.24179774185976, "best_10percent_normalized": 83.64303181490374, "best_25percent_normalized": 74.79041956094625, "best_50percent_normalized": 63.17439833811685, "best_100percent_normalized": 52.43180283051095, "best_later_half_normalized": 51.54270760756955, "best_last_four_normalized": 46.54518961635809, "target_steps": 10000}