{"final_weight_diff": 0.0011579057900235057, "final_weight_sim": 0.7874219417572021, "final_feature_diff": 1.0140597762745165, "final_feature_sim": 0.4143293222289028, "final_0_weight_diff": 0.001396369538269937, "final_1_weight_diff": 0.0011252360418438911, "final_2_weight_diff": 0.0009447545744478703, "final_0_weight_sim": 0.7554590702056885, "final_1_weight_sim": 0.7798275351524353, "final_2_weight_sim": 0.7915588021278381, "best_weight_diff": 0.0008885094430297613, "best_weight_sim": 0.8277387022972107, "best_feature_diff": 0.9579283803782613, "best_feature_sim": 0.4684724656761332, "best_0_weight_diff": 0.001125877839513123, "best_1_weight_diff": 0.0008448930457234383, "best_2_weight_diff": 0.0006921722088009119, "best_0_weight_sim": 0.794575572013855, "best_1_weight_sim": 0.8215771913528442, "best_2_weight_sim": 0.8346609473228455, "num_feature_traj": 48, "num_feature_timesteps": "28017", "final_test_returns": 3493.239598173316, "final_test_normalized_returns": 90.81015856593622, "best_return": 3562.4896181688564, "best_return_normalized": 92.45689054690168, "convergence_step": "15000", "convergence_iter": "3", "best_step": "70000", "best_iter": "14", "best_5percent_normalized": 92.45689054690168, "best_10percent_normalized": 91.76677738342906, "best_25percent_normalized": 90.67621248642713, "best_50percent_normalized": 87.47499052714792, "best_100percent_normalized": 80.64157697438928, "best_later_half_normalized": 84.18317554675409, "best_last_four_normalized": 81.10677760529057, "target_steps": 5000}