{"final_weight_diff": 0.0023599625565111637, "final_weight_sim": 0.6786507964134216, "final_feature_diff": 0.20966672117479457, "final_feature_sim": 0.5804929617390037, "final_0_weight_diff": 0.0023354412987828255, "final_1_weight_diff": 0.0019562009256333113, "final_2_weight_diff": 0.0027818523813039064, "final_0_weight_sim": 0.6296610832214355, "final_1_weight_sim": 0.6813357472419739, "final_2_weight_sim": 0.6870498657226562, "best_weight_diff": 0.001878702430985868, "best_weight_sim": 0.7366449236869812, "best_feature_diff": 0.20001459600815297, "best_feature_sim": 0.6071751248073042, "best_0_weight_diff": 0.001906891935504973, "best_1_weight_diff": 0.0015508553478866816, "best_2_weight_diff": 0.002175163011997938, "best_0_weight_sim": 0.6890446543693542, "best_1_weight_sim": 0.7370071411132812, "best_2_weight_sim": 0.7485053539276123, "num_feature_traj": 20, "num_feature_timesteps": "20000", "final_test_returns": 4610.962942889315, "final_test_normalized_returns": 39.39646713434944, "best_return": 4822.721346650044, "best_return_normalized": 41.10210830603437, "convergence_step": "15000", "convergence_iter": "3", "best_step": "70000", "best_iter": "14", "best_5percent_normalized": 41.10210830603437, "best_10percent_normalized": 40.91129932038467, "best_25percent_normalized": 40.467375880799736, "best_50percent_normalized": 39.789940457181764, "best_100percent_normalized": 38.41363763203428, "best_later_half_normalized": 39.4503056306398}