{"final_weight_diff": 0.0016436795704066753, "final_weight_sim": 0.7477368116378784, "final_feature_diff": 0.20491257557424636, "final_feature_sim": 0.7446357707709501, "final_0_weight_diff": 0.0017478200607001781, "final_1_weight_diff": 0.001784261199645698, "final_2_weight_diff": 0.0013923138612881303, "final_0_weight_sim": 0.7078216671943665, "final_1_weight_sim": 0.7435002326965332, "final_2_weight_sim": 0.7774298191070557, "best_weight_diff": 0.0007423856295645237, "best_weight_sim": 0.8703625798225403, "best_feature_diff": 0.16485283880343798, "best_feature_sim": 0.7985324109553358, "best_0_weight_diff": 0.0008237610454671085, "best_1_weight_diff": 0.0007779093575663865, "best_2_weight_diff": 0.0006242303061299026, "best_0_weight_sim": 0.8340303301811218, "best_1_weight_sim": 0.8681595325469971, "best_2_weight_sim": 0.8935279250144958, "num_feature_traj": 175, "num_feature_timesteps": "161070", "final_test_returns": 4919.1404128556105, "final_test_normalized_returns": 107.1196653697288, "best_return": 4984.426926974035, "best_return_normalized": 108.54182161294898, "convergence_step": "15000", "convergence_iter": "3", "best_step": "30000", "best_iter": "6", "best_5percent_normalized": 108.54182161294898, "best_10percent_normalized": 108.5324031323565, "best_25percent_normalized": 108.38593694768801, "best_50percent_normalized": 108.24058659022815, "best_100percent_normalized": 103.94943626578561, "best_later_half_normalized": 107.30990786046486, "best_last_four_normalized": 107.69919043903155, "target_steps": 15000}