{"final_weight_diff": 0.0017784533556550741, "final_weight_sim": 0.7251719832420349, "final_feature_diff": 0.25640113127433495, "final_feature_sim": 0.6167346033153478, "final_0_weight_diff": 0.0016682343557476997, "final_1_weight_diff": 0.001946951262652874, "final_2_weight_diff": 0.001711416756734252, "final_0_weight_sim": 0.6874288320541382, "final_1_weight_sim": 0.718831479549408, "final_2_weight_sim": 0.7449458837509155, "best_weight_diff": 0.0006895625265315175, "best_weight_sim": 0.8791685104370117, "best_feature_diff": 0.1884506280143005, "best_feature_sim": 0.7199021609963265, "best_0_weight_diff": 0.0007250880007632077, "best_1_weight_diff": 0.0007315314724110067, "best_2_weight_diff": 0.0006115577998571098, "best_0_weight_sim": 0.8457810282707214, "best_1_weight_sim": 0.8747243285179138, "best_2_weight_sim": 0.8988717794418335, "num_feature_traj": 81, "num_feature_timesteps": "13561", "final_test_returns": 2149.475234504443, "final_test_normalized_returns": 66.66767046997418, "best_return": 2468.336052414069, "best_return_normalized": 76.46498907370469, "convergence_step": "10000", "convergence_iter": "2", "best_step": "30000", "best_iter": "6", "best_5percent_normalized": 76.46498907370469, "best_10percent_normalized": 76.3356963083449, "best_25percent_normalized": 73.2675998745505, "best_50percent_normalized": 68.6781596470116, "best_100percent_normalized": 48.0257457138482, "best_later_half_normalized": 52.798129471040625, "best_last_four_normalized": 57.02612700262697, "target_steps": 10000}