{
    "final_weight_diff": 0.0024255672469735146,
    "final_weight_sim": 0.7120663523674011,
    "final_feature_diff": 0.6574456041882404,
    "final_feature_sim": 0.6423482909361166,
    "final_0_weight_diff": 0.0025547132827341557,
    "final_1_weight_diff": 0.0023702632170170546,
    "final_2_weight_diff": 0.002352292649447918,
    "final_0_weight_sim": 0.6918764114379883,
    "final_1_weight_sim": 0.6996855735778809,
    "final_2_weight_sim": 0.6943010091781616,
    "best_weight_diff": 0.0021383403800427914,
    "best_weight_sim": 0.7313580513000488,
    "best_feature_diff": 0.6286027949836503,
    "best_feature_sim": 0.6613480802058048,
    "best_0_weight_diff": 0.0022656628862023354,
    "best_1_weight_diff": 0.002060896949842572,
    "best_2_weight_diff": 0.0020886510610580444,
    "best_0_weight_sim": 0.7102121710777283,
    "best_1_weight_sim": 0.7196857333183289,
    "best_2_weight_sim": 0.7136304378509521,
    "num_feature_traj": 109,
    "num_feature_timesteps": "31150",
    "final_test_returns": 2353.915767969743,
    "final_test_normalized_returns": 51.24058692223838,
    "best_return": 3183.750253289218,
    "best_return_normalized": 69.31712707869042,
    "convergence_step": "80000",
    "convergence_iter": "16",
    "best_step": "80000",
    "best_iter": "16"
}