{"final_weight_diff": 0.001023049931973219, "final_weight_sim": 0.7952237129211426, "final_feature_diff": 0.06952837240504607, "final_feature_sim": 0.7740601945365195, "final_0_weight_diff": 0.0012999530881643295, "final_1_weight_diff": 0.0009198171901516616, "final_2_weight_diff": 0.0008489084430038929, "final_0_weight_sim": 0.7550268769264221, "final_1_weight_sim": 0.7974252700805664, "final_2_weight_sim": 0.8056898713111877, "best_weight_diff": 0.0004767346545122564, "best_weight_sim": 0.8925143480300903, "best_feature_diff": 0.08042858250646337, "best_feature_sim": 0.849242861934056, "best_0_weight_diff": 0.0006080736638978124, "best_1_weight_diff": 0.0004331096715759486, "best_2_weight_diff": 0.00038915264303795993, "best_0_weight_sim": 0.872419536113739, "best_1_weight_sim": 0.8891206383705139, "best_2_weight_sim": 0.8975650072097778, "num_feature_traj": 87, "num_feature_timesteps": "41133", "final_test_returns": 1689.9880592518043, "final_test_normalized_returns": 52.54946591981782, "best_return": 2097.5296252889034, "best_return_normalized": 65.07158949995745, "convergence_step": "35000", "convergence_iter": "7", "best_step": "35000", "best_iter": "7", "best_5percent_normalized": 65.07158949995745, "best_10percent_normalized": 63.89472856862295, "best_25percent_normalized": 60.79546205679513, "best_50percent_normalized": 57.89141578350801, "best_100percent_normalized": 52.729619852360216, "best_later_half_normalized": 51.60280019234649, "best_last_four_normalized": 53.88406967673694, "target_steps": 5000}