{
    "final_weight_diff": 0.0014393130550161004,
    "final_weight_sim": 0.793146014213562,
    "final_feature_diff": 1.692606358408407,
    "final_feature_sim": 0.41943970818586024,
    "final_0_weight_diff": 0.0016468591056764126,
    "final_1_weight_diff": 0.0014699154999107122,
    "final_2_weight_diff": 0.0011909693712368608,
    "final_0_weight_sim": 0.7593069672584534,
    "final_1_weight_sim": 0.7798688411712646,
    "final_2_weight_sim": 0.785179853439331,
    "best_weight_diff": 0.0004949196008965373,
    "best_weight_sim": 0.9183265566825867,
    "best_feature_diff": 1.3941191042822663,
    "best_feature_sim": 0.5454590449155746,
    "best_0_weight_diff": 0.0006291770841926336,
    "best_1_weight_diff": 0.00046917577856220305,
    "best_2_weight_diff": 0.0003855884133372456,
    "best_0_weight_sim": 0.8931736946105957,
    "best_1_weight_sim": 0.915202260017395,
    "best_2_weight_sim": 0.9187822341918945,
    "num_feature_traj": 109,
    "num_feature_timesteps": "31150",
    "final_test_returns": 1991.4012811856971,
    "final_test_normalized_returns": 43.3438222136416,
    "best_return": 3070.1893133362087,
    "best_return_normalized": 66.84339415052135,
    "convergence_step": "25000",
    "convergence_iter": "5",
    "best_step": "25000",
    "best_iter": "5"
}