{"final_weight_diff": 0.0010741411242634058, "final_weight_sim": 0.7805455327033997, "final_feature_diff": 0.25017936921297546, "final_feature_sim": 0.7433799759418043, "final_0_weight_diff": 0.0011880144011229277, "final_1_weight_diff": 0.000962371239438653, "final_2_weight_diff": 0.0010713381925597787, "final_0_weight_sim": 0.7688270807266235, "final_1_weight_sim": 0.7810065150260925, "final_2_weight_sim": 0.7541471123695374, "best_weight_diff": 0.0010295354295521975, "best_weight_sim": 0.7875365614891052, "best_feature_diff": 0.24792691770801828, "best_feature_sim": 0.7470802562964487, "best_0_weight_diff": 0.0011434551561251283, "best_1_weight_diff": 0.0009200213826261461, "best_2_weight_diff": 0.0010245285229757428, "best_0_weight_sim": 0.7758951783180237, "best_1_weight_sim": 0.7880145311355591, "best_2_weight_sim": 0.7616683840751648, "num_feature_traj": 321, "num_feature_timesteps": "203500", "final_test_returns": 2397.6904143363363, "final_test_normalized_returns": 74.29433095161596, "best_return": 3631.730899960725, "best_return_normalized": 112.2114632189966, "convergence_step": "55000", "convergence_iter": "11", "best_step": "95000", "best_iter": "19", "best_5percent_normalized": 112.2114632189966, "best_10percent_normalized": 111.85533292282922, "best_25percent_normalized": 110.28943297935852, "best_50percent_normalized": 105.32620917861004, "best_100percent_normalized": 85.24623419183607, "best_later_half_normalized": 94.6331352473139, "best_last_four_normalized": 101.32981343108784}