{
    "final_weight_diff": 0.001482234918512404,
    "final_weight_sim": 0.769294261932373,
    "final_feature_diff": 0.17904318413421302,
    "final_feature_sim": 0.7764283735221645,
    "final_0_weight_diff": 0.001939167850650847,
    "final_1_weight_diff": 0.0014606297481805086,
    "final_2_weight_diff": 0.0010434676660224795,
    "final_0_weight_sim": 0.7266318798065186,
    "final_1_weight_sim": 0.7785063982009888,
    "final_2_weight_sim": 0.7987843751907349,
    "best_weight_diff": 0.0006480548181571066,
    "best_weight_sim": 0.8888711333274841,
    "best_feature_diff": 0.15589875799001085,
    "best_feature_sim": 0.8131528880432204,
    "best_0_weight_diff": 0.0008404956897720695,
    "best_1_weight_diff": 0.00062090705614537,
    "best_2_weight_diff": 0.0004820769536308944,
    "best_0_weight_sim": 0.8690376281738281,
    "best_1_weight_sim": 0.8918439149856567,
    "best_2_weight_sim": 0.9011645317077637,
    "num_feature_traj": 100,
    "num_feature_timesteps": "100000",
    "final_test_returns": 4987.106831166171,
    "final_test_normalized_returns": 42.4261768928702,
    "best_return": 5077.4843288088505,
    "best_return_normalized": 43.1541365782265,
    "convergence_step": "5000",
    "convergence_iter": "1",
    "best_step": "30000",
    "best_iter": "6"
}