{
    "final_weight_diff": 0.0015041427686810493,
    "final_weight_sim": 0.702346682548523,
    "final_feature_diff": 0.29822387455795707,
    "final_feature_sim": 0.6680814829553915,
    "final_0_weight_diff": 0.00162472203373909,
    "final_1_weight_diff": 0.0014719528844580054,
    "final_2_weight_diff": 0.001405593124218285,
    "final_0_weight_sim": 0.6703078746795654,
    "final_1_weight_sim": 0.6990781426429749,
    "final_2_weight_sim": 0.6993457078933716,
    "best_weight_diff": 0.001094572595320642,
    "best_weight_sim": 0.7684407234191895,
    "best_feature_diff": 0.268859124594696,
    "best_feature_sim": 0.7114245472213948,
    "best_0_weight_diff": 0.0012154445284977555,
    "best_1_weight_diff": 0.0010743129532784224,
    "best_2_weight_diff": 0.0009909003274515271,
    "best_0_weight_sim": 0.7400240302085876,
    "best_1_weight_sim": 0.7616229057312012,
    "best_2_weight_sim": 0.7675265073776245,
    "num_feature_traj": 8,
    "num_feature_timesteps": "8000",
    "final_test_returns": 4047.669350435856,
    "final_test_normalized_returns": 34.85933082253378,
    "best_return": 4619.518044455882,
    "best_return_normalized": 39.46537553751426,
    "convergence_step": "20000",
    "convergence_iter": "4",
    "best_step": "60000",
    "best_iter": "12"
}