{"final_weight_diff": 0.0011115078814327717, "final_weight_sim": 0.7787234783172607, "final_feature_diff": 0.24326256332992777, "final_feature_sim": 0.7677981931281098, "final_0_weight_diff": 0.0012518264120444655, "final_1_weight_diff": 0.0010539817158132792, "final_2_weight_diff": 0.00102728302590549, "final_0_weight_sim": 0.7517116069793701, "final_1_weight_sim": 0.7759138941764832, "final_2_weight_sim": 0.7719810009002686, "best_weight_diff": 0.000396421761251986, "best_weight_sim": 0.9047685861587524, "best_feature_diff": 0.13467709808792566, "best_feature_sim": 0.8762234377415988, "best_0_weight_diff": 0.00046883028699085116, "best_1_weight_diff": 0.0003884212637785822, "best_2_weight_diff": 0.0003320425166748464, "best_0_weight_sim": 0.8873148560523987, "best_1_weight_sim": 0.8987893462181091, "best_2_weight_sim": 0.907848596572876, "num_feature_traj": 219, "num_feature_timesteps": "197797", "final_test_returns": 4831.897146091478, "final_test_normalized_returns": 105.21921842164284, "best_return": 5080.12945955527, "best_return_normalized": 110.62653935351484, "convergence_step": "20000", "convergence_iter": "4", "best_step": "20000", "best_iter": "4", "best_5percent_normalized": 110.62653935351484, "best_10percent_normalized": 109.81884011797982, "best_25percent_normalized": 109.06871528933068, "best_50percent_normalized": 107.72254714395686, "best_100percent_normalized": 100.52656012160145, "best_later_half_normalized": 104.42401489919129, "best_last_four_normalized": 105.28431839044181}