{"final_weight_diff": 0.0010456880554556847, "final_weight_sim": 0.7999179363250732, "final_feature_diff": 0.7966401347536998, "final_feature_sim": 0.5361482351546955, "final_0_weight_diff": 0.0012225450482219458, "final_1_weight_diff": 0.0010999656515195966, "final_2_weight_diff": 0.0008127502514980733, "final_0_weight_sim": 0.7687814831733704, "final_1_weight_sim": 0.7796618938446045, "final_2_weight_sim": 0.8094108700752258, "best_weight_diff": 0.0008040593238547444, "best_weight_sim": 0.8360766172409058, "best_feature_diff": 0.7045937351004254, "best_feature_sim": 0.5902367566809301, "best_0_weight_diff": 0.0009756421786732972, "best_1_weight_diff": 0.0008242607000283897, "best_2_weight_diff": 0.0006114860880188644, "best_0_weight_sim": 0.8044759035110474, "best_1_weight_sim": 0.8195570707321167, "best_2_weight_sim": 0.8467481136322021, "num_feature_traj": 204, "num_feature_timesteps": "37349", "final_test_returns": 962.706419592532, "final_test_normalized_returns": 30.203007721855847, "best_return": 2763.3529994606706, "best_return_normalized": 85.52968081809662, "convergence_step": "75000", "convergence_iter": "15", "best_step": "75000", "best_iter": "15", "best_5percent_normalized": 85.52968081809662, "best_10percent_normalized": 78.76534358104949, "best_25percent_normalized": 70.89872156318658, "best_50percent_normalized": 55.6247621475037, "best_100percent_normalized": 38.36033549065483, "best_later_half_normalized": 51.973662374523336, "best_last_four_normalized": 47.13138269722707, "target_steps": 45000}