{
    "final_weight_diff": 0.0010740438010543585,
    "final_weight_sim": 0.7817027568817139,
    "final_feature_diff": 0.1054588476356485,
    "final_feature_sim": 0.7114694044547928,
    "final_0_weight_diff": 0.0013440257171168923,
    "final_1_weight_diff": 0.0009722753893584013,
    "final_2_weight_diff": 0.0009051382075995207,
    "final_0_weight_sim": 0.7372704148292542,
    "final_1_weight_sim": 0.785436749458313,
    "final_2_weight_sim": 0.7923406958580017,
    "best_weight_diff": 0.0009820932755246758,
    "best_weight_sim": 0.797136127948761,
    "best_feature_diff": 0.10111508908628235,
    "best_feature_sim": 0.7232818699200271,
    "best_0_weight_diff": 0.001238483120687306,
    "best_1_weight_diff": 0.0008812883752398193,
    "best_2_weight_diff": 0.0008260586182586849,
    "best_0_weight_sim": 0.7551450729370117,
    "best_1_weight_sim": 0.8008126616477966,
    "best_2_weight_sim": 0.806710422039032,
    "num_feature_traj": 21,
    "num_feature_timesteps": "9625",
    "final_test_returns": 1453.003418489723,
    "final_test_normalized_returns": 45.267875020823126,
    "best_return": 1894.1197112196169,
    "best_return_normalized": 58.82161577048192,
    "convergence_step": "30000",
    "convergence_iter": "6",
    "best_step": "90000",
    "best_iter": "18"
}