{
    "final_weight_diff": 0.0013168561272323132,
    "final_weight_sim": 0.7350445985794067,
    "final_feature_diff": 0.4613325525186425,
    "final_feature_sim": 0.6053736835253907,
    "final_0_weight_diff": 0.0014736824668943882,
    "final_1_weight_diff": 0.0013308109482750297,
    "final_2_weight_diff": 0.001134613063186407,
    "final_0_weight_sim": 0.6996355652809143,
    "final_1_weight_sim": 0.7233399152755737,
    "final_2_weight_sim": 0.7474523186683655,
    "best_weight_diff": 0.0009051992674358189,
    "best_weight_sim": 0.8053848147392273,
    "best_feature_diff": 0.4028166340897186,
    "best_feature_sim": 0.6745755741035605,
    "best_0_weight_diff": 0.0010106494883075356,
    "best_1_weight_diff": 0.0009449801873415709,
    "best_2_weight_diff": 0.0007571596070192754,
    "best_0_weight_sim": 0.7788495421409607,
    "best_1_weight_sim": 0.786791980266571,
    "best_2_weight_sim": 0.8179646134376526,
    "num_feature_traj": 8,
    "num_feature_timesteps": "8000",
    "final_test_returns": 3888.279812338092,
    "final_test_normalized_returns": 33.57550286724482,
    "best_return": 4552.389243617605,
    "best_return_normalized": 38.92467611552118,
    "convergence_step": "30000",
    "convergence_iter": "6",
    "best_step": "55000",
    "best_iter": "11"
}