{"final_weight_diff": 0.0015534348785877228, "final_weight_sim": 0.7469165325164795, "final_feature_diff": 0.4968823453220191, "final_feature_sim": 0.521758132164533, "final_0_weight_diff": 0.001966593088582158, "final_1_weight_diff": 0.0017012569587677717, "final_2_weight_diff": 0.0009839442791417241, "final_0_weight_sim": 0.7169533967971802, "final_1_weight_sim": 0.733397364616394, "final_2_weight_sim": 0.7850522398948669, "best_weight_diff": 0.0012437861878424883, "best_weight_sim": 0.7865022420883179, "best_feature_diff": 0.46970259162527533, "best_feature_sim": 0.5591990185343928, "best_0_weight_diff": 0.0016097219195216894, "best_1_weight_diff": 0.0013466672971844673, "best_2_weight_diff": 0.0007699555135332048, "best_0_weight_sim": 0.7575834393501282, "best_1_weight_sim": 0.7728292942047119, "best_2_weight_sim": 0.8239749670028687, "num_feature_traj": 223, "num_feature_timesteps": "196344", "final_test_returns": 4913.01967568053, "final_test_normalized_returns": 124.57184209641476, "best_return": 5186.196668402005, "best_return_normalized": 131.0678588543506, "convergence_step": "65000", "convergence_iter": "13", "best_step": "70000", "best_iter": "14", "best_5percent_normalized": 131.0678588543506, "best_10percent_normalized": 130.14754962594378, "best_25percent_normalized": 128.24784046806678, "best_50percent_normalized": 124.1021837152925, "best_100percent_normalized": 113.65183872550008, "best_later_half_normalized": 120.1903240193944, "best_last_four_normalized": 120.32073385275314}