{
    "final_weight_diff": 0.0012835967354476452,
    "final_weight_sim": 0.7762523889541626,
    "final_feature_diff": 0.7225298017710017,
    "final_feature_sim": 0.5224906877447185,
    "final_0_weight_diff": 0.001537754898890853,
    "final_1_weight_diff": 0.0012282727984711528,
    "final_2_weight_diff": 0.0010774568654596806,
    "final_0_weight_sim": 0.7464244365692139,
    "final_1_weight_sim": 0.7733982801437378,
    "final_2_weight_sim": 0.7791103720664978,
    "best_weight_diff": 0.0005316114402376115,
    "best_weight_sim": 0.887799859046936,
    "best_feature_diff": 0.4223356448254906,
    "best_feature_sim": 0.7288575633443021,
    "best_0_weight_diff": 0.0006805844604969025,
    "best_1_weight_diff": 0.00049219885841012,
    "best_2_weight_diff": 0.0004216450033709407,
    "best_0_weight_sim": 0.858880877494812,
    "best_1_weight_sim": 0.8869256973266602,
    "best_2_weight_sim": 0.8949090242385864,
    "num_feature_traj": 109,
    "num_feature_timesteps": "31150",
    "final_test_returns": 2292.4509433100893,
    "final_test_normalized_returns": 49.90167971745794,
    "best_return": 3382.7020400132155,
    "best_return_normalized": 73.65095511974812,
    "convergence_step": "30000",
    "convergence_iter": "6",
    "best_step": "30000",
    "best_iter": "6"
}