{"final_weight_diff": 0.0009592490387149155, "final_weight_sim": 0.577839195728302, "final_feature_diff": 1.0683773140291026, "final_feature_sim": 0.3240780473496382, "final_0_weight_diff": 0.000677797885145992, "final_1_weight_diff": 0.0008265607757493854, "final_2_weight_diff": 0.0009005761821754277, "final_3_weight_diff": 0.0009390035993419588, "final_4_weight_diff": 0.0009766168659552932, "final_5_weight_diff": 0.00100331986322999, "final_6_weight_diff": 0.0010284642921760678, "final_7_weight_diff": 0.0010478125186637044, "final_8_weight_diff": 0.0010701344581320882, "final_9_weight_diff": 0.001111724996007979, "final_10_weight_diff": 0.0011167573975399137, "final_11_weight_diff": 0.0008113955263979733, "final_0_weight_sim": 0.5953453779220581, "final_1_weight_sim": 0.5809359550476074, "final_2_weight_sim": 0.5764793157577515, "final_3_weight_sim": 0.5776135921478271, "final_4_weight_sim": 0.5767778158187866, "final_5_weight_sim": 0.5755640864372253, "final_6_weight_sim": 0.574593722820282, "final_7_weight_sim": 0.5722071528434753, "final_8_weight_sim": 0.5676290988922119, "final_9_weight_sim": 0.560029149055481, "final_10_weight_sim": 0.5536096692085266, "final_11_weight_sim": 0.6073111891746521, "best_weight_diff": 6.237261550268158e-05, "best_weight_sim": 0.9391077756881714, "best_feature_diff": 1.414278359238228, "best_feature_sim": 0.25794564329728986, "best_0_weight_diff": 7.00649616192095e-05, "best_1_weight_diff": 6.070055314921774e-05, "best_2_weight_diff": 6.0003327234881e-05, "best_3_weight_diff": 6.304931594058871e-05, "best_4_weight_diff": 6.427441257983446e-05, "best_5_weight_diff": 6.427050539059564e-05, "best_6_weight_diff": 6.374203803716227e-05, "best_7_weight_diff": 6.144322833279148e-05, "best_8_weight_diff": 5.952310675638728e-05, "best_9_weight_diff": 5.7900168030755594e-05, "best_10_weight_diff": 5.7782632211456075e-05, "best_11_weight_diff": 6.570435652974993e-05, "best_0_weight_sim": 0.9301707744598389, "best_1_weight_sim": 0.9388899207115173, "best_2_weight_sim": 0.9396641254425049, "best_3_weight_sim": 0.9372047185897827, "best_4_weight_sim": 0.9362732768058777, "best_5_weight_sim": 0.936368465423584, "best_6_weight_sim": 0.9368832111358643, "best_7_weight_sim": 0.9389770030975342, "best_8_weight_sim": 0.9408468008041382, "best_9_weight_sim": 0.9424512386322021, "best_10_weight_sim": 0.9427429437637329, "best_11_weight_sim": 0.9362145662307739, "num_feature_traj": 218, "num_feature_timesteps": "100692", "final_test_returns": 1929.2947468423424, "final_test_normalized_returns": 59.90240403776626, "best_return": 2442.53343189148, "best_return_normalized": 75.67217766549145, "convergence_step": "5000", "convergence_iter": "1", "best_step": "15000", "best_iter": "3", "best_5percent_normalized": 75.67217766549145, "best_10percent_normalized": 71.32364119520741, "best_25percent_normalized": 66.09836801289516, "best_50percent_normalized": 62.42649172392079, "best_100percent_normalized": 58.278655129944845, "best_later_half_normalized": 58.19501258982666, "best_last_four_normalized": 58.51113936365567, "target_steps": 5000}