{"final_weight_diff": 0.0013506393879652023, "final_weight_sim": 0.7436487674713135, "final_feature_diff": 0.16990611138436063, "final_feature_sim": 0.6537637565214592, "final_0_weight_diff": 0.0016099648782983422, "final_1_weight_diff": 0.001328901620581746, "final_2_weight_diff": 0.0011089229956269264, "final_0_weight_sim": 0.7012190818786621, "final_1_weight_sim": 0.7399672269821167, "final_2_weight_sim": 0.7611064910888672, "best_weight_diff": 0.0004606641596183181, "best_weight_sim": 0.8955819606781006, "best_feature_diff": 0.17249047748229182, "best_feature_sim": 0.7800898587080207, "best_0_weight_diff": 0.0005696816369891167, "best_1_weight_diff": 0.000445598823716864, "best_2_weight_diff": 0.0003669008146971464, "best_0_weight_sim": 0.877711296081543, "best_1_weight_sim": 0.8875386714935303, "best_2_weight_sim": 0.9030476212501526, "num_feature_traj": 204, "num_feature_timesteps": "37349", "final_test_returns": 818.8568223824998, "final_test_normalized_returns": 25.783084496028724, "best_return": 2275.909986505543, "best_return_normalized": 70.55250510114394, "convergence_step": "25000", "convergence_iter": "5", "best_step": "25000", "best_iter": "5", "best_5percent_normalized": 70.55250510114394, "best_10percent_normalized": 68.3387722307503, "best_25percent_normalized": 62.09842392574848, "best_50percent_normalized": 50.28530733453981, "best_100percent_normalized": 36.36457112788371, "best_later_half_normalized": 32.909646695971496, "best_last_four_normalized": 33.04557850660476, "target_steps": 15000}