{"final_weight_diff": 0.002159299561753869, "final_weight_sim": 0.7136293053627014, "final_feature_diff": 0.7410106074553371, "final_feature_sim": 0.6394676241862374, "final_0_weight_diff": 0.002476384397596121, "final_1_weight_diff": 0.0021905312314629555, "final_2_weight_diff": 0.0018112733960151672, "final_0_weight_sim": 0.6844638586044312, "final_1_weight_sim": 0.6906993389129639, "final_2_weight_sim": 0.711142897605896, "best_weight_diff": 0.0015912734670564532, "best_weight_sim": 0.7612260580062866, "best_feature_diff": 0.6587103383814942, "best_feature_sim": 0.681498026716456, "best_0_weight_diff": 0.0018088429933413863, "best_1_weight_diff": 0.0015904539031907916, "best_2_weight_diff": 0.0013741020811721683, "best_0_weight_sim": 0.7325109243392944, "best_1_weight_sim": 0.7405737638473511, "best_2_weight_sim": 0.7571098804473877, "num_feature_traj": 119, "num_feature_timesteps": "101758", "final_test_returns": 3180.3691139801413, "final_test_normalized_returns": 69.24347467983698, "best_return": 3750.996593389579, "best_return_normalized": 81.67362879900278, "convergence_step": "10000", "convergence_iter": "2", "best_step": "70000", "best_iter": "14", "best_5percent_normalized": 81.67362879900278, "best_10percent_normalized": 81.21830498314483, "best_25percent_normalized": 78.92935139709708, "best_50percent_normalized": 76.42328774910713, "best_100percent_normalized": 71.84461712383677, "best_later_half_normalized": 72.73003047522248, "best_last_four_normalized": 71.89431724060728, "target_steps": 5000}