{
    "final_weight_diff": 0.0009147197706624866,
    "final_weight_sim": 0.8185481429100037,
    "final_feature_diff": 0.7575795875400809,
    "final_feature_sim": 0.594144303720367,
    "final_0_weight_diff": 0.0013870950788259506,
    "final_1_weight_diff": 0.0007995821069926023,
    "final_2_weight_diff": 0.0005546704633161426,
    "final_0_weight_sim": 0.7651692032814026,
    "final_1_weight_sim": 0.819844663143158,
    "final_2_weight_sim": 0.8516826033592224,
    "best_weight_diff": 0.0007788455113768578,
    "best_weight_sim": 0.8396851420402527,
    "best_feature_diff": 0.713138646875967,
    "best_feature_sim": 0.6215864925307111,
    "best_0_weight_diff": 0.00118058652151376,
    "best_1_weight_diff": 0.0006815832457505167,
    "best_2_weight_diff": 0.0004724759783130139,
    "best_0_weight_sim": 0.7885936498641968,
    "best_1_weight_sim": 0.8405364751815796,
    "best_2_weight_sim": 0.8704541921615601,
    "num_feature_traj": 120,
    "num_feature_timesteps": "106539",
    "final_test_returns": 3623.387509686487,
    "final_test_normalized_returns": 93.9050129523812,
    "best_return": 3917.070355896993,
    "best_return_normalized": 100.88864898811006,
    "convergence_step": "55000",
    "convergence_iter": "11",
    "best_step": "80000",
    "best_iter": "16"
}