{"final_weight_diff": 0.0010350242955610156, "final_weight_sim": 0.7841017246246338, "final_feature_diff": 0.26000974288443984, "final_feature_sim": 0.7563228357618371, "final_0_weight_diff": 0.0011489068856462836, "final_1_weight_diff": 0.0011141799623146653, "final_2_weight_diff": 0.0008406387059949338, "final_0_weight_sim": 0.7640458345413208, "final_1_weight_sim": 0.7605476379394531, "final_2_weight_sim": 0.7925643920898438, "best_weight_diff": 0.0003955424763262272, "best_weight_sim": 0.9045677781105042, "best_feature_diff": 0.16531075773523624, "best_feature_sim": 0.8489390613676172, "best_0_weight_diff": 0.00044166971929371357, "best_1_weight_diff": 0.0004102520179003477, "best_2_weight_diff": 0.0003346438752487302, "best_0_weight_sim": 0.8971917033195496, "best_1_weight_sim": 0.8912981748580933, "best_2_weight_sim": 0.9043600559234619, "num_feature_traj": 100, "num_feature_timesteps": "100000", "final_test_returns": 4772.826191138787, "final_test_normalized_returns": 40.70021997482187, "best_return": 5146.785781122888, "best_return_normalized": 43.712335961226856, "convergence_step": "5000", "convergence_iter": "1", "best_step": "25000", "best_iter": "5", "best_5percent_normalized": 43.712335961226856, "best_10percent_normalized": 43.65910262662844, "best_25percent_normalized": 43.42345744424044, "best_50percent_normalized": 43.12282922642712, "best_100percent_normalized": 42.3385289944805, "best_later_half_normalized": 42.358843701242236, "best_last_four_normalized": 42.09463820420041, "target_steps": 5000}