{
    "final_weight_diff": 0.001070209895260632,
    "final_weight_sim": 0.776840090751648,
    "final_feature_diff": 0.18832855577863658,
    "final_feature_sim": 0.7443990781050159,
    "final_0_weight_diff": 0.001369157456792891,
    "final_1_weight_diff": 0.0010008824756368995,
    "final_2_weight_diff": 0.0008392677991650999,
    "final_0_weight_sim": 0.716771125793457,
    "final_1_weight_sim": 0.7875615358352661,
    "final_2_weight_sim": 0.8046249151229858,
    "best_weight_diff": 0.001070209895260632,
    "best_weight_sim": 0.776840090751648,
    "best_feature_diff": 0.18832855577863658,
    "best_feature_sim": 0.7443990781050159,
    "best_0_weight_diff": 0.001369157456792891,
    "best_1_weight_diff": 0.0010008824756368995,
    "best_2_weight_diff": 0.0008392677991650999,
    "best_0_weight_sim": 0.716771125793457,
    "best_1_weight_sim": 0.7875615358352661,
    "best_2_weight_sim": 0.8046249151229858,
    "num_feature_traj": 321,
    "num_feature_timesteps": "203500",
    "final_test_returns": 3647.438152156489,
    "final_test_normalized_returns": 112.69408430477284,
    "best_return": 3647.438152156489,
    "best_return_normalized": 112.69408430477284,
    "convergence_step": "35000",
    "convergence_iter": "7",
    "best_step": "100000",
    "best_iter": "20"
}