{"final_weight_diff": 0.002064522122964263, "final_weight_sim": 0.7342477440834045, "final_feature_diff": 0.47026380526361455, "final_feature_sim": 0.7364856881750033, "final_0_weight_diff": 0.002395197283476591, "final_1_weight_diff": 0.002081973711028695, "final_2_weight_diff": 0.001716761034913361, "final_0_weight_sim": 0.7065739035606384, "final_1_weight_sim": 0.7172691822052002, "final_2_weight_sim": 0.731549859046936, "best_weight_diff": 0.0016675227088853717, "best_weight_sim": 0.7647925615310669, "best_feature_diff": 0.43527300276351755, "best_feature_sim": 0.7547831796529475, "best_0_weight_diff": 0.001945087919011712, "best_1_weight_diff": 0.0016494550509378314, "best_2_weight_diff": 0.0014079126995056868, "best_0_weight_sim": 0.7362715005874634, "best_1_weight_sim": 0.7490610480308533, "best_2_weight_sim": 0.7617929577827454, "num_feature_traj": 163, "num_feature_timesteps": "34862", "final_test_returns": 1485.1121395145285, "final_test_normalized_returns": 46.25444769507212, "best_return": 2385.88559413702, "best_return_normalized": 73.93161600497977, "convergence_step": "25000", "convergence_iter": "5", "best_step": "70000", "best_iter": "14", "best_5percent_normalized": 73.93161600497977, "best_10percent_normalized": 73.1382221315265, "best_25percent_normalized": 64.00598865318922, "best_50percent_normalized": 53.627775082193466, "best_100percent_normalized": 40.807133159499834, "best_later_half_normalized": 45.6994712833563, "best_last_four_normalized": 38.294928744824915, "target_steps": 25000}