current_itr_train_time	current_itr_train_loss_mean	current_itr_train_loss_std	current_itr_eval_5000_return_mean	current_itr_eval_5000_return_std	current_itr_eval_5000_length_mean	current_itr_eval_5000_length_std	current_itr_eval_2500_return_mean	current_itr_eval_2500_return_std	current_itr_eval_2500_length_mean	current_itr_eval_2500_length_std	TestEpRet	TestEpNormRet	Iteration	Steps	total_time	current_eval_time
1775.3681936264038	0.3108687052190304	0.18662657463017654	27.467309695452183	5.313074737890885	154.8	6.177378084592201	26.392769518678826	4.808952815163896	153.4	5.499090833947009	27.467309695452183	0.5628436832105737	1	5000	1847.4889471530914	72.11976623535156
1507.6772813796997	0.13790471045970917	0.013952368898865431	2917.1267690779086	700.8929945517834	849.8	170.94256345334244	2431.1559932339323	912.7082469448206	850.0	192.20041623263984	2917.1267690779086	63.50918561052716	2	10000	3936.1198053359985	580.8353672027588
1455.0822114944458	0.1249685280919075	0.01195465867219778	32.93255071786451	3.877822412178862	54.6	3.6660605559646724	40.365717694771135	7.465183219598731	61.9	8.607554821202129	32.93255071786451	0.6818947115229144	3	15000	5437.772969007492	46.45877432823181
1436.1981031894684	0.11798895770162345	0.011002211076095758	2678.1525852811487	709.540794695755	829.1	185.31187225863326	2612.534190124611	771.8080322348351	785.4	209.8142988454314	2678.1525852811487	58.30353736840282	4	20000	7477.4037165641785	603.3278987407684
1404.960172176361	0.11364863584041596	0.01087536881348223	1031.8070939845536	252.0169834930254	328.6	56.13768787543712	1152.095709220291	131.75806432822267	363.1	38.23467013065498	1031.8070939845536	22.440686509222907	5	25000	9090.960675477982	208.50504732131958
