{
    "final_weight_diff": 0.0015367731684818864,
    "final_weight_sim": 0.756712019443512,
    "final_feature_diff": 0.5917796140015669,
    "final_feature_sim": 0.4093948507706193,
    "final_0_weight_diff": 0.0019094182644039392,
    "final_1_weight_diff": 0.0014602994779124856,
    "final_2_weight_diff": 0.0012292605824768543,
    "final_0_weight_sim": 0.7244815230369568,
    "final_1_weight_sim": 0.7588094472885132,
    "final_2_weight_sim": 0.7728223204612732,
    "best_weight_diff": 0.0005721068591810763,
    "best_weight_sim": 0.8958054780960083,
    "best_feature_diff": 0.46925171347113626,
    "best_feature_sim": 0.5824246070122503,
    "best_0_weight_diff": 0.0008389028371311724,
    "best_1_weight_diff": 0.0004947404959239066,
    "best_2_weight_diff": 0.00038172080530785024,
    "best_0_weight_sim": 0.8657156825065613,
    "best_1_weight_sim": 0.9025810360908508,
    "best_2_weight_sim": 0.9156454205513,
    "num_feature_traj": 48,
    "num_feature_timesteps": "28017",
    "final_test_returns": 3204.149889729237,
    "final_test_normalized_returns": 83.93574512470542,
    "best_return": 3722.955417609088,
    "best_return_normalized": 96.27268964423672,
    "convergence_step": "25000",
    "convergence_iter": "5",
    "best_step": "25000",
    "best_iter": "5"
}