{"final_weight_diff": 0.001537213334813714, "final_weight_sim": 0.7868579626083374, "final_feature_diff": 2.0287804629879207, "final_feature_sim": 0.3303431647817464, "final_0_weight_diff": 0.0015660469653084874, "final_1_weight_diff": 0.001516537624411285, "final_2_weight_diff": 0.0015262275701388717, "final_0_weight_sim": 0.7653536796569824, "final_1_weight_sim": 0.7778615951538086, "final_2_weight_sim": 0.7524114847183228, "best_weight_diff": 0.0014707791851833463, "best_weight_sim": 0.7940053939819336, "best_feature_diff": 2.0265483520823495, "best_feature_sim": 0.331582510567386, "best_0_weight_diff": 0.00151271081995219, "best_1_weight_diff": 0.0014477864606305957, "best_2_weight_diff": 0.0014493127819150686, "best_0_weight_sim": 0.7719886898994446, "best_1_weight_sim": 0.7849622964859009, "best_2_weight_sim": 0.7613803744316101, "num_feature_traj": 204, "num_feature_timesteps": "37349", "final_test_returns": 744.0342657942671, "final_test_normalized_returns": 23.484086361211357, "best_return": 2555.2826614411474, "best_return_normalized": 79.13651088606395, "convergence_step": "95000", "convergence_iter": "19", "best_step": "95000", "best_iter": "19", "best_5percent_normalized": 79.13651088606395, "best_10percent_normalized": 68.45029703642689, "best_25percent_normalized": 56.33670756249904, "best_50percent_normalized": 46.22910524902105, "best_100percent_normalized": 34.018256758598554, "best_later_half_normalized": 41.06864042721874, "best_last_four_normalized": 46.8781518801702, "target_steps": 70000}