{
    "final_weight_diff": 0.0020795033778995275,
    "final_weight_sim": 0.6903245449066162,
    "final_feature_diff": 0.3596563569218891,
    "final_feature_sim": 0.6131587733769638,
    "final_0_weight_diff": 0.0024190957192331553,
    "final_1_weight_diff": 0.0022036321461200714,
    "final_2_weight_diff": 0.0016039474867284298,
    "final_0_weight_sim": 0.6544651985168457,
    "final_1_weight_sim": 0.6898065805435181,
    "final_2_weight_sim": 0.7098631858825684,
    "best_weight_diff": 0.0013175593921914697,
    "best_weight_sim": 0.7799910306930542,
    "best_feature_diff": 0.323628764081991,
    "best_feature_sim": 0.6617886304363486,
    "best_0_weight_diff": 0.0016097133047878742,
    "best_1_weight_diff": 0.0013495967723429203,
    "best_2_weight_diff": 0.0009900894947350025,
    "best_0_weight_sim": 0.7467979788780212,
    "best_1_weight_sim": 0.7794029712677002,
    "best_2_weight_sim": 0.7980433702468872,
    "num_feature_traj": 204,
    "num_feature_timesteps": "37349",
    "final_test_returns": 2471.2526322608624,
    "final_test_normalized_returns": 76.55460391625444,
    "best_return": 3117.6997413793188,
    "best_return_normalized": 96.41734004675368,
    "convergence_step": "85000",
    "convergence_iter": "17",
    "best_step": "85000",
    "best_iter": "17"
}