{"final_weight_diff": 0.0021069354843348265, "final_weight_sim": 0.7396175861358643, "final_feature_diff": 0.09963499465922404, "final_feature_sim": 0.7651531772406222, "final_0_weight_diff": 0.0021822850685566664, "final_1_weight_diff": 0.0023460357915610075, "final_2_weight_diff": 0.001783743966370821, "final_0_weight_sim": 0.6916870474815369, "final_1_weight_sim": 0.737175464630127, "final_2_weight_sim": 0.7837742567062378, "best_weight_diff": 0.0007110757869668305, "best_weight_sim": 0.9022734761238098, "best_feature_diff": 0.07272443745215759, "best_feature_sim": 0.835182006007076, "best_0_weight_diff": 0.0007894657901488245, "best_1_weight_diff": 0.000776407599914819, "best_2_weight_diff": 0.0005660611786879599, "best_0_weight_sim": 0.8667920827865601, "best_1_weight_sim": 0.9002001285552979, "best_2_weight_sim": 0.9292746782302856, "num_feature_traj": 219, "num_feature_timesteps": "197797", "final_test_returns": 4992.737710582716, "final_test_normalized_returns": 108.722857971755, "best_return": 5029.36993644271, "best_return_normalized": 109.52082902922857, "convergence_step": "15000", "convergence_iter": "3", "best_step": "20000", "best_iter": "4", "best_5percent_normalized": 109.52082902922857, "best_10percent_normalized": 109.42545309989757, "best_25percent_normalized": 109.0852448305885, "best_50percent_normalized": 108.67606392083823, "best_100percent_normalized": 103.87585433712448, "best_later_half_normalized": 108.24672173436404, "best_last_four_normalized": 108.29054814277296, "target_steps": 15000}