{
    "final_weight_diff": 0.0017540213884785771,
    "final_weight_sim": 0.8358680605888367,
    "final_feature_diff": 10.682714818584783,
    "final_feature_sim": 0.27609304244844396,
    "final_0_weight_diff": 0.0017098267562687397,
    "final_1_weight_diff": 0.0022218271624296904,
    "final_2_weight_diff": 0.0013226812006905675,
    "final_0_weight_sim": 0.7214500904083252,
    "final_1_weight_sim": 0.751217782497406,
    "final_2_weight_sim": 0.8485552072525024,
    "best_weight_diff": 0.0016930279089137912,
    "best_weight_sim": 0.8406981825828552,
    "best_feature_diff": 10.685737108510668,
    "best_feature_sim": 0.2764651274370916,
    "best_0_weight_diff": 0.001659024623222649,
    "best_1_weight_diff": 0.002143019111827016,
    "best_2_weight_diff": 0.0012697384227067232,
    "best_0_weight_sim": 0.7275472283363342,
    "best_1_weight_sim": 0.7576495409011841,
    "best_2_weight_sim": 0.853827953338623,
    "num_feature_traj": 120,
    "num_feature_timesteps": "106539",
    "final_test_returns": 3551.3311293987244,
    "final_test_normalized_returns": 92.19154708103405,
    "best_return": 3886.519075972762,
    "best_return_normalized": 100.16215432841324,
    "convergence_step": "85000",
    "convergence_iter": "17",
    "best_step": "95000",
    "best_iter": "19"
}