{"final_weight_diff": 0.0008873578626662493, "final_weight_sim": 0.8193547129631042, "final_feature_diff": 0.9599771740924538, "final_feature_sim": 0.4814716756092295, "final_0_weight_diff": 0.0013822385808452964, "final_1_weight_diff": 0.00076221366180107, "final_2_weight_diff": 0.0005147421616129577, "final_0_weight_sim": 0.7593857645988464, "final_1_weight_sim": 0.8235334157943726, "final_2_weight_sim": 0.8578522801399231, "best_weight_diff": 0.0006594270234927535, "best_weight_sim": 0.857699990272522, "best_feature_diff": 0.8575932080594905, "best_feature_sim": 0.5448307075111981, "best_0_weight_diff": 0.0010419536847621202, "best_1_weight_diff": 0.0005580367869697511, "best_2_weight_diff": 0.0003769752220250666, "best_0_weight_sim": 0.8026206493377686, "best_1_weight_sim": 0.8621976971626282, "best_2_weight_sim": 0.8916172385215759, "num_feature_traj": 120, "num_feature_timesteps": "106539", "final_test_returns": 3322.154297238255, "final_test_normalized_returns": 86.74183285944534, "best_return": 3883.429154834348, "best_return_normalized": 100.08867749826048, "convergence_step": "65000", "convergence_iter": "13", "best_step": "65000", "best_iter": "13", "best_5percent_normalized": 100.08867749826048, "best_10percent_normalized": 98.63901417855504, "best_25percent_normalized": 96.36490231492941, "best_50percent_normalized": 93.75449647974077, "best_100percent_normalized": 88.68205906810729, "best_later_half_normalized": 91.30126317729018, "best_last_four_normalized": 88.59692604851588}