{"final_weight_diff": 0.0017425642581656575, "final_weight_sim": 0.8322540521621704, "final_feature_diff": 9.156229862189104, "final_feature_sim": 0.2945741734282418, "final_0_weight_diff": 0.0016333656385540962, "final_1_weight_diff": 0.0016393931582570076, "final_2_weight_diff": 0.0019449801184237003, "final_0_weight_sim": 0.7202273607254028, "final_1_weight_sim": 0.7827501893043518, "final_2_weight_sim": 0.7961638569831848, "best_weight_diff": 0.00037554511800408363, "best_weight_sim": 0.9600898027420044, "best_feature_diff": 6.038580426360446, "best_feature_sim": 0.5118697634167035, "best_0_weight_diff": 0.0004348164366092533, "best_1_weight_diff": 0.00037683179834857583, "best_2_weight_diff": 0.0003142617642879486, "best_0_weight_sim": 0.9075247049331665, "best_1_weight_sim": 0.9435776472091675, "best_2_weight_sim": 0.9618610739707947, "num_feature_traj": 20, "num_feature_timesteps": "20000", "final_test_returns": 4349.551594552332, "final_test_normalized_returns": 37.29088855729788, "best_return": 4712.322316533379, "best_return_normalized": 40.2128820569839, "convergence_step": "15000", "convergence_iter": "3", "best_step": "15000", "best_iter": "3", "best_5percent_normalized": 40.2128820569839, "best_10percent_normalized": 40.20272188100557, "best_25percent_normalized": 39.56052740388019, "best_50percent_normalized": 38.98363509203451, "best_100percent_normalized": 36.88780810827481, "best_later_half_normalized": 36.820849009889834, "best_last_four_normalized": 36.95834580042894}