{
    "final_weight_diff": 0.0016556979389861226,
    "final_weight_sim": 0.7232980728149414,
    "final_feature_diff": 0.35443309645645127,
    "final_feature_sim": 0.6343776950039989,
    "final_0_weight_diff": 0.001992109464481473,
    "final_1_weight_diff": 0.001674093073233962,
    "final_2_weight_diff": 0.0012839671690016985,
    "final_0_weight_sim": 0.6815281510353088,
    "final_1_weight_sim": 0.7274685502052307,
    "final_2_weight_sim": 0.7462080717086792,
    "best_weight_diff": 0.0009472439996898174,
    "best_weight_sim": 0.8280951976776123,
    "best_feature_diff": 0.3487784253867642,
    "best_feature_sim": 0.6632338333206587,
    "best_0_weight_diff": 0.0012428512563928962,
    "best_1_weight_diff": 0.0009258665959350765,
    "best_2_weight_diff": 0.0006710069137625396,
    "best_0_weight_sim": 0.7889482378959656,
    "best_1_weight_sim": 0.8309224247932434,
    "best_2_weight_sim": 0.8524686694145203,
    "num_feature_traj": 19,
    "num_feature_timesteps": "10344",
    "final_test_returns": 3346.793304055763,
    "final_test_normalized_returns": 87.32773652428514,
    "best_return": 3728.443419972894,
    "best_return_normalized": 96.40319168603652,
    "convergence_step": "35000",
    "convergence_iter": "7",
    "best_step": "40000",
    "best_iter": "8"
}