{"final_weight_diff": 50.30783462524414, "final_feature_diff": 27.832774687942663, "best_weight_diff": 36.664066314697266, "best_feature_diff": 27.281596519095427, "num_feature_traj": 100, "num_feature_timesteps": "100000", "final_test_returns": 5024.970182976702, "final_test_normalized_returns": 42.73115317999317, "best_return": 8618.047084279626, "best_return_normalized": 71.67215286195662, "convergence_step": "5000", "convergence_iter": "1", "best_step": "50000", "best_iter": "10", "best_5percent_normalized": 71.67215286195662, "best_10percent_normalized": 71.0176889917532, "best_25percent_normalized": 66.47404489190039, "best_50percent_normalized": 61.032661781786, "best_100percent_normalized": 52.29367692101656, "best_later_half_normalized": 48.97026893495335, "best_last_four_normalized": 47.76192237390801, "target_steps": 10000}