current_itr_train_time	current_itr_train_loss_mean	current_itr_train_loss_std	current_itr_eval_2000_return_mean	current_itr_eval_2000_return_std	current_itr_eval_2000_length_mean	current_itr_eval_2000_length_std	current_itr_eval_5000_return_mean	current_itr_eval_5000_return_std	current_itr_eval_5000_length_mean	current_itr_eval_5000_length_std	TestEpRet	TestEpNormRet	Iteration	Steps	total_time	current_eval_time
577.0101294517517	0.14389288548380136	0.1807443969670691	2076.4411473844093	961.1977619941885	770.5	338.4607067297473	2291.9726401710845	1009.7943339297728	728.2	311.757854752691	2291.9726401710845	62.244611327873976	1	5000	670.6152632236481	93.60437893867493
570.4485402107239	0.05260685837008059	0.008957371826081617	2374.6846985831608	727.315122026962	844.4	243.42234901504008	3104.4206275127094	848.3819599066857	921.0	237.0	3104.4206275127094	81.5642315057834	2	10000	1348.3475325107574	107.25192999839783
564.3235304355621	0.04897787471227348	0.008384100072389164	2180.372948164678	905.5973471807598	799.5	301.6730846462773	2520.7767762208455	932.6815026552729	835.7	186.75923002625598	2520.7767762208455	67.68546301621396	3	15000	2009.7778837680817	97.07676148414612
563.7901644706726	0.04706829906255007	0.008276886723483581	2554.177519538803	832.4631944404397	880.3	254.71240645088335	2454.8185149696724	748.7647924715286	1000.0	0.0	2454.8185149696724	66.11700746604696	4	20000	2682.9077455997467	109.32589602470398
562.4027237892151	0.045634676098823546	0.007845651179903875	2742.056633185723	594.0609401436484	940.0	134.33167906342868	2983.326470440733	734.6046583146715	839.4	211.694213430599	2983.326470440733	78.68467102087206	5	25000	3347.671580553055	102.33931112289429
561.3578488826752	0.044281483483687045	0.007354940131353715	2399.972046407771	937.3019257009039	849.0	302.2783485465011	2659.9938073819203	1297.569082336298	833.6	321.90688094540633	2659.9938073819203	70.99597668137636	6	30000	4006.961443424225	97.90161299705505
