{"final_weight_diff": 0.0012194020673632622, "final_weight_sim": 0.782640278339386, "final_feature_diff": 0.2737762665300758, "final_feature_sim": 0.7321569387429101, "final_0_weight_diff": 0.0015403564320877194, "final_1_weight_diff": 0.0012781968107447028, "final_2_weight_diff": 0.0008378204656764865, "final_0_weight_sim": 0.7370108366012573, "final_1_weight_sim": 0.780615508556366, "final_2_weight_sim": 0.8151062726974487, "best_weight_diff": 0.0007054581656120718, "best_weight_sim": 0.8624730706214905, "best_feature_diff": 0.21336568369630993, "best_feature_sim": 0.793720755656243, "best_0_weight_diff": 0.0009304221603088081, "best_1_weight_diff": 0.0007124206167645752, "best_2_weight_diff": 0.0004729721986223012, "best_0_weight_sim": 0.8265160322189331, "best_1_weight_sim": 0.861711859703064, "best_2_weight_sim": 0.8882217407226562, "num_feature_traj": 43, "num_feature_timesteps": "19631", "final_test_returns": 1871.714036699908, "final_test_normalized_returns": 58.13317893700651, "best_return": 2024.444749682781, "best_return_normalized": 62.82598335705991, "convergence_step": "50000", "convergence_iter": "10", "best_step": "50000", "best_iter": "10", "best_5percent_normalized": 62.82598335705991, "best_10percent_normalized": 62.6018999911213, "best_25percent_normalized": 61.09658087563573, "best_50percent_normalized": 59.33674366360049, "best_100percent_normalized": 55.582708536981784, "best_later_half_normalized": 57.03962424516146, "best_last_four_normalized": 56.878284418095966, "target_steps": 10000}