{
    "final_weight_diff": 0.0009783182758837938,
    "final_weight_sim": 0.8015545010566711,
    "final_feature_diff": 0.0695377243683039,
    "final_feature_sim": 0.7853264817297727,
    "final_0_weight_diff": 0.0012410321505740285,
    "final_1_weight_diff": 0.0009014749084599316,
    "final_2_weight_diff": 0.0007919964264146984,
    "final_0_weight_sim": 0.7642687559127808,
    "final_1_weight_sim": 0.7990208268165588,
    "final_2_weight_sim": 0.8140128254890442,
    "best_weight_diff": 0.0005454805213958025,
    "best_weight_sim": 0.8786258101463318,
    "best_feature_diff": 0.07537613612645037,
    "best_feature_sim": 0.8374726965582481,
    "best_0_weight_diff": 0.0006989162648096681,
    "best_1_weight_diff": 0.0004931913572363555,
    "best_2_weight_diff": 0.0004444412188604474,
    "best_0_weight_sim": 0.8556254506111145,
    "best_1_weight_sim": 0.8754676580429077,
    "best_2_weight_sim": 0.8846047520637512,
    "num_feature_traj": 131,
    "num_feature_timesteps": "59763",
    "final_test_returns": 1525.949110134103,
    "final_test_normalized_returns": 47.50920459682652,
    "best_return": 2258.998596880439,
    "best_return_normalized": 70.03288568451205,
    "convergence_step": "45000",
    "convergence_iter": "9",
    "best_step": "45000",
    "best_iter": "9"
}