{
    "final_weight_diff": 0.0012563634663820267,
    "final_weight_sim": 0.7810171246528625,
    "final_feature_diff": 0.30949862081481083,
    "final_feature_sim": 0.7140086184364887,
    "final_0_weight_diff": 0.001664797542616725,
    "final_1_weight_diff": 0.0012369757751002908,
    "final_2_weight_diff": 0.0008617706480436027,
    "final_0_weight_sim": 0.7437058091163635,
    "final_1_weight_sim": 0.779104471206665,
    "final_2_weight_sim": 0.8101328611373901,
    "best_weight_diff": 0.0010368942748755217,
    "best_weight_sim": 0.8127257823944092,
    "best_feature_diff": 0.2950629773046665,
    "best_feature_sim": 0.7316709832035213,
    "best_0_weight_diff": 0.0013974730391055346,
    "best_1_weight_diff": 0.001017028116621077,
    "best_2_weight_diff": 0.0006927094655111432,
    "best_0_weight_sim": 0.7767716646194458,
    "best_1_weight_sim": 0.8105710744857788,
    "best_2_weight_sim": 0.8419920802116394,
    "num_feature_traj": 200,
    "num_feature_timesteps": "200000",
    "final_test_returns": 5006.5745939055605,
    "final_test_normalized_returns": 42.58298303165474,
    "best_return": 9732.141996607412,
    "best_return_normalized": 80.64580452292263,
    "convergence_step": "75000",
    "convergence_iter": "15",
    "best_step": "75000",
    "best_iter": "15"
}