{"final_weight_diff": 0.0012100138701498508, "final_weight_sim": 0.8422949910163879, "final_feature_diff": 1.7366088486024889, "final_feature_sim": 0.5027364859488653, "final_0_weight_diff": 0.0015323747647926211, "final_1_weight_diff": 0.0011529081966727972, "final_2_weight_diff": 0.0009389488841407001, "final_0_weight_sim": 0.8034827709197998, "final_1_weight_sim": 0.8480114340782166, "final_2_weight_sim": 0.8308141827583313, "best_weight_diff": 0.0002617643622215837, "best_weight_sim": 0.9610830545425415, "best_feature_diff": 0.7793222311679924, "best_feature_sim": 0.786036663628124, "best_0_weight_diff": 0.0003476916754152626, "best_1_weight_diff": 0.0002252363774459809, "best_2_weight_diff": 0.0002117988478858024, "best_0_weight_sim": 0.947469174861908, "best_1_weight_sim": 0.9649203419685364, "best_2_weight_sim": 0.9566083550453186, "num_feature_traj": 600, "num_feature_timesteps": "600000", "final_test_returns": 5041.939894279385, "final_test_normalized_returns": 42.86783837290842, "best_return": 5077.890769414324, "best_return_normalized": 43.157410317630585, "convergence_step": "5000", "convergence_iter": "1", "best_step": "15000", "best_iter": "3", "best_5percent_normalized": 43.157410317630585, "best_10percent_normalized": 43.15023074961546, "best_25percent_normalized": 43.05209867127707, "best_50percent_normalized": 42.88277028678636, "best_100percent_normalized": 42.264977276698474, "best_later_half_normalized": 41.9102589569638, "best_last_four_normalized": 41.87991839993785, "target_steps": 5000}