{
    "final_weight_diff": 0.0007508445414714515,
    "final_weight_sim": 0.837276816368103,
    "final_feature_diff": 0.4840092002861488,
    "final_feature_sim": 0.7310187651580138,
    "final_0_weight_diff": 0.0010236708912998438,
    "final_1_weight_diff": 0.0007249850314110518,
    "final_2_weight_diff": 0.0005028137238696218,
    "final_0_weight_sim": 0.7866321802139282,
    "final_1_weight_sim": 0.8275488615036011,
    "final_2_weight_sim": 0.8629777431488037,
    "best_weight_diff": 0.0006486580241471529,
    "best_weight_sim": 0.8557734489440918,
    "best_feature_diff": 0.44267691896717515,
    "best_feature_sim": 0.753438476986021,
    "best_0_weight_diff": 0.0008848058641888201,
    "best_1_weight_diff": 0.0006273753242567182,
    "best_2_weight_diff": 0.0004330752999521792,
    "best_0_weight_sim": 0.8087232112884521,
    "best_1_weight_sim": 0.8465453386306763,
    "best_2_weight_sim": 0.8795291185379028,
    "num_feature_traj": 218,
    "num_feature_timesteps": "100692",
    "final_test_returns": 1893.803062434165,
    "final_test_normalized_returns": 58.8118864187952,
    "best_return": 2294.780418186236,
    "best_return_normalized": 71.13231805081178,
    "convergence_step": "85000",
    "convergence_iter": "17",
    "best_step": "85000",
    "best_iter": "17"
}