{"final_weight_diff": 0.001785928849130869, "final_weight_sim": 0.7369542717933655, "final_feature_diff": 0.18472530902278445, "final_feature_sim": 0.7313893764467473, "final_0_weight_diff": 0.0024582822807133198, "final_1_weight_diff": 0.0016827551880851388, "final_2_weight_diff": 0.001212259172461927, "final_0_weight_sim": 0.6818509697914124, "final_1_weight_sim": 0.7560651302337646, "final_2_weight_sim": 0.7761080265045166, "best_weight_diff": 0.0016105000395327806, "best_weight_sim": 0.7586086988449097, "best_feature_diff": 0.18242566988057557, "best_feature_sim": 0.7364125511587806, "best_0_weight_diff": 0.002229823498055339, "best_1_weight_diff": 0.0015068348729982972, "best_2_weight_diff": 0.0010910823475569487, "best_0_weight_sim": 0.7069942951202393, "best_1_weight_sim": 0.7764431834220886, "best_2_weight_sim": 0.795258104801178, "num_feature_traj": 120, "num_feature_timesteps": "106539", "final_test_returns": 2735.41526237824, "final_test_normalized_returns": 72.78946240168928, "best_return": 3901.211615727443, "best_return_normalized": 100.51153581736008, "convergence_step": "85000", "convergence_iter": "17", "best_step": "85000", "best_iter": "17", "best_5percent_normalized": 100.51153581736008, "best_10percent_normalized": 98.64103247704264, "best_25percent_normalized": 95.88226542197911, "best_50percent_normalized": 92.08228473451231, "best_100percent_normalized": 83.76095008114841, "best_later_half_normalized": 83.61664115634125, "best_last_four_normalized": 84.29389945766478, "target_steps": 5000}