{
    "final_weight_diff": 0.0015011497307568789,
    "final_weight_sim": 0.8113571405410767,
    "final_feature_diff": 1.9415116231604945,
    "final_feature_sim": 0.4050737604573746,
    "final_0_weight_diff": 0.001654858118854463,
    "final_1_weight_diff": 0.0014618654968217015,
    "final_2_weight_diff": 0.0013826965587213635,
    "final_0_weight_sim": 0.790552020072937,
    "final_1_weight_sim": 0.8093780279159546,
    "final_2_weight_sim": 0.7752885818481445,
    "best_weight_diff": 0.0011741177877411246,
    "best_weight_sim": 0.8463437557220459,
    "best_feature_diff": 1.895643934251667,
    "best_feature_sim": 0.42113660033203254,
    "best_0_weight_diff": 0.0013255375670269132,
    "best_1_weight_diff": 0.0011379446368664503,
    "best_2_weight_diff": 0.0010566372657194734,
    "best_0_weight_sim": 0.8261914253234863,
    "best_1_weight_sim": 0.8441689610481262,
    "best_2_weight_sim": 0.8178627490997314,
    "num_feature_traj": 204,
    "num_feature_timesteps": "37349",
    "final_test_returns": 1156.194974563476,
    "final_test_normalized_returns": 36.148137737055926,
    "best_return": 2603.858372372804,
    "best_return_normalized": 80.62904834965109,
    "convergence_step": "75000",
    "convergence_iter": "15",
    "best_step": "75000",
    "best_iter": "15"
}