{"final_weight_diff": 0.001108961645513773, "final_weight_sim": 0.7924563884735107, "final_feature_diff": 0.8424240865605159, "final_feature_sim": 0.541371338082399, "final_0_weight_diff": 0.0014530265470966697, "final_1_weight_diff": 0.001028449391014874, "final_2_weight_diff": 0.000841232598759234, "final_0_weight_sim": 0.7561304569244385, "final_1_weight_sim": 0.7870505452156067, "final_2_weight_sim": 0.8006675839424133, "best_weight_diff": 0.0007984252879396081, "best_weight_sim": 0.8388936519622803, "best_feature_diff": 0.7359084793468319, "best_feature_sim": 0.6097002565731597, "best_0_weight_diff": 0.0010642162524163723, "best_1_weight_diff": 0.0007310076616704464, "best_2_weight_diff": 0.0005986543837934732, "best_0_weight_sim": 0.8029070496559143, "best_1_weight_sim": 0.8347095847129822, "best_2_weight_sim": 0.8481909036636353, "num_feature_traj": 223, "num_feature_timesteps": "196344", "final_test_returns": 3496.3931773478207, "final_test_normalized_returns": 90.8851491533974, "best_return": 4509.312562691377, "best_return_normalized": 114.97188221271674, "convergence_step": "60000", "convergence_iter": "12", "best_step": "60000", "best_iter": "12", "best_5percent_normalized": 114.97188221271674, "best_10percent_normalized": 113.30296241919996, "best_25percent_normalized": 107.72716611499088, "best_50percent_normalized": 102.35969464945121, "best_100percent_normalized": 96.34101958837111, "best_later_half_normalized": 101.11590400213558, "best_last_four_normalized": 97.25772921848204}