{
    "final_weight_diff": 0.0014972820645198226,
    "final_weight_sim": 0.7345616817474365,
    "final_feature_diff": 0.08576978265661582,
    "final_feature_sim": 0.6866604712291305,
    "final_0_weight_diff": 0.001715257647447288,
    "final_1_weight_diff": 0.0014618737623095512,
    "final_2_weight_diff": 0.001300850068219006,
    "final_0_weight_sim": 0.7046768665313721,
    "final_1_weight_sim": 0.7309247851371765,
    "final_2_weight_sim": 0.7463172674179077,
    "best_weight_diff": 0.0011321946512907743,
    "best_weight_sim": 0.7881137132644653,
    "best_feature_diff": 0.07834081286917939,
    "best_feature_sim": 0.7232129730211917,
    "best_0_weight_diff": 0.001340082148090005,
    "best_1_weight_diff": 0.0010982517851516604,
    "best_2_weight_diff": 0.0009540501632727683,
    "best_0_weight_sim": 0.7619804739952087,
    "best_1_weight_sim": 0.7809649109840393,
    "best_2_weight_sim": 0.7974022030830383,
    "num_feature_traj": 48,
    "num_feature_timesteps": "28017",
    "final_test_returns": 3461.065922705242,
    "final_test_normalized_returns": 90.04508412491954,
    "best_return": 3782.554928633913,
    "best_return_normalized": 97.68993718959202,
    "convergence_step": "65000",
    "convergence_iter": "13",
    "best_step": "65000",
    "best_iter": "13"
}