{"final_weight_diff": 0.0014432870084419847, "final_weight_sim": 0.7505633234977722, "final_feature_diff": 0.37948571797833874, "final_feature_sim": 0.6519114716597341, "final_0_weight_diff": 0.0016309772618114948, "final_1_weight_diff": 0.0015343945706263185, "final_2_weight_diff": 0.0011528031900525093, "final_0_weight_sim": 0.7253875136375427, "final_1_weight_sim": 0.738454282283783, "final_2_weight_sim": 0.7682095766067505, "best_weight_diff": 0.0014432870084419847, "best_weight_sim": 0.7505633234977722, "best_feature_diff": 0.37948571797833874, "best_feature_sim": 0.6519114716597341, "best_0_weight_diff": 0.0016309772618114948, "best_1_weight_diff": 0.0015343945706263185, "best_2_weight_diff": 0.0011528031900525093, "best_0_weight_sim": 0.7253875136375427, "best_1_weight_sim": 0.738454282283783, "best_2_weight_sim": 0.7682095766067505, "num_feature_traj": 20, "num_feature_timesteps": "20000", "final_test_returns": 4869.406467433961, "final_test_normalized_returns": 41.47814091064403, "best_return": 4869.406467433961, "best_return_normalized": 41.47814091064403, "convergence_step": "15000", "convergence_iter": "3", "best_step": "100000", "best_iter": "20", "best_5percent_normalized": 41.47814091064403, "best_10percent_normalized": 41.46655544876367, "best_25percent_normalized": 41.183925992579304, "best_50percent_normalized": 40.657719916404545, "best_100percent_normalized": 38.86336548264165, "best_later_half_normalized": 39.214362849700535, "best_last_four_normalized": 37.82595348607722, "target_steps": 5000}