{
    "final_weight_diff": 0.0019351057708263397,
    "final_weight_sim": 0.7253337502479553,
    "final_feature_diff": 0.7383724990150571,
    "final_feature_sim": 0.6512633479759395,
    "final_0_weight_diff": 0.002319276798516512,
    "final_1_weight_diff": 0.0018722823588177562,
    "final_2_weight_diff": 0.0016131583834066987,
    "final_0_weight_sim": 0.6866993308067322,
    "final_1_weight_sim": 0.7097705006599426,
    "final_2_weight_sim": 0.722558319568634,
    "best_weight_diff": 0.0009854758391156793,
    "best_weight_sim": 0.8244675993919373,
    "best_feature_diff": 0.533224302951781,
    "best_feature_sim": 0.7486965944382091,
    "best_0_weight_diff": 0.0011398623464629054,
    "best_1_weight_diff": 0.0009346451843157411,
    "best_2_weight_diff": 0.0008807331905700266,
    "best_0_weight_sim": 0.7947160005569458,
    "best_1_weight_sim": 0.8137747645378113,
    "best_2_weight_sim": 0.816848874092102,
    "num_feature_traj": 100,
    "num_feature_timesteps": "100000",
    "final_test_returns": 4970.62497636957,
    "final_test_normalized_returns": 42.293421216459926,
    "best_return": 5094.663042927803,
    "best_return_normalized": 43.292505217003146,
    "convergence_step": "10000",
    "convergence_iter": "2",
    "best_step": "30000",
    "best_iter": "6"
}