{"final_weight_diff": 0.0010687793837860227, "final_weight_sim": 0.7791177034378052, "final_feature_diff": 0.24059011527503224, "final_feature_sim": 0.7371755950369885, "final_0_weight_diff": 0.001283896155655384, "final_1_weight_diff": 0.0010939385974779725, "final_2_weight_diff": 0.0008271352853626013, "final_0_weight_sim": 0.749713122844696, "final_1_weight_sim": 0.761433482170105, "final_2_weight_sim": 0.7945910692214966, "best_weight_diff": 0.0010687793837860227, "best_weight_sim": 0.7791177034378052, "best_feature_diff": 0.24059011527503224, "best_feature_sim": 0.7371755950369885, "best_0_weight_diff": 0.001283896155655384, "best_1_weight_diff": 0.0010939385974779725, "best_2_weight_diff": 0.0008271352853626013, "best_0_weight_sim": 0.749713122844696, "best_1_weight_sim": 0.761433482170105, "best_2_weight_sim": 0.7945910692214966, "num_feature_traj": 100, "num_feature_timesteps": "100000", "final_test_returns": 5142.158103897349, "final_test_normalized_returns": 43.67506161147276, "best_return": 5142.158103897349, "best_return_normalized": 43.67506161147276, "convergence_step": "5000", "convergence_iter": "1", "best_step": "100000", "best_iter": "20", "best_5percent_normalized": 43.67506161147276, "best_10percent_normalized": 43.51551254131769, "best_25percent_normalized": 43.29090672730485, "best_50percent_normalized": 43.009218961597504, "best_100percent_normalized": 42.51646730726937, "best_later_half_normalized": 42.4939573421674, "best_last_four_normalized": 42.50696548187483, "target_steps": 5000}