{"final_weight_diff": 0.0012430534698069096, "final_weight_sim": 0.7637501955032349, "final_feature_diff": 0.4051232059703588, "final_feature_sim": 0.6589485176517906, "final_0_weight_diff": 0.0013982177479192615, "final_1_weight_diff": 0.0013964965473860502, "final_2_weight_diff": 0.0009311431203968823, "final_0_weight_sim": 0.7436544895172119, "final_1_weight_sim": 0.7317708134651184, "final_2_weight_sim": 0.7875054478645325, "best_weight_diff": 0.0006869056960567832, "best_weight_sim": 0.8516129851341248, "best_feature_diff": 0.35831236556454565, "best_feature_sim": 0.713779632060154, "best_0_weight_diff": 0.0007486874819733202, "best_1_weight_diff": 0.0007746332557871938, "best_2_weight_diff": 0.0005368200363591313, "best_0_weight_sim": 0.8388722538948059, "best_1_weight_sim": 0.8232969641685486, "best_2_weight_sim": 0.867093563079834, "num_feature_traj": 219, "num_feature_timesteps": "197797", "final_test_returns": 4975.161373320048, "final_test_normalized_returns": 108.3399872042071, "best_return": 5036.856194179474, "best_return_normalized": 109.68390448703876, "convergence_step": "15000", "convergence_iter": "3", "best_step": "40000", "best_iter": "8", "best_5percent_normalized": 109.68390448703876, "best_10percent_normalized": 109.22547922515078, "best_25percent_normalized": 108.92129681973793, "best_50percent_normalized": 108.59892387456996, "best_100percent_normalized": 103.12842203352929, "best_later_half_normalized": 104.6012343928506, "best_last_four_normalized": 106.82621100267968}