{
    "final_weight_diff": 0.0019207699224352837,
    "final_weight_sim": 0.7026024460792542,
    "final_feature_diff": 0.27195088861999706,
    "final_feature_sim": 0.6387011869107938,
    "final_0_weight_diff": 0.0020883262623101473,
    "final_1_weight_diff": 0.001989440293982625,
    "final_2_weight_diff": 0.001673535443842411,
    "final_0_weight_sim": 0.6562970280647278,
    "final_1_weight_sim": 0.7032079696655273,
    "final_2_weight_sim": 0.7322326898574829,
    "best_weight_diff": 0.0007268678164109588,
    "best_weight_sim": 0.8722445368766785,
    "best_feature_diff": 0.23967852752648525,
    "best_feature_sim": 0.6885042624520807,
    "best_0_weight_diff": 0.0009029100183397532,
    "best_1_weight_diff": 0.0007142115500755608,
    "best_2_weight_diff": 0.0005624043988063931,
    "best_0_weight_sim": 0.8236683011054993,
    "best_1_weight_sim": 0.875139594078064,
    "best_2_weight_sim": 0.9027696847915649,
    "num_feature_traj": 22,
    "num_feature_timesteps": "18940",
    "final_test_returns": 3389.1338514584786,
    "final_test_normalized_returns": 88.33457426244212,
    "best_return": 4682.886879237669,
    "best_return_normalized": 119.09939550656716,
    "convergence_step": "20000",
    "convergence_iter": "4",
    "best_step": "20000",
    "best_iter": "4"
}