{
    "final_weight_diff": 0.0014126766473054886,
    "final_weight_sim": 0.747986376285553,
    "final_feature_diff": 0.238309227885555,
    "final_feature_sim": 0.6751954815553766,
    "final_0_weight_diff": 0.0016634913627058268,
    "final_1_weight_diff": 0.0013064899249002337,
    "final_2_weight_diff": 0.0012635464081540704,
    "final_0_weight_sim": 0.7317801117897034,
    "final_1_weight_sim": 0.7419437170028687,
    "final_2_weight_sim": 0.7420245409011841,
    "best_weight_diff": 0.0010823225602507591,
    "best_weight_sim": 0.7951257228851318,
    "best_feature_diff": 0.22101851918782522,
    "best_feature_sim": 0.7084787980621226,
    "best_0_weight_diff": 0.0013109847204759717,
    "best_1_weight_diff": 0.0009843315929174423,
    "best_2_weight_diff": 0.0009497787104919553,
    "best_0_weight_sim": 0.7803747653961182,
    "best_1_weight_sim": 0.7891966104507446,
    "best_2_weight_sim": 0.7893609404563904,
    "num_feature_traj": 223,
    "num_feature_timesteps": "196344",
    "final_test_returns": 4599.798419525728,
    "final_test_normalized_returns": 117.12359212245804,
    "best_return": 5326.689787073588,
    "best_return_normalized": 134.4087172633008,
    "convergence_step": "65000",
    "convergence_iter": "13",
    "best_step": "65000",
    "best_iter": "13"
}