{
    "final_weight_diff": 0.0012855101376771927,
    "final_weight_sim": 0.7629083395004272,
    "final_feature_diff": 0.4046368379372294,
    "final_feature_sim": 0.618248970375327,
    "final_0_weight_diff": 0.0017088721506297588,
    "final_1_weight_diff": 0.0012079216539859772,
    "final_2_weight_diff": 0.0009352672495879233,
    "final_0_weight_sim": 0.7028424143791199,
    "final_1_weight_sim": 0.7733137011528015,
    "final_2_weight_sim": 0.7951793670654297,
    "best_weight_diff": 0.0006056619458831847,
    "best_weight_sim": 0.8786903619766235,
    "best_feature_diff": 0.3275336473261557,
    "best_feature_sim": 0.7073819291236796,
    "best_0_weight_diff": 0.000834474922157824,
    "best_1_weight_diff": 0.0005538035184144974,
    "best_2_weight_diff": 0.0004280217399355024,
    "best_0_weight_sim": 0.8409419655799866,
    "best_1_weight_sim": 0.8856865167617798,
    "best_2_weight_sim": 0.8987213373184204,
    "num_feature_traj": 200,
    "num_feature_timesteps": "200000",
    "final_test_returns": 4788.902043255775,
    "final_test_normalized_returns": 40.829705439170354,
    "best_return": 5072.975595370534,
    "best_return_normalized": 43.11782027980353,
    "convergence_step": "5000",
    "convergence_iter": "1",
    "best_step": "35000",
    "best_iter": "7"
}