{"final_weight_diff": 0.0018417314859107137, "final_weight_sim": 0.7119820713996887, "final_feature_diff": 0.28055008699227935, "final_feature_sim": 0.7271341092986126, "final_0_weight_diff": 0.002255697501823306, "final_1_weight_diff": 0.0019572924356907606, "final_2_weight_diff": 0.0013062473153695464, "final_0_weight_sim": 0.6665968894958496, "final_1_weight_sim": 0.7126641273498535, "final_2_weight_sim": 0.7417258024215698, "best_weight_diff": 0.0008029721793718636, "best_weight_sim": 0.8488593697547913, "best_feature_diff": 0.21481805945123975, "best_feature_sim": 0.7986222220792174, "best_0_weight_diff": 0.0010389870731160045, "best_1_weight_diff": 0.0007954139728099108, "best_2_weight_diff": 0.0005738662439398468, "best_0_weight_sim": 0.814049482345581, "best_1_weight_sim": 0.8504151701927185, "best_2_weight_sim": 0.869331955909729, "num_feature_traj": 321, "num_feature_timesteps": "203500", "final_test_returns": 3538.2005756111785, "final_test_normalized_returns": 109.33765014666584, "best_return": 3624.935041837032, "best_return_normalized": 112.0026536585744, "convergence_step": "40000", "convergence_iter": "8", "best_step": "50000", "best_iter": "10", "best_5percent_normalized": 112.0026536585744, "best_10percent_normalized": 111.51050306013276, "best_25percent_normalized": 110.76399090059829, "best_50percent_normalized": 108.50675729369556, "best_100percent_normalized": 93.81816857866485, "best_later_half_normalized": 102.66833047318136, "best_last_four_normalized": 108.15447846150556, "target_steps": 20000}