{"final_weight_diff": 0.001668013515882194, "final_weight_sim": 0.7357411980628967, "final_feature_diff": 0.22463924189913012, "final_feature_sim": 0.7137013365660155, "final_0_weight_diff": 0.0017862512031570077, "final_1_weight_diff": 0.0018143377965316176, "final_2_weight_diff": 0.0013960956130176783, "final_0_weight_sim": 0.6855383515357971, "final_1_weight_sim": 0.7318570613861084, "final_2_weight_sim": 0.771467387676239, "best_weight_diff": 0.000973871152382344, "best_weight_sim": 0.8338332176208496, "best_feature_diff": 0.19428169323277802, "best_feature_sim": 0.7578931811325036, "best_0_weight_diff": 0.0010790457017719746, "best_1_weight_diff": 0.0010297853732481599, "best_2_weight_diff": 0.0008106005261652172, "best_0_weight_sim": 0.7909018397331238, "best_1_weight_sim": 0.8317718505859375, "best_2_weight_sim": 0.8620486259460449, "num_feature_traj": 21, "num_feature_timesteps": "19067", "final_test_returns": 4944.989198790927, "final_test_normalized_returns": 107.68273743436517, "best_return": 4976.0079713279865, "best_return_normalized": 108.3584289093394, "convergence_step": "10000", "convergence_iter": "2", "best_step": "45000", "best_iter": "9", "best_5percent_normalized": 108.3584289093394, "best_10percent_normalized": 108.27360240741176, "best_25percent_normalized": 107.8808058861379, "best_50percent_normalized": 107.42973459725825, "best_100percent_normalized": 100.07304605127182, "best_later_half_normalized": 100.63010743872738, "best_last_four_normalized": 103.11905469702238, "target_steps": 10000}