{"final_weight_diff": 0.0009416524553671479, "final_weight_sim": 0.8121119141578674, "final_feature_diff": 0.5641565367223947, "final_feature_sim": 0.6563653240647632, "final_0_weight_diff": 0.0012471184600144625, "final_1_weight_diff": 0.0009130608523264527, "final_2_weight_diff": 0.0006616923492401838, "final_0_weight_sim": 0.7670437097549438, "final_1_weight_sim": 0.8069257140159607, "final_2_weight_sim": 0.8350574970245361, "best_weight_diff": 0.0008698588353581727, "best_weight_sim": 0.8235511183738708, "best_feature_diff": 0.5380633180170832, "best_feature_sim": 0.674078954890665, "best_0_weight_diff": 0.0011569279013201594, "best_1_weight_diff": 0.0008413296891376376, "best_2_weight_diff": 0.0006088036461733282, "best_0_weight_sim": 0.7793201208114624, "best_1_weight_sim": 0.8185908794403076, "best_2_weight_sim": 0.846101701259613, "num_feature_traj": 119, "num_feature_timesteps": "101758", "final_test_returns": 2869.650439519576, "final_test_normalized_returns": 62.47499410255223, "best_return": 3656.3641971309103, "best_return_normalized": 79.61222216751948, "convergence_step": "90000", "convergence_iter": "18", "best_step": "90000", "best_iter": "18", "best_5percent_normalized": 79.61222216751948, "best_10percent_normalized": 78.57670022582104, "best_25percent_normalized": 76.34783523781388, "best_50percent_normalized": 74.3773878758828, "best_100percent_normalized": 69.44848682647198, "best_later_half_normalized": 68.75320453303912, "best_last_four_normalized": 69.05015126279605, "target_steps": 5000}