{"final_weight_diff": 0.0012680243235081434, "final_weight_sim": 0.7790958881378174, "final_feature_diff": 0.3136786725968379, "final_feature_sim": 0.7140927460886202, "final_0_weight_diff": 0.0016531257424503565, "final_1_weight_diff": 0.0012447923654690385, "final_2_weight_diff": 0.0009006276377476752, "final_0_weight_sim": 0.7436618804931641, "final_1_weight_sim": 0.7778042554855347, "final_2_weight_sim": 0.8037453293800354, "best_weight_diff": 0.0003619475173763931, "best_weight_sim": 0.9262659549713135, "best_feature_diff": 0.20328749077214048, "best_feature_sim": 0.8264595132996769, "best_0_weight_diff": 0.0004894832381978631, "best_1_weight_diff": 0.00033657834865152836, "best_2_weight_diff": 0.0002596189151518047, "best_0_weight_sim": 0.9076768755912781, "best_1_weight_sim": 0.9266786575317383, "best_2_weight_sim": 0.9373068809509277, "num_feature_traj": 200, "num_feature_timesteps": "200000", "final_test_returns": 5015.04548125472, "final_test_normalized_returns": 42.65121311823848, "best_return": 7281.195774121626, "best_return_normalized": 60.90427496652795, "convergence_step": "15000", "convergence_iter": "3", "best_step": "15000", "best_iter": "3", "best_5percent_normalized": 60.90427496652795, "best_10percent_normalized": 59.252857542610485, "best_25percent_normalized": 54.55080685179204, "best_50percent_normalized": 48.82435790627604, "best_100percent_normalized": 45.2900348103463, "best_later_half_normalized": 46.31693966454606, "best_last_four_normalized": 50.17360767956008, "target_steps": 10000}