{"final_weight_diff": 0.0012461465084925294, "final_weight_sim": 0.7643983960151672, "final_feature_diff": 0.24189675532432472, "final_feature_sim": 0.6713875666927073, "final_0_weight_diff": 0.0016858188901096582, "final_1_weight_diff": 0.0011558793485164642, "final_2_weight_diff": 0.0008929623872973025, "final_0_weight_sim": 0.7164005041122437, "final_1_weight_sim": 0.7691712975502014, "final_2_weight_sim": 0.7923293709754944, "best_weight_diff": 0.0005252983537502587, "best_weight_sim": 0.886866569519043, "best_feature_diff": 0.1837042891848239, "best_feature_sim": 0.7752703507837799, "best_0_weight_diff": 0.0006949433591216803, "best_1_weight_diff": 0.0004754139226861298, "best_2_weight_diff": 0.0004051377181895077, "best_0_weight_sim": 0.8616523146629333, "best_1_weight_sim": 0.8875867128372192, "best_2_weight_sim": 0.8983604907989502, "num_feature_traj": 120, "num_feature_timesteps": "106539", "final_test_returns": 3769.678791978467, "final_test_normalized_returns": 97.38374888779556, "best_return": 3918.039149983496, "best_return_normalized": 100.91168644290528, "convergence_step": "25000", "convergence_iter": "5", "best_step": "25000", "best_iter": "5", "best_5percent_normalized": 100.91168644290528, "best_10percent_normalized": 99.51030085854505, "best_25percent_normalized": 96.77689819186575, "best_50percent_normalized": 94.73388341677074, "best_100percent_normalized": 88.8057727153595, "best_later_half_normalized": 87.0138811759245, "best_last_four_normalized": 92.47141957139027}