current_itr_train_time	current_itr_train_loss_mean	current_itr_train_loss_std	current_itr_eval_2000_return_mean	current_itr_eval_2000_return_std	current_itr_eval_2000_length_mean	current_itr_eval_2000_length_std	current_itr_eval_5000_return_mean	current_itr_eval_5000_return_std	current_itr_eval_5000_length_mean	current_itr_eval_5000_length_std	TestEpRet	TestEpNormRet	Iteration	Steps	total_time	current_eval_time
576.5025200843811	0.09952677460312843	0.19324752401178946	3592.4893708507925	530.8342993167881	969.0	93.0	3519.3782726069826	1087.5387509935629	894.5	256.59588850953946	3519.3782726069826	91.43172360133599	1	5000	691.7811071872711	115.27781987190247
571.4915499687195	0.0188185983767733	0.002175138101147303	2774.9755122265346	1446.0673749790692	718.5	363.69114644159265	3031.331935188666	1464.7930976014202	785.9	362.8805450833649	3031.331935188666	79.82621775351737	2	10000	1357.4554538726807	94.15454030036926
568.7405099868774	0.016871888452023268	0.001729473511550942	3556.768592033117	790.4120155878245	928.9	213.3	3595.5166244616184	538.9206658020709	933.8	137.14867844788006	3595.5166244616184	93.24225678219433	3	15000	2042.009355545044	115.79821681976318
569.2381129264832	0.016069741458818315	0.001519858421358468	3788.9116280812536	300.0314571351068	973.6	79.2	3866.7462631062604	109.46222457115415	1000.0	0.0	3866.7462631062604	99.69196640207025	4	20000	2730.8294014930725	119.566965341568
569.8278386592865	0.015613069490902126	0.0014584426236847374	3617.0168691081067	641.7601893889878	937.5	171.78896937812974	3606.050260849931	832.5774012916546	932.9	201.3	3606.050260849931	93.49274156064801	5	25000	3416.1421415805817	115.46587061882019
570.3247187137604	0.015267356176301837	0.0013843300459135612	3387.776897883814	1017.5408301444282	984.9	45.300000000000004	3538.8198782144427	1101.0168238831764	1000.0	0.0	3538.8198782144427	91.89403557925577	6	30000	4107.239591836929	120.75789451599121
