{
    "final_weight_diff": 0.0012024345342069864,
    "final_weight_sim": 0.7630285024642944,
    "final_feature_diff": 0.20731025666806915,
    "final_feature_sim": 0.6918864763375562,
    "final_0_weight_diff": 0.0012635407038033009,
    "final_1_weight_diff": 0.0012307690922170877,
    "final_2_weight_diff": 0.0011110712075605989,
    "final_0_weight_sim": 0.7448205947875977,
    "final_1_weight_sim": 0.7513142824172974,
    "final_2_weight_sim": 0.7562979459762573,
    "best_weight_diff": 0.0008611913654021919,
    "best_weight_sim": 0.8146507740020752,
    "best_feature_diff": 0.18061399258387356,
    "best_feature_sim": 0.7350616881679667,
    "best_0_weight_diff": 0.000940934638492763,
    "best_1_weight_diff": 0.000856412632856518,
    "best_2_weight_diff": 0.0007856138399802148,
    "best_0_weight_sim": 0.7965414524078369,
    "best_1_weight_sim": 0.8047064542770386,
    "best_2_weight_sim": 0.8094871044158936,
    "num_feature_traj": 81,
    "num_feature_timesteps": "13561",
    "final_test_returns": 1570.9458799871054,
    "final_test_normalized_returns": 48.89177550434251,
    "best_return": 2415.7949857494286,
    "best_return_normalized": 74.8506120760291,
    "convergence_step": "60000",
    "convergence_iter": "12",
    "best_step": "70000",
    "best_iter": "14"
}