{
    "final_weight_diff": 0.001278658164665103,
    "final_weight_sim": 0.7608491778373718,
    "final_feature_diff": 0.2801823321275303,
    "final_feature_sim": 0.729133485734344,
    "final_0_weight_diff": 0.0013130258303135633,
    "final_1_weight_diff": 0.0014068330638110638,
    "final_2_weight_diff": 0.0011135078966617584,
    "final_0_weight_sim": 0.744432270526886,
    "final_1_weight_sim": 0.735650360584259,
    "final_2_weight_sim": 0.7675992250442505,
    "best_weight_diff": 0.0007506237016059458,
    "best_weight_sim": 0.8418945670127869,
    "best_feature_diff": 0.2413776563449399,
    "best_feature_sim": 0.7697772525836245,
    "best_0_weight_diff": 0.0007902068900875747,
    "best_1_weight_diff": 0.0008142843726091087,
    "best_2_weight_diff": 0.0006470234366133809,
    "best_0_weight_sim": 0.8295460939407349,
    "best_1_weight_sim": 0.8184643387794495,
    "best_2_weight_sim": 0.8486144542694092,
    "num_feature_traj": 163,
    "num_feature_timesteps": "34862",
    "final_test_returns": 2122.790511494673,
    "final_test_normalized_returns": 65.84775557766177,
    "best_return": 2328.14311929472,
    "best_return_normalized": 72.15742052148752,
    "convergence_step": "50000",
    "convergence_iter": "10",
    "best_step": "50000",
    "best_iter": "10"
}