{
    "final_weight_diff": 0.002354531781747937,
    "final_weight_sim": 0.6424203515052795,
    "final_feature_diff": 0.47752936158935694,
    "final_feature_sim": 0.48520389615738635,
    "final_0_weight_diff": 0.0026473940815776587,
    "final_1_weight_diff": 0.002007052768021822,
    "final_2_weight_diff": 0.0023704234044998884,
    "final_0_weight_sim": 0.5728216171264648,
    "final_1_weight_sim": 0.667717695236206,
    "final_2_weight_sim": 0.6686512231826782,
    "best_weight_diff": 0.002177196554839611,
    "best_weight_sim": 0.6653712391853333,
    "best_feature_diff": 0.4687061860429861,
    "best_feature_sim": 0.5027244065082352,
    "best_0_weight_diff": 0.0024720951914787292,
    "best_1_weight_diff": 0.0018496769480407238,
    "best_2_weight_diff": 0.00217789551243186,
    "best_0_weight_sim": 0.5926728844642639,
    "best_1_weight_sim": 0.6883209347724915,
    "best_2_weight_sim": 0.6945827007293701,
    "num_feature_traj": 4,
    "num_feature_timesteps": "1277",
    "final_test_returns": 3344.1899061772856,
    "final_test_normalized_returns": 87.26582898193435,
    "best_return": 3511.418208865713,
    "best_return_normalized": 91.24243713565532,
    "convergence_step": "75000",
    "convergence_iter": "15",
    "best_step": "85000",
    "best_iter": "17"
}