{
    "final_weight_diff": 0.0012177048483863473,
    "final_weight_sim": 0.7625731825828552,
    "final_feature_diff": 0.3571693452533489,
    "final_feature_sim": 0.6931248497157657,
    "final_0_weight_diff": 0.001488643465563655,
    "final_1_weight_diff": 0.0012966583017259836,
    "final_2_weight_diff": 0.0008649598457850516,
    "final_0_weight_sim": 0.726118266582489,
    "final_1_weight_sim": 0.7397979497909546,
    "final_2_weight_sim": 0.7946327924728394,
    "best_weight_diff": 0.0010587205179035664,
    "best_weight_sim": 0.7866036295890808,
    "best_feature_diff": 0.34980383653688385,
    "best_feature_sim": 0.7031820011616908,
    "best_0_weight_diff": 0.0013049214612692595,
    "best_1_weight_diff": 0.0011097025126218796,
    "best_2_weight_diff": 0.0007595017086714506,
    "best_0_weight_sim": 0.7525545954704285,
    "best_1_weight_sim": 0.7655707597732544,
    "best_2_weight_sim": 0.8152754902839661,
    "num_feature_traj": 120,
    "num_feature_timesteps": "106539",
    "final_test_returns": 3834.395382640401,
    "final_test_normalized_returns": 98.92267811191591,
    "best_return": 3869.380006076454,
    "best_return_normalized": 99.75459553602488,
    "convergence_step": "10000",
    "convergence_iter": "2",
    "best_step": "80000",
    "best_iter": "16"
}