{"final_weight_diff": 0.0017032615141943097, "final_weight_sim": 0.7246567606925964, "final_feature_diff": 0.37614678843307214, "final_feature_sim": 0.6044424629179986, "final_0_weight_diff": 0.001992427743971348, "final_1_weight_diff": 0.0017073892522603273, "final_2_weight_diff": 0.0013983342796564102, "final_0_weight_sim": 0.6898379325866699, "final_1_weight_sim": 0.7269847989082336, "final_2_weight_sim": 0.7385540008544922, "best_weight_diff": 0.0010625252034515142, "best_weight_sim": 0.813608705997467, "best_feature_diff": 0.34847845740092526, "best_feature_sim": 0.6509806919614485, "best_0_weight_diff": 0.0012751559261232615, "best_1_weight_diff": 0.00105898710899055, "best_2_weight_diff": 0.0008508558967150748, "best_0_weight_sim": 0.7854579091072083, "best_1_weight_sim": 0.8138164281845093, "best_2_weight_sim": 0.8248651027679443, "num_feature_traj": 65, "num_feature_timesteps": "17588", "final_test_returns": 918.2570258782456, "final_test_normalized_returns": 19.967190405838725, "best_return": 3526.24353033271, "best_return_normalized": 76.77776360961026, "convergence_step": "30000", "convergence_iter": "6", "best_step": "50000", "best_iter": "10", "best_5percent_normalized": 76.77776360961026, "best_10percent_normalized": 75.88606352678343, "best_25percent_normalized": 71.4393247317668, "best_50percent_normalized": 67.23774982665938, "best_100percent_normalized": 48.47242841108141, "best_later_half_normalized": 51.11650623738288, "best_last_four_normalized": 43.53020523773533, "target_steps": 10000}