{
    "final_weight_diff": 0.0011858707293868065,
    "final_weight_sim": 0.8232734203338623,
    "final_feature_diff": 0.9490228405460013,
    "final_feature_sim": 0.7003304605455006,
    "final_0_weight_diff": 0.0016139511717483401,
    "final_1_weight_diff": 0.0011547981994226575,
    "final_2_weight_diff": 0.0007822357583791018,
    "final_0_weight_sim": 0.7701519727706909,
    "final_1_weight_sim": 0.8174642324447632,
    "final_2_weight_sim": 0.8418514728546143,
    "best_weight_diff": 0.00020259927259758115,
    "best_weight_sim": 0.9644398093223572,
    "best_feature_diff": 0.44954095343034806,
    "best_feature_sim": 0.863974079639213,
    "best_0_weight_diff": 0.0002862734836526215,
    "best_1_weight_diff": 0.00017282793123740703,
    "best_2_weight_diff": 0.0001484604727011174,
    "best_0_weight_sim": 0.9466930627822876,
    "best_1_weight_sim": 0.9663219451904297,
    "best_2_weight_sim": 0.967164933681488,
    "num_feature_traj": 200,
    "num_feature_timesteps": "200000",
    "final_test_returns": 5077.289144489862,
    "final_test_normalized_returns": 43.15256443561198,
    "best_return": 6219.17831651454,
    "best_return_normalized": 52.35008930696111,
    "convergence_step": "10000",
    "convergence_iter": "2",
    "best_step": "10000",
    "best_iter": "2"
}