{
    "final_weight_diff": 0.0010358506115153432,
    "final_weight_sim": 0.800605058670044,
    "final_feature_diff": 0.8323236707324376,
    "final_feature_sim": 0.5204049801536951,
    "final_0_weight_diff": 0.0011954823276028037,
    "final_1_weight_diff": 0.0010772710666060448,
    "final_2_weight_diff": 0.0008330931887030602,
    "final_0_weight_sim": 0.7711431980133057,
    "final_1_weight_sim": 0.7814962863922119,
    "final_2_weight_sim": 0.8058555722236633,
    "best_weight_diff": 0.0006551170954480767,
    "best_weight_sim": 0.8604841232299805,
    "best_feature_diff": 0.6469811290113541,
    "best_feature_sim": 0.6227050640646776,
    "best_0_weight_diff": 0.0008028962183743715,
    "best_1_weight_diff": 0.0006536993314512074,
    "best_2_weight_diff": 0.0005084170843474567,
    "best_0_weight_sim": 0.8304762840270996,
    "best_1_weight_sim": 0.8478806018829346,
    "best_2_weight_sim": 0.8683212995529175,
    "num_feature_traj": 204,
    "num_feature_timesteps": "37349",
    "final_test_returns": 691.6627207734557,
    "final_test_normalized_returns": 21.874918086155585,
    "best_return": 2649.4729363337656,
    "best_return_normalized": 82.03060160108397,
    "convergence_step": "60000",
    "convergence_iter": "12",
    "best_step": "60000",
    "best_iter": "12"
}