{
    "final_weight_diff": 0.001279582385905087,
    "final_weight_sim": 0.775794506072998,
    "final_feature_diff": 0.8801719548290251,
    "final_feature_sim": 0.47293072482716275,
    "final_0_weight_diff": 0.0012922703754156828,
    "final_1_weight_diff": 0.0013722061412408948,
    "final_2_weight_diff": 0.0011682938784360886,
    "final_0_weight_sim": 0.761724054813385,
    "final_1_weight_sim": 0.7597687244415283,
    "final_2_weight_sim": 0.7651044726371765,
    "best_weight_diff": 0.000888603855855763,
    "best_weight_sim": 0.8299015760421753,
    "best_feature_diff": 0.7538722669855419,
    "best_feature_sim": 0.5639711591515018,
    "best_0_weight_diff": 0.0009133020648732781,
    "best_1_weight_diff": 0.0009307633736170828,
    "best_2_weight_diff": 0.0008200593874789774,
    "best_0_weight_sim": 0.8179108500480652,
    "best_1_weight_sim": 0.8148068785667419,
    "best_2_weight_sim": 0.8183851838111877,
    "num_feature_traj": 109,
    "num_feature_timesteps": "31150",
    "final_test_returns": 2966.3117405489866,
    "final_test_normalized_returns": 64.58059699149501,
    "best_return": 3589.6565929741605,
    "best_return_normalized": 78.15910988234376,
    "convergence_step": "60000",
    "convergence_iter": "12",
    "best_step": "60000",
    "best_iter": "12"
}