{"final_weight_diff": 0.0017283674096688628, "final_weight_sim": 0.7238489389419556, "final_feature_diff": 0.3875211811437758, "final_feature_sim": 0.5899378563535554, "final_0_weight_diff": 0.0019788893405348063, "final_1_weight_diff": 0.0017160630086436868, "final_2_weight_diff": 0.0014798176707699895, "final_0_weight_sim": 0.6908454895019531, "final_1_weight_sim": 0.7283515930175781, "final_2_weight_sim": 0.7318043112754822, "best_weight_diff": 0.0017283674096688628, "best_weight_sim": 0.7238489389419556, "best_feature_diff": 0.3875211811437758, "best_feature_sim": 0.5899378563535554, "best_0_weight_diff": 0.0019788893405348063, "best_1_weight_diff": 0.0017160630086436868, "best_2_weight_diff": 0.0014798176707699895, "best_0_weight_sim": 0.6908454895019531, "best_1_weight_sim": 0.7283515930175781, "best_2_weight_sim": 0.7318043112754822, "num_feature_traj": 655, "num_feature_timesteps": "180523", "final_test_returns": 2969.625033367154, "final_test_normalized_returns": 64.65277146934241, "best_return": 2969.625033367154, "best_return_normalized": 64.65277146934241, "convergence_step": "100000", "convergence_iter": "20", "best_step": "100000", "best_iter": "20", "best_5percent_normalized": 64.65277146934241, "best_10percent_normalized": 61.96330496749597, "best_25percent_normalized": 56.096370821969685, "best_50percent_normalized": 51.55085033194049, "best_100percent_normalized": 39.094025401105924, "best_later_half_normalized": 43.80622622656483, "best_last_four_normalized": 56.755521290875016, "target_steps": 10000}