{"final_weight_diff": 0.0013686047168448567, "final_weight_sim": 0.8294894695281982, "final_feature_diff": 1.563353214938484, "final_feature_sim": 0.5617574452841453, "final_0_weight_diff": 0.0018189369002357125, "final_1_weight_diff": 0.0012624787632375956, "final_2_weight_diff": 0.001018096343614161, "final_0_weight_sim": 0.7869609594345093, "final_1_weight_sim": 0.8375027775764465, "final_2_weight_sim": 0.8197646737098694, "best_weight_diff": 0.0010941328946501017, "best_weight_sim": 0.8587499260902405, "best_feature_diff": 1.449321373980551, "best_feature_sim": 0.5965323652321627, "best_0_weight_diff": 0.0014808991691097617, "best_1_weight_diff": 0.0009809813927859068, "best_2_weight_diff": 0.0008162697777152061, "best_0_weight_sim": 0.8191414475440979, "best_1_weight_sim": 0.8675965666770935, "best_2_weight_sim": 0.8508225679397583, "num_feature_traj": 219, "num_feature_timesteps": "197797", "final_test_returns": 4953.796357301296, "final_test_normalized_returns": 107.8745864805224, "best_return": 4984.425264526391, "best_return_normalized": 108.54178539933996, "convergence_step": "30000", "convergence_iter": "6", "best_step": "75000", "best_iter": "15", "best_5percent_normalized": 108.54178539933996, "best_10percent_normalized": 108.54177125037417, "best_25percent_normalized": 108.35674591880698, "best_50percent_normalized": 108.10608264796, "best_100percent_normalized": 99.49200108266997, "best_later_half_normalized": 107.89326073535065, "best_last_four_normalized": 107.59376922070805, "target_steps": 20000}