{
    "final_weight_diff": 0.001213438925333321,
    "final_weight_sim": 0.8217566609382629,
    "final_feature_diff": 2.2348509074590064,
    "final_feature_sim": 0.3139321119468874,
    "final_0_weight_diff": 0.0016808074433356524,
    "final_1_weight_diff": 0.001159512554295361,
    "final_2_weight_diff": 0.0007950667641125619,
    "final_0_weight_sim": 0.7664247751235962,
    "final_1_weight_sim": 0.8164997100830078,
    "final_2_weight_sim": 0.8420493006706238,
    "best_weight_diff": 0.000101830082712695,
    "best_weight_sim": 0.981614351272583,
    "best_feature_diff": 0.9448457545937865,
    "best_feature_sim": 0.715447650695601,
    "best_0_weight_diff": 0.00011712466948665679,
    "best_1_weight_diff": 9.937417780747637e-05,
    "best_2_weight_diff": 8.877983782440424e-05,
    "best_0_weight_sim": 0.9766583442687988,
    "best_1_weight_sim": 0.9802591800689697,
    "best_2_weight_sim": 0.9801764488220215,
    "num_feature_traj": 120,
    "num_feature_timesteps": "106539",
    "final_test_returns": 3779.969636851552,
    "final_test_normalized_returns": 97.6284602014494,
    "best_return": 3966.093588643083,
    "best_return_normalized": 102.05439775148224,
    "convergence_step": "5000",
    "convergence_iter": "1",
    "best_step": "5000",
    "best_iter": "1"
}