{"final_weight_diff": 0.0014360413188114762, "final_weight_sim": 0.7405873537063599, "final_feature_diff": 0.24026787172933994, "final_feature_sim": 0.6775525461712434, "final_0_weight_diff": 0.0015554331475868821, "final_1_weight_diff": 0.0015272683231160045, "final_2_weight_diff": 0.0012198365293443203, "final_0_weight_sim": 0.7152024507522583, "final_1_weight_sim": 0.7259348034858704, "final_2_weight_sim": 0.7484669089317322, "best_weight_diff": 0.0007425883668474853, "best_weight_sim": 0.8433762788772583, "best_feature_diff": 0.16755196003975817, "best_feature_sim": 0.7900267023020318, "best_0_weight_diff": 0.0008329142001457512, "best_1_weight_diff": 0.0008097464451566339, "best_2_weight_diff": 0.0005849353619851172, "best_0_weight_sim": 0.8244678378105164, "best_1_weight_sim": 0.8232651948928833, "best_2_weight_sim": 0.8550899624824524, "num_feature_traj": 655, "num_feature_timesteps": "180523", "final_test_returns": 1735.616705283465, "final_test_normalized_returns": 37.77198802321543, "best_return": 3375.129498218358, "best_return_normalized": 73.48600010972771, "convergence_step": "40000", "convergence_iter": "8", "best_step": "40000", "best_iter": "8", "best_5percent_normalized": 73.48600010972771, "best_10percent_normalized": 72.0441459637236, "best_25percent_normalized": 65.69759773051639, "best_50percent_normalized": 60.670951585793276, "best_100percent_normalized": 47.1355392158431, "best_later_half_normalized": 54.985746176031384, "best_last_four_normalized": 47.71526802481942, "target_steps": 5000}