{
    "final_weight_diff": 0.0020910860039293766,
    "final_weight_sim": 0.6907327771186829,
    "final_feature_diff": 0.31185598887434995,
    "final_feature_sim": 0.6604852718522459,
    "final_0_weight_diff": 0.0023592624347656965,
    "final_1_weight_diff": 0.002259890316054225,
    "final_2_weight_diff": 0.0016429850365966558,
    "final_0_weight_sim": 0.6581832766532898,
    "final_1_weight_sim": 0.686771810054779,
    "final_2_weight_sim": 0.709130585193634,
    "best_weight_diff": 0.0004324314068071544,
    "best_weight_sim": 0.9136910438537598,
    "best_feature_diff": 0.15957359324234582,
    "best_feature_sim": 0.8190509659619409,
    "best_0_weight_diff": 0.0005387085839174688,
    "best_1_weight_diff": 0.00041654211236163974,
    "best_2_weight_diff": 0.00034195801708847284,
    "best_0_weight_sim": 0.8952604532241821,
    "best_1_weight_sim": 0.9141210317611694,
    "best_2_weight_sim": 0.9213579893112183,
    "num_feature_traj": 204,
    "num_feature_timesteps": "37349",
    "final_test_returns": 2297.075485596327,
    "final_test_normalized_returns": 71.20283630006269,
    "best_return": 2967.244094089125,
    "best_return_normalized": 91.7944393031122,
    "convergence_step": "20000",
    "convergence_iter": "4",
    "best_step": "20000",
    "best_iter": "4"
}