{"final_weight_diff": 0.002178926719352603, "final_weight_sim": 0.6920876502990723, "final_feature_diff": 0.2844912481774345, "final_feature_sim": 0.5871636180621962, "final_0_weight_diff": 0.0022106219548732042, "final_1_weight_diff": 0.0018082944443449378, "final_2_weight_diff": 0.0025078679900616407, "final_0_weight_sim": 0.6537899374961853, "final_1_weight_sim": 0.6960992217063904, "final_2_weight_sim": 0.6857521533966064, "best_weight_diff": 0.0011114913504570723, "best_weight_sim": 0.8241285681724548, "best_feature_diff": 0.23916328963093963, "best_feature_sim": 0.6846988271346622, "best_0_weight_diff": 0.0013203383423388004, "best_1_weight_diff": 0.0008774378802627325, "best_2_weight_diff": 0.001135743921622634, "best_0_weight_sim": 0.7781496644020081, "best_1_weight_sim": 0.8267642855644226, "best_2_weight_sim": 0.8354602456092834, "num_feature_traj": 109, "num_feature_timesteps": "31150", "final_test_returns": 2628.357534530032, "final_test_normalized_returns": 57.21883644259278, "best_return": 3682.773158959461, "best_return_normalized": 80.18749671615458, "convergence_step": "35000", "convergence_iter": "7", "best_step": "35000", "best_iter": "7", "best_5percent_normalized": 80.18749671615458, "best_10percent_normalized": 78.80935069382107, "best_25percent_normalized": 74.9626800466468, "best_50percent_normalized": 68.27822174388339, "best_100percent_normalized": 53.68196440604205, "best_later_half_normalized": 57.51767942855686, "best_last_four_normalized": 55.84844270217118, "target_steps": 25000}