current_itr_train_time	current_itr_train_loss_mean	current_itr_train_loss_std	current_itr_eval_5000_return_mean	current_itr_eval_5000_return_std	current_itr_eval_5000_length_mean	current_itr_eval_5000_length_std	current_itr_eval_2500_return_mean	current_itr_eval_2500_return_std	current_itr_eval_2500_length_mean	current_itr_eval_2500_length_std	TestEpRet	TestEpNormRet	Iteration	Steps	total_time	current_eval_time
1785.107871055603	0.333108348685503	0.22795725277876538	-9.939196998287887	1.0086860173876284	52.4	0.4898979485566356	-10.369936438091925	0.8915334237861815	52.5	0.5	-9.939196998287887	-0.2519937721184417	1	5000	1811.6487460136414	26.539950847625732
1513.237702846527	0.1368489189773798	0.013933396233301393	2575.3662791634797	1056.3830219623144	823.3	270.46591282451845	646.245437101212	479.39371044770814	365.4	212.00103773330923	2575.3662791634797	56.064511607314934	2	10000	3708.573833465576	383.575395822525
1323.6551597118378	0.12356750412136316	0.01158114319314558	480.35030938019383	11.735142607269498	216.5	3.5	600.2180624516359	16.47826856962172	248.0	5.385164807134504	480.35030938019383	10.428133538962921	3	15000	5187.125064611435	154.8066554069519
1443.3684477806091	0.11700540099292994	0.011078838716848846	2169.8868574184016	828.1915175367144	613.7	197.5479941685058	1331.971497628519	692.3512493727867	417.1	159.89274530134253	2169.8868574184016	47.23182848862285	4	20000	6950.942943096161	320.3300380706787
1506.7646017074585	0.11239906982928514	0.01063073547983083	1836.0030737844045	707.0491489032554	569.5	178.57225428380525	1762.4198230636855	1006.3726561983501	544.0	242.60255563369483	1836.0030737844045	39.95873520409332	5	25000	8649.864443540573	192.02226996421814
