{"final_weight_diff": 0.0012433286756277084, "final_weight_sim": 0.778152585029602, "final_feature_diff": 1.7511065124458107, "final_feature_sim": 0.41182814724011696, "final_0_weight_diff": 0.0013903318904340267, "final_1_weight_diff": 0.0013025628868490458, "final_2_weight_diff": 0.0010348454816266894, "final_0_weight_sim": 0.7434685826301575, "final_1_weight_sim": 0.7518627047538757, "final_2_weight_sim": 0.7698034048080444, "best_weight_diff": 0.0011408511782065034, "best_weight_sim": 0.792005181312561, "best_feature_diff": 1.7290142778890683, "best_feature_sim": 0.41980454569171943, "best_0_weight_diff": 0.0012952417600899935, "best_1_weight_diff": 0.0011869660811498761, "best_2_weight_diff": 0.0009386366582475603, "best_0_weight_sim": 0.756761908531189, "best_1_weight_sim": 0.7667247653007507, "best_2_weight_sim": 0.7857102155685425, "num_feature_traj": 204, "num_feature_timesteps": "37349", "final_test_returns": 1988.6120753811592, "final_test_normalized_returns": 61.724988481433016, "best_return": 2287.300656982031, "best_return_normalized": 70.90249488195134, "convergence_step": "90000", "convergence_iter": "18", "best_step": "90000", "best_iter": "18", "best_5percent_normalized": 70.90249488195134, "best_10percent_normalized": 66.72025105948666, "best_25percent_normalized": 60.581517095189305, "best_50percent_normalized": 46.076895371053524, "best_100percent_normalized": 33.72996290369927, "best_later_half_normalized": 45.509461922023576, "best_last_four_normalized": 62.20191315649785}