{
    "final_weight_diff": 0.0008098130347207189,
    "final_weight_sim": 0.8355535268783569,
    "final_feature_diff": 1.202782007654775,
    "final_feature_sim": 0.6465419339309968,
    "final_0_weight_diff": 0.0011450296733528376,
    "final_1_weight_diff": 0.0007383337360806763,
    "final_2_weight_diff": 0.0005444228299893439,
    "final_0_weight_sim": 0.7698410749435425,
    "final_1_weight_sim": 0.8179038166999817,
    "final_2_weight_sim": 0.8484914302825928,
    "best_weight_diff": 0.0007402651244774461,
    "best_weight_sim": 0.8468576073646545,
    "best_feature_diff": 1.1206690756870965,
    "best_feature_sim": 0.6715676510523487,
    "best_0_weight_diff": 0.0010429862886667252,
    "best_1_weight_diff": 0.0006759814568795264,
    "best_2_weight_diff": 0.0005004993872717023,
    "best_0_weight_sim": 0.7840130925178528,
    "best_1_weight_sim": 0.8296042680740356,
    "best_2_weight_sim": 0.8586717247962952,
    "num_feature_traj": 119,
    "num_feature_timesteps": "101758",
    "final_test_returns": 3334.866913342129,
    "final_test_normalized_returns": 72.60894782376792,
    "best_return": 3637.141019883113,
    "best_return_normalized": 79.19347777740097,
    "convergence_step": "5000",
    "convergence_iter": "1",
    "best_step": "90000",
    "best_iter": "18"
}