{
    "final_weight_diff": 0.0014615606050938368,
    "final_weight_sim": 0.7388327717781067,
    "final_feature_diff": 0.3546275792860994,
    "final_feature_sim": 0.6512819165929297,
    "final_0_weight_diff": 0.0017476151697337627,
    "final_1_weight_diff": 0.0015094677219167352,
    "final_2_weight_diff": 0.0011154022067785263,
    "final_0_weight_sim": 0.7016213536262512,
    "final_1_weight_sim": 0.7337544560432434,
    "final_2_weight_sim": 0.7640256881713867,
    "best_weight_diff": 0.0006785685545764863,
    "best_weight_sim": 0.8701242208480835,
    "best_feature_diff": 0.28683050366470836,
    "best_feature_sim": 0.7425550758449873,
    "best_0_weight_diff": 0.0008667415822856128,
    "best_1_weight_diff": 0.0006720225210301578,
    "best_2_weight_diff": 0.0004963043029420078,
    "best_0_weight_sim": 0.8454403877258301,
    "best_1_weight_sim": 0.8676396012306213,
    "best_2_weight_sim": 0.8856669664382935,
    "num_feature_traj": 20,
    "num_feature_timesteps": "20000",
    "final_test_returns": 4739.423786221055,
    "final_test_normalized_returns": 40.431175081919534,
    "best_return": 4903.472366198659,
    "best_return_normalized": 41.75253001847454,
    "convergence_step": "20000",
    "convergence_iter": "4",
    "best_step": "30000",
    "best_iter": "6"
}