{"final_weight_diff": 85.83573150634766, "final_feature_diff": 29.384251751326698, "best_weight_diff": 71.83173370361328, "best_feature_diff": 29.015893690234655, "num_feature_traj": 15, "num_feature_timesteps": "15000", "final_test_returns": 4733.598889777976, "final_test_normalized_returns": 40.38425754279158, "best_return": 4872.024493886446, "best_return_normalized": 41.49922821403608, "convergence_step": "5000", "convergence_iter": "1", "best_step": "55000", "best_iter": "11", "best_5percent_normalized": 41.49922821403608, "best_10percent_normalized": 41.297906371248715, "best_25percent_normalized": 40.826634767582064, "best_50percent_normalized": 40.27153986588589, "best_100percent_normalized": 36.14465693523624, "best_later_half_normalized": 39.71988320115469, "best_last_four_normalized": 39.29440176363019, "target_steps": 15000}