{"final_weight_diff": 0.0017593675293028355, "final_weight_sim": 0.751201331615448, "final_feature_diff": 0.17276147694938035, "final_feature_sim": 0.7410037233291019, "final_0_weight_diff": 0.0021656935568898916, "final_1_weight_diff": 0.0017424330580979586, "final_2_weight_diff": 0.0013649362372234464, "final_0_weight_sim": 0.723225474357605, "final_1_weight_sim": 0.7587825059890747, "final_2_weight_sim": 0.7638819813728333, "best_weight_diff": 0.0009145188960246742, "best_weight_sim": 0.8575263619422913, "best_feature_diff": 0.13628022300654496, "best_feature_sim": 0.7940540264293825, "best_0_weight_diff": 0.001169060473330319, "best_1_weight_diff": 0.0008483697311021388, "best_2_weight_diff": 0.0007254771771840751, "best_0_weight_sim": 0.837994396686554, "best_1_weight_sim": 0.8645694255828857, "best_2_weight_sim": 0.8636088967323303, "num_feature_traj": 204, "num_feature_timesteps": "37349", "final_test_returns": 2362.665456056593, "final_test_normalized_returns": 73.21815396129578, "best_return": 2708.733112900131, "best_return_normalized": 83.85142999304576, "convergence_step": "40000", "convergence_iter": "8", "best_step": "40000", "best_iter": "8", "best_5percent_normalized": 83.85142999304576, "best_10percent_normalized": 83.63251343104018, "best_25percent_normalized": 79.91400190608303, "best_50percent_normalized": 74.07029792628732, "best_100percent_normalized": 56.26035461586976, "best_later_half_normalized": 65.7845155517639, "best_last_four_normalized": 71.73593883365845, "target_steps": 20000}