{"final_weight_diff": 0.0010021912166848779, "final_weight_sim": 0.7965410947799683, "final_feature_diff": 0.07447391270102018, "final_feature_sim": 0.7670909161852315, "final_0_weight_diff": 0.0012681689113378525, "final_1_weight_diff": 0.000902450701687485, "final_2_weight_diff": 0.0008355217869393528, "final_0_weight_sim": 0.7540836930274963, "final_1_weight_sim": 0.7988131642341614, "final_2_weight_sim": 0.8088195323944092, "best_weight_diff": 0.0008809812134131789, "best_weight_sim": 0.8172309994697571, "best_feature_diff": 0.07163401763325056, "best_feature_sim": 0.7853570309108632, "best_0_weight_diff": 0.0011200212175026536, "best_1_weight_diff": 0.0007888805703260005, "best_2_weight_diff": 0.000733845226932317, "best_0_weight_sim": 0.7789222598075867, "best_1_weight_sim": 0.8190047740936279, "best_2_weight_sim": 0.8276017308235168, "num_feature_traj": 43, "num_feature_timesteps": "19631", "final_test_returns": 1665.6340099417114, "final_test_normalized_returns": 51.80116331573439, "best_return": 1945.9469265070904, "best_return_normalized": 60.41405896825175, "convergence_step": "85000", "convergence_iter": "17", "best_step": "85000", "best_iter": "17", "best_5percent_normalized": 60.41405896825175, "best_10percent_normalized": 58.68066709060515, "best_25percent_normalized": 56.561440290003475, "best_50percent_normalized": 54.15931719913608, "best_100percent_normalized": 50.024791623992385, "best_later_half_normalized": 51.21548636144646, "best_last_four_normalized": 54.66993207560322, "target_steps": 10000}