{
    "final_weight_diff": 0.001019051531329751,
    "final_weight_sim": 0.7906331419944763,
    "final_feature_diff": 0.2901925274687621,
    "final_feature_sim": 0.7526512349738821,
    "final_0_weight_diff": 0.001203152583912015,
    "final_1_weight_diff": 0.0010203089332208037,
    "final_2_weight_diff": 0.0008326933020725846,
    "final_0_weight_sim": 0.7679084539413452,
    "final_1_weight_sim": 0.7768146991729736,
    "final_2_weight_sim": 0.7935881614685059,
    "best_weight_diff": 0.0005389428697526455,
    "best_weight_sim": 0.8748564720153809,
    "best_feature_diff": 0.19859644089044853,
    "best_feature_sim": 0.8434241286760795,
    "best_0_weight_diff": 0.0006479417788796127,
    "best_1_weight_diff": 0.0005171263474039733,
    "best_2_weight_diff": 0.0004517308552749455,
    "best_0_weight_sim": 0.8591123819351196,
    "best_1_weight_sim": 0.8668152093887329,
    "best_2_weight_sim": 0.8739193677902222,
    "num_feature_traj": 321,
    "num_feature_timesteps": "203500",
    "final_test_returns": 2356.9207016464,
    "final_test_normalized_returns": 73.04164061724232,
    "best_return": 3631.585883539976,
    "best_return_normalized": 112.20700744394664,
    "convergence_step": "30000",
    "convergence_iter": "6",
    "best_step": "45000",
    "best_iter": "9"
}