{"final_weight_diff": 0.0012949298834428191, "final_weight_sim": 0.7854354977607727, "final_feature_diff": 0.3917419721436678, "final_feature_sim": 0.6438639320293309, "final_0_weight_diff": 0.0016634066123515368, "final_1_weight_diff": 0.0013309671776369214, "final_2_weight_diff": 0.0008852368919178843, "final_0_weight_sim": 0.7535122632980347, "final_1_weight_sim": 0.7777885794639587, "final_2_weight_sim": 0.8153464794158936, "best_weight_diff": 0.0012029496720060706, "best_weight_sim": 0.7976605892181396, "best_feature_diff": 0.384002577634019, "best_feature_sim": 0.6528040265895125, "best_0_weight_diff": 0.0015597109450027347, "best_1_weight_diff": 0.0012289382284507155, "best_2_weight_diff": 0.0008158207638189197, "best_0_weight_sim": 0.7656621932983398, "best_1_weight_sim": 0.790441632270813, "best_2_weight_sim": 0.8276759386062622, "num_feature_traj": 219, "num_feature_timesteps": "197797", "final_test_returns": 4992.679170863336, "final_test_normalized_returns": 108.72158278301936, "best_return": 5018.2395942962485, "best_return_normalized": 109.27837335845932, "convergence_step": "25000", "convergence_iter": "5", "best_step": "90000", "best_iter": "18", "best_5percent_normalized": 109.27837335845932, "best_10percent_normalized": 109.08468351371815, "best_25percent_normalized": 108.91162186892477, "best_50percent_normalized": 108.58373992858476, "best_100percent_normalized": 99.79841862125231, "best_later_half_normalized": 104.43142922205354, "best_last_four_normalized": 108.75899668521001, "target_steps": 15000}