{
    "final_weight_diff": 0.0012199768098071218,
    "final_weight_sim": 0.7617580890655518,
    "final_feature_diff": 0.3537095619372777,
    "final_feature_sim": 0.6951545561565412,
    "final_0_weight_diff": 0.0014853158500045538,
    "final_1_weight_diff": 0.0012913155369460583,
    "final_2_weight_diff": 0.0008804906392470002,
    "final_0_weight_sim": 0.7257626056671143,
    "final_1_weight_sim": 0.7401401996612549,
    "final_2_weight_sim": 0.7913432121276855,
    "best_weight_diff": 0.0011044873390346766,
    "best_weight_sim": 0.7792226672172546,
    "best_feature_diff": 0.34812296188188785,
    "best_feature_sim": 0.7027299199219906,
    "best_0_weight_diff": 0.0013512916630133986,
    "best_1_weight_diff": 0.0011571086943149567,
    "best_2_weight_diff": 0.0008028773008845747,
    "best_0_weight_sim": 0.74532151222229,
    "best_1_weight_sim": 0.7585028409957886,
    "best_2_weight_sim": 0.8064091205596924,
    "num_feature_traj": 96,
    "num_feature_timesteps": "77566",
    "final_test_returns": 3580.5264522746497,
    "final_test_normalized_returns": 92.88579773796518,
    "best_return": 3876.158178449855,
    "best_return_normalized": 99.91577719662938,
    "convergence_step": "10000",
    "convergence_iter": "2",
    "best_step": "85000",
    "best_iter": "17"
}