current_itr_train_time	current_itr_train_loss_mean	current_itr_train_loss_std	current_itr_eval_5000_return_mean	current_itr_eval_5000_return_std	current_itr_eval_5000_length_mean	current_itr_eval_5000_length_std	current_itr_eval_2500_return_mean	current_itr_eval_2500_return_std	current_itr_eval_2500_length_mean	current_itr_eval_2500_length_std	TestEpRet	TestEpNormRet	Iteration	Steps	total_time	current_eval_time
1778.1096568107605	0.33335521016418934	0.23296092514299682	239.7415489438682	11.546525172352153	159.5	12.50799744163709	217.68897591910212	58.954570623452526	164.2	35.082189213331596	239.7415489438682	5.1868788105010895	1	5000	1850.6246354579926	72.51396918296814
1513.4042003154755	0.13776189938485622	0.014223915640877879	36.69063604307249	3.8466055089798368	55.9	3.8845849199110063	52.60386680005015	4.9905738339855645	69.8	4.915282290977803	36.69063604307249	0.763758241533169	2	10000	3394.3528711795807	30.124244451522827
1325.1066391468048	0.12397982184141874	0.011816086439905811	437.8284370583565	164.80083453671458	206.7	51.45687514803051	394.0959786626618	20.273648254113862	193.6	12.674383614203888	437.8284370583565	9.501866498786468	3	15000	4834.261512756348	114.68497657775879
1688.6394686698914	0.1167218418687582	0.011236853867138609	3023.5017266628656	866.3740122343587	779.2	201.2117292803777	2118.6843321835354	897.0129007717445	681.8	261.79258965830184	3023.5017266628656	65.82638407171798	4	20000	6870.210322380066	347.15076303482056
1463.150556564331	0.11233242255747318	0.010640327978289186	553.6416045791468	480.5906069649411	313.3	151.82756666692646	158.87037742960675	183.05383162466808	190.9	81.04498750693963	553.6416045791468	12.02466039367926	5	25000	8471.52723312378	138.0787227153778
