{"final_weight_diff": 0.002381822094321251, "final_weight_sim": 0.7046078443527222, "final_feature_diff": 0.8928354634226527, "final_feature_sim": 0.5599053028342738, "final_0_weight_diff": 0.002886994043365121, "final_1_weight_diff": 0.00232005980797112, "final_2_weight_diff": 0.0019391578389331698, "final_0_weight_sim": 0.6712109446525574, "final_1_weight_sim": 0.6845971345901489, "final_2_weight_sim": 0.709693431854248, "best_weight_diff": 0.0015056115807965398, "best_weight_sim": 0.7723012566566467, "best_feature_diff": 0.7406662789401044, "best_feature_sim": 0.6398053167957013, "best_0_weight_diff": 0.0018480423605069518, "best_1_weight_diff": 0.001409459626302123, "best_2_weight_diff": 0.0012592296116054058, "best_0_weight_sim": 0.7359540462493896, "best_1_weight_sim": 0.7590273022651672, "best_2_weight_sim": 0.7744264006614685, "num_feature_traj": 223, "num_feature_timesteps": "196344", "final_test_returns": 4014.975847956665, "final_test_normalized_returns": 103.21679423481476, "best_return": 4749.6125090333735, "best_return_normalized": 120.68609870956588, "convergence_step": "45000", "convergence_iter": "9", "best_step": "45000", "best_iter": "9", "best_5percent_normalized": 120.68609870956588, "best_10percent_normalized": 119.75525870698682, "best_25percent_normalized": 116.77132564627001, "best_50percent_normalized": 110.73906854129288, "best_100percent_normalized": 100.33028561520084, "best_later_half_normalized": 102.73230305710975, "best_last_four_normalized": 98.78274503778842}