{
    "final_weight_diff": 0.0014991132775321603,
    "final_weight_sim": 0.7464225888252258,
    "final_feature_diff": 1.6451369345918634,
    "final_feature_sim": 0.3189329030771097,
    "final_0_weight_diff": 0.0016568680293858051,
    "final_1_weight_diff": 0.0015294080367311835,
    "final_2_weight_diff": 0.0013011913979426026,
    "final_0_weight_sim": 0.7127384543418884,
    "final_1_weight_sim": 0.72112637758255,
    "final_2_weight_sim": 0.7362241744995117,
    "best_weight_diff": 0.0014991132775321603,
    "best_weight_sim": 0.7464225888252258,
    "best_feature_diff": 1.6451369345918634,
    "best_feature_sim": 0.3189329030771097,
    "best_0_weight_diff": 0.0016568680293858051,
    "best_1_weight_diff": 0.0015294080367311835,
    "best_2_weight_diff": 0.0013011913979426026,
    "best_0_weight_sim": 0.7127384543418884,
    "best_1_weight_sim": 0.72112637758255,
    "best_2_weight_sim": 0.7362241744995117,
    "num_feature_traj": 48,
    "num_feature_timesteps": "28017",
    "final_test_returns": 3768.395019819471,
    "final_test_normalized_returns": 97.3532214067836,
    "best_return": 3768.395019819471,
    "best_return_normalized": 97.3532214067836,
    "convergence_step": "100000",
    "convergence_iter": "20",
    "best_step": "100000",
    "best_iter": "20"
}