{"final_weight_diff": 0.0009390179184265435, "final_weight_sim": 0.8151348829269409, "final_feature_diff": 0.4868467827924658, "final_feature_sim": 0.7358574847716164, "final_0_weight_diff": 0.0012748179724439979, "final_1_weight_diff": 0.0008621099404990673, "final_2_weight_diff": 0.0006769717438146472, "final_0_weight_sim": 0.7700510621070862, "final_1_weight_sim": 0.8132330179214478, "final_2_weight_sim": 0.8322579860687256, "best_weight_diff": 0.0004924974055029452, "best_weight_sim": 0.8912327289581299, "best_feature_diff": 0.31197908224608406, "best_feature_sim": 0.8351165536702205, "best_0_weight_diff": 0.0006667907000519335, "best_1_weight_diff": 0.0004542611713986844, "best_2_weight_diff": 0.00035604971344582736, "best_0_weight_sim": 0.8561041355133057, "best_1_weight_sim": 0.8889338374137878, "best_2_weight_sim": 0.9039535522460938, "num_feature_traj": 219, "num_feature_timesteps": "197797", "final_test_returns": 4984.316927275952, "final_test_normalized_returns": 108.53942545564922, "best_return": 5010.7385548309385, "best_return_normalized": 109.1149759057039, "convergence_step": "10000", "convergence_iter": "2", "best_step": "40000", "best_iter": "8", "best_5percent_normalized": 109.1149759057039, "best_10percent_normalized": 108.9544454622312, "best_25percent_normalized": 108.76519111756197, "best_50percent_normalized": 108.30211623535322, "best_100percent_normalized": 103.64620372564616, "best_later_half_normalized": 102.14740049356601, "best_last_four_normalized": 106.04868888745385, "target_steps": 5000}