{"final_weight_diff": 0.0010305645409971476, "final_weight_sim": 0.7943663001060486, "final_feature_diff": 0.709260799361555, "final_feature_sim": 0.6131826437205928, "final_0_weight_diff": 0.001181453000754118, "final_1_weight_diff": 0.0010331077501177788, "final_2_weight_diff": 0.0008699101745150983, "final_0_weight_sim": 0.7610008716583252, "final_1_weight_sim": 0.7825145125389099, "final_2_weight_sim": 0.797089159488678, "best_weight_diff": 0.0010305645409971476, "best_weight_sim": 0.7943663001060486, "best_feature_diff": 0.709260799361555, "best_feature_sim": 0.6131826437205928, "best_0_weight_diff": 0.001181453000754118, "best_1_weight_diff": 0.0010331077501177788, "best_2_weight_diff": 0.0008699101745150983, "best_0_weight_sim": 0.7610008716583252, "best_1_weight_sim": 0.7825145125389099, "best_2_weight_sim": 0.797089159488678, "num_feature_traj": 20, "num_feature_timesteps": "20000", "final_test_returns": 4774.1790628977205, "final_test_normalized_returns": 40.71111689192677, "best_return": 4774.1790628977205, "best_return_normalized": 40.71111689192677, "convergence_step": "20000", "convergence_iter": "4", "best_step": "100000", "best_iter": "20", "best_5percent_normalized": 40.71111689192677, "best_10percent_normalized": 40.45138921329677, "best_25percent_normalized": 40.09795693157965, "best_50percent_normalized": 39.35431419087855, "best_100percent_normalized": 36.25277604927608, "best_later_half_normalized": 38.12221868588075, "best_last_four_normalized": 40.01519168420618, "target_steps": 