{
    "final_weight_diff": 0.0016536019975319505,
    "final_weight_sim": 0.7421921491622925,
    "final_feature_diff": 0.4351997384400026,
    "final_feature_sim": 0.5192256429835045,
    "final_0_weight_diff": 0.0019179648952558637,
    "final_1_weight_diff": 0.001649421639740467,
    "final_2_weight_diff": 0.0013836693251505494,
    "final_0_weight_sim": 0.7209447622299194,
    "final_1_weight_sim": 0.7397607564926147,
    "final_2_weight_sim": 0.7500865459442139,
    "best_weight_diff": 0.0009531277464702725,
    "best_weight_sim": 0.8379988074302673,
    "best_feature_diff": 0.39788423122020106,
    "best_feature_sim": 0.5815647094380355,
    "best_0_weight_diff": 0.0011633177055045962,
    "best_1_weight_diff": 0.0009265776607207954,
    "best_2_weight_diff": 0.0007675664382986724,
    "best_0_weight_sim": 0.8218002915382385,
    "best_1_weight_sim": 0.8353559970855713,
    "best_2_weight_sim": 0.8440917134284973,
    "num_feature_traj": 109,
    "num_feature_timesteps": "31150",
    "final_test_returns": 2792.506775246868,
    "final_test_normalized_returns": 60.79454990589462,
    "best_return": 3751.037604671276,
    "best_return_normalized": 81.67452216038218,
    "convergence_step": "45000",
    "convergence_iter": "9",
    "best_step": "45000",
    "best_iter": "9"
}