{
    "final_weight_diff": 0.0010210731998085976,
    "final_weight_sim": 0.8013639450073242,
    "final_feature_diff": 0.85207630908686,
    "final_feature_sim": 0.6838616823093867,
    "final_0_weight_diff": 0.0014054261846467853,
    "final_1_weight_diff": 0.0009332332410849631,
    "final_2_weight_diff": 0.000720553973224014,
    "final_0_weight_sim": 0.7451046705245972,
    "final_1_weight_sim": 0.7929942011833191,
    "final_2_weight_sim": 0.8129413723945618,
    "best_weight_diff": 0.0002955366508103907,
    "best_weight_sim": 0.932053804397583,
    "best_feature_diff": 0.4696970915141249,
    "best_feature_sim": 0.8344350007156035,
    "best_0_weight_diff": 0.00038674884126521647,
    "best_1_weight_diff": 0.0002770999271888286,
    "best_2_weight_diff": 0.00022258762328419834,
    "best_0_weight_sim": 0.9025762677192688,
    "best_1_weight_sim": 0.9269416928291321,
    "best_2_weight_sim": 0.9369606375694275,
    "num_feature_traj": 200,
    "num_feature_timesteps": "200000",
    "final_test_returns": 5010.796162712291,
    "final_test_normalized_returns": 42.616986317654174,
    "best_return": 6626.8875811378,
    "best_return_normalized": 55.63404732453557,
    "convergence_step": "15000",
    "convergence_iter": "3",
    "best_step": "15000",
    "best_iter": "3"
}