{
    "final_weight_diff": 0.0012483784230425954,
    "final_weight_sim": 0.7565474510192871,
    "final_feature_diff": 0.21152760842674798,
    "final_feature_sim": 0.6860713678757824,
    "final_0_weight_diff": 0.0015558068407699466,
    "final_1_weight_diff": 0.0012030635261908174,
    "final_2_weight_diff": 0.000980748445726931,
    "final_0_weight_sim": 0.7239164710044861,
    "final_1_weight_sim": 0.7527288198471069,
    "final_2_weight_sim": 0.7657281756401062,
    "best_weight_diff": 0.0012483784230425954,
    "best_weight_sim": 0.7565474510192871,
    "best_feature_diff": 0.21152760842674798,
    "best_feature_sim": 0.6860713678757824,
    "best_0_weight_diff": 0.0015558068407699466,
    "best_1_weight_diff": 0.0012030635261908174,
    "best_2_weight_diff": 0.000980748445726931,
    "best_0_weight_sim": 0.7239164710044861,
    "best_1_weight_sim": 0.7527288198471069,
    "best_2_weight_sim": 0.7657281756401062,
    "num_feature_traj": 223,
    "num_feature_timesteps": "196344",
    "final_test_returns": 4533.51240949983,
    "final_test_normalized_returns": 115.54734286495209,
    "best_return": 4533.51240949983,
    "best_return_normalized": 115.54734286495209,
    "convergence_step": "100000",
    "convergence_iter": "20",
    "best_step": "100000",
    "best_iter": "20"
}