{"final_weight_diff": 0.0014983266592025757, "final_weight_sim": 0.8551134467124939, "final_feature_diff": 9.086609997791404, "final_feature_sim": 0.33149350563060825, "final_0_weight_diff": 0.0015454288804903626, "final_1_weight_diff": 0.0016793654067441821, "final_2_weight_diff": 0.0012656253529712558, "final_0_weight_sim": 0.7397763729095459, "final_1_weight_sim": 0.7934504747390747, "final_2_weight_sim": 0.8530671000480652, "best_weight_diff": 0.0005768312839791179, "best_weight_sim": 0.939184308052063, "best_feature_diff": 8.144418689956419, "best_feature_sim": 0.4235962969636113, "best_0_weight_diff": 0.0006748760351911187, "best_1_weight_diff": 0.0005902496632188559, "best_2_weight_diff": 0.00046388505143113434, "best_0_weight_sim": 0.865749180316925, "best_1_weight_sim": 0.9148106575012207, "best_2_weight_sim": 0.9424458742141724, "num_feature_traj": 50, "num_feature_timesteps": "50000", "final_test_returns": 5002.408636210894, "final_test_normalized_returns": 42.549427674052254, "best_return": 5100.444812054438, "best_return_normalized": 43.33907538041783, "convergence_step": "5000", "convergence_iter": "1", "best_step": "30000", "best_iter": "6", "best_5percent_normalized": 43.33907538041783, "best_10percent_normalized": 43.25102095265849, "best_25percent_normalized": 43.07521193348001, "best_50percent_normalized": 42.87898389493692, "best_100percent_normalized": 41.998433613859696, "best_later_half_normalized": 42.35361322777068, "best_last_four_normalized": 42.59364816018099, "target_steps": 10000}