{"final_weight_diff": 31.9934139251709, "final_feature_diff": 9.095520496663918, "best_weight_diff": 30.92670440673828, "best_feature_diff": 8.95469705726015, "num_feature_traj": 240, "num_feature_timesteps": "150850", "final_test_returns": 2505.9698340530003, "final_test_normalized_returns": 77.62132477966257, "best_return": 3416.1818994931514, "best_return_normalized": 105.58850387848892, "convergence_step": "5000", "convergence_iter": "1", "best_step": "90000", "best_iter": "18", "best_5percent_normalized": 105.58850387848892, "best_10percent_normalized": 104.86152411350878, "best_25percent_normalized": 100.8847557245019, "best_50percent_normalized": 94.70065276337935, "best_100percent_normalized": 79.22786359832574, "best_later_half_normalized": 86.63856034308736, "best_last_four_normalized": 93.75915816915501}