{"final_weight_diff": 0.029159333556890488, "final_weight_sim": 0.3429262042045593, "final_feature_diff": 14.095016641297375, "final_feature_sim": 0.12519851755263606, "final_0_weight_diff": 0.014822962693870068, "final_1_weight_diff": 0.029916372150182724, "final_2_weight_diff": 0.041616372764110565, "final_0_weight_sim": 0.28647708892822266, "final_1_weight_sim": 0.26528939604759216, "final_2_weight_sim": 0.2867550849914551, "best_weight_diff": 0.028743386268615723, "best_weight_sim": 0.34922754764556885, "best_feature_diff": 14.143547691711507, "best_feature_sim": 0.12438712597177866, "best_0_weight_diff": 0.014520660974085331, "best_1_weight_diff": 0.029599357396364212, "best_2_weight_diff": 0.040973059833049774, "best_0_weight_sim": 0.2954820692539215, "best_1_weight_sim": 0.27460306882858276, "best_2_weight_sim": 0.29004594683647156, "num_feature_traj": 219, "num_feature_timesteps": "197797", "final_test_returns": 4941.948021473023, "final_test_normalized_returns": 107.61649053226296, "best_return": 4971.544294664108, "best_return_normalized": 108.2611952658991, "convergence_step": "10000", "convergence_iter": "2", "best_step": "75000", "best_iter": "15", "best_5percent_normalized": 108.2611952658991, "best_10percent_normalized": 107.93884289908104, "best_25percent_normalized": 107.13277486171432, "best_50percent_normalized": 91.97670961016944, "best_100percent_normalized": 54.057268221876974, "best_later_half_normalized": 91.17717130885315}