{
    "final_weight_diff": 0.0010282789589837193,
    "final_weight_sim": 0.7843568325042725,
    "final_feature_diff": 0.27000817162455754,
    "final_feature_sim": 0.7385069747921401,
    "final_0_weight_diff": 0.0011848668800666928,
    "final_1_weight_diff": 0.0010688633192330599,
    "final_2_weight_diff": 0.0008297382155433297,
    "final_0_weight_sim": 0.7577309012413025,
    "final_1_weight_sim": 0.7661157250404358,
    "final_2_weight_sim": 0.7944870591163635,
    "best_weight_diff": 0.0007878673495724797,
    "best_weight_sim": 0.8263502717018127,
    "best_feature_diff": 0.24225737267998126,
    "best_feature_sim": 0.7683034932396624,
    "best_0_weight_diff": 0.0009210742427967489,
    "best_1_weight_diff": 0.0008145544561557472,
    "best_2_weight_diff": 0.0006272743921726942,
    "best_0_weight_sim": 0.8044627904891968,
    "best_1_weight_sim": 0.8090447187423706,
    "best_2_weight_sim": 0.8351936340332031,
    "num_feature_traj": 100,
    "num_feature_timesteps": "100000",
    "final_test_returns": 4892.047426412043,
    "final_test_normalized_returns": 41.66050605466486,
    "best_return": 5156.0214695774375,
    "best_return_normalized": 43.78672625789124,
    "convergence_step": "5000",
    "convergence_iter": "1",
    "best_step": "70000",
    "best_iter": "14"
}