{"final_weight_diff": 92.74427032470703, "final_feature_diff": 30.333051301819573, "best_weight_diff": 60.438663482666016, "best_feature_diff": 28.72071665364866, "num_feature_traj": 54, "num_feature_timesteps": "12717", "final_test_returns": 3160.252497885282, "final_test_normalized_returns": 68.80526823616208, "best_return": 3267.3550410646944, "best_return_normalized": 71.13831591843021, "convergence_step": "5000", "convergence_iter": "1", "best_step": "40000", "best_iter": "8", "best_5percent_normalized": 71.13831591843021, "best_10percent_normalized": 70.32309486722895, "best_25percent_normalized": 68.35060996191639, "best_50percent_normalized": 64.94870351404103, "best_100percent_normalized": 46.0874279119066, "best_later_half_normalized": 61.7629599213883, "best_last_four_normalized": 63.46488155916437, "target_steps": 30000}