{"final_weight_diff": 0.0009868561755865812, "final_weight_sim": 0.8049699068069458, "final_feature_diff": 1.155217250673915, "final_feature_sim": 0.6611738188516446, "final_0_weight_diff": 0.0012379366671666503, "final_1_weight_diff": 0.0009549687965773046, "final_2_weight_diff": 0.000761451490689069, "final_0_weight_sim": 0.7529675364494324, "final_1_weight_sim": 0.774958074092865, "final_2_weight_sim": 0.8044413328170776, "best_weight_diff": 0.0009134285501204431, "best_weight_sim": 0.8173589706420898, "best_feature_diff": 1.1302530472603958, "best_feature_sim": 0.6707298537681313, "best_0_weight_diff": 0.001156552811153233, "best_1_weight_diff": 0.0008823553216643631, "best_2_weight_diff": 0.0006968085072003305, "best_0_weight_sim": 0.7659650444984436, "best_1_weight_sim": 0.7883080840110779, "best_2_weight_sim": 0.8179742097854614, "num_feature_traj": 20, "num_feature_timesteps": "20000", "final_test_returns": 4625.400135741098, "final_test_normalized_returns": 39.51275376144066, "best_return": 4797.075051785805, "best_return_normalized": 40.89553621423184, "convergence_step": "15000", "convergence_iter": "3", "best_step": "90000", "best_iter": "18", "best_5percent_normalized": 40.89553621423184, "best_10percent_normalized": 40.53033134342294, "best_25percent_normalized": 40.1739214225843, "best_50percent_normalized": 39.60453689015715, "best_100percent_normalized": 37.13769647780883, "best_later_half_normalized": 39.34927139606042, "best_last_four_normalized": 39.78472685115908, "target_steps": 10000}