{
    "final_weight_diff": 0.0013029255205765367,
    "final_weight_sim": 0.7444283962249756,
    "final_feature_diff": 0.28977908047830225,
    "final_feature_sim": 0.6811850480918443,
    "final_0_weight_diff": 0.001461203908547759,
    "final_1_weight_diff": 0.0012998735764995217,
    "final_2_weight_diff": 0.001134840538725257,
    "final_0_weight_sim": 0.7107909917831421,
    "final_1_weight_sim": 0.7434030771255493,
    "final_2_weight_sim": 0.7498455047607422,
    "best_weight_diff": 0.0010565955890342593,
    "best_weight_sim": 0.7810710072517395,
    "best_feature_diff": 0.27917541774985416,
    "best_feature_sim": 0.7011291150065565,
    "best_0_weight_diff": 0.0011931308545172215,
    "best_1_weight_diff": 0.0010429390240460634,
    "best_2_weight_diff": 0.0009279624791815877,
    "best_0_weight_sim": 0.7492966651916504,
    "best_1_weight_sim": 0.7779648303985596,
    "best_2_weight_sim": 0.7840579152107239,
    "num_feature_traj": 48,
    "num_feature_timesteps": "28017",
    "final_test_returns": 2952.77275966871,
    "final_test_normalized_returns": 77.95811855679048,
    "best_return": 3348.964796100058,
    "best_return_normalized": 87.37937355480126,
    "convergence_step": "30000",
    "convergence_iter": "6",
    "best_step": "70000",
    "best_iter": "14"
}