{"final_weight_diff": 0.002315243473276496, "final_weight_sim": 0.7313307523727417, "final_feature_diff": 0.2421955969874916, "final_feature_sim": 0.7153780089428976, "final_0_weight_diff": 0.0020784989465028048, "final_1_weight_diff": 0.002451780019327998, "final_2_weight_diff": 0.0024126560892909765, "final_0_weight_sim": 0.7157372236251831, "final_1_weight_sim": 0.7345808148384094, "final_2_weight_sim": 0.718707799911499, "best_weight_diff": 0.002045908709987998, "best_weight_sim": 0.7570032477378845, "best_feature_diff": 0.24017455846457286, "best_feature_sim": 0.7203904140621398, "best_0_weight_diff": 0.0018100962042808533, "best_1_weight_diff": 0.0021660844795405865, "best_2_weight_diff": 0.0021593186538666487, "best_0_weight_sim": 0.744990348815918, "best_1_weight_sim": 0.7587719559669495, "best_2_weight_sim": 0.7442329525947571, "num_feature_traj": 100, "num_feature_timesteps": "100000", "final_test_returns": 5024.105175923034, "final_test_normalized_returns": 42.72418584543485, "best_return": 5069.75675548976, "best_return_normalized": 43.09189363071567, "convergence_step": "10000", "convergence_iter": "2", "best_step": "80000", "best_iter": "16", "best_5percent_normalized": 43.09189363071567, "best_10percent_normalized": 43.002120923364075, "best_25percent_normalized": 42.91024435745387, "best_50percent_normalized": 42.803406051480636, "best_100percent_normalized": 42.38639866466957, "best_later_half_normalized": 42.567110001940115}