{"final_weight_diff": 0.0013663283316418529, "final_weight_sim": 0.8266805410385132, "final_feature_diff": 2.3876142967683176, "final_feature_sim": 0.30472185572792077, "final_0_weight_diff": 0.0020074155181646347, "final_1_weight_diff": 0.0012300817761570215, "final_2_weight_diff": 0.0008564602467231452, "final_0_weight_sim": 0.7717186212539673, "final_1_weight_sim": 0.8344894647598267, "final_2_weight_sim": 0.8398879170417786, "best_weight_diff": 0.0010109645081683993, "best_weight_sim": 0.8654583692550659, "best_feature_diff": 2.3151413893889905, "best_feature_sim": 0.33527712996057585, "best_0_weight_diff": 0.0014992693904787302, "best_1_weight_diff": 0.0008847248391248286, "best_2_weight_diff": 0.0006461894372478127, "best_0_weight_sim": 0.8167080879211426, "best_1_weight_sim": 0.8747402429580688, "best_2_weight_sim": 0.8749567270278931, "num_feature_traj": 721, "num_feature_timesteps": "603528", "final_test_returns": 3397.0202545360107, "final_test_normalized_returns": 88.52210911316698, "best_return": 3933.993485549471, "best_return_normalized": 101.29107282594516, "convergence_step": "55000", "convergence_iter": "11", "best_step": "65000", "best_iter": "13", "best_5percent_normalized": 101.29107282594516, "best_10percent_normalized": 100.93361995728719, "best_25percent_normalized": 98.5852012877217, "best_50percent_normalized": 95.40305477623852, "best_100percent_normalized": 88.7880543369234, "best_later_half_normalized": 92.28086547092163, "best_last_four_normalized": 88.14499811398306, "target_steps": 5000}