current_itr_train_time	current_itr_train_loss_mean	current_itr_train_loss_std	current_itr_eval_5000_return_mean	current_itr_eval_5000_return_std	current_itr_eval_5000_length_mean	current_itr_eval_5000_length_std	current_itr_eval_2500_return_mean	current_itr_eval_2500_return_std	current_itr_eval_2500_length_mean	current_itr_eval_2500_length_std	TestEpRet	TestEpNormRet	Iteration	Steps	total_time	current_eval_time
1838.2622783184052	0.2231597770296037	0.23873023569199475	3114.762975204058	124.91836583980246	1000.0	0.0	3090.587321239411	71.9947736111119	1000.0	0.0	3114.762975204058	67.81435595426477	1	5000	2522.155793428421	683.8925714492798
1629.5683403015137	0.05601757321730256	0.006458045506294153	3590.937801942791	129.38172268307687	990.6	28.2	3240.8488639376833	642.4681564182404	902.7	170.41657783208768	3590.937801942791	78.18701885187922	2	10000	4778.717721939087	626.8969020843506
1765.4040939807892	0.047634656453132626	0.004151519879709545	1982.5699017475308	1393.2856347047589	577.1	345.5495478220164	2069.262776508453	1423.7699196134506	604.3	359.804683126832	1982.5699017475308	43.151445555554865	3	15000	6798.92419719696	254.71083521842957
1544.722815990448	0.044135103503614666	0.0036547496579222615	3526.7465047881974	113.02740552774848	1000.0	0.0	3304.773402891968	483.0084218584717	921.0	136.1969162646497	3526.7465047881974	76.78872005707433	4	20000	8948.64722251892	604.8869833946228
