{"final_weight_diff": 0.0011036646319553256, "final_weight_sim": 0.7827221155166626, "final_feature_diff": 0.6016276607017497, "final_feature_sim": 0.6276820340056051, "final_0_weight_diff": 0.0012633423320949078, "final_1_weight_diff": 0.001106229959987104, "final_2_weight_diff": 0.0009329323656857014, "final_0_weight_sim": 0.7470472455024719, "final_1_weight_sim": 0.7750242352485657, "final_2_weight_sim": 0.7893020510673523, "best_weight_diff": 0.0009448419441469014, "best_weight_sim": 0.8093616962432861, "best_feature_diff": 0.5795836500216401, "best_feature_sim": 0.64904989726853, "best_0_weight_diff": 0.001106159295886755, "best_1_weight_diff": 0.000940711994189769, "best_2_weight_diff": 0.0007828429224900901, "best_0_weight_sim": 0.7747143507003784, "best_1_weight_sim": 0.8018077611923218, "best_2_weight_sim": 0.8165949583053589, "num_feature_traj": 20, "num_feature_timesteps": "20000", "final_test_returns": 4664.007238934115, "final_test_normalized_returns": 39.82372071035998, "best_return": 4904.243813050473, "best_return_normalized": 41.75874375775881, "convergence_step": "40000", "convergence_iter": "8", "best_step": "80000", "best_iter": "16", "best_5percent_normalized": 41.75874375775881, "best_10percent_normalized": 41.32795550136031, "best_25percent_normalized": 40.73381486597253, "best_50percent_normalized": 40.25966907404245, "best_100percent_normalized": 37.71863985154334, "best_later_half_normalized": 39.26625985614056, "best_last_four_normalized": 39.349757304405784, "target_steps": 10000}