{"final_weight_diff": 0.0018072829116135836, "final_weight_sim": 0.7393121719360352, "final_feature_diff": 0.6476562328534994, "final_feature_sim": 0.6680406151700713, "final_0_weight_diff": 0.0021536557469516993, "final_1_weight_diff": 0.001781717175617814, "final_2_weight_diff": 0.0014868207508698106, "final_0_weight_sim": 0.7049356698989868, "final_1_weight_sim": 0.7229958772659302, "final_2_weight_sim": 0.7379026412963867, "best_weight_diff": 0.0016540607903152704, "best_weight_sim": 0.7530249953269958, "best_feature_diff": 0.6272019177183065, "best_feature_sim": 0.6786173300011443, "best_0_weight_diff": 0.001975027145817876, "best_1_weight_diff": 0.0016158591024577618, "best_2_weight_diff": 0.0013714716769754887, "best_0_weight_sim": 0.7187577486038208, "best_1_weight_sim": 0.7376781105995178, "best_2_weight_sim": 0.7510912418365479, "num_feature_traj": 218, "num_feature_timesteps": "100692", "final_test_returns": 2128.496442174061, "final_test_normalized_returns": 66.02307602362706, "best_return": 2352.113342252145, "best_return_normalized": 72.89392967571955, "convergence_step": "105000", "convergence_iter": "21", "best_step": "105000", "best_iter": "21", "best_5percent_normalized": 72.89392967571955, "best_10percent_normalized": 70.05065240166846, "best_25percent_normalized": 65.54268791168197, "best_50percent_normalized": 61.398798257849734, "best_100percent_normalized": 54.371071473234906, "best_later_half_normalized": 58.89677330716424, "best_last_four_normalized": 62.25032215754111, "target_steps": 15000}