current_itr_train_time	current_itr_train_loss_mean	current_itr_train_loss_std	current_itr_eval_2000_return_mean	current_itr_eval_2000_return_std	current_itr_eval_2000_length_mean	current_itr_eval_2000_length_std	current_itr_eval_5000_return_mean	current_itr_eval_5000_return_std	current_itr_eval_5000_length_mean	current_itr_eval_5000_length_std	TestEpRet	TestEpNormRet	Iteration	Steps	total_time	current_eval_time
920.0017623901367	0.09262130112573505	0.16286858715398703	3477.055214556186	1058.3148915112151	910.5	268.5	3384.0720971416767	1180.1640510219681	859.1	294.5262127553335	3384.0720971416767	88.21420819303442	1	5000	1089.3547897338867	169.35163187980652
909.3736426830292	0.018543948854506016	0.0021739359917101395	2645.364799998086	1423.672205167635	741.6	361.89064646658113	2897.4102767302543	1424.4954751713033	746.4	349.21059548644854	2897.4102767302543	76.64162548998299	2	10000	2130.8772418498993	132.1009955406189
903.2425799369812	0.016725932984054087	0.0017170357021984379	3484.158446830576	1025.9863030045128	903.8	250.5872303211	3511.248412083881	1136.9131131836039	905.6	283.2	3511.248412083881	91.23839945030987	3	15000	3181.6981194019318	147.55883193016052
900.0852611064911	0.016000476480461656	0.0015560530784490012	2818.2266501505933	1217.9458689621342	724.7	306.5129850430484	3536.7645184108906	1154.6550310835403	897.6	285.8755673365599	3536.7645184108906	91.8451601172542	4	20000	4214.001272916794	132.19667625427246
