{"final_weight_diff": 91.00870513916016, "final_feature_diff": 26.144545404911646, "best_weight_diff": 55.20137023925781, "best_feature_diff": 25.504658959343427, "num_feature_traj": 54, "num_feature_timesteps": "12717", "final_test_returns": 2893.397957194264, "final_test_normalized_returns": 62.99229359354324, "best_return": 3163.7140112719703, "best_return_normalized": 68.88067144830077, "convergence_step": "15000", "convergence_iter": "3", "best_step": "35000", "best_iter": "7", "best_5percent_normalized": 68.88067144830077, "best_10percent_normalized": 67.0697120753573, "best_25percent_normalized": 64.51020503531115, "best_50percent_normalized": 62.20907764592598, "best_100percent_normalized": 48.02077665811595, "best_later_half_normalized": 56.84300025449352, "best_last_four_normalized": 61.37467776514235}