{
    "final_weight_diff": 0.0017441376112401485,
    "final_weight_sim": 0.8261021971702576,
    "final_feature_diff": 8.516515036327085,
    "final_feature_sim": 0.3209679517171943,
    "final_0_weight_diff": 0.0018609173130244017,
    "final_1_weight_diff": 0.0017416179180145264,
    "final_2_weight_diff": 0.0016090538119897246,
    "final_0_weight_sim": 0.6966609358787537,
    "final_1_weight_sim": 0.7736011743545532,
    "final_2_weight_sim": 0.8073313236236572,
    "best_weight_diff": 0.0016242382116615772,
    "best_weight_sim": 0.8366175889968872,
    "best_feature_diff": 8.463349918440098,
    "best_feature_sim": 0.32600133958316113,
    "best_0_weight_diff": 0.0017450734740123153,
    "best_1_weight_diff": 0.001618474954739213,
    "best_2_weight_diff": 0.001491509610787034,
    "best_0_weight_sim": 0.7097356915473938,
    "best_1_weight_sim": 0.7862225770950317,
    "best_2_weight_sim": 0.8198140859603882,
    "num_feature_traj": 2,
    "num_feature_timesteps": "2000",
    "final_test_returns": 2180.6258078708843,
    "final_test_normalized_returns": 19.82093669520773,
    "best_return": 3792.471245834117,
    "best_return_normalized": 32.80379778859332,
    "convergence_step": "25000",
    "convergence_iter": "5",
    "best_step": "90000",
    "best_iter": "18"
}