{
    "final_weight_diff": 0.00013017687888350338,
    "final_weight_sim": 0.8980478048324585,
    "final_feature_diff": 0.6030316636046,
    "final_feature_sim": 0.6893894162867241,
    "final_0_weight_diff": 0.0018528667278587818,
    "final_1_weight_diff": 0.00157928594853729,
    "final_2_weight_diff": 0.0012979991734027863,
    "final_0_weight_sim": 1.0,
    "final_1_weight_sim": 0.9999999403953552,
    "final_2_weight_sim": 1.0,
    "best_weight_diff": 0.00012157068704254925,
    "best_weight_sim": 0.9037339091300964,
    "best_feature_diff": 0.5804914505266348,
    "best_feature_sim": 0.7006452950757196,
    "best_0_weight_diff": 0.0017263861373066902,
    "best_1_weight_diff": 0.0014662122121080756,
    "best_2_weight_diff": 0.0012247338891029358,
    "best_0_weight_sim": 1.0000001192092896,
    "best_1_weight_sim": 1.0,
    "best_2_weight_sim": 1.0,
    "num_feature_traj": 163,
    "num_feature_timesteps": "73931",
    "final_test_returns": 1967.7374473721788,
    "final_test_normalized_returns": 61.08359458838874,
    "best_return": 2193.1859550356608,
    "best_return_normalized": 68.01072622154143,
    "convergence_step": "5000",
    "convergence_iter": "1",
    "best_step": "90000",
    "best_iter": "18"
}