{"final_weight_diff": 0.0009441318106837571, "final_weight_sim": 0.7980589866638184, "final_feature_diff": 0.20768966558142443, "final_feature_sim": 0.7783219724328738, "final_0_weight_diff": 0.0011501327389851213, "final_1_weight_diff": 0.0009379455004818738, "final_2_weight_diff": 0.0007434425060637295, "final_0_weight_sim": 0.7596540451049805, "final_1_weight_sim": 0.7881901860237122, "final_2_weight_sim": 0.8126524686813354, "best_weight_diff": 0.0008617977728135884, "best_weight_sim": 0.811722457408905, "best_feature_diff": 0.19994891601231043, "best_feature_sim": 0.7876176182501176, "best_0_weight_diff": 0.001064283773303032, "best_1_weight_diff": 0.0008466969011351466, "best_2_weight_diff": 0.0006737413932569325, "best_0_weight_sim": 0.773621141910553, "best_1_weight_sim": 0.8030951619148254, "best_2_weight_sim": 0.826321005821228, "num_feature_traj": 321, "num_feature_timesteps": "203500", "final_test_returns": 3161.985144451787, "final_test_normalized_returns": 97.7780534960887, "best_return": 3632.991176543202, "best_return_normalized": 112.25018648166744, "convergence_step": "35000", "convergence_iter": "7", "best_step": "90000", "best_iter": "18", "best_5percent_normalized": 112.25018648166744, "best_10percent_normalized": 112.03710717051041, "best_25percent_normalized": 110.29308734209462, "best_50percent_normalized": 107.20788976370469, "best_100percent_normalized": 93.857940940799, "best_later_half_normalized": 96.54246374164632, "best_last_four_normalized": 101.071642523016, "target_steps": 15000}