{
    "final_weight_diff": 0.0012354045175015926,
    "final_weight_sim": 0.7645623087882996,
    "final_feature_diff": 0.2689700598818598,
    "final_feature_sim": 0.700017995195576,
    "final_0_weight_diff": 0.0012995972065255046,
    "final_1_weight_diff": 0.0012651358265429735,
    "final_2_weight_diff": 0.0011395406909286976,
    "final_0_weight_sim": 0.7552319765090942,
    "final_1_weight_sim": 0.7472941875457764,
    "final_2_weight_sim": 0.7544772624969482,
    "best_weight_diff": 0.0011822686064988375,
    "best_weight_sim": 0.772083044052124,
    "best_feature_diff": 0.26643819110886874,
    "best_feature_sim": 0.7031512306878994,
    "best_0_weight_diff": 0.0012532015098258853,
    "best_1_weight_diff": 0.0012107024667784572,
    "best_2_weight_diff": 0.0010812267428264022,
    "best_0_weight_sim": 0.7625042200088501,
    "best_1_weight_sim": 0.7545929551124573,
    "best_2_weight_sim": 0.762895405292511,
    "num_feature_traj": 204,
    "num_feature_timesteps": "37349",
    "final_test_returns": 841.4145995332923,
    "final_test_normalized_returns": 26.476194835477536,
    "best_return": 2871.26597517372,
    "best_return_normalized": 88.84541528640949,
    "convergence_step": "95000",
    "convergence_iter": "19",
    "best_step": "95000",
    "best_iter": "19"
}