{"final_weight_diff": 0.0014371202560141683, "final_weight_sim": 0.7018119096755981, "final_feature_diff": 0.30727916920604004, "final_feature_sim": 0.6628377336956506, "final_0_weight_diff": 0.0016221331898123026, "final_1_weight_diff": 0.0014182657469063997, "final_2_weight_diff": 0.0012588506797328591, "final_0_weight_sim": 0.6698495745658875, "final_1_weight_sim": 0.697344183921814, "final_2_weight_sim": 0.7015093564987183, "best_weight_diff": 0.0008299736073240638, "best_weight_sim": 0.8104130625724792, "best_feature_diff": 0.26302377613192507, "best_feature_sim": 0.7296854330386022, "best_0_weight_diff": 0.0009722682298161089, "best_1_weight_diff": 0.00080899428576231, "best_2_weight_diff": 0.0007063409429974854, "best_0_weight_sim": 0.7823418378829956, "best_1_weight_sim": 0.8038344383239746, "best_2_weight_sim": 0.8148002624511719, "num_feature_traj": 2, "num_feature_timesteps": "2000", "final_test_returns": 3246.847415551216, "final_test_normalized_returns": 28.40898533886172, "best_return": 4071.09787782538, "best_return_normalized": 35.04803955946151, "convergence_step": "5000", "convergence_iter": "1", "best_step": "40000", "best_iter": "8", "best_5percent_normalized": 35.04803955946151, "best_10percent_normalized": 34.95238918207113, "best_25percent_normalized": 34.71991328562059, "best_50percent_normalized": 33.42373246725509, "best_100percent_normalized": 30.80358701832704, "best_later_half_normalized": 31.2889821814427, "best_last_four_normalized": 30.66769041369585, "target_steps": 5000}