{"final_weight_diff": 0.0021696093026548624, "final_weight_sim": 0.7058225274085999, "final_feature_diff": 0.39523248503494257, "final_feature_sim": 0.5898515654627006, "final_0_weight_diff": 0.002309102565050125, "final_1_weight_diff": 0.0019416945287957788, "final_2_weight_diff": 0.002238332759588957, "final_0_weight_sim": 0.6484878659248352, "final_1_weight_sim": 0.7174575924873352, "final_2_weight_sim": 0.7272251844406128, "best_weight_diff": 0.0010001967893913388, "best_weight_sim": 0.8498802781105042, "best_feature_diff": 0.34140458384988415, "best_feature_sim": 0.6671364096074849, "best_0_weight_diff": 0.0011997455731034279, "best_1_weight_diff": 0.000815981300547719, "best_2_weight_diff": 0.0009827041067183018, "best_0_weight_sim": 0.79143887758255, "best_1_weight_sim": 0.856823742389679, "best_2_weight_sim": 0.8744499087333679, "num_feature_traj": 109, "num_feature_timesteps": "31150", "final_test_returns": 3136.580766251899, "final_test_normalized_returns": 68.2896196158485, "best_return": 3868.3175774467263, "best_return_normalized": 84.22926792586678, "convergence_step": "30000", "convergence_iter": "6", "best_step": "30000", "best_iter": "6", "best_5percent_normalized": 84.22926792586678, "best_10percent_normalized": 81.6268877687121, "best_25percent_normalized": 77.46657069103098, "best_50percent_normalized": 71.50106821385529, "best_100percent_normalized": 59.55321581144697, "best_later_half_normalized": 63.172353548413845, "best_last_four_normalized": 65.12085111644824}