{"final_weight_diff": 0.0010788216022774577, "final_weight_sim": 0.7785686254501343, "final_feature_diff": 0.23095760954119982, "final_feature_sim": 0.7595728168594537, "final_0_weight_diff": 0.0012116791913285851, "final_1_weight_diff": 0.0010502160293981433, "final_2_weight_diff": 0.0009730969904921949, "final_0_weight_sim": 0.7436124086380005, "final_1_weight_sim": 0.7752689123153687, "final_2_weight_sim": 0.7787875533103943, "best_weight_diff": 0.0009969418169930577, "best_weight_sim": 0.791851282119751, "best_feature_diff": 0.22340676240338625, "best_feature_sim": 0.7683320551259941, "best_0_weight_diff": 0.0011256311554461718, "best_1_weight_diff": 0.0009677611524239182, "best_2_weight_diff": 0.0008963229483924806, "best_0_weight_sim": 0.7585169076919556, "best_1_weight_sim": 0.7882858514785767, "best_2_weight_sim": 0.7918977737426758, "num_feature_traj": 238, "num_feature_timesteps": "201773", "final_test_returns": 3320.615553261304, "final_test_normalized_returns": 72.29850605815979, "best_return": 3648.099487526398, "best_return_normalized": 79.43218945293559, "convergence_step": "20000", "convergence_iter": "4", "best_step": "90000", "best_iter": "18", "best_5percent_normalized": 79.43218945293559, "best_10percent_normalized": 79.41943061610809, "best_25percent_normalized": 78.75925711036535, "best_50percent_normalized": 76.50432153877045, "best_100percent_normalized": 70.11032914231379, "best_later_half_normalized": 70.51581474235957, "best_last_four_normalized": 74.80232292419906, "target_steps": 10000}