{"final_weight_diff": 0.001237328047864139, "final_weight_sim": 0.7702153921127319, "final_feature_diff": 0.09818594041716695, "final_feature_sim": 0.7687369693185597, "final_0_weight_diff": 0.0015340771060436964, "final_1_weight_diff": 0.0012060049921274185, "final_2_weight_diff": 0.0009698347421362996, "final_0_weight_sim": 0.7332150340080261, "final_1_weight_sim": 0.7642675638198853, "final_2_weight_sim": 0.7875752449035645, "best_weight_diff": 0.0004027160466648638, "best_weight_sim": 0.9094772934913635, "best_feature_diff": 0.12316313183416246, "best_feature_sim": 0.8832836872899636, "best_0_weight_diff": 0.0004773580585606396, "best_1_weight_diff": 0.0003821883292403072, "best_2_weight_diff": 0.00034872067044489086, "best_0_weight_sim": 0.8987135291099548, "best_1_weight_sim": 0.9034191370010376, "best_2_weight_sim": 0.9094020128250122, "num_feature_traj": 175, "num_feature_timesteps": "161070", "final_test_returns": 4985.559685164079, "final_test_normalized_returns": 108.56649683345634, "best_return": 5017.324468719729, "best_return_normalized": 109.25843889619632, "convergence_step": "15000", "convergence_iter": "3", "best_step": "15000", "best_iter": "3", "best_5percent_normalized": 109.25843889619632, "best_10percent_normalized": 108.91246786482634, "best_25percent_normalized": 108.49557753115957, "best_50percent_normalized": 107.81405789669611, "best_100percent_normalized": 101.28849210175716, "best_later_half_normalized": 101.67256391229404, "best_last_four_normalized": 96.73276564791954, "target_steps": 10000}