{"final_weight_diff": 0.0010849355021491647, "final_weight_sim": 0.7808103561401367, "final_feature_diff": 0.15520562214549902, "final_feature_sim": 0.7823003667358727, "final_0_weight_diff": 0.001256325514987111, "final_1_weight_diff": 0.0011145775206387043, "final_2_weight_diff": 0.0008814482716843486, "final_0_weight_sim": 0.7550360560417175, "final_1_weight_sim": 0.7692096829414368, "final_2_weight_sim": 0.78670334815979, "best_weight_diff": 0.0005087153986096382, "best_weight_sim": 0.8810485005378723, "best_feature_diff": 0.14737702677931205, "best_feature_sim": 0.8298046172148712, "best_0_weight_diff": 0.0005748183466494083, "best_1_weight_diff": 0.000503580435179174, "best_2_weight_diff": 0.0004476756730582565, "best_0_weight_sim": 0.8674949407577515, "best_1_weight_sim": 0.8731343746185303, "best_2_weight_sim": 0.8782774806022644, "num_feature_traj": 219, "num_feature_timesteps": "197797", "final_test_returns": 4947.831173624576, "final_test_normalized_returns": 107.74464504740476, "best_return": 5052.86459063685, "best_return_normalized": 110.03262031714884, "convergence_step": "20000", "convergence_iter": "4", "best_step": "30000", "best_iter": "6", "best_5percent_normalized": 110.03262031714884, "best_10percent_normalized": 109.43033311029498, "best_25percent_normalized": 108.91704368726191, "best_50percent_normalized": 108.34620090423013, "best_100percent_normalized": 98.13900947348071, "best_later_half_normalized": 104.93646589120098, "best_last_four_normalized": 104.17175098873125}