{
    "final_weight_diff": 0.0010965366382151842,
    "final_weight_sim": 0.7872365117073059,
    "final_feature_diff": 0.11539123435105164,
    "final_feature_sim": 0.7499964494032628,
    "final_0_weight_diff": 0.0014044458512216806,
    "final_1_weight_diff": 0.0010413374984636903,
    "final_2_weight_diff": 0.0008429688168689609,
    "final_0_weight_sim": 0.7470887899398804,
    "final_1_weight_sim": 0.7821852564811707,
    "final_2_weight_sim": 0.8067203164100647,
    "best_weight_diff": 0.0005715419538319111,
    "best_weight_sim": 0.8749774098396301,
    "best_feature_diff": 0.12051774711374667,
    "best_feature_sim": 0.8435450218350317,
    "best_0_weight_diff": 0.0007526153931394219,
    "best_1_weight_diff": 0.0005314113805070519,
    "best_2_weight_diff": 0.0004306925693526864,
    "best_0_weight_sim": 0.848474383354187,
    "best_1_weight_sim": 0.8692473769187927,
    "best_2_weight_sim": 0.8882098197937012,
    "num_feature_traj": 257,
    "num_feature_timesteps": "163679",
    "final_test_returns": 3294.651230213948,
    "final_test_normalized_returns": 101.85435211014456,
    "best_return": 3535.3415508621897,
    "best_return_normalized": 109.24980374225208,
    "convergence_step": "40000",
    "convergence_iter": "8",
    "best_step": "40000",
    "best_iter": "8"
}