{
    "final_weight_diff": 0.0028846925124526024,
    "final_weight_sim": 0.6593236923217773,
    "final_feature_diff": 0.8465892552620347,
    "final_feature_sim": 0.5947110193451702,
    "final_0_weight_diff": 0.0031318773981183767,
    "final_1_weight_diff": 0.002909664064645767,
    "final_2_weight_diff": 0.0026129332836717367,
    "final_0_weight_sim": 0.6314058899879456,
    "final_1_weight_sim": 0.6364291310310364,
    "final_2_weight_sim": 0.6484541296958923,
    "best_weight_diff": 0.0011256479192525148,
    "best_weight_sim": 0.8081324100494385,
    "best_feature_diff": 0.5523248900897937,
    "best_feature_sim": 0.7409974331986131,
    "best_0_weight_diff": 0.0011960378615185618,
    "best_1_weight_diff": 0.0010989975417032838,
    "best_2_weight_diff": 0.0010803330224007368,
    "best_0_weight_sim": 0.7871249914169312,
    "best_1_weight_sim": 0.7925121784210205,
    "best_2_weight_sim": 0.7921398282051086,
    "num_feature_traj": 200,
    "num_feature_timesteps": "200000",
    "final_test_returns": 5040.438367593699,
    "final_test_normalized_returns": 42.85574409145367,
    "best_return": 8346.73260410895,
    "best_return_normalized": 69.48680796118809,
    "convergence_step": "35000",
    "convergence_iter": "7",
    "best_step": "35000",
    "best_iter": "7"
}