{"final_weight_diff": 0.0022822492755949497, "final_weight_sim": 0.7063499093055725, "final_feature_diff": 0.8392780870702532, "final_feature_sim": 0.5896530612153348, "final_0_weight_diff": 0.0027223958168178797, "final_1_weight_diff": 0.002254749881103635, "final_2_weight_diff": 0.0018702514935284853, "final_0_weight_sim": 0.6740107536315918, "final_1_weight_sim": 0.6863325238227844, "final_2_weight_sim": 0.7073777914047241, "best_weight_diff": 0.0021480016876012087, "best_weight_sim": 0.7160100936889648, "best_feature_diff": 0.8203120088200881, "best_feature_sim": 0.6003204131439144, "best_0_weight_diff": 0.0025673743803054094, "best_1_weight_diff": 0.0021114167757332325, "best_2_weight_diff": 0.0017656724667176604, "best_0_weight_sim": 0.6833012700080872, "best_1_weight_sim": 0.6965766549110413, "best_2_weight_sim": 0.7166825532913208, "num_feature_traj": 223, "num_feature_timesteps": "196344", "final_test_returns": 4539.573735207252, "final_test_normalized_returns": 115.69147825856068, "best_return": 4946.929636907351, "best_return_normalized": 125.3782045729758, "convergence_step": "60000", "convergence_iter": "12", "best_step": "90000", "best_iter": "18", "best_5percent_normalized": 125.3782045729758, "best_10percent_normalized": 124.66569121755623, "best_25percent_normalized": 120.73910552546049, "best_50percent_normalized": 113.13609641486877, "best_100percent_normalized": 100.48286937909714, "best_later_half_normalized": 109.05352330510121, "best_last_four_normalized": 110.16815891006502}