{
    "final_weight_diff": 0.0008855912601575255,
    "final_weight_sim": 0.8207153081893921,
    "final_feature_diff": 0.8966851109815805,
    "final_feature_sim": 0.5185629138001864,
    "final_0_weight_diff": 0.0013781432062387466,
    "final_1_weight_diff": 0.0008130961214192212,
    "final_2_weight_diff": 0.0004626305599231273,
    "final_0_weight_sim": 0.7631070017814636,
    "final_1_weight_sim": 0.8178020119667053,
    "final_2_weight_sim": 0.8683525919914246,
    "best_weight_diff": 0.0008195913396775723,
    "best_weight_sim": 0.8311704397201538,
    "best_feature_diff": 0.8722505517180268,
    "best_feature_sim": 0.5338643149635902,
    "best_0_weight_diff": 0.00127981707919389,
    "best_1_weight_diff": 0.00074788584606722,
    "best_2_weight_diff": 0.0004286893818061799,
    "best_0_weight_sim": 0.7744454741477966,
    "best_1_weight_sim": 0.8288834691047668,
    "best_2_weight_sim": 0.8768205046653748,
    "num_feature_traj": 120,
    "num_feature_timesteps": "106539",
    "final_test_returns": 3379.013337267268,
    "final_test_normalized_returns": 88.0939133300185,
    "best_return": 3874.6337301353465,
    "best_return_normalized": 99.87952655304844,
    "convergence_step": "10000",
    "convergence_iter": "2",
    "best_step": "90000",
    "best_iter": "18"
}