{"final_weight_diff": 0.0026382480282336473, "final_weight_sim": 0.6917058229446411, "final_feature_diff": 0.3586904397143879, "final_feature_sim": 0.5616744931676066, "final_0_weight_diff": 0.003226066939532757, "final_1_weight_diff": 0.002257467480376363, "final_2_weight_diff": 0.002410236746072769, "final_0_weight_sim": 0.5955870151519775, "final_1_weight_sim": 0.7130039930343628, "final_2_weight_sim": 0.7471185326576233, "best_weight_diff": 0.002493445761501789, "best_weight_sim": 0.7059819102287292, "best_feature_diff": 0.3534360763258433, "best_feature_sim": 0.5709831122272138, "best_0_weight_diff": 0.003060844959691167, "best_1_weight_diff": 0.0021321370732039213, "best_2_weight_diff": 0.0022687341552227736, "best_0_weight_sim": 0.6102215647697449, "best_1_weight_sim": 0.7255114316940308, "best_2_weight_sim": 0.761462390422821, "num_feature_traj": 223, "num_feature_timesteps": "196344", "final_test_returns": 4788.638073594683, "final_test_normalized_returns": 121.61410775912977, "best_return": 5270.679664423466, "best_return_normalized": 133.07682363739724, "convergence_step": "90000", "convergence_iter": "18", "best_step": "90000", "best_iter": "18", "best_5percent_normalized": 133.07682363739724, "best_10percent_normalized": 131.4207967255992, "best_25percent_normalized": 129.6953895507031, "best_50percent_normalized": 126.66080382492414, "best_100percent_normalized": 115.2978458131635, "best_later_half_normalized": 120.93060238399464, "best_last_four_normalized": 124.00213629806626, "target_steps": 5000}