{
    "final_weight_diff": 0.0011585017200559378,
    "final_weight_sim": 0.7799319624900818,
    "final_feature_diff": 0.21506918662375749,
    "final_feature_sim": 0.7829882135135848,
    "final_0_weight_diff": 0.0014831057051196694,
    "final_1_weight_diff": 0.0011637760326266289,
    "final_2_weight_diff": 0.0008240866009145975,
    "final_0_weight_sim": 0.7432132363319397,
    "final_1_weight_sim": 0.7681117653846741,
    "final_2_weight_sim": 0.8005183339118958,
    "best_weight_diff": 0.0011585017200559378,
    "best_weight_sim": 0.7799319624900818,
    "best_feature_diff": 0.21506918662375749,
    "best_feature_sim": 0.7829882135135848,
    "best_0_weight_diff": 0.0014831057051196694,
    "best_1_weight_diff": 0.0011637760326266289,
    "best_2_weight_diff": 0.0008240866009145975,
    "best_0_weight_sim": 0.7432132363319397,
    "best_1_weight_sim": 0.7681117653846741,
    "best_2_weight_sim": 0.8005183339118958,
    "num_feature_traj": 223,
    "num_feature_timesteps": "196344",
    "final_test_returns": 5134.542403056262,
    "final_test_normalized_returns": 129.83954540832428,
    "best_return": 5134.542403056262,
    "best_return_normalized": 129.83954540832428,
    "convergence_step": "100000",
    "convergence_iter": "20",
    "best_step": "100000",
    "best_iter": "20"
}