{"final_weight_diff": 0.001105786650441587, "final_weight_sim": 0.7793257236480713, "final_feature_diff": 0.25943145363891745, "final_feature_sim": 0.766715973476151, "final_0_weight_diff": 0.0013608011649921536, "final_1_weight_diff": 0.001143080648034811, "final_2_weight_diff": 0.0008111712522804737, "final_0_weight_sim": 0.7522300481796265, "final_1_weight_sim": 0.7654044032096863, "final_2_weight_sim": 0.7936912178993225, "best_weight_diff": 0.0005918461247347295, "best_weight_sim": 0.8652217984199524, "best_feature_diff": 0.1999126635759736, "best_feature_sim": 0.8298312409291869, "best_0_weight_diff": 0.0007109580910764635, "best_1_weight_diff": 0.0006103652995079756, "best_2_weight_diff": 0.0004539518558885902, "best_0_weight_sim": 0.8481687307357788, "best_1_weight_sim": 0.8522878885269165, "best_2_weight_sim": 0.8723260164260864, "num_feature_traj": 219, "num_feature_timesteps": "197797", "final_test_returns": 4917.545923947747, "final_test_normalized_returns": 107.08493212679674, "best_return": 4997.3177229887, "best_return_normalized": 108.82262579249328, "convergence_step": "30000", "convergence_iter": "6", "best_step": "40000", "best_iter": "8", "best_5percent_normalized": 108.82262579249328, "best_10percent_normalized": 108.77704024081964, "best_25percent_normalized": 108.65258991304313, "best_50percent_normalized": 108.36028058992733, "best_100percent_normalized": 102.87198944578851, "best_later_half_normalized": 107.9407603197227}