{
    "final_weight_diff": 0.002001152141019702,
    "final_weight_sim": 0.7099344730377197,
    "final_feature_diff": 0.6077521098903365,
    "final_feature_sim": 0.32677352520552444,
    "final_0_weight_diff": 0.0023452821187675,
    "final_1_weight_diff": 0.0018018034752458334,
    "final_2_weight_diff": 0.0018496845150366426,
    "final_0_weight_sim": 0.6175491809844971,
    "final_1_weight_sim": 0.724213182926178,
    "final_2_weight_sim": 0.7532919645309448,
    "best_weight_diff": 0.0007745329639874399,
    "best_weight_sim": 0.8745673894882202,
    "best_feature_diff": 0.42560130587106204,
    "best_feature_sim": 0.5522323875817066,
    "best_0_weight_diff": 0.0010116318007931113,
    "best_1_weight_diff": 0.0006119023892097175,
    "best_2_weight_diff": 0.0006984074134379625,
    "best_0_weight_sim": 0.8081260323524475,
    "best_1_weight_sim": 0.8820456266403198,
    "best_2_weight_sim": 0.9051160216331482,
    "num_feature_traj": 96,
    "num_feature_timesteps": "77566",
    "final_test_returns": 3494.8020610513354,
    "final_test_normalized_returns": 90.84731317745072,
    "best_return": 3985.4424382059306,
    "best_return_normalized": 102.51450403552496,
    "convergence_step": "20000",
    "convergence_iter": "4",
    "best_step": "20000",
    "best_iter": "4"
}