{
    "final_weight_diff": 0.0010909244883805513,
    "final_weight_sim": 0.7900232076644897,
    "final_feature_diff": 0.26648490806633557,
    "final_feature_sim": 0.7116563239400647,
    "final_0_weight_diff": 0.0012337436201050878,
    "final_1_weight_diff": 0.0011715629370883107,
    "final_2_weight_diff": 0.0008653586264699697,
    "final_0_weight_sim": 0.7636508941650391,
    "final_1_weight_sim": 0.769511878490448,
    "final_2_weight_sim": 0.8003537058830261,
    "best_weight_diff": 0.0006485151825472713,
    "best_weight_sim": 0.8585055470466614,
    "best_feature_diff": 0.2183214615631046,
    "best_feature_sim": 0.766766918559246,
    "best_0_weight_diff": 0.0007485537207685411,
    "best_1_weight_diff": 0.0006689876317977905,
    "best_2_weight_diff": 0.0005276366136968136,
    "best_0_weight_sim": 0.8350582122802734,
    "best_1_weight_sim": 0.8447328805923462,
    "best_2_weight_sim": 0.8643065690994263,
    "num_feature_traj": 204,
    "num_feature_timesteps": "37349",
    "final_test_returns": 1295.0695359750648,
    "final_test_normalized_returns": 40.415197995580094,
    "best_return": 2955.580769654246,
    "best_return_normalized": 91.43607195582788,
    "convergence_step": "55000",
    "convergence_iter": "11",
    "best_step": "55000",
    "best_iter": "11"
}