{"final_weight_diff": 0.0009858624543994665, "final_weight_sim": 0.7954822182655334, "final_feature_diff": 0.24838364493288642, "final_feature_sim": 0.7706280021610505, "final_0_weight_diff": 0.0011010071029886603, "final_1_weight_diff": 0.0011117288377135992, "final_2_weight_diff": 0.0007431474514305592, "final_0_weight_sim": 0.7659701108932495, "final_1_weight_sim": 0.7687132358551025, "final_2_weight_sim": 0.8149709701538086, "best_weight_diff": 0.0008334876038134098, "best_weight_sim": 0.8210898041725159, "best_feature_diff": 0.23481572477213247, "best_feature_sim": 0.7843020455597004, "best_0_weight_diff": 0.0009525843779556453, "best_1_weight_diff": 0.0009248329442925751, "best_2_weight_diff": 0.0006219057831913233, "best_0_weight_sim": 0.7922133803367615, "best_1_weight_sim": 0.7975603342056274, "best_2_weight_sim": 0.8395628929138184, "num_feature_traj": 100, "num_feature_timesteps": "100000", "final_test_returns": 5017.537729130252, "final_test_normalized_returns": 42.67128731841689, "best_return": 5067.621560279851, "best_return_normalized": 43.074695367058, "convergence_step": "10000", "convergence_iter": "2", "best_step": "80000", "best_iter": "16", "best_5percent_normalized": 43.074695367058, "best_10percent_normalized": 42.996575307868625, "best_25percent_normalized": 42.860398760084436, "best_50percent_normalized": 42.700874504628835, "best_100percent_normalized": 42.311373871242175, "best_later_half_normalized": 42.506199255140984, "best_last_four_normalized": 42.648441377397816}