{"final_weight_diff": 0.0010360029991716146, "final_weight_sim": 0.802200973033905, "final_feature_diff": 0.7375550622122643, "final_feature_sim": 0.5749346659078219, "final_0_weight_diff": 0.001264756079763174, "final_1_weight_diff": 0.0010742865270003676, "final_2_weight_diff": 0.0007669366314075887, "final_0_weight_sim": 0.764680027961731, "final_1_weight_sim": 0.7841885089874268, "final_2_weight_sim": 0.8182292580604553, "best_weight_diff": 0.0008973691728897393, "best_weight_sim": 0.8225938677787781, "best_feature_diff": 0.6892340736853898, "best_feature_sim": 0.6029539168211999, "best_0_weight_diff": 0.0011192369274795055, "best_1_weight_diff": 0.0009127586963586509, "best_2_weight_diff": 0.0006587891257368028, "best_0_weight_sim": 0.7849773168563843, "best_1_weight_sim": 0.8070785999298096, "best_2_weight_sim": 0.8384342193603516, "num_feature_traj": 204, "num_feature_timesteps": "37349", "final_test_returns": 2143.081112790683, "final_test_normalized_returns": 66.47120466388542, "best_return": 2829.520857344163, "best_return_normalized": 87.56275465031227, "convergence_step": "85000", "convergence_iter": "17", "best_step": "85000", "best_iter": "17", "best_5percent_normalized": 87.56275465031227, "best_10percent_normalized": 85.46019059417657, "best_25percent_normalized": 70.45051719886833, "best_50percent_normalized": 58.411387432755305, "best_100percent_normalized": 43.02079482992785, "best_later_half_normalized": 53.259322895295114, "best_last_four_normalized": 72.35688287904354, "target_steps": 50000}