{"final_weight_diff": 0.001720785046927631, "final_weight_sim": 0.7402563095092773, "final_feature_diff": 0.389703243635766, "final_feature_sim": 0.6104818323931809, "final_0_weight_diff": 0.0019452276173979044, "final_1_weight_diff": 0.0015271613374352455, "final_2_weight_diff": 0.0016833810368552804, "final_0_weight_sim": 0.6675135493278503, "final_1_weight_sim": 0.745586097240448, "final_2_weight_sim": 0.7737224698066711, "best_weight_diff": 0.0013415450230240822, "best_weight_sim": 0.7924898266792297, "best_feature_diff": 0.37112407718929946, "best_feature_sim": 0.6359017491016278, "best_0_weight_diff": 0.0015532192774116993, "best_1_weight_diff": 0.0011737708700820804, "best_2_weight_diff": 0.001293677487410605, "best_0_weight_sim": 0.7248867750167847, "best_1_weight_sim": 0.7960422039031982, "best_2_weight_sim": 0.8248974084854126, "num_feature_traj": 40, "num_feature_timesteps": "40000", "final_test_returns": 5091.590550723435, "final_test_normalized_returns": 43.26775734815648, "best_return": 5110.913455873505, "best_return_normalized": 43.42339670883924, "convergence_step": "10000", "convergence_iter": "2", "best_step": "65000", "best_iter": "13", "best_5percent_normalized": 43.42339670883924, "best_10percent_normalized": 43.34557702849786, "best_25percent_normalized": 43.125833494664235, "best_50percent_normalized": 42.8499491696346, "best_100percent_normalized": 42.3349598577338, "best_later_half_normalized": 42.55383283186172, "best_last_four_normalized": 42.38907350417797, "target_steps": 5000}