{
    "final_weight_diff": 0.0007426264346577227,
    "final_weight_sim": 0.8406363129615784,
    "final_feature_diff": 0.45290206208465544,
    "final_feature_sim": 0.7495051139946918,
    "final_0_weight_diff": 0.0010979721555486321,
    "final_1_weight_diff": 0.000658287201076746,
    "final_2_weight_diff": 0.0004704437160398811,
    "final_0_weight_sim": 0.7810290455818176,
    "final_1_weight_sim": 0.8405196666717529,
    "final_2_weight_sim": 0.8715161085128784,
    "best_weight_diff": 0.0007426264346577227,
    "best_weight_sim": 0.8406363129615784,
    "best_feature_diff": 0.45290206208465544,
    "best_feature_sim": 0.7495051139946918,
    "best_0_weight_diff": 0.0010979721555486321,
    "best_1_weight_diff": 0.000658287201076746,
    "best_2_weight_diff": 0.0004704437160398811,
    "best_0_weight_sim": 0.7810290455818176,
    "best_1_weight_sim": 0.8405196666717529,
    "best_2_weight_sim": 0.8715161085128784,
    "num_feature_traj": 218,
    "num_feature_timesteps": "100692",
    "final_test_returns": 2462.7434834037567,
    "final_test_normalized_returns": 76.29315177877902,
    "best_return": 2462.7434834037567,
    "best_return_normalized": 76.29315177877902,
    "convergence_step": "100000",
    "convergence_iter": "20",
    "best_step": "100000",
    "best_iter": "20"
}