{"final_weight_diff": 0.0024572978727519512, "final_weight_sim": 0.7096198201179504, "final_feature_diff": 0.5236927982655321, "final_feature_sim": 0.701845160703214, "final_0_weight_diff": 0.0025809810031205416, "final_1_weight_diff": 0.0028681382536888123, "final_2_weight_diff": 0.0019237311789765954, "final_0_weight_sim": 0.6887282729148865, "final_1_weight_sim": 0.686805784702301, "final_2_weight_sim": 0.7097756862640381, "best_weight_diff": 0.0016089794225990772, "best_weight_sim": 0.7701806426048279, "best_feature_diff": 0.45076448507127487, "best_feature_sim": 0.7407832837363019, "best_0_weight_diff": 0.0016864364733919501, "best_1_weight_diff": 0.001832182751968503, "best_2_weight_diff": 0.0013083659578114748, "best_0_weight_sim": 0.748431921005249, "best_1_weight_sim": 0.7462493181228638, "best_2_weight_sim": 0.7701274752616882, "num_feature_traj": 204, "num_feature_timesteps": "37349", "final_test_returns": 1718.2793890297994, "final_test_normalized_returns": 53.418745417296826, "best_return": 2480.22479829649, "best_return_normalized": 76.8302827211728, "convergence_step": "60000", "convergence_iter": "12", "best_step": "60000", "best_iter": "12", "best_5percent_normalized": 76.8302827211728, "best_10percent_normalized": 73.3776960053345, "best_25percent_normalized": 64.43561445595084, "best_50percent_normalized": 51.486414924384285, "best_100percent_normalized": 39.04364991942216, "best_later_half_normalized": 38.300390846481186, "best_last_four_normalized": 45.741859936859356, "target_steps": 25000}