{"final_weight_diff": 0.001149648567661643, "final_weight_sim": 0.7986181378364563, "final_feature_diff": 0.33290052803984654, "final_feature_sim": 0.7042579043148928, "final_0_weight_diff": 0.0015913794049993157, "final_1_weight_diff": 0.0011064345017075539, "final_2_weight_diff": 0.0007449252298101783, "final_0_weight_sim": 0.7537587285041809, "final_1_weight_sim": 0.8009821176528931, "final_2_weight_sim": 0.8359074592590332, "best_weight_diff": 0.000366273510735482, "best_weight_sim": 0.9274466037750244, "best_feature_diff": 0.2148157008051711, "best_feature_sim": 0.8200741914463487, "best_0_weight_diff": 0.0005080436822026968, "best_1_weight_diff": 0.00034092614077962935, "best_2_weight_diff": 0.0002493916545063257, "best_0_weight_sim": 0.9053230285644531, "best_1_weight_sim": 0.9287736415863037, "best_2_weight_sim": 0.9422109723091125, "num_feature_traj": 100, "num_feature_timesteps": "100000", "final_test_returns": 5055.560985266568, "final_test_normalized_returns": 42.977551579933056, "best_return": 5126.990733787452, "best_return_normalized": 43.55289365749227, "convergence_step": "10000", "convergence_iter": "2", "best_step": "20000", "best_iter": "4", "best_5percent_normalized": 43.55289365749227, "best_10percent_normalized": 43.45345572155689, "best_25percent_normalized": 43.20198035616536, "best_50percent_normalized": 43.02178468451944, "best_100percent_normalized": 42.41966875083463, "best_later_half_normalized": 42.44968882194814, "best_last_four_normalized": 42.32745174572785, "target_steps": 5000}