{"final_weight_diff": 0.0012397377286106348, "final_weight_sim": 0.7817916870117188, "final_feature_diff": 0.3915599247619771, "final_feature_sim": 0.6295878072395389, "final_0_weight_diff": 0.0015344553394243121, "final_1_weight_diff": 0.0013156321365386248, "final_2_weight_diff": 0.0008645654306747019, "final_0_weight_sim": 0.7513115406036377, "final_1_weight_sim": 0.7721757888793945, "final_2_weight_sim": 0.8088840246200562, "best_weight_diff": 0.000872510951012373, "best_weight_sim": 0.8359651565551758, "best_feature_diff": 0.3510835120698927, "best_feature_sim": 0.6763305776729469, "best_0_weight_diff": 0.0010941887740045786, "best_1_weight_diff": 0.0009117317968048155, "best_2_weight_diff": 0.0006096181459724903, "best_0_weight_sim": 0.809753954410553, "best_1_weight_sim": 0.8273026943206787, "best_2_weight_sim": 0.8586052060127258, "num_feature_traj": 119, "num_feature_timesteps": "101758", "final_test_returns": 3480.092718508906, "final_test_normalized_returns": 75.77244626266403, "best_return": 3581.473409537272, "best_return_normalized": 77.98085307737671, "convergence_step": "10000", "convergence_iter": "2", "best_step": "60000", "best_iter": "12", "best_5percent_normalized": 77.98085307737671, "best_10percent_normalized": 77.8824577929162, "best_25percent_normalized": 76.91433379805798, "best_50percent_normalized": 75.84785061728812, "best_100percent_normalized": 67.80933663607891, "best_later_half_normalized": 66.00180509210288, "best_last_four_normalized": 57.63702500333458}