{
    "final_weight_diff": 0.0013920844066888094,
    "final_weight_sim": 0.7466654777526855,
    "final_feature_diff": 0.12611901399459205,
    "final_feature_sim": 0.6642395258619579,
    "final_0_weight_diff": 0.0017949175089597702,
    "final_1_weight_diff": 0.0013298020930960774,
    "final_2_weight_diff": 0.0010448171524330974,
    "final_0_weight_sim": 0.7039961814880371,
    "final_1_weight_sim": 0.74324631690979,
    "final_2_weight_sim": 0.7714709639549255,
    "best_weight_diff": 0.0013920844066888094,
    "best_weight_sim": 0.7466654777526855,
    "best_feature_diff": 0.12611901399459205,
    "best_feature_sim": 0.6642395258619579,
    "best_0_weight_diff": 0.0017949175089597702,
    "best_1_weight_diff": 0.0013298020930960774,
    "best_2_weight_diff": 0.0010448171524330974,
    "best_0_weight_sim": 0.7039961814880371,
    "best_1_weight_sim": 0.74324631690979,
    "best_2_weight_sim": 0.7714709639549255,
    "num_feature_traj": 894,
    "num_feature_timesteps": "798045",
    "final_test_returns": 5310.826957967343,
    "final_test_normalized_returns": 134.03150685961393,
    "best_return": 5310.826957967343,
    "best_return_normalized": 134.03150685961393,
    "convergence_step": "100000",
    "convergence_iter": "20",
    "best_step": "100000",
    "best_iter": "20"
}