{
    "final_weight_diff": 0.0023670766968280077,
    "final_weight_sim": 0.6870647072792053,
    "final_feature_diff": 0.550695050322923,
    "final_feature_sim": 0.39714158365686736,
    "final_0_weight_diff": 0.002307263668626547,
    "final_1_weight_diff": 0.0021287589333951473,
    "final_2_weight_diff": 0.0026503982953727245,
    "final_0_weight_sim": 0.6363686919212341,
    "final_1_weight_sim": 0.6953338384628296,
    "final_2_weight_sim": 0.6977465152740479,
    "best_weight_diff": 0.0011008662404492497,
    "best_weight_sim": 0.8380764722824097,
    "best_feature_diff": 0.4832734946709139,
    "best_feature_sim": 0.4818171337088813,
    "best_0_weight_diff": 0.0012460033176466823,
    "best_1_weight_diff": 0.0008869002922438085,
    "best_2_weight_diff": 0.0011674875859171152,
    "best_0_weight_sim": 0.7851049900054932,
    "best_1_weight_sim": 0.8454246520996094,
    "best_2_weight_sim": 0.8561167120933533,
    "num_feature_traj": 87,
    "num_feature_timesteps": "23573",
    "final_test_returns": 3194.9106877755403,
    "final_test_normalized_returns": 69.5602382601663,
    "best_return": 3501.8762452185874,
    "best_return_normalized": 76.24696353361729,
    "convergence_step": "30000",
    "convergence_iter": "6",
    "best_step": "30000",
    "best_iter": "6"
}