{"final_weight_diff": 0.0012657250044867396, "final_weight_sim": 0.7636772394180298, "final_feature_diff": 0.13608954381507118, "final_feature_sim": 0.6535548478612211, "final_0_weight_diff": 0.001420342829078436, "final_1_weight_diff": 0.0012990273535251617, "final_2_weight_diff": 0.0010752218076959252, "final_0_weight_sim": 0.7372578978538513, "final_1_weight_sim": 0.7514903545379639, "final_2_weight_sim": 0.7739089727401733, "best_weight_diff": 0.000912088027689606, "best_weight_sim": 0.8184472918510437, "best_feature_diff": 0.1069476150316, "best_feature_sim": 0.739438490187202, "best_0_weight_diff": 0.0010536941699683666, "best_1_weight_diff": 0.0009310324676334858, "best_2_weight_diff": 0.0007509395945817232, "best_0_weight_sim": 0.7984732985496521, "best_1_weight_sim": 0.803380012512207, "best_2_weight_sim": 0.8272063136100769, "num_feature_traj": 122, "num_feature_timesteps": "19420", "final_test_returns": 1041.494003439985, "final_test_normalized_returns": 32.623835298075655, "best_return": 2772.4763252828066, "best_return_normalized": 85.81000415914271, "convergence_step": "65000", "convergence_iter": "13", "best_step": "65000", "best_iter": "13", "best_5percent_normalized": 85.81000415914271, "best_10percent_normalized": 84.78772765484803, "best_25percent_normalized": 80.26282559747303, "best_50percent_normalized": 72.27510452682426, "best_100percent_normalized": 52.43744028768862, "best_later_half_normalized": 56.78706198347411, "best_last_four_normalized": 49.07993535285385, "target_steps": 15000}