{
    "final_weight_diff": 0.0014171642251312733,
    "final_weight_sim": 0.7303684949874878,
    "final_feature_diff": 0.30758373869235506,
    "final_feature_sim": 0.6877461339713035,
    "final_0_weight_diff": 0.0014663529582321644,
    "final_1_weight_diff": 0.0013709361664950848,
    "final_2_weight_diff": 0.0014012963511049747,
    "final_0_weight_sim": 0.7061318159103394,
    "final_1_weight_sim": 0.7312027812004089,
    "final_2_weight_sim": 0.7244741320610046,
    "best_weight_diff": 0.00034098830656148493,
    "best_weight_sim": 0.9173747301101685,
    "best_feature_diff": 0.17909700355193245,
    "best_feature_sim": 0.8786744332024918,
    "best_0_weight_diff": 0.0003724925918504596,
    "best_1_weight_diff": 0.0003263632534071803,
    "best_2_weight_diff": 0.0003241474914830178,
    "best_0_weight_sim": 0.9091566801071167,
    "best_1_weight_sim": 0.9129583835601807,
    "best_2_weight_sim": 0.9119833707809448,
    "num_feature_traj": 9,
    "num_feature_timesteps": "4688",
    "final_test_returns": 2580.305480160172,
    "final_test_normalized_returns": 69.1010268033237,
    "best_return": 3653.107815254522,
    "best_return_normalized": 94.6117474438095,
    "convergence_step": "10000",
    "convergence_iter": "2",
    "best_step": "10000",
    "best_iter": "2"
}