{"final_weight_diff": 0.0008687758236192167, "final_weight_sim": 0.8190224170684814, "final_feature_diff": 0.5414435536417237, "final_feature_sim": 0.7166653338427216, "final_0_weight_diff": 0.0012723414693027735, "final_1_weight_diff": 0.000763581832870841, "final_2_weight_diff": 0.0005672462284564972, "final_0_weight_sim": 0.7598156332969666, "final_1_weight_sim": 0.8201107978820801, "final_2_weight_sim": 0.8486605286598206, "best_weight_diff": 0.0002849251322913915, "best_weight_sim": 0.931244432926178, "best_feature_diff": 0.272507351971032, "best_feature_sim": 0.8632232646880527, "best_0_weight_diff": 0.0003755096404347569, "best_1_weight_diff": 0.0002661889302544296, "best_2_weight_diff": 0.00021298701176419854, "best_0_weight_sim": 0.9068015813827515, "best_1_weight_sim": 0.9278072118759155, "best_2_weight_sim": 0.938633143901825, "num_feature_traj": 100, "num_feature_timesteps": "100000", "final_test_returns": 5010.555917705784, "final_test_normalized_returns": 42.61505122668677, "best_return": 5101.460047026195, "best_return_normalized": 43.34725274923063, "convergence_step": "15000", "convergence_iter": "3", "best_step": "20000", "best_iter": "4", "best_5percent_normalized": 43.34725274923063, "best_10percent_normalized": 43.09522046144299, "best_25percent_normalized": 42.897558021523864, "best_50percent_normalized": 42.71964267839585, "best_100percent_normalized": 41.65918412901402, "best_later_half_normalized": 42.16018509784125, "best_last_four_normalized": 42.28952791924695, "target_steps": 10000}