current_itr_train_time	current_itr_train_loss_mean	current_itr_train_loss_std	current_itr_eval_5000_return_mean	current_itr_eval_5000_return_std	current_itr_eval_5000_length_mean	current_itr_eval_5000_length_std	current_itr_eval_2500_return_mean	current_itr_eval_2500_return_std	current_itr_eval_2500_length_mean	current_itr_eval_2500_length_std	TestEpRet	TestEpNormRet	Iteration	Steps	total_time	current_eval_time
1776.868527173996	0.3232983965590596	0.21743426398913357	244.19935365045612	38.64515634233972	105.6	8.946507698538017	220.27436253579975	8.37652173598297	99.6	1.9595917942265424	244.19935365045612	5.2839845432873505	1	5000	1831.5014204978943	54.632006883621216
1367.6172683238983	0.13752753821015357	0.013905617453444326	399.9648548529184	38.41424735377226	139.2	9.184770002564026	410.1047986022222	58.06435760249616	141.9	12.941792766073794	399.9648548529184	8.677072426821356	2	10000	3294.703271150589	95.40853643417358
1389.9375309944153	0.12366985819339753	0.011840993006248945	3406.849502297539	666.677248734506	859.1	169.1682298778349	1374.188237976319	469.94055004955817	386.8	99.45933842530826	3406.849502297539	74.17696672734108	3	15000	5080.331499099731	395.5747609138489
1462.3962423801422	0.11690133992284536	0.011186438567716566	408.0128819769955	34.356762156002624	176.6	10.547037498748168	422.74255443125355	47.06067079423915	184.0	13.114877048604	408.0128819769955	8.852385080202573	4	20000	6611.986318588257	69.15058207511902
1611.6682486534119	0.11213074561357499	0.010722248836534623	2607.7002224899925	1071.8293839411456	640.2	239.13209738552456	2167.886617101163	593.7217819673821	543.2	134.26228063011592	2607.7002224899925	56.76885185262679	5	25000	8449.300509214401	225.4761621952057
