{"final_weight_diff": 34.97539520263672, "final_feature_diff": 9.670909271333436, "best_weight_diff": 25.025863647460938, "best_feature_diff": 8.22952410445614, "num_feature_traj": 100, "num_feature_timesteps": "100000", "final_test_returns": 5004.212768533533, "final_test_normalized_returns": 42.56395933992247, "best_return": 8022.928712895557, "best_return_normalized": 66.87867889241497, "convergence_step": "5000", "convergence_iter": "1", "best_step": "30000", "best_iter": "6", "best_5percent_normalized": 66.87867889241497, "best_10percent_normalized": 65.27876287599352, "best_25percent_normalized": 57.342814920559405, "best_50percent_normalized": 50.62216451447544, "best_100percent_normalized": 45.91775417357934, "best_later_half_normalized": 42.307007403950294, "best_last_four_normalized": 42.82686786200375, "target_steps": 10000}