{
    "final_weight_diff": 0.0012220038333907723,
    "final_weight_sim": 0.771773636341095,
    "final_feature_diff": 0.1096543784440348,
    "final_feature_sim": 0.7667354990424793,
    "final_0_weight_diff": 0.001581103540956974,
    "final_1_weight_diff": 0.001180702936835587,
    "final_2_weight_diff": 0.0009019149583764374,
    "final_0_weight_sim": 0.7300675511360168,
    "final_1_weight_sim": 0.7662320733070374,
    "final_2_weight_sim": 0.7960589528083801,
    "best_weight_diff": 0.0003904284967575222,
    "best_weight_sim": 0.9116454720497131,
    "best_feature_diff": 0.1251193859975363,
    "best_feature_sim": 0.886002977626385,
    "best_0_weight_diff": 0.0005041664117015898,
    "best_1_weight_diff": 0.00035475718323141336,
    "best_2_weight_diff": 0.00031247703009285033,
    "best_0_weight_sim": 0.8943223357200623,
    "best_1_weight_sim": 0.908664345741272,
    "best_2_weight_sim": 0.9169794321060181,
    "num_feature_traj": 219,
    "num_feature_timesteps": "197797",
    "final_test_returns": 4947.705024252628,
    "final_test_normalized_returns": 107.7418970967856,
    "best_return": 4998.400696747265,
    "best_return_normalized": 108.84621654339772,
    "convergence_step": "15000",
    "convergence_iter": "3",
    "best_step": "15000",
    "best_iter": "3"
}