{"final_weight_diff": 0.0016559952637180686, "final_weight_sim": 0.7378221750259399, "final_feature_diff": 0.45420158955028034, "final_feature_sim": 0.5301071212506367, "final_0_weight_diff": 0.00196741777472198, "final_1_weight_diff": 0.0017195683903992176, "final_2_weight_diff": 0.0012711758026853204, "final_0_weight_sim": 0.7037950754165649, "final_1_weight_sim": 0.7357469201087952, "final_2_weight_sim": 0.7589111924171448, "best_weight_diff": 0.0008230577223002911, "best_weight_sim": 0.8525210618972778, "best_feature_diff": 0.34292300072891935, "best_feature_sim": 0.6617410168202348, "best_0_weight_diff": 0.0010502815712243319, "best_1_weight_diff": 0.000825101975351572, "best_2_weight_diff": 0.0005924133583903313, "best_0_weight_sim": 0.8241287469863892, "best_1_weight_sim": 0.8508589267730713, "best_2_weight_sim": 0.8717500567436218, "num_feature_traj": 109, "num_feature_timesteps": "31150", "final_test_returns": 2953.1143606178675, "final_test_normalized_returns": 64.29311440008044, "best_return": 3762.504944179948, "best_return_normalized": 81.92431874847694, "convergence_step": "35000", "convergence_iter": "7", "best_step": "35000", "best_iter": "7", "best_5percent_normalized": 81.92431874847694, "best_10percent_normalized": 80.79165338842236, "best_25percent_normalized": 74.64055015542647, "best_50percent_normalized": 70.17883064601794, "best_100percent_normalized": 54.850949322517884, "best_later_half_normalized": 59.83970952490672, "best_last_four_normalized": 50.461410725037304}