{"final_weight_diff": 0.0016063035000115633, "final_weight_sim": 0.7598117589950562, "final_feature_diff": 0.18426394691684755, "final_feature_sim": 0.7679238944422353, "final_0_weight_diff": 0.0021530718076974154, "final_1_weight_diff": 0.0015644190134480596, "final_2_weight_diff": 0.0010966743575409055, "final_0_weight_sim": 0.7190453410148621, "final_1_weight_sim": 0.7691580057144165, "final_2_weight_sim": 0.7906161546707153, "best_weight_diff": 0.0013831553515046835, "best_weight_sim": 0.7874072790145874, "best_feature_diff": 0.17848244382475748, "best_feature_sim": 0.7771687558847558, "best_0_weight_diff": 0.0018537688301876187, "best_1_weight_diff": 0.0013440498150885105, "best_2_weight_diff": 0.0009481553570367396, "best_0_weight_sim": 0.7504105567932129, "best_1_weight_sim": 0.7951295971870422, "best_2_weight_sim": 0.8153509497642517, "num_feature_traj": 200, "num_feature_timesteps": "200000", "final_test_returns": 5034.209711147105, "final_test_normalized_returns": 42.805574404249214, "best_return": 6889.9172739799205, "best_return_normalized": 57.75266111043321, "convergence_step": "80000", "convergence_iter": "16", "best_step": "80000", "best_iter": "16", "best_5percent_normalized": 57.75266111043321, "best_10percent_normalized": 52.84180315883259, "best_25percent_normalized": 47.19747750605859, "best_50percent_normalized": 45.11339531353884, "best_100percent_normalized": 43.45537784756908, "best_later_half_normalized": 44.499175179028136, "best_last_four_normalized": 44.113292838563936, "target_steps": 10000}