{"final_weight_diff": 0.0010547805577516556, "final_weight_sim": 0.7773395776748657, "final_feature_diff": 0.19033189631876332, "final_feature_sim": 0.7416829248443052, "final_0_weight_diff": 0.0012961073080077767, "final_1_weight_diff": 0.0010273548541590571, "final_2_weight_diff": 0.000839683401864022, "final_0_weight_sim": 0.7319164276123047, "final_1_weight_sim": 0.7721585035324097, "final_2_weight_sim": 0.793745756149292, "best_weight_diff": 0.0005659866146743298, "best_weight_sim": 0.8670432567596436, "best_feature_diff": 0.1433803807616198, "best_feature_sim": 0.8174684070692287, "best_0_weight_diff": 0.0007192560588009655, "best_1_weight_diff": 0.000544819631613791, "best_2_weight_diff": 0.0004337546997703612, "best_0_weight_sim": 0.8361828327178955, "best_1_weight_sim": 0.8612463474273682, "best_2_weight_sim": 0.880046010017395, "num_feature_traj": 60, "num_feature_timesteps": "60000", "final_test_returns": 4961.604290264698, "final_test_normalized_returns": 42.22076268983682, "best_return": 5137.036105362956, "best_return_normalized": 43.63380567344896, "convergence_step": "10000", "convergence_iter": "2", "best_step": "40000", "best_iter": "8", "best_5percent_normalized": 43.63380567344896, "best_10percent_normalized": 43.600501088721785, "best_25percent_normalized": 43.34851017194954, "best_50percent_normalized": 43.110109686198555, "best_100percent_normalized": 42.6839836199131, "best_later_half_normalized": 42.53845694673086, "best_last_four_normalized": 42.78144116892567, "target_steps": 5000}