{"final_weight_diff": 0.0010171231115236878, "final_weight_sim": 0.7969689965248108, "final_feature_diff": 0.31779756881755983, "final_feature_sim": 0.7555005207030984, "final_0_weight_diff": 0.0012636936735361814, "final_1_weight_diff": 0.0010182951809838414, "final_2_weight_diff": 0.0007673455402255058, "final_0_weight_sim": 0.7586361169815063, "final_1_weight_sim": 0.7859596610069275, "final_2_weight_sim": 0.8121069073677063, "best_weight_diff": 0.0005859515513293445, "best_weight_sim": 0.8691726326942444, "best_feature_diff": 0.2472671723686612, "best_feature_sim": 0.8182282148866357, "best_0_weight_diff": 0.000726073223631829, "best_1_weight_diff": 0.0005751887219958007, "best_2_weight_diff": 0.0004563109832815826, "best_0_weight_sim": 0.8390406966209412, "best_1_weight_sim": 0.8615649938583374, "best_2_weight_sim": 0.8783015608787537, "num_feature_traj": 219, "num_feature_timesteps": "197797", "final_test_returns": 4897.546114015472, "final_test_normalized_returns": 106.649270107734, "best_return": 5033.05493983555, "best_return_normalized": 109.6011005929991, "convergence_step": "10000", "convergence_iter": "2", "best_step": "45000", "best_iter": "9", "best_5percent_normalized": 109.6011005929991, "best_10percent_normalized": 109.38850910623759, "best_25percent_normalized": 108.66677319551323, "best_50percent_normalized": 107.60542432135237, "best_100percent_normalized": 97.79810288437577, "best_later_half_normalized": 98.65905695186777, "best_last_four_normalized": 100.87323360185542}