{"final_weight_diff": 0.0019632999319583178, "final_weight_sim": 0.8212054967880249, "final_feature_diff": 6.63149301403601, "final_feature_sim": 0.38955381272407846, "final_0_weight_diff": 0.0019190558232367039, "final_1_weight_diff": 0.0021796051878482103, "final_2_weight_diff": 0.0017818153137341142, "final_0_weight_sim": 0.7139788269996643, "final_1_weight_sim": 0.7495256662368774, "final_2_weight_sim": 0.809657871723175, "best_weight_diff": 0.0018305249977856874, "best_weight_sim": 0.8312433958053589, "best_feature_diff": 6.590885276181018, "best_feature_sim": 0.39522773128230093, "best_0_weight_diff": 0.0018096108688041568, "best_1_weight_diff": 0.002035248326137662, "best_2_weight_diff": 0.0016385494964197278, "best_0_weight_sim": 0.7256817817687988, "best_1_weight_sim": 0.7615681290626526, "best_2_weight_sim": 0.8221308588981628, "num_feature_traj": 223, "num_feature_timesteps": "196344", "final_test_returns": 4286.339418336991, "final_test_normalized_returns": 109.66968868658576, "best_return": 5280.0244289516, "best_return_normalized": 133.29903761804388, "convergence_step": "90000", "convergence_iter": "18", "best_step": "90000", "best_iter": "18", "best_5percent_normalized": 133.29903761804388, "best_10percent_normalized": 128.69715959146814, "best_25percent_normalized": 119.92788651689156, "best_50percent_normalized": 110.23802004975042, "best_100percent_normalized": 100.58309157550634, "best_later_half_normalized": 105.61317249765338, "best_last_four_normalized": 116.14113003834562}