{
    "final_weight_diff": 0.0012667439877986908,
    "final_weight_sim": 0.7794741988182068,
    "final_feature_diff": 0.3317730426781403,
    "final_feature_sim": 0.695040451862554,
    "final_0_weight_diff": 0.0016761821461841464,
    "final_1_weight_diff": 0.0012474969262257218,
    "final_2_weight_diff": 0.0008706838707439601,
    "final_0_weight_sim": 0.7410519123077393,
    "final_1_weight_sim": 0.7792657613754272,
    "final_2_weight_sim": 0.8081060647964478,
    "best_weight_diff": 0.0006282501271925867,
    "best_weight_sim": 0.8782079815864563,
    "best_feature_diff": 0.2613358852401141,
    "best_feature_sim": 0.7708108994667345,
    "best_0_weight_diff": 0.0008336392347700894,
    "best_1_weight_diff": 0.0006057483842596412,
    "best_2_weight_diff": 0.0004443893558345735,
    "best_0_weight_sim": 0.8530131578445435,
    "best_1_weight_sim": 0.8771073222160339,
    "best_2_weight_sim": 0.8948942422866821,
    "num_feature_traj": 200,
    "num_feature_timesteps": "200000",
    "final_test_returns": 5156.598013124503,
    "final_test_normalized_returns": 43.79137011803412,
    "best_return": 6860.940406488458,
    "best_return_normalized": 57.519262400667046,
    "convergence_step": "15000",
    "convergence_iter": "3",
    "best_step": "35000",
    "best_iter": "7"
}