{"final_weight_diff": 0.0008887081639841199, "final_weight_sim": 0.5869791507720947, "final_feature_diff": 1.1100441668958927, "final_feature_sim": 0.3841365636760403, "final_0_weight_diff": 0.0006940041203051805, "final_1_weight_diff": 0.0007845204090699553, "final_2_weight_diff": 0.0008497494272887707, "final_3_weight_diff": 0.0008924542926251888, "final_4_weight_diff": 0.0009295771014876664, "final_5_weight_diff": 0.0009489730000495911, "final_6_weight_diff": 0.0009629258420318365, "final_7_weight_diff": 0.0009684661054052413, "final_8_weight_diff": 0.0009647750412113965, "final_9_weight_diff": 0.0009631282882764935, "final_10_weight_diff": 0.0009344975696876645, "final_11_weight_diff": 0.0007707630866207182, "final_0_weight_sim": 0.5807933807373047, "final_1_weight_sim": 0.585065484046936, "final_2_weight_sim": 0.5814647078514099, "final_3_weight_sim": 0.5793409943580627, "final_4_weight_sim": 0.5791779160499573, "final_5_weight_sim": 0.5798511505126953, "final_6_weight_sim": 0.5810343623161316, "final_7_weight_sim": 0.5822041630744934, "final_8_weight_sim": 0.5829454660415649, "final_9_weight_sim": 0.5837666988372803, "final_10_weight_sim": 0.585360586643219, "final_11_weight_sim": 0.615100622177124, "best_weight_diff": 9.511716780252755e-05, "best_weight_sim": 0.9117130041122437, "best_feature_diff": 1.1583462362427603, "best_feature_sim": 0.4077432531506169, "best_0_weight_diff": 9.82541823759675e-05, "best_1_weight_diff": 9.307280561188236e-05, "best_2_weight_diff": 9.134262654697523e-05, "best_3_weight_diff": 9.219306230079383e-05, "best_4_weight_diff": 9.573480929248035e-05, "best_5_weight_diff": 9.647866681916639e-05, "best_6_weight_diff": 9.733442129800096e-05, "best_7_weight_diff": 9.494744153926149e-05, "best_8_weight_diff": 9.420753485755995e-05, "best_9_weight_diff": 9.413641964783892e-05, "best_10_weight_diff": 9.623558435123414e-05, "best_11_weight_diff": 9.743525151861832e-05, "best_0_weight_sim": 0.9045113325119019, "best_1_weight_sim": 0.9104247093200684, "best_2_weight_sim": 0.9125397205352783, "best_3_weight_sim": 0.9122649431228638, "best_4_weight_sim": 0.9097874164581299, "best_5_weight_sim": 0.9095085859298706, "best_6_weight_sim": 0.9090893864631653, "best_7_weight_sim": 0.9111683368682861, "best_8_weight_sim": 0.9119577407836914, "best_9_weight_sim": 0.9122793078422546, "best_10_weight_sim": 0.9105242490768433, "best_11_weight_sim": 0.909356951713562, "num_feature_traj": 200, "num_feature_timesteps": "200000", "final_test_returns": 10564.963473556392, "final_test_normalized_returns": 87.35389532130566, "best_return": 11045.000529706256, "best_return_normalized": 91.22042884423864, "convergence_step": "5000", "convergence_iter": "1", "best_step": "20000", "best_iter": "4", "best_5percent_normalized": 91.22042884423864, "best_10percent_normalized": 89.28716208277214, "best_25percent_normalized": 84.83720416260556, "best_50percent_normalized": 67.47545587217051, "best_100percent_normalized": 54.55363173427295, "best_later_half_normalized": 46.52355901428664, "best_last_four_normalized": 52.81354001525065}