{"final_weight_diff": 0.0014949438627809286, "final_weight_sim": 0.8559644222259521, "final_feature_diff": 8.749742157507306, "final_feature_sim": 0.380646775296104, "final_0_weight_diff": 0.001610798412002623, "final_1_weight_diff": 0.0016475613228976727, "final_2_weight_diff": 0.0012219930067658424, "final_0_weight_sim": 0.7367985248565674, "final_1_weight_sim": 0.7994625568389893, "final_2_weight_sim": 0.8563472628593445, "best_weight_diff": 0.0008214618428610265, "best_weight_sim": 0.9158997535705566, "best_feature_diff": 7.719435178922296, "best_feature_sim": 0.45357028595832066, "best_0_weight_diff": 0.0009914838010445237, "best_1_weight_diff": 0.0008331576245836914, "best_2_weight_diff": 0.000637982040643692, "best_0_weight_sim": 0.8226725459098816, "best_1_weight_sim": 0.8851359486579895, "best_2_weight_sim": 0.9212875962257385, "num_feature_traj": 50, "num_feature_timesteps": "50000", "final_test_returns": 5632.38495821582, "final_test_normalized_returns": 47.6236704569378, "best_return": 10313.48837701236, "best_return_normalized": 85.32834983786125, "convergence_step": "5000", "convergence_iter": "1", "best_step": "45000", "best_iter": "9", "best_5percent_normalized": 85.32834983786125, "best_10percent_normalized": 83.86566490571458, "best_25percent_normalized": 80.41428221264526, "best_50percent_normalized": 74.03630388090275, "best_100percent_normalized": 60.41098841733658, "best_later_half_normalized": 58.21251224867721, "best_last_four_normalized": 44.728042415558676}