{"final_weight_diff": 0.0009625625098124146, "final_weight_sim": 0.7900158166885376, "final_feature_diff": 0.1284395636299695, "final_feature_sim": 0.7779884240838715, "final_0_weight_diff": 0.0011679751332849264, "final_1_weight_diff": 0.0009838939877226949, "final_2_weight_diff": 0.0007350736996158957, "final_0_weight_sim": 0.749886691570282, "final_1_weight_sim": 0.7836952209472656, "final_2_weight_sim": 0.8124068975448608, "best_weight_diff": 0.0005748922121711075, "best_weight_sim": 0.8609234690666199, "best_feature_diff": 0.14231579939728173, "best_feature_sim": 0.8355621409195356, "best_0_weight_diff": 0.0007049177074804902, "best_1_weight_diff": 0.000568754505366087, "best_2_weight_diff": 0.0004510962753556669, "best_0_weight_sim": 0.8302613496780396, "best_1_weight_sim": 0.8571555018424988, "best_2_weight_sim": 0.8751022219657898, "num_feature_traj": 321, "num_feature_timesteps": "203500", "final_test_returns": 3375.6183901546365, "final_test_normalized_returns": 104.3421493490106, "best_return": 3628.39028382295, "best_return_normalized": 112.10881943589052, "convergence_step": "40000", "convergence_iter": "8", "best_step": "50000", "best_iter": "10", "best_5percent_normalized": 112.10881943589052, "best_10percent_normalized": 112.02264967446243, "best_25percent_normalized": 111.37994325171076, "best_50percent_normalized": 109.56770032090878, "best_100percent_normalized": 93.61946541665296, "best_later_half_normalized": 101.28653236743772, "best_last_four_normalized": 105.8177296645833, "target_steps": 15000}