{
    "final_weight_diff": 0.0014484390849247575,
    "final_weight_sim": 0.7472201585769653,
    "final_feature_diff": 0.20627654682878485,
    "final_feature_sim": 0.6921125851698576,
    "final_0_weight_diff": 0.0015735533088445663,
    "final_1_weight_diff": 0.00143986486364156,
    "final_2_weight_diff": 0.001328389742411673,
    "final_0_weight_sim": 0.7255415320396423,
    "final_1_weight_sim": 0.738580048084259,
    "final_2_weight_sim": 0.7480185031890869,
    "best_weight_diff": 0.00032991563784889877,
    "best_weight_sim": 0.9305736422538757,
    "best_feature_diff": 0.13337802467374482,
    "best_feature_sim": 0.8334416867405489,
    "best_0_weight_diff": 0.0003631088475231081,
    "best_1_weight_diff": 0.0003373347281012684,
    "best_2_weight_diff": 0.0002892678021453321,
    "best_0_weight_sim": 0.9216629862785339,
    "best_1_weight_sim": 0.9245855212211609,
    "best_2_weight_sim": 0.9340716600418091,
    "num_feature_traj": 200,
    "num_feature_timesteps": "200000",
    "final_test_returns": 4840.907519891928,
    "final_test_normalized_returns": 41.24859168183371,
    "best_return": 9724.584355347704,
    "best_return_normalized": 80.58493031975311,
    "convergence_step": "10000",
    "convergence_iter": "2",
    "best_step": "10000",
    "best_iter": "2"
}