{"final_weight_diff": 0.001304268604144454, "final_weight_sim": 0.773057222366333, "final_feature_diff": 0.26502288327503126, "final_feature_sim": 0.747742203855957, "final_0_weight_diff": 0.0016687028110027313, "final_1_weight_diff": 0.0013354590628296137, "final_2_weight_diff": 0.0009038893040269613, "final_0_weight_sim": 0.7281649112701416, "final_1_weight_sim": 0.7743411064147949, "final_2_weight_sim": 0.804212212562561, "best_weight_diff": 0.0007112268358469009, "best_weight_sim": 0.86373370885849, "best_feature_diff": 0.21644025925761634, "best_feature_sim": 0.8015472997888939, "best_0_weight_diff": 0.000944349798373878, "best_1_weight_diff": 0.000690234825015068, "best_2_weight_diff": 0.0004980061785317957, "best_0_weight_sim": 0.8294378519058228, "best_1_weight_sim": 0.8665008544921875, "best_2_weight_sim": 0.8848056197166443, "num_feature_traj": 476, "num_feature_timesteps": "401535", "final_test_returns": 2907.973995833404, "final_test_normalized_returns": 63.309807932177854, "best_return": 3607.071953004849, "best_return_normalized": 78.53847403327154, "convergence_step": "40000", "convergence_iter": "8", "best_step": "40000", "best_iter": "8", "best_5percent_normalized": 78.53847403327154, "best_10percent_normalized": 77.75293348011161, "best_25percent_normalized": 76.23522746261446, "best_50percent_normalized": 74.8744558774294, "best_100percent_normalized": 67.72158686484656, "best_later_half_normalized": 70.21110380457391, "best_last_four_normalized": 71.81396465630577, "target_steps": 10000}