{"final_weight_diff": 0.008650385774672031, "final_weight_sim": 0.5551696419715881, "final_feature_diff": 9.652925973668642, "final_feature_sim": 0.14288572900122049, "final_0_weight_diff": 0.004810097627341747, "final_1_weight_diff": 0.008805877529084682, "final_2_weight_diff": 0.012043530121445656, "final_0_weight_sim": 0.47849366068840027, "final_1_weight_sim": 0.4438946545124054, "final_2_weight_sim": 0.49017444252967834, "best_weight_diff": 0.00849488191306591, "best_weight_sim": 0.5611428022384644, "best_feature_diff": 9.589221039122647, "best_feature_sim": 0.14552053023597594, "best_0_weight_diff": 0.004721981007605791, "best_1_weight_diff": 0.008710718713700771, "best_2_weight_diff": 0.011759910732507706, "best_0_weight_sim": 0.48806941509246826, "best_1_weight_sim": 0.45129308104515076, "best_2_weight_sim": 0.4950694739818573, "num_feature_traj": 20, "num_feature_timesteps": "20000", "final_test_returns": 4110.4515186246845, "final_test_normalized_returns": 35.36501961225242, "best_return": 4798.538461105381, "best_return_normalized": 40.907323473401576, "convergence_step": "5000", "convergence_iter": "1", "best_step": "90000", "best_iter": "18", "best_5percent_normalized": 40.907323473401576, "best_10percent_normalized": 40.825688172559765, "best_25percent_normalized": 40.58176637139427, "best_50percent_normalized": 40.15340799644132, "best_100percent_normalized": 36.866754771689415, "best_later_half_normalized": 38.363389316055006, "best_last_four_normalized": 39.18748327579066}