{
    "final_weight_diff": 0.0020563367288559675,
    "final_weight_sim": 0.7335043549537659,
    "final_feature_diff": 0.4498474390363552,
    "final_feature_sim": 0.7456026816482895,
    "final_0_weight_diff": 0.0021939873695373535,
    "final_1_weight_diff": 0.002281145192682743,
    "final_2_weight_diff": 0.0016944301314651966,
    "final_0_weight_sim": 0.7058039307594299,
    "final_1_weight_sim": 0.7127771973609924,
    "final_2_weight_sim": 0.7340922355651855,
    "best_weight_diff": 0.0010741439182311296,
    "best_weight_sim": 0.8197189569473267,
    "best_feature_diff": 0.3599039376208139,
    "best_feature_sim": 0.7904190523153579,
    "best_0_weight_diff": 0.0011211353121325374,
    "best_1_weight_diff": 0.0011740397894755006,
    "best_2_weight_diff": 0.0009270291775465012,
    "best_0_weight_sim": 0.797221302986145,
    "best_1_weight_sim": 0.7984575033187866,
    "best_2_weight_sim": 0.8185280561447144,
    "num_feature_traj": 163,
    "num_feature_timesteps": "34862",
    "final_test_returns": 1454.9599154990185,
    "final_test_normalized_returns": 45.327990354757794,
    "best_return": 2641.94751199262,
    "best_return_normalized": 81.79937538651855,
    "convergence_step": "35000",
    "convergence_iter": "7",
    "best_step": "35000",
    "best_iter": "7"
}