{"final_weight_diff": 0.0010549182770773768, "final_weight_sim": 0.7958894968032837, "final_feature_diff": 0.7735170649155291, "final_feature_sim": 0.7162870567655306, "final_0_weight_diff": 0.0014300098409876227, "final_1_weight_diff": 0.0009659297647885978, "final_2_weight_diff": 0.000764612399507314, "final_0_weight_sim": 0.7399315237998962, "final_1_weight_sim": 0.7869433164596558, "final_2_weight_sim": 0.8047678470611572, "best_weight_diff": 0.0005746925016865134, "best_weight_sim": 0.8766467571258545, "best_feature_diff": 0.5723310966811214, "best_feature_sim": 0.796757023059113, "best_0_weight_diff": 0.0007857797318138182, "best_1_weight_diff": 0.0005247678491286933, "best_2_weight_diff": 0.00041263707680627704, "best_0_weight_sim": 0.8307510614395142, "best_1_weight_sim": 0.8701086044311523, "best_2_weight_sim": 0.8862382173538208, "num_feature_traj": 200, "num_feature_timesteps": "200000", "final_test_returns": 5078.56576882379, "final_test_normalized_returns": 43.16284720591083, "best_return": 8756.48544348221, "best_return_normalized": 72.78722627110093, "convergence_step": "20000", "convergence_iter": "4", "best_step": "40000", "best_iter": "8", "best_5percent_normalized": 72.78722627110093, "best_10percent_normalized": 71.91409253968975, "best_25percent_normalized": 61.94623268222233, "best_50percent_normalized": 53.906354066871145, "best_100percent_normalized": 46.96561402465671, "best_later_half_normalized": 42.7745063926343, "best_last_four_normalized": 41.67826774679464, "target_steps": 10000}