{
    "final_weight_diff": 0.0024533418472856283,
    "final_weight_sim": 0.7034314274787903,
    "final_feature_diff": 0.6042482504939815,
    "final_feature_sim": 0.7174105904452562,
    "final_0_weight_diff": 0.002557245548814535,
    "final_1_weight_diff": 0.002417458686977625,
    "final_2_weight_diff": 0.0023822220973670483,
    "final_0_weight_sim": 0.6837963461875916,
    "final_1_weight_sim": 0.6802884936332703,
    "final_2_weight_sim": 0.6860747337341309,
    "best_weight_diff": 0.0020147194154560566,
    "best_weight_sim": 0.7339527010917664,
    "best_feature_diff": 0.5458257386716484,
    "best_feature_sim": 0.750632093795789,
    "best_0_weight_diff": 0.0021264851093292236,
    "best_1_weight_diff": 0.0019561222288757563,
    "best_2_weight_diff": 0.0019575259648263454,
    "best_0_weight_sim": 0.7126162648200989,
    "best_1_weight_sim": 0.7132843732833862,
    "best_2_weight_sim": 0.7160945534706116,
    "num_feature_traj": 20,
    "num_feature_timesteps": "20000",
    "final_test_returns": 4571.488444806883,
    "final_test_normalized_returns": 39.07851361767546,
    "best_return": 4668.595457418175,
    "best_return_normalized": 39.86067723351144,
    "convergence_step": "15000",
    "convergence_iter": "3",
    "best_step": "70000",
    "best_iter": "14"
}