{"final_weight_diff": 0.0014340686611831188, "final_weight_sim": 0.7435193061828613, "final_feature_diff": 0.39828165020430345, "final_feature_sim": 0.6111352948813721, "final_0_weight_diff": 0.0016270141350105405, "final_1_weight_diff": 0.0015143324853852391, "final_2_weight_diff": 0.0011506476439535618, "final_0_weight_sim": 0.7147806882858276, "final_1_weight_sim": 0.7360180616378784, "final_2_weight_sim": 0.759621798992157, "best_weight_diff": 0.0007855625590309501, "best_weight_sim": 0.8511264324188232, "best_feature_diff": 0.3334281134064792, "best_feature_sim": 0.6976772594473933, "best_0_weight_diff": 0.0009300201782025397, "best_1_weight_diff": 0.000810575729701668, "best_2_weight_diff": 0.0006148589891381562, "best_0_weight_sim": 0.831382155418396, "best_1_weight_sim": 0.8449337482452393, "best_2_weight_sim": 0.8618060350418091, "num_feature_traj": 20, "num_feature_timesteps": "20000", "final_test_returns": 4171.45406455585, "final_test_normalized_returns": 35.85637415625136, "best_return": 4808.852602300743, "best_return_normalized": 40.99040033628376, "convergence_step": "10000", "convergence_iter": "2", "best_step": "40000", "best_iter": "8", "best_5percent_normalized": 40.99040033628376, "best_10percent_normalized": 40.9385862625562, "best_25percent_normalized": 40.72553643785066, "best_50percent_normalized": 40.39754100317224, "best_100percent_normalized": 38.86937578797877, "best_later_half_normalized": 39.17148263346562, "best_last_four_normalized": 38.59392152947487, "target_steps": 10000}