{"final_weight_diff": 0.0011791361030191183, "final_weight_sim": 0.7708562016487122, "final_feature_diff": 0.31851213744077983, "final_feature_sim": 0.7225152982302246, "final_0_weight_diff": 0.0013000954641029239, "final_1_weight_diff": 0.0012853670632466674, "final_2_weight_diff": 0.0009499311563558877, "final_0_weight_sim": 0.7447161674499512, "final_1_weight_sim": 0.7427573204040527, "final_2_weight_sim": 0.7904303073883057, "best_weight_diff": 0.0010502439690753818, "best_weight_sim": 0.7899836301803589, "best_feature_diff": 0.3137294917572017, "best_feature_sim": 0.7290566744922387, "best_0_weight_diff": 0.001166812377050519, "best_1_weight_diff": 0.0011413167230784893, "best_2_weight_diff": 0.0008410844602622092, "best_0_weight_sim": 0.7652015089988708, "best_1_weight_sim": 0.7626739144325256, "best_2_weight_sim": 0.8088761568069458, "num_feature_traj": 95, "num_feature_timesteps": "79844", "final_test_returns": 3441.1813357139085, "final_test_normalized_returns": 74.92482762776716, "best_return": 3612.7814439720314, "best_return_normalized": 78.66284563335203, "convergence_step": "5000", "convergence_iter": "1", "best_step": "85000", "best_iter": "17", "best_5percent_normalized": 78.66284563335203, "best_10percent_normalized": 78.21829922649428, "best_25percent_normalized": 76.41210683727249, "best_50percent_normalized": 74.83347444354817, "best_100percent_normalized": 70.3166771812013, "best_later_half_normalized": 72.3105132812, "best_last_four_normalized": 73.15839284757931, "target_steps": 5000}