{
    "final_weight_diff": 0.0025664279237389565,
    "final_weight_sim": 0.6900405287742615,
    "final_feature_diff": 0.8821328055282475,
    "final_feature_sim": 0.5656946965059133,
    "final_0_weight_diff": 0.0030066827312111855,
    "final_1_weight_diff": 0.0025720433332026005,
    "final_2_weight_diff": 0.0021215472370386124,
    "final_0_weight_sim": 0.662019670009613,
    "final_1_weight_sim": 0.6681504845619202,
    "final_2_weight_sim": 0.6895178556442261,
    "best_weight_diff": 0.0011960024712607265,
    "best_weight_sim": 0.8030664324760437,
    "best_feature_diff": 0.6481331685878851,
    "best_feature_sim": 0.6861816209081283,
    "best_0_weight_diff": 0.0014025983400642872,
    "best_1_weight_diff": 0.0011510106269270182,
    "best_2_weight_diff": 0.00103416433557868,
    "best_0_weight_sim": 0.7749087810516357,
    "best_1_weight_sim": 0.7883369326591492,
    "best_2_weight_sim": 0.7990557551383972,
    "num_feature_traj": 223,
    "num_feature_timesteps": "196344",
    "final_test_returns": 4355.615311296579,
    "final_test_normalized_returns": 111.31703591412216,
    "best_return": 4722.622065898622,
    "best_return_normalized": 120.04427902643384,
    "convergence_step": "30000",
    "convergence_iter": "6",
    "best_step": "30000",
    "best_iter": "6"
}