{"final_weight_diff": 0.0013933549635112286, "final_weight_sim": 0.7697427272796631, "final_feature_diff": 0.4289475660137695, "final_feature_sim": 0.5611279538473537, "final_0_weight_diff": 0.0016020486364141107, "final_1_weight_diff": 0.0015023997984826565, "final_2_weight_diff": 0.0010712587973102927, "final_0_weight_sim": 0.7507618069648743, "final_1_weight_sim": 0.7548307180404663, "final_2_weight_sim": 0.7855101823806763, "best_weight_diff": 0.0013933549635112286, "best_weight_sim": 0.7697427272796631, "best_feature_diff": 0.4289475660137695, "best_feature_sim": 0.5611279538473537, "best_0_weight_diff": 0.0016020486364141107, "best_1_weight_diff": 0.0015023997984826565, "best_2_weight_diff": 0.0010712587973102927, "best_0_weight_sim": 0.7507618069648743, "best_1_weight_sim": 0.7548307180404663, "best_2_weight_sim": 0.7855101823806763, "num_feature_traj": 204, "num_feature_timesteps": "37349", "final_test_returns": 2113.748714620536, "final_test_normalized_returns": 65.56993729535641, "best_return": 2113.748714620536, "best_return_normalized": 65.56993729535641, "convergence_step": "100000", "convergence_iter": "20", "best_step": "100000", "best_iter": "20", "best_5percent_normalized": 65.56993729535641, "best_10percent_normalized": 60.18868235955876, "best_25percent_normalized": 55.53744434861935, "best_50percent_normalized": 46.13063026336211, "best_100percent_normalized": 35.05795498274527, "best_later_half_normalized": 41.70853652082566, "best_last_four_normalized": 50.40371072900349, "target_steps": 10000}