{"final_weight_diff": 0.0016768540954217315, "final_weight_sim": 0.7612419128417969, "final_feature_diff": 0.16799151081132713, "final_feature_sim": 0.7622789074217541, "final_0_weight_diff": 0.0021605798974633217, "final_1_weight_diff": 0.0016588416183367372, "final_2_weight_diff": 0.00120737764518708, "final_0_weight_sim": 0.7283844351768494, "final_1_weight_sim": 0.7689162492752075, "final_2_weight_sim": 0.784619152545929, "best_weight_diff": 0.0016201349208131433, "best_weight_sim": 0.7679060101509094, "best_feature_diff": 0.16718927484469065, "best_feature_sim": 0.7639071307230678, "best_0_weight_diff": 0.0020882850512862206, "best_1_weight_diff": 0.0016046356176957488, "best_2_weight_diff": 0.0011639934964478016, "best_0_weight_sim": 0.7359370589256287, "best_1_weight_sim": 0.7749341130256653, "best_2_weight_sim": 0.791053295135498, "num_feature_traj": 200, "num_feature_timesteps": "200000", "final_test_returns": 5069.365210152256, "final_test_normalized_returns": 43.08873986757632, "best_return": 6252.335820480754, "best_return_normalized": 52.617161606858986, "convergence_step": "95000", "convergence_iter": "19", "best_step": "95000", "best_iter": "19", "best_5percent_normalized": 52.617161606858986, "best_10percent_normalized": 50.431306533090975, "best_25percent_normalized": 47.18428016663356, "best_50percent_normalized": 45.18397485982753, "best_100percent_normalized": 43.57647056717028, "best_later_half_normalized": 44.297203527638715, "best_last_four_normalized": 46.828075530203165, "target_steps": 10000}