{"final_weight_diff": 0.0010430229594931006, "final_weight_sim": 0.7862266302108765, "final_feature_diff": 0.46142748846875536, "final_feature_sim": 0.6179948574786217, "final_0_weight_diff": 0.0013189095770940185, "final_1_weight_diff": 0.0010511159198358655, "final_2_weight_diff": 0.0007563518593087792, "final_0_weight_sim": 0.7571632862091064, "final_1_weight_sim": 0.7724758982658386, "final_2_weight_sim": 0.8028228282928467, "best_weight_diff": 0.0010430229594931006, "best_weight_sim": 0.7862266302108765, "best_feature_diff": 0.46142748846875536, "best_feature_sim": 0.6179948574786217, "best_0_weight_diff": 0.0013189095770940185, "best_1_weight_diff": 0.0010511159198358655, "best_2_weight_diff": 0.0007563518593087792, "best_0_weight_sim": 0.7571632862091064, "best_1_weight_sim": 0.7724758982658386, "best_2_weight_sim": 0.8028228282928467, "num_feature_traj": 200, "num_feature_timesteps": "200000", "final_test_returns": 9110.498776406068, "final_test_normalized_returns": 75.63868201140112, "best_return": 9110.498776406068, "best_return_normalized": 75.63868201140112, "convergence_step": "100000", "convergence_iter": "20", "best_step": "100000", "best_iter": "20", "best_5percent_normalized": 75.63868201140112, "best_10percent_normalized": 66.11227242179586, "best_25percent_normalized": 52.51184419464717, "best_50percent_normalized": 47.80869735301618, "best_100percent_normalized": 44.55043002172891, "best_later_half_normalized": 45.706552412631034, "best_last_four_normalized": 50.47382562497867}