{"final_weight_diff": 0.0015495548723265529, "final_weight_sim": 0.852211058139801, "final_feature_diff": 8.503100337527615, "final_feature_sim": 0.3807695136328347, "final_0_weight_diff": 0.0017336785094812512, "final_1_weight_diff": 0.0017078452510759234, "final_2_weight_diff": 0.0012016748078167439, "final_0_weight_sim": 0.7307971119880676, "final_1_weight_sim": 0.7955561876296997, "final_2_weight_sim": 0.8578604459762573, "best_weight_diff": 0.0005496461526490748, "best_weight_sim": 0.9422889351844788, "best_feature_diff": 7.233501939091645, "best_feature_sim": 0.48085245560088763, "best_0_weight_diff": 0.0006961250328458846, "best_1_weight_diff": 0.0005623280885629356, "best_2_weight_diff": 0.0003892744716722518, "best_0_weight_sim": 0.8652751445770264, "best_1_weight_sim": 0.9195724129676819, "best_2_weight_sim": 0.9513710737228394, "num_feature_traj": 200, "num_feature_timesteps": "200000", "final_test_returns": 4989.515027572427, "final_test_normalized_returns": 42.44557408734781, "best_return": 6548.026810574286, "best_return_normalized": 54.99885091808781, "convergence_step": "25000", "convergence_iter": "5", "best_step": "25000", "best_iter": "5", "best_5percent_normalized": 54.99885091808781, "best_10percent_normalized": 53.77601513485014, "best_25percent_normalized": 52.81603132292328, "best_50percent_normalized": 48.23811191303258, "best_100percent_normalized": 45.176008449564506, "best_later_half_normalized": 43.913214786360186, "best_last_four_normalized": 45.08714095073142}