{"final_weight_diff": 0.0018490819493308663, "final_weight_sim": 0.7356256246566772, "final_feature_diff": 0.3646395819636812, "final_feature_sim": 0.6435634300257661, "final_0_weight_diff": 0.0021405278239399195, "final_1_weight_diff": 0.0016422363696619868, "final_2_weight_diff": 0.0017576362006366253, "final_0_weight_sim": 0.6631433367729187, "final_1_weight_sim": 0.7433557510375977, "final_2_weight_sim": 0.7709922194480896, "best_weight_diff": 0.0016186824068427086, "best_weight_sim": 0.7631726264953613, "best_feature_diff": 0.35782485120215435, "best_feature_sim": 0.6540717563104844, "best_0_weight_diff": 0.0018901809817180037, "best_1_weight_diff": 0.0014279303140938282, "best_2_weight_diff": 0.0015327994478866458, "best_0_weight_sim": 0.6924883723258972, "best_1_weight_sim": 0.7691259384155273, "best_2_weight_sim": 0.7982419729232788, "num_feature_traj": 71, "num_feature_timesteps": "64305", "final_test_returns": 3214.627594846148, "final_test_normalized_returns": 69.98973771906823, "best_return": 3754.4625776720495, "best_return_normalized": 81.74912940204122, "convergence_step": "25000", "convergence_iter": "5", "best_step": "80000", "best_iter": "16", "best_5percent_normalized": 81.74912940204122, "best_10percent_normalized": 81.28901354041243, "best_25percent_normalized": 79.43535306826594, "best_50percent_normalized": 76.72745451507132, "best_100percent_normalized": 72.22887338539368, "best_later_half_normalized": 70.24317295754183, "best_last_four_normalized": 69.27983882561297, "target_steps": 5000}