{"final_weight_diff": 0.0015373574569821358, "final_weight_sim": 0.7469384670257568, "final_feature_diff": 0.4360353120440329, "final_feature_sim": 0.5349329595158212, "final_0_weight_diff": 0.0020336739253252745, "final_1_weight_diff": 0.0015725723933428526, "final_2_weight_diff": 0.000997058697976172, "final_0_weight_sim": 0.7111389636993408, "final_1_weight_sim": 0.7451256513595581, "final_2_weight_sim": 0.7809458374977112, "best_weight_diff": 0.0009423488518223166, "best_weight_sim": 0.8300790786743164, "best_feature_diff": 0.40170896406427165, "best_feature_sim": 0.5926776273092124, "best_0_weight_diff": 0.001304510165937245, "best_1_weight_diff": 0.0009195468155667186, "best_2_weight_diff": 0.0006004693568684161, "best_0_weight_sim": 0.798553466796875, "best_1_weight_sim": 0.8295578360557556, "best_2_weight_sim": 0.8584921360015869, "num_feature_traj": 223, "num_feature_timesteps": "196344", "final_test_returns": 4594.790808754298, "final_test_normalized_returns": 117.0045135603714, "best_return": 5312.4963129656335, "best_return_normalized": 134.07120331404738, "convergence_step": "45000", "convergence_iter": "9", "best_step": "45000", "best_iter": "9", "best_5percent_normalized": 134.07120331404738, "best_10percent_normalized": 133.5077010449001, "best_25percent_normalized": 132.23854413396543, "best_50percent_normalized": 128.26238801431967, "best_100percent_normalized": 115.07434212237868, "best_later_half_normalized": 121.32199458305995, "best_last_four_normalized": 120.52986630464267, "target_steps": 10000}