{"final_weight_diff": 0.0007432515849359334, "final_weight_sim": 0.8385273814201355, "final_feature_diff": 0.5560183061411026, "final_feature_sim": 0.6929776821109347, "final_0_weight_diff": 0.001068905577994883, "final_1_weight_diff": 0.0006683910614810884, "final_2_weight_diff": 0.0004914177698083222, "final_0_weight_sim": 0.7826071381568909, "final_1_weight_sim": 0.836916446685791, "final_2_weight_sim": 0.864538311958313, "best_weight_diff": 0.00023816610337235034, "best_weight_sim": 0.9406307339668274, "best_feature_diff": 0.23271078966196992, "best_feature_sim": 0.8641327694326659, "best_0_weight_diff": 0.00033267668914049864, "best_1_weight_diff": 0.00022812509268987924, "best_2_weight_diff": 0.00015372296911664307, "best_0_weight_sim": 0.9144529700279236, "best_1_weight_sim": 0.9364883899688721, "best_2_weight_sim": 0.9535547494888306, "num_feature_traj": 218, "num_feature_timesteps": "100692", "final_test_returns": 1957.6395757046296, "final_test_normalized_returns": 60.77332734829592, "best_return": 2196.5405628386934, "best_return_normalized": 68.11379991260306, "convergence_step": "25000", "convergence_iter": "5", "best_step": "25000", "best_iter": "5", "best_5percent_normalized": 68.11379991260306, "best_10percent_normalized": 65.75121953394849, "best_25percent_normalized": 62.93234787802152, "best_50percent_normalized": 60.51567213818494, "best_100percent_normalized": 54.30233351740594, "best_later_half_normalized": 57.201358347466076, "best_last_four_normalized": 56.215558762330005, "target_steps": 5000}