{"final_weight_diff": 0.0012523444602265954, "final_weight_sim": 0.7756340503692627, "final_feature_diff": 1.1148655541676895, "final_feature_sim": 0.3476291086462279, "final_0_weight_diff": 0.001379402936436236, "final_1_weight_diff": 0.0012006366159766912, "final_2_weight_diff": 0.0011685220524668694, "final_0_weight_sim": 0.7532202005386353, "final_1_weight_sim": 0.7696687579154968, "final_2_weight_sim": 0.7636913657188416, "best_weight_diff": 0.000293531222268939, "best_weight_sim": 0.9313552379608154, "best_feature_diff": 0.4781749890246981, "best_feature_sim": 0.7472184540443063, "best_0_weight_diff": 0.00036069145426154137, "best_1_weight_diff": 0.0002929381444118917, "best_2_weight_diff": 0.00022670457838103175, "best_0_weight_sim": 0.913405179977417, "best_1_weight_sim": 0.9243468046188354, "best_2_weight_sim": 0.9366843104362488, "num_feature_traj": 48, "num_feature_timesteps": "28017", "final_test_returns": 3126.1389642613217, "final_test_normalized_returns": 82.08068304904101, "best_return": 3718.055510712936, "best_return_normalized": 96.1561722282105, "convergence_step": "15000", "convergence_iter": "3", "best_step": "15000", "best_iter": "3", "best_5percent_normalized": 96.1561722282105, "best_10percent_normalized": 96.0725788549115, "best_25percent_normalized": 92.46309385549748, "best_50percent_normalized": 87.11881753332132, "best_100percent_normalized": 78.87072183157431, "best_later_half_normalized": 78.39246029855377, "best_last_four_normalized": 77.51204240368071, "target_steps": 