{
    "final_weight_diff": 0.0018297698115929961,
    "final_weight_sim": 0.7378263473510742,
    "final_feature_diff": 0.37965238251393774,
    "final_feature_sim": 0.6379472162638483,
    "final_0_weight_diff": 0.0021224929951131344,
    "final_1_weight_diff": 0.0016385259805247188,
    "final_2_weight_diff": 0.0017210234655067325,
    "final_0_weight_sim": 0.664855420589447,
    "final_1_weight_sim": 0.7438389658927917,
    "final_2_weight_sim": 0.7752359509468079,
    "best_weight_diff": 0.0010607820004224777,
    "best_weight_sim": 0.8356822729110718,
    "best_feature_diff": 0.34268644882212557,
    "best_feature_sim": 0.6881609445478287,
    "best_0_weight_diff": 0.0012795337243005633,
    "best_1_weight_diff": 0.0009231176809407771,
    "best_2_weight_diff": 0.0009774230420589447,
    "best_0_weight_sim": 0.7724405527114868,
    "best_1_weight_sim": 0.8353210091590881,
    "best_2_weight_sim": 0.8692299127578735,
    "num_feature_traj": 119,
    "num_feature_timesteps": "101758",
    "final_test_returns": 3132.341311295608,
    "final_test_normalized_returns": 68.19727026291777,
    "best_return": 3711.061396606064,
    "best_return_normalized": 80.80370810869174,
    "convergence_step": "25000",
    "convergence_iter": "5",
    "best_step": "40000",
    "best_iter": "8"
}