{
    "final_weight_diff": 0.0012914641993120313,
    "final_weight_sim": 0.7791929244995117,
    "final_feature_diff": 0.6169578324857351,
    "final_feature_sim": 0.41519317779648723,
    "final_0_weight_diff": 0.001822317368350923,
    "final_1_weight_diff": 0.0012822162825614214,
    "final_2_weight_diff": 0.0007650404004380107,
    "final_0_weight_sim": 0.7260714769363403,
    "final_1_weight_sim": 0.7764678597450256,
    "final_2_weight_sim": 0.8323200345039368,
    "best_weight_diff": 0.0004286125476937741,
    "best_weight_sim": 0.9158144593238831,
    "best_feature_diff": 0.4927885139968127,
    "best_feature_sim": 0.5651678497205558,
    "best_0_weight_diff": 0.0006249973084777594,
    "best_1_weight_diff": 0.0004084959509782493,
    "best_2_weight_diff": 0.00025170916342176497,
    "best_0_weight_sim": 0.8876839280128479,
    "best_1_weight_sim": 0.9152086973190308,
    "best_2_weight_sim": 0.9408173561096191,
    "num_feature_traj": 120,
    "num_feature_timesteps": "106539",
    "final_test_returns": 2638.675808300858,
    "final_test_normalized_returns": 70.48904497421962,
    "best_return": 3914.1011920001847,
    "best_return_normalized": 100.8180437067554,
    "convergence_step": "20000",
    "convergence_iter": "4",
    "best_step": "20000",
    "best_iter": "4"
}