{
    "final_weight_diff": 0.000850527489092201,
    "final_weight_sim": 0.8205980062484741,
    "final_feature_diff": 0.9809837978366324,
    "final_feature_sim": 0.7096391037949026,
    "final_0_weight_diff": 0.0011843745596706867,
    "final_1_weight_diff": 0.0008351897122338414,
    "final_2_weight_diff": 0.0005294631700962782,
    "final_0_weight_sim": 0.75186687707901,
    "final_1_weight_sim": 0.7952054738998413,
    "final_2_weight_sim": 0.8406752943992615,
    "best_weight_diff": 0.000850527489092201,
    "best_weight_sim": 0.8205980062484741,
    "best_feature_diff": 0.9809837978366324,
    "best_feature_sim": 0.7096391037949026,
    "best_0_weight_diff": 0.0011843745596706867,
    "best_1_weight_diff": 0.0008351897122338414,
    "best_2_weight_diff": 0.0005294631700962782,
    "best_0_weight_sim": 0.75186687707901,
    "best_1_weight_sim": 0.7952054738998413,
    "best_2_weight_sim": 0.8406752943992615,
    "num_feature_traj": 100,
    "num_feature_timesteps": "100000",
    "final_test_returns": 5089.8408020546485,
    "final_test_normalized_returns": 43.25366372392915,
    "best_return": 5089.8408020546485,
    "best_return_normalized": 43.25366372392915,
    "convergence_step": "15000",
    "convergence_iter": "3",
    "best_step": "100000",
    "best_iter": "20"
}