{"final_weight_diff": 301.79949951171875, "final_feature_diff": 31.620514777918086, "best_weight_diff": 299.04638671875, "best_feature_diff": 31.866862703670083, "num_feature_traj": 219, "num_feature_timesteps": "197797", "final_test_returns": 4855.937265503128, "final_test_normalized_returns": 105.74289174638216, "best_return": 5012.263221832669, "best_return_normalized": 109.14818819655174, "convergence_step": "5000", "convergence_iter": "1", "best_step": "20000", "best_iter": "4", "best_5percent_normalized": 109.14818819655174, "best_10percent_normalized": 108.56316927074081, "best_25percent_normalized": 107.66814888612116, "best_50percent_normalized": 107.04559758579057, "best_100percent_normalized": 99.94231469317234, "best_later_half_normalized": 103.73436389313915}