{
    "final_weight_diff": 0.001290587824769318,
    "final_weight_sim": 0.7518999576568604,
    "final_feature_diff": 0.28248261675798475,
    "final_feature_sim": 0.6792518395403111,
    "final_0_weight_diff": 0.0014350685523822904,
    "final_1_weight_diff": 0.0011453499319031835,
    "final_2_weight_diff": 0.0012878442648798227,
    "final_0_weight_sim": 0.7267079949378967,
    "final_1_weight_sim": 0.7555539608001709,
    "final_2_weight_sim": 0.7388956546783447,
    "best_weight_diff": 0.001290587824769318,
    "best_weight_sim": 0.7518999576568604,
    "best_feature_diff": 0.28248261675798475,
    "best_feature_sim": 0.6792518395403111,
    "best_0_weight_diff": 0.0014350685523822904,
    "best_1_weight_diff": 0.0011453499319031835,
    "best_2_weight_diff": 0.0012878442648798227,
    "best_0_weight_sim": 0.7267079949378967,
    "best_1_weight_sim": 0.7555539608001709,
    "best_2_weight_sim": 0.7388956546783447,
    "num_feature_traj": 134,
    "num_feature_timesteps": "117833",
    "final_test_returns": 5095.901109208618,
    "final_test_normalized_returns": 128.92067413046914,
    "best_return": 5095.901109208618,
    "best_return_normalized": 128.92067413046914,
    "convergence_step": "100000",
    "convergence_iter": "20",
    "best_step": "100000",
    "best_iter": "20"
}