{"final_weight_diff": 0.0014096272643655539, "final_weight_sim": 0.7361469268798828, "final_feature_diff": 0.19788608808082067, "final_feature_sim": 0.6505414216673746, "final_0_weight_diff": 0.0015852643409743905, "final_1_weight_diff": 0.0014357126783579588, "final_2_weight_diff": 0.0012001167051494122, "final_0_weight_sim": 0.7107906341552734, "final_1_weight_sim": 0.7243799567222595, "final_2_weight_sim": 0.746660053730011, "best_weight_diff": 0.0008996605174615979, "best_weight_sim": 0.8234445452690125, "best_feature_diff": 0.1971309209081329, "best_feature_sim": 0.695301175800479, "best_0_weight_diff": 0.0010287584736943245, "best_1_weight_diff": 0.0009030126966536045, "best_2_weight_diff": 0.0007661081035621464, "best_0_weight_sim": 0.8108821511268616, "best_1_weight_sim": 0.8086347579956055, "best_2_weight_sim": 0.8258829712867737, "num_feature_traj": 20, "num_feature_timesteps": "20000", "final_test_returns": 4343.95271891727, "final_test_normalized_returns": 37.24579153810664, "best_return": 4821.990564480727, "best_return_normalized": 41.09622210679323, "convergence_step": "20000", "convergence_iter": "4", "best_step": "50000", "best_iter": "10", "best_5percent_normalized": 41.09622210679323, "best_10percent_normalized": 41.05137029817898, "best_25percent_normalized": 40.83583253147695, "best_50percent_normalized": 40.41305850328458, "best_100percent_normalized": 38.13267054304498, "best_later_half_normalized": 39.02493843296644, "best_last_four_normalized": 38.741249757892476, "target_steps": 15000}