{"final_weight_diff": 0.001986305695027113, "final_weight_sim": 0.7330951690673828, "final_feature_diff": 0.3543179412888716, "final_feature_sim": 0.6722999644567077, "final_0_weight_diff": 0.0021518708672374487, "final_1_weight_diff": 0.0017212018137797713, "final_2_weight_diff": 0.0020804088562726974, "final_0_weight_sim": 0.6688306927680969, "final_1_weight_sim": 0.7448949813842773, "final_2_weight_sim": 0.753462553024292, "best_weight_diff": 0.0018591408152133226, "best_weight_sim": 0.7462858557701111, "best_feature_diff": 0.35027120865973094, "best_feature_sim": 0.6784687987267901, "best_0_weight_diff": 0.002024378627538681, "best_1_weight_diff": 0.0016001338372007012, "best_2_weight_diff": 0.0019482941133901477, "best_0_weight_sim": 0.6826363205909729, "best_1_weight_sim": 0.7575318217277527, "best_2_weight_sim": 0.7666621804237366, "num_feature_traj": 321, "num_feature_timesteps": "203500", "final_test_returns": 3272.4904253437, "final_test_normalized_returns": 101.17343914237296, "best_return": 3614.112339778652, "best_return_normalized": 111.67011527736366, "convergence_step": "45000", "convergence_iter": "9", "best_step": "90000", "best_iter": "18", "best_5percent_normalized": 111.67011527736366, "best_10percent_normalized": 111.42257815636384, "best_25percent_normalized": 110.74305278443255, "best_50percent_normalized": 107.16310689295753, "best_100percent_normalized": 95.60252594571084, "best_later_half_normalized": 102.22596624090124, "best_last_four_normalized": 104.12878306748195}