current_itr_train_time	current_itr_train_loss_mean	current_itr_train_loss_std	current_itr_eval_2000_return_mean	current_itr_eval_2000_return_std	current_itr_eval_2000_length_mean	current_itr_eval_2000_length_std	current_itr_eval_5000_return_mean	current_itr_eval_5000_return_std	current_itr_eval_5000_length_mean	current_itr_eval_5000_length_std	TestEpRet	TestEpNormRet	Iteration	Steps	total_time	current_eval_time
573.4738855361938	0.07725397667959333	0.1287350532971499	2619.0407606641406	1413.8025169551963	861.0	282.08828405306025	3592.7730997794847	605.4493899669715	1000.0	0.0	3592.7730997794847	93.17701709222848	1	5000	688.8329992294312	115.35834884643555
571.176741361618	0.01878099880591035	0.002237398165060658	3132.507930924658	982.6056291782736	897.4	180.5719801076568	3638.8928514870277	748.070215459483	989.3	32.1	3638.8928514870277	94.27372248084625	2	10000	1373.3392765522003	113.30455756187439
565.5456719398499	0.016726260092668234	0.0017278269560502416	3447.833680291932	839.355924056299	901.4	205.97485283402924	3078.618350728725	1233.9208479728295	833.1	302.91234705769256	3078.618350728725	80.95066584378581	3	15000	2042.0998587608337	103.176278591156
564.1369826793671	0.015916956394165755	0.0015136800846224257	3121.689005965017	1343.640421424909	907.6	277.20000000000005	3333.844196867622	1138.9330290782498	858.0	284.7121353226799	3333.844196867622	87.01981301851525	4	20000	2709.4288918972015	103.17809224128723
564.8543379306793	0.015465874715708197	0.0014504990190272015	3240.079993070544	1022.1805194697437	914.1	173.71266505353026	3878.7318922472778	157.6697731472098	986.2	41.400000000000006	3878.7318922472778	99.97697886589013	5	25000	3384.182520389557	109.86540246009827
564.0714108943939	0.015116155470721423	0.001358810956549477	3180.522333977827	1281.7600070305598	801.8	321.9356457430584	2938.225963238828	1398.9193821286706	747.7	337.23405818511276	2938.225963238828	77.61220277361491	6	30000	4038.8808557987213	90.60349941253662
