{"final_weight_diff": 0.0023326014634221792, "final_weight_sim": 0.7263825535774231, "final_feature_diff": 0.42467272225843933, "final_feature_sim": 0.7702805445368474, "final_0_weight_diff": 0.002491123043000698, "final_1_weight_diff": 0.0022630554158240557, "final_2_weight_diff": 0.0022425802890211344, "final_0_weight_sim": 0.6983254551887512, "final_1_weight_sim": 0.7160641551017761, "final_2_weight_sim": 0.7148632407188416, "best_weight_diff": 0.0021262946538627148, "best_weight_sim": 0.7416074872016907, "best_feature_diff": 0.40843351357357727, "best_feature_sim": 0.7806366017717681, "best_0_weight_diff": 0.0022811477538198233, "best_1_weight_diff": 0.0020397091284394264, "best_2_weight_diff": 0.0020558107644319534, "best_0_weight_sim": 0.7133150100708008, "best_1_weight_sim": 0.7314809560775757, "best_2_weight_sim": 0.7295386791229248, "num_feature_traj": 10, "num_feature_timesteps": "2726", "final_test_returns": 1738.124796103013, "final_test_normalized_returns": 37.82662253795017, "best_return": 2450.8523882872587, "best_return_normalized": 53.352187176023584, "convergence_step": "5000", "convergence_iter": "1", "best_step": "80000", "best_iter": "16", "best_5percent_normalized": 53.352187176023584, "best_10percent_normalized": 52.79577429158989, "best_25percent_normalized": 49.870677262810325, "best_50percent_normalized": 44.55721335179569, "best_100percent_normalized": 35.04149059758531, "best_later_half_normalized": 39.7770840210742, "best_last_four_normalized": 38.37595940257664}