{"final_weight_diff": 0.0015372178750112653, "final_weight_sim": 0.7434336543083191, "final_feature_diff": 0.5013667938323383, "final_feature_sim": 0.5004051218410983, "final_0_weight_diff": 0.0020164523739367723, "final_1_weight_diff": 0.001553093665279448, "final_2_weight_diff": 0.001033751294016838, "final_0_weight_sim": 0.7028683423995972, "final_1_weight_sim": 0.7439619302749634, "final_2_weight_sim": 0.7756502032279968, "best_weight_diff": 0.0008784926612861454, "best_weight_sim": 0.8357574343681335, "best_feature_diff": 0.4491303152019889, "best_feature_sim": 0.5762669908667242, "best_0_weight_diff": 0.0012165643274784088, "best_1_weight_diff": 0.0008491931366734207, "best_2_weight_diff": 0.0005677383160218596, "best_0_weight_sim": 0.7984144687652588, "best_1_weight_sim": 0.837416410446167, "best_2_weight_sim": 0.8649339079856873, "num_feature_traj": 223, "num_feature_timesteps": "196344", "final_test_returns": 3776.6711598827, "final_test_normalized_returns": 97.55002401452214, "best_return": 5220.955693010039, "best_return_normalized": 131.89441164744582, "convergence_step": "40000", "convergence_iter": "8", "best_step": "40000", "best_iter": "8", "best_5percent_normalized": 131.89441164744582, "best_10percent_normalized": 128.08049178902615, "best_25percent_normalized": 120.24716084950221, "best_50percent_normalized": 112.715265796008, "best_100percent_normalized": 102.44115719074482, "best_later_half_normalized": 104.30641216218082, "best_last_four_normalized": 107.03544106846103}