{
    "final_weight_diff": 0.0012327212607488036,
    "final_weight_sim": 0.7722626328468323,
    "final_feature_diff": 0.09788597000651593,
    "final_feature_sim": 0.7657834391748447,
    "final_0_weight_diff": 0.001529206521809101,
    "final_1_weight_diff": 0.0011946511222049594,
    "final_2_weight_diff": 0.0009720367379486561,
    "final_0_weight_sim": 0.7356081604957581,
    "final_1_weight_sim": 0.7674722671508789,
    "final_2_weight_sim": 0.7885070443153381,
    "best_weight_diff": 0.00089697988005355,
    "best_weight_sim": 0.8228394985198975,
    "best_feature_diff": 0.09974219507403147,
    "best_feature_sim": 0.799746010438014,
    "best_0_weight_diff": 0.001128689618781209,
    "best_1_weight_diff": 0.0008535709348507226,
    "best_2_weight_diff": 0.0007080601062625647,
    "best_0_weight_sim": 0.7927706837654114,
    "best_1_weight_sim": 0.8175704479217529,
    "best_2_weight_sim": 0.8349311947822571,
    "num_feature_traj": 219,
    "num_feature_timesteps": "197797",
    "final_test_returns": 4950.987296613915,
    "final_test_normalized_returns": 107.81339584646746,
    "best_return": 5001.816623258344,
    "best_return_normalized": 108.92062672258577,
    "convergence_step": "15000",
    "convergence_iter": "3",
    "best_step": "60000",
    "best_iter": "12"
}