{"final_weight_diff": 0.0009700013906694949, "final_weight_sim": 0.7897250652313232, "final_feature_diff": 0.16351744879544633, "final_feature_sim": 0.7577732165865767, "final_0_weight_diff": 0.0012295092456042767, "final_1_weight_diff": 0.0009208906558342278, "final_2_weight_diff": 0.0007586083956994116, "final_0_weight_sim": 0.7307446599006653, "final_1_weight_sim": 0.7963966727256775, "final_2_weight_sim": 0.8190788626670837, "best_weight_diff": 0.0003374506486579776, "best_weight_sim": 0.9156067371368408, "best_feature_diff": 0.19882422013564488, "best_feature_sim": 0.8598464970373157, "best_0_weight_diff": 0.0004056324833072722, "best_1_weight_diff": 0.00033317803172394633, "best_2_weight_diff": 0.0002736631140578538, "best_0_weight_sim": 0.8907203674316406, "best_1_weight_sim": 0.9140151739120483, "best_2_weight_sim": 0.9279824495315552, "num_feature_traj": 218, "num_feature_timesteps": "100692", "final_test_returns": 2184.8662014214665, "final_test_normalized_returns": 67.7550934429606, "best_return": 2365.4292507287964, "best_return_normalized": 73.30307432603794, "convergence_step": "20000", "convergence_iter": "4", "best_step": "20000", "best_iter": "4", "best_5percent_normalized": 73.30307432603794, "best_10percent_normalized": 70.52908388449927, "best_25percent_normalized": 66.89246302618783, "best_50percent_normalized": 64.02088810558477, "best_100percent_normalized": 59.36080229962058, "best_later_half_normalized": 57.44592467581657, "best_last_four_normalized": 57.501245171218855}