{
    "final_weight_diff": 0.0012770742177963257,
    "final_weight_sim": 0.7824462652206421,
    "final_feature_diff": 0.3117524437675231,
    "final_feature_sim": 0.6508849143448454,
    "final_0_weight_diff": 0.0016090859426185489,
    "final_1_weight_diff": 0.0013636669609695673,
    "final_2_weight_diff": 0.000855456106364727,
    "final_0_weight_sim": 0.7555914521217346,
    "final_1_weight_sim": 0.7724645137786865,
    "final_2_weight_sim": 0.8119289875030518,
    "best_weight_diff": 0.0005920073599554598,
    "best_weight_sim": 0.8857389092445374,
    "best_feature_diff": 0.20922820231487985,
    "best_feature_sim": 0.769166719420143,
    "best_0_weight_diff": 0.0007761447923257947,
    "best_1_weight_diff": 0.0006186845130287111,
    "best_2_weight_diff": 0.0003809068875852972,
    "best_0_weight_sim": 0.8663999438285828,
    "best_1_weight_sim": 0.8765548467636108,
    "best_2_weight_sim": 0.9085261225700378,
    "num_feature_traj": 321,
    "num_feature_timesteps": "203500",
    "final_test_returns": 3361.2084915178407,
    "final_test_normalized_returns": 103.8993907532142,
    "best_return": 3585.6458064737844,
    "best_return_normalized": 110.79545247570664,
    "convergence_step": "35000",
    "convergence_iter": "7",
    "best_step": "35000",
    "best_iter": "7"
}