{
    "final_weight_diff": 0.0021141692996025085,
    "final_weight_sim": 0.7418835759162903,
    "final_feature_diff": 0.21232174686095756,
    "final_feature_sim": 0.7161727273092472,
    "final_0_weight_diff": 0.0022757474798709154,
    "final_1_weight_diff": 0.001623922144062817,
    "final_2_weight_diff": 0.0024415054358541965,
    "final_0_weight_sim": 0.7163344025611877,
    "final_1_weight_sim": 0.7353085279464722,
    "final_2_weight_sim": 0.7288916707038879,
    "best_weight_diff": 0.0011423843679949641,
    "best_weight_sim": 0.8422492146492004,
    "best_feature_diff": 0.1855577048692382,
    "best_feature_sim": 0.7699170990421351,
    "best_0_weight_diff": 0.00135115219745785,
    "best_1_weight_diff": 0.0008849045843817294,
    "best_2_weight_diff": 0.0011909091845154762,
    "best_0_weight_sim": 0.8149546980857849,
    "best_1_weight_sim": 0.8358771800994873,
    "best_2_weight_sim": 0.8425595164299011,
    "num_feature_traj": 218,
    "num_feature_timesteps": "100692",
    "final_test_returns": 1954.1638691367211,
    "final_test_normalized_returns": 60.66653277616216,
    "best_return": 2125.7086594330804,
    "best_return_normalized": 65.93741860139993,
    "convergence_step": "35000",
    "convergence_iter": "7",
    "best_step": "40000",
    "best_iter": "8"
}