{"final_weight_diff": 0.001303803757764399, "final_weight_sim": 0.7493561506271362, "final_feature_diff": 0.252339736731213, "final_feature_sim": 0.6854941854458672, "final_0_weight_diff": 0.0014813898596912622, "final_1_weight_diff": 0.0011842966778203845, "final_2_weight_diff": 0.0012409844202920794, "final_0_weight_sim": 0.7199682593345642, "final_1_weight_sim": 0.7522192597389221, "final_2_weight_sim": 0.7424558997154236, "best_weight_diff": 0.001303803757764399, "best_weight_sim": 0.7493561506271362, "best_feature_diff": 0.252339736731213, "best_feature_sim": 0.6854941854458672, "best_0_weight_diff": 0.0014813898596912622, "best_1_weight_diff": 0.0011842966778203845, "best_2_weight_diff": 0.0012409844202920794, "best_0_weight_sim": 0.7199682593345642, "best_1_weight_sim": 0.7522192597389221, "best_2_weight_sim": 0.7424558997154236, "num_feature_traj": 89, "num_feature_timesteps": "79322", "final_test_returns": 4994.801114985675, "final_test_normalized_returns": 126.51656516742383, "best_return": 4994.801114985675, "best_return_normalized": 126.51656516742383, "convergence_step": "100000", "convergence_iter": "20", "best_step": "100000", "best_iter": "20", "best_5percent_normalized": 126.51656516742383, "best_10percent_normalized": 125.4585408911045, "best_25percent_normalized": 122.36584471915003, "best_50percent_normalized": 117.89126405978091, "best_100percent_normalized": 105.99336153336723, "best_later_half_normalized": 109.95807900259456, "best_last_four_normalized": 116.15936507446692, "target_steps": 5000}