{
    "final_weight_diff": 0.0016652430640533566,
    "final_weight_sim": 0.7237119674682617,
    "final_feature_diff": 0.3771821109292563,
    "final_feature_sim": 0.6013169455589628,
    "final_0_weight_diff": 0.001862807315774262,
    "final_1_weight_diff": 0.0016884475480765104,
    "final_2_weight_diff": 0.0014320334885269403,
    "final_0_weight_sim": 0.6916370391845703,
    "final_1_weight_sim": 0.725396990776062,
    "final_2_weight_sim": 0.7329142093658447,
    "best_weight_diff": 0.0005290762637741864,
    "best_weight_sim": 0.8972795009613037,
    "best_feature_diff": 0.2617279881681052,
    "best_feature_sim": 0.7402464326829697,
    "best_0_weight_diff": 0.0006582089699804783,
    "best_1_weight_diff": 0.000510245852638036,
    "best_2_weight_diff": 0.00041845475789159536,
    "best_0_weight_sim": 0.876373827457428,
    "best_1_weight_sim": 0.8981156945228577,
    "best_2_weight_sim": 0.9059165716171265,
    "num_feature_traj": 43,
    "num_feature_timesteps": "11328",
    "final_test_returns": 2272.2168134092904,
    "final_test_normalized_returns": 49.460913434357714,
    "best_return": 3274.599012324007,
    "best_return_normalized": 71.29611357528553,
    "convergence_step": "20000",
    "convergence_iter": "4",
    "best_step": "20000",
    "best_iter": "4"
}