{
    "final_weight_diff": 0.0017020836239680648,
    "final_weight_sim": 0.726775586605072,
    "final_feature_diff": 0.4617300773876464,
    "final_feature_sim": 0.5200349703635816,
    "final_0_weight_diff": 0.0020091489423066378,
    "final_1_weight_diff": 0.0017262229230254889,
    "final_2_weight_diff": 0.0013600311940535903,
    "final_0_weight_sim": 0.6904779672622681,
    "final_1_weight_sim": 0.7273472547531128,
    "final_2_weight_sim": 0.7448742389678955,
    "best_weight_diff": 0.0015240070642903447,
    "best_weight_sim": 0.7492275834083557,
    "best_feature_diff": 0.4507084387502629,
    "best_feature_sim": 0.5387468043876268,
    "best_0_weight_diff": 0.0018129866803064942,
    "best_1_weight_diff": 0.0015486889751628041,
    "best_2_weight_diff": 0.001202436862513423,
    "best_0_weight_sim": 0.7139909267425537,
    "best_1_weight_sim": 0.7489336729049683,
    "best_2_weight_sim": 0.76732337474823,
    "num_feature_traj": 655,
    "num_feature_timesteps": "180523",
    "final_test_returns": 2151.767952708829,
    "final_test_normalized_returns": 46.83713880728547,
    "best_return": 3022.2326327919354,
    "best_return_normalized": 65.79873900908679,
    "convergence_step": "70000",
    "convergence_iter": "14",
    "best_step": "85000",
    "best_iter": "17"
}