{
    "final_weight_diff": 0.0014373594895005226,
    "final_weight_sim": 0.7591242790222168,
    "final_feature_diff": 1.3324469393737184,
    "final_feature_sim": 0.41785185100483113,
    "final_0_weight_diff": 0.0014407522976398468,
    "final_1_weight_diff": 0.0015585983637720346,
    "final_2_weight_diff": 0.0013054993469268084,
    "final_0_weight_sim": 0.7382435202598572,
    "final_1_weight_sim": 0.732096254825592,
    "final_2_weight_sim": 0.7418542504310608,
    "best_weight_diff": 0.0006643367814831436,
    "best_weight_sim": 0.8669730424880981,
    "best_feature_diff": 1.0557665881391851,
    "best_feature_sim": 0.5675787391873885,
    "best_0_weight_diff": 0.0006972499541006982,
    "best_1_weight_diff": 0.0006699753575958312,
    "best_2_weight_diff": 0.0006249202415347099,
    "best_0_weight_sim": 0.8475066423416138,
    "best_1_weight_sim": 0.8509129285812378,
    "best_2_weight_sim": 0.8520088195800781,
    "num_feature_traj": 109,
    "num_feature_timesteps": "31150",
    "final_test_returns": 3159.690237215478,
    "final_test_normalized_returns": 68.79302033883326,
    "best_return": 3224.843467851354,
    "best_return_normalized": 70.21227322690595,
    "convergence_step": "25000",
    "convergence_iter": "5",
    "best_step": "35000",
    "best_iter": "7"
}