{
    "final_weight_diff": 0.0016375049017369747,
    "final_weight_sim": 0.7478268146514893,
    "final_feature_diff": 0.18774134069458623,
    "final_feature_sim": 0.7683890848730984,
    "final_0_weight_diff": 0.0016968405107036233,
    "final_1_weight_diff": 0.0018499051220715046,
    "final_2_weight_diff": 0.0013587978901341558,
    "final_0_weight_sim": 0.7079529166221619,
    "final_1_weight_sim": 0.7398577928543091,
    "final_2_weight_sim": 0.780938982963562,
    "best_weight_diff": 0.0006484860205091536,
    "best_weight_sim": 0.885002076625824,
    "best_feature_diff": 0.14296151240416072,
    "best_feature_sim": 0.8257867114425186,
    "best_0_weight_diff": 0.0007045420352369547,
    "best_1_weight_diff": 0.0007046338869258761,
    "best_2_weight_diff": 0.0005353266024030745,
    "best_0_weight_sim": 0.8522053360939026,
    "best_1_weight_sim": 0.8798094987869263,
    "best_2_weight_sim": 0.9079490303993225,
    "num_feature_traj": 131,
    "num_feature_timesteps": "117332",
    "final_test_returns": 4380.623049814866,
    "final_test_normalized_returns": 95.38897580432108,
    "best_return": 5043.102527270899,
    "best_return_normalized": 109.819970284442,
    "convergence_step": "25000",
    "convergence_iter": "5",
    "best_step": "25000",
    "best_iter": "5"
}