{"final_weight_diff": 0.0011989043559879065, "final_weight_sim": 0.7677394151687622, "final_feature_diff": 0.39511773081628876, "final_feature_sim": 0.6600830610067271, "final_0_weight_diff": 0.0013269404880702496, "final_1_weight_diff": 0.0013731791405007243, "final_2_weight_diff": 0.0008938200771808624, "final_0_weight_sim": 0.7461915612220764, "final_1_weight_sim": 0.7338257431983948, "final_2_weight_sim": 0.793652355670929, "best_weight_diff": 0.00036449931212700903, "best_weight_sim": 0.9139361381530762, "best_feature_diff": 0.28892941576659825, "best_feature_sim": 0.7720353215092347, "best_0_weight_diff": 0.00034959561889991164, "best_1_weight_diff": 0.0004404872306622565, "best_2_weight_diff": 0.00030337797943502665, "best_0_weight_sim": 0.9125553369522095, "best_1_weight_sim": 0.8885102272033691, "best_2_weight_sim": 0.9218080043792725, "num_feature_traj": 119, "num_feature_timesteps": "101758", "final_test_returns": 3607.267965498845, "final_test_normalized_returns": 78.54274383379389, "best_return": 3683.839045317746, "best_return_normalized": 80.21071524695634, "convergence_step": "15000", "convergence_iter": "3", "best_step": "15000", "best_iter": "3", "best_5percent_normalized": 80.21071524695634, "best_10percent_normalized": 80.02775435335859, "best_25percent_normalized": 78.18079619136088, "best_50percent_normalized": 76.24154415071803, "best_100percent_normalized": 72.75931023491398, "best_later_half_normalized": 72.29725446789682, "best_last_four_normalized": 71.66176611752509, "target_steps": 5000}