{
    "final_weight_diff": 0.0015979062300175428,
    "final_weight_sim": 0.7219998836517334,
    "final_feature_diff": 0.34889645178050555,
    "final_feature_sim": 0.6637326039409971,
    "final_0_weight_diff": 0.0015942283207550645,
    "final_1_weight_diff": 0.001715323538519442,
    "final_2_weight_diff": 0.0014759959885850549,
    "final_0_weight_sim": 0.7128444314002991,
    "final_1_weight_sim": 0.6973883509635925,
    "final_2_weight_sim": 0.7222058773040771,
    "best_weight_diff": 0.001062394236214459,
    "best_weight_sim": 0.794289231300354,
    "best_feature_diff": 0.33276550429284646,
    "best_feature_sim": 0.691683400832204,
    "best_0_weight_diff": 0.0010130556765943766,
    "best_1_weight_diff": 0.001172889256849885,
    "best_2_weight_diff": 0.0009995584841817617,
    "best_0_weight_sim": 0.7940112352371216,
    "best_1_weight_sim": 0.7650920748710632,
    "best_2_weight_sim": 0.7905982136726379,
    "num_feature_traj": 43,
    "num_feature_timesteps": "11328",
    "final_test_returns": 2126.5970299768314,
    "final_test_normalized_returns": 46.28883284556741,
    "best_return": 3492.141641168306,
    "best_return_normalized": 76.0349116556403,
    "convergence_step": "55000",
    "convergence_iter": "11",
    "best_step": "55000",
    "best_iter": "11"
}