{"final_weight_diff": 0.001655175699852407, "final_weight_sim": 0.7128527760505676, "final_feature_diff": 0.2650103086538869, "final_feature_sim": 0.6657450420619949, "final_0_weight_diff": 0.0017141840653494, "final_1_weight_diff": 0.001750266645103693, "final_2_weight_diff": 0.0014948059106245637, "final_0_weight_sim": 0.6937118768692017, "final_1_weight_sim": 0.6988645195960999, "final_2_weight_sim": 0.713086724281311, "best_weight_diff": 0.0008679286693222821, "best_weight_sim": 0.8249652981758118, "best_feature_diff": 0.19761380598999156, "best_feature_sim": 0.755252479203549, "best_0_weight_diff": 0.0009807446040213108, "best_1_weight_diff": 0.0009123166091740131, "best_2_weight_diff": 0.0007101350929588079, "best_0_weight_sim": 0.8058599829673767, "best_1_weight_sim": 0.8079814910888672, "best_2_weight_sim": 0.8350074291229248, "num_feature_traj": 87, "num_feature_timesteps": "23573", "final_test_returns": 2578.6262116508706, "final_test_normalized_returns": 56.135523720643725, "best_return": 3400.732404338949, "best_return_normalized": 74.0437160986367, "convergence_step": "35000", "convergence_iter": "7", "best_step": "40000", "best_iter": "8", "best_5percent_normalized": 74.0437160986367, "best_10percent_normalized": 73.78056099943365, "best_25percent_normalized": 70.79818575929606, "best_50percent_normalized": 66.84042261001771, "best_100percent_normalized": 55.74975352712441, "best_later_half_normalized": 59.14902174109233, "best_last_four_normalized": 59.30825087375335, "target_steps": 10000}