current_itr_train_time	current_itr_train_loss_mean	current_itr_train_loss_std	current_itr_eval_5000_return_mean	current_itr_eval_5000_return_std	current_itr_eval_5000_length_mean	current_itr_eval_5000_length_std	current_itr_eval_2500_return_mean	current_itr_eval_2500_return_std	current_itr_eval_2500_length_mean	current_itr_eval_2500_length_std	TestEpRet	TestEpNormRet	Iteration	Steps	total_time	current_eval_time
1843.7403128147125	0.23255261209905148	0.26912081943307464	875.520580400892	1344.2171283642801	283.9	358.0970399207455	3686.832763089519	145.72904366673856	1000.0	0.0	875.520580400892	19.036249252533928	1	5000	2210.292611837387	366.5513951778412
1637.6419928073883	0.0589915532708168	0.0070461362462	3391.731643273325	456.9564168072922	914.4	123.67796893545754	3185.2554192381517	742.9699638963152	875.6	191.97718614460416	3391.731643273325	73.84764974839489	2	10000	4369.355880975723	521.2805609703064
1713.560759305954	0.049121323195099834	0.0043039058819799225	2263.6467670983516	1245.4695724608205	696.1	274.54087127420576	1816.397139950491	1097.3191351550322	579.9	233.33728806172408	2263.6467670983516	49.27422947626371	3	15000	6443.507748603821	360.4591042995453
1651.1989629268646	0.04501685024946928	0.0037603087799634605	3187.9361315764127	729.5162942192329	878.8	192.16180681914918	3267.679625727994	682.6971039317292	900.3	176.60806889833773	3187.9361315764127	69.4083093545383	4	20000	8480.057961702347	385.2464745044708
