{
    "final_weight_diff": 0.0009748166194185615,
    "final_weight_sim": 0.7961607575416565,
    "final_feature_diff": 0.17559092283358135,
    "final_feature_sim": 0.7820599236148797,
    "final_0_weight_diff": 0.0012291865423321724,
    "final_1_weight_diff": 0.0009217922925017774,
    "final_2_weight_diff": 0.0007726646726951003,
    "final_0_weight_sim": 0.755186915397644,
    "final_1_weight_sim": 0.793369472026825,
    "final_2_weight_sim": 0.8094544410705566,
    "best_weight_diff": 0.0004822884511668235,
    "best_weight_sim": 0.8849142789840698,
    "best_feature_diff": 0.12286050100319583,
    "best_feature_sim": 0.8582275911050653,
    "best_0_weight_diff": 0.0006135987932793796,
    "best_1_weight_diff": 0.00045528524788096547,
    "best_2_weight_diff": 0.0003780750557780266,
    "best_0_weight_sim": 0.8570631146430969,
    "best_1_weight_sim": 0.8811287879943848,
    "best_2_weight_sim": 0.8946526646614075,
    "num_feature_traj": 321,
    "num_feature_timesteps": "203500",
    "final_test_returns": 3000.374716957235,
    "final_test_normalized_returns": 92.8124109369644,
    "best_return": 3616.149877283465,
    "best_return_normalized": 111.73272066184636,
    "convergence_step": "35000",
    "convergence_iter": "7",
    "best_step": "40000",
    "best_iter": "8"
}