{"final_weight_diff": 0.0014094059588387609, "final_weight_sim": 0.7607618570327759, "final_feature_diff": 1.2861026230809112, "final_feature_sim": 0.43943076238063594, "final_0_weight_diff": 0.0015436377143487334, "final_1_weight_diff": 0.0014134665252640843, "final_2_weight_diff": 0.001263934187591076, "final_0_weight_sim": 0.7335187196731567, "final_1_weight_sim": 0.7389371991157532, "final_2_weight_sim": 0.7448639869689941, "best_weight_diff": 0.0008654731791466475, "best_weight_sim": 0.8359131813049316, "best_feature_diff": 1.1248208571779685, "best_feature_sim": 0.5261525425682513, "best_0_weight_diff": 0.0009728779550641775, "best_1_weight_diff": 0.0008791834115982056, "best_2_weight_diff": 0.0007427958771586418, "best_0_weight_sim": 0.809198260307312, "best_1_weight_sim": 0.815712571144104, "best_2_weight_sim": 0.8277756571769714, "num_feature_traj": 109, "num_feature_timesteps": "31150", "final_test_returns": 2865.019448602557, "final_test_normalized_returns": 62.37411580120829, "best_return": 3378.9310668036314, "best_return_normalized": 73.56881084898343, "convergence_step": "50000", "convergence_iter": "10", "best_step": "50000", "best_iter": "10", "best_5percent_normalized": 73.56881084898343, "best_10percent_normalized": 72.00489700786684, "best_25percent_normalized": 68.15258291217687, "best_50percent_normalized": 63.61077239432954, "best_100percent_normalized": 45.409215848150104, "best_later_half_normalized": 52.80541622317971, "best_last_four_normalized": 50.555296281628074}