current_itr_train_time	current_itr_train_loss_mean	current_itr_train_loss_std	current_itr_eval_2000_return_mean	current_itr_eval_2000_return_std	current_itr_eval_2000_length_mean	current_itr_eval_2000_length_std	current_itr_eval_5000_return_mean	current_itr_eval_5000_return_std	current_itr_eval_5000_length_mean	current_itr_eval_5000_length_std	TestEpRet	TestEpNormRet	Iteration	Steps	total_time	current_eval_time
573.7534394264221	0.06723574188277126	0.09785660469230908	2802.0059194896467	1123.394628086085	757.9	298.44176986474264	3824.042776066452	488.9776783112205	967.5	97.5	3824.042776066452	98.67649813488816	1	5000	679.9991958141327	106.24499797821045
570.9078302383423	0.01879228768311441	0.002213724133277417	2912.9534260947175	1462.9580155101498	737.3	358.1234563666558	3433.966769582837	943.6836719820213	890.5	226.5282543083754	3433.966769582837	89.40067937086145	2	10000	1351.306474685669	100.37709450721741
569.0443122386932	0.016774389477260412	0.0017039978818199637	3322.1382868146598	1216.6639445828987	968.0	96.0	2757.877932266835	1465.1220710247173	719.3	370.3352670216543	2757.877932266835	73.32361382700009	3	15000	2020.1085047721863	99.71754479408264
566.9961547851562	0.015983700218237938	0.0015324415206482542	2776.2621553231575	1558.1197275855557	847.4	306.1539482025342	3628.9479178271636	956.2339893022597	921.7	234.9	3628.9479178271636	94.03723676853407	4	20000	2691.358035326004	104.23957324028015
562.5729651451111	0.015506269375234843	0.001431596881265618	3872.5167368837747	216.95427792744007	986.2	41.400000000000006	3423.895675595069	893.7677018841266	888.0	224.2569954315807	3423.895675595069	89.16119362697235	5	25000	3365.360156059265	111.41540694236755
563.3829679489136	0.015170413346402347	0.0013666994809348099	3509.6504632516094	853.7794534147558	899.7	213.20602711931008	3164.9965631659425	1327.5063030536314	812.7	327.61075989655774	3164.9965631659425	83.00469795652967	6	30000	4030.756148338318	101.99649262428284
