{"final_weight_diff": 0.0013294803211465478, "final_weight_sim": 0.7722196578979492, "final_feature_diff": 0.2575925142438648, "final_feature_sim": 0.714086933964968, "final_0_weight_diff": 0.0018553120316937566, "final_1_weight_diff": 0.0013154011685401201, "final_2_weight_diff": 0.0008123886655084789, "final_0_weight_sim": 0.7311831116676331, "final_1_weight_sim": 0.7729014158248901, "final_2_weight_sim": 0.814031720161438, "best_weight_diff": 0.0003711681056302041, "best_weight_sim": 0.9256822466850281, "best_feature_diff": 0.17337798834880908, "best_feature_sim": 0.8212860354110106, "best_0_weight_diff": 0.0005144254537299275, "best_1_weight_diff": 0.0003512000257615, "best_2_weight_diff": 0.00024774507619440556, "best_0_weight_sim": 0.9081077575683594, "best_1_weight_sim": 0.9248422980308533, "best_2_weight_sim": 0.9400437474250793, "num_feature_traj": 200, "num_feature_timesteps": "200000", "final_test_returns": 5093.239590705077, "final_test_normalized_returns": 43.28103979851732, "best_return": 6353.573893620823, "best_return_normalized": 53.432599495618575, "convergence_step": "15000", "convergence_iter": "3", "best_step": "15000", "best_iter": "3", "best_5percent_normalized": 53.432599495618575, "best_10percent_normalized": 51.11814944507639, "best_25percent_normalized": 46.37978729622551, "best_50percent_normalized": 44.62810011587227, "best_100percent_normalized": 43.227011156415365, "best_later_half_normalized": 42.65336700386786, "best_last_four_normalized": 42.715622870770716, "target_steps": 10000}