{"final_weight_diff": 0.0015248577110469341, "final_weight_sim": 0.7711247801780701, "final_feature_diff": 0.1625792774028394, "final_feature_sim": 0.774876459363631, "final_0_weight_diff": 0.001966936280950904, "final_1_weight_diff": 0.0015757369110360742, "final_2_weight_diff": 0.001028255675919354, "final_0_weight_sim": 0.7374854683876038, "final_1_weight_sim": 0.7710517048835754, "final_2_weight_sim": 0.8051651120185852, "best_weight_diff": 0.001134525635279715, "best_weight_sim": 0.8230718374252319, "best_feature_diff": 0.1536747856991033, "best_feature_sim": 0.7907291881604321, "best_0_weight_diff": 0.0014715829165652394, "best_1_weight_diff": 0.0011518893297761679, "best_2_weight_diff": 0.0007781367748975754, "best_0_weight_sim": 0.7962965965270996, "best_1_weight_sim": 0.8225035071372986, "best_2_weight_sim": 0.8492836356163025, "num_feature_traj": 100, "num_feature_timesteps": "100000", "final_test_returns": 5003.055585496758, "final_test_normalized_returns": 42.55463862822628, "best_return": 5116.507282986951, "best_return_normalized": 43.4684530639238, "convergence_step": "5000", "convergence_iter": "1", "best_step": "65000", "best_iter": "13", "best_5percent_normalized": 43.4684530639238, "best_10percent_normalized": 43.37947918745763, "best_25percent_normalized": 43.207922365650006, "best_50percent_normalized": 42.953523590269214, "best_100percent_normalized": 42.39593921156964, "best_later_half_normalized": 42.55377304084825, "best_last_four_normalized": 42.35504459679587, "target_steps": 5000}