{"final_weight_diff": 0.0010366387432441115, "final_weight_sim": 0.8018074631690979, "final_feature_diff": 0.7717397818717482, "final_feature_sim": 0.5444875578729744, "final_0_weight_diff": 0.0012397747486829758, "final_1_weight_diff": 0.0010320163564756513, "final_2_weight_diff": 0.000835979066323489, "final_0_weight_sim": 0.7670855522155762, "final_1_weight_sim": 0.7897264361381531, "final_2_weight_sim": 0.8072709441184998, "best_weight_diff": 0.0009440690628252923, "best_weight_sim": 0.8152574896812439, "best_feature_diff": 0.7403903374705597, "best_feature_sim": 0.5638953620357415, "best_0_weight_diff": 0.0011452855542302132, "best_1_weight_diff": 0.0009255054173991084, "best_2_weight_diff": 0.0007598049123771489, "best_0_weight_sim": 0.7804026007652283, "best_1_weight_sim": 0.8047260642051697, "best_2_weight_sim": 0.820694625377655, "num_feature_traj": 204, "num_feature_timesteps": "37349", "final_test_returns": 1529.730378220961, "final_test_normalized_returns": 47.62538785325775, "best_return": 2369.3837191653943, "best_return_normalized": 73.42457933701965, "convergence_step": "90000", "convergence_iter": "18", "best_step": "90000", "best_iter": "18", "best_5percent_normalized": 73.42457933701965, "best_10percent_normalized": 70.1610516268095, "best_25percent_normalized": 56.04931292391168, "best_50percent_normalized": 43.86686719189338, "best_100percent_normalized": 31.875408348812318, "best_later_half_normalized": 39.042940435876105, "best_last_four_normalized": 58.635609092173425, "target_steps": 70000}