{"final_weight_diff": 0.001011566142551601, "final_weight_sim": 0.8040804862976074, "final_feature_diff": 0.48595362093353256, "final_feature_sim": 0.674564090486982, "final_0_weight_diff": 0.0013582814717665315, "final_1_weight_diff": 0.0009726216085255146, "final_2_weight_diff": 0.0007003404898568988, "final_0_weight_sim": 0.7592436671257019, "final_1_weight_sim": 0.802894115447998, "final_2_weight_sim": 0.8287145495414734, "best_weight_diff": 0.0005372360465116799, "best_weight_sim": 0.8836143016815186, "best_feature_diff": 0.3566054382027007, "best_feature_sim": 0.7680821006369158, "best_0_weight_diff": 0.0007287876796908677, "best_1_weight_diff": 0.0005049038445577025, "best_2_weight_diff": 0.0003774591605179012, "best_0_weight_sim": 0.8478460907936096, "best_1_weight_sim": 0.8837014436721802, "best_2_weight_sim": 0.9007046222686768, "num_feature_traj": 119, "num_feature_timesteps": "101758", "final_test_returns": 3337.4096317480166, "final_test_normalized_returns": 72.6643366418801, "best_return": 3700.333527493788, "best_return_normalized": 80.57001963197513, "convergence_step": "25000", "convergence_iter": "5", "best_step": "40000", "best_iter": "8", "best_5percent_normalized": 80.57001963197513, "best_10percent_normalized": 79.76587745753321, "best_25percent_normalized": 78.95218917552944, "best_50percent_normalized": 77.84492710668685, "best_100percent_normalized": 71.16741691668463, "best_later_half_normalized": 72.37997531955854, "best_last_four_normalized": 66.87989917542609}