{"final_weight_diff": 0.0009162400965578854, "final_weight_sim": 0.8056979179382324, "final_feature_diff": 0.37963752625850194, "final_feature_sim": 0.6972436494588994, "final_0_weight_diff": 0.0011258961167186499, "final_1_weight_diff": 0.0009884614264592528, "final_2_weight_diff": 0.0006321115070022643, "final_0_weight_sim": 0.7640073299407959, "final_1_weight_sim": 0.7856951355934143, "final_2_weight_sim": 0.8336026072502136, "best_weight_diff": 0.0008467902662232518, "best_weight_sim": 0.8176236152648926, "best_feature_diff": 0.3673906352192176, "best_feature_sim": 0.7103676421395617, "best_0_weight_diff": 0.0010487139225006104, "best_1_weight_diff": 0.0009035998955368996, "best_2_weight_diff": 0.0005861895624548197, "best_0_weight_sim": 0.7769928574562073, "best_1_weight_sim": 0.7992603778839111, "best_2_weight_sim": 0.8437929153442383, "num_feature_traj": 100, "num_feature_timesteps": "100000", "final_test_returns": 5030.090719195803, "final_test_normalized_returns": 42.77239733956981, "best_return": 5104.204367361897, "best_return_normalized": 43.3693573064512, "convergence_step": "15000", "convergence_iter": "3", "best_step": "90000", "best_iter": "18", "best_5percent_normalized": 43.3693573064512, "best_10percent_normalized": 43.363443076540136, "best_25percent_normalized": 43.17580359146418, "best_50percent_normalized": 42.96065437438786, "best_100percent_normalized": 41.9117837318819, "best_later_half_normalized": 42.55758487291784, "best_last_four_normalized": 42.75846483488782}