{
    "final_weight_diff": 0.0016873420681804419,
    "final_weight_sim": 0.7056869268417358,
    "final_feature_diff": 0.3206608392617858,
    "final_feature_sim": 0.6366261811458913,
    "final_0_weight_diff": 0.0016632468905299902,
    "final_1_weight_diff": 0.001779263955540955,
    "final_2_weight_diff": 0.0016095164464786649,
    "final_0_weight_sim": 0.6920128464698792,
    "final_1_weight_sim": 0.6976553797721863,
    "final_2_weight_sim": 0.696458101272583,
    "best_weight_diff": 0.0008132868679240346,
    "best_weight_sim": 0.8328356742858887,
    "best_feature_diff": 0.23804293095578458,
    "best_feature_sim": 0.7401630990173556,
    "best_0_weight_diff": 0.0009030835935845971,
    "best_1_weight_diff": 0.0008505426812916994,
    "best_2_weight_diff": 0.0006853097002021968,
    "best_0_weight_sim": 0.8163352012634277,
    "best_1_weight_sim": 0.8194118142127991,
    "best_2_weight_sim": 0.8379054665565491,
    "num_feature_traj": 48,
    "num_feature_timesteps": "28017",
    "final_test_returns": 3319.85569085109,
    "final_test_normalized_returns": 86.68717311133783,
    "best_return": 3698.085583461124,
    "best_return_normalized": 95.6812970171242,
    "convergence_step": "20000",
    "convergence_iter": "4",
    "best_step": "35000",
    "best_iter": "7"
}