{
    "final_weight_diff": 0.0015536752762272954,
    "final_weight_sim": 0.7274057269096375,
    "final_feature_diff": 0.37206041696989667,
    "final_feature_sim": 0.6384014310699712,
    "final_0_weight_diff": 0.0017839301144704223,
    "final_1_weight_diff": 0.0015365113504230976,
    "final_2_weight_diff": 0.0013286052271723747,
    "final_0_weight_sim": 0.6906688213348389,
    "final_1_weight_sim": 0.7306507229804993,
    "final_2_weight_sim": 0.7381529211997986,
    "best_weight_diff": 0.0015536752762272954,
    "best_weight_sim": 0.7274057269096375,
    "best_feature_diff": 0.37206041696989667,
    "best_feature_sim": 0.6384014310699712,
    "best_0_weight_diff": 0.0017839301144704223,
    "best_1_weight_diff": 0.0015365113504230976,
    "best_2_weight_diff": 0.0013286052271723747,
    "best_0_weight_sim": 0.6906688213348389,
    "best_1_weight_sim": 0.7306507229804993,
    "best_2_weight_sim": 0.7381529211997986,
    "num_feature_traj": 16,
    "num_feature_timesteps": "16000",
    "final_test_returns": 4820.253774574069,
    "final_test_normalized_returns": 41.08223286094158,
    "best_return": 4820.253774574069,
    "best_return_normalized": 41.08223286094158,
    "convergence_step": "30000",
    "convergence_iter": "6",
    "best_step": "100000",
    "best_iter": "20"
}