{"final_weight_diff": 0.0013316237600520253, "final_weight_sim": 0.7720620632171631, "final_feature_diff": 0.5094920734558399, "final_feature_sim": 0.5074372006426902, "final_0_weight_diff": 0.0019018868915736675, "final_1_weight_diff": 0.0013474819716066122, "final_2_weight_diff": 0.0007401485927402973, "final_0_weight_sim": 0.7235881090164185, "final_1_weight_sim": 0.7662150263786316, "final_2_weight_sim": 0.8292498588562012, "best_weight_diff": 0.0008399869548156857, "best_weight_sim": 0.8438872694969177, "best_feature_diff": 0.4640598294416242, "best_feature_sim": 0.5685683174681764, "best_0_weight_diff": 0.0012471616500988603, "best_1_weight_diff": 0.0008135891403071582, "best_2_weight_diff": 0.0004571166355162859, "best_0_weight_sim": 0.8018262386322021, "best_1_weight_sim": 0.8421282768249512, "best_2_weight_sim": 0.8892220258712769, "num_feature_traj": 120, "num_feature_timesteps": "106539", "final_test_returns": 3622.639731264128, "final_test_normalized_returns": 93.88723114317952, "best_return": 3798.142020965569, "best_return_normalized": 98.06059070614624, "convergence_step": "10000", "convergence_iter": "2", "best_step": "50000", "best_iter": "10", "best_5percent_normalized": 98.06059070614624, "best_10percent_normalized": 97.88665801235872, "best_25percent_normalized": 96.87888604149867, "best_50percent_normalized": 95.21175197622011, "best_100percent_normalized": 90.03505919797847, "best_later_half_normalized": 90.05238030570891, "best_last_four_normalized": 90.62868734473803, "target_steps": 10000}