{
    "final_weight_diff": 0.0012046179035678506,
    "final_weight_sim": 0.7894126176834106,
    "final_feature_diff": 0.34772108508290317,
    "final_feature_sim": 0.6784623846237275,
    "final_0_weight_diff": 0.0015194592997431755,
    "final_1_weight_diff": 0.0012442718725651503,
    "final_2_weight_diff": 0.0008452684851363301,
    "final_0_weight_sim": 0.7594076991081238,
    "final_1_weight_sim": 0.7826568484306335,
    "final_2_weight_sim": 0.8139081001281738,
    "best_weight_diff": 0.0003976847801823169,
    "best_weight_sim": 0.9194588661193848,
    "best_feature_diff": 0.2119524354408836,
    "best_feature_sim": 0.812180515998018,
    "best_0_weight_diff": 0.0005033539491705596,
    "best_1_weight_diff": 0.0004052880103699863,
    "best_2_weight_diff": 0.00028412239043973386,
    "best_0_weight_sim": 0.9045627117156982,
    "best_1_weight_sim": 0.9145046472549438,
    "best_2_weight_sim": 0.9310860633850098,
    "num_feature_traj": 119,
    "num_feature_timesteps": "101758",
    "final_test_returns": 3322.334277272251,
    "final_test_normalized_returns": 72.33594555260281,
    "best_return": 3594.312819420998,
    "best_return_normalized": 78.26053789700549,
    "convergence_step": "20000",
    "convergence_iter": "4",
    "best_step": "20000",
    "best_iter": "4"
}