{
    "final_weight_diff": 0.0012399352854117751,
    "final_weight_sim": 0.7588376402854919,
    "final_feature_diff": 0.3286064743549297,
    "final_feature_sim": 0.679626100537567,
    "final_0_weight_diff": 0.0014718155143782496,
    "final_1_weight_diff": 0.0011609364300966263,
    "final_2_weight_diff": 0.0010826607467606664,
    "final_0_weight_sim": 0.7256611585617065,
    "final_1_weight_sim": 0.7571631073951721,
    "final_2_weight_sim": 0.7606485486030579,
    "best_weight_diff": 0.0009945078054443002,
    "best_weight_sim": 0.7960811853408813,
    "best_feature_diff": 0.30735453556035713,
    "best_feature_sim": 0.7066004071453311,
    "best_0_weight_diff": 0.0012233930174261332,
    "best_1_weight_diff": 0.000924412626773119,
    "best_2_weight_diff": 0.0008337123435921967,
    "best_0_weight_sim": 0.7625887989997864,
    "best_1_weight_sim": 0.7935776710510254,
    "best_2_weight_sim": 0.8015833497047424,
    "num_feature_traj": 223,
    "num_feature_timesteps": "196344",
    "final_test_returns": 4471.037906761893,
    "final_test_normalized_returns": 114.06172940722168,
    "best_return": 5221.767655862981,
    "best_return_normalized": 131.91371973136236,
    "convergence_step": "70000",
    "convergence_iter": "14",
    "best_step": "70000",
    "best_iter": "14"
}