{
    "final_weight_diff": 0.0012549151433631778,
    "final_weight_sim": 0.7782500386238098,
    "final_feature_diff": 0.7993355224894373,
    "final_feature_sim": 0.5242181674096136,
    "final_0_weight_diff": 0.0013366966741159558,
    "final_1_weight_diff": 0.001302646822296083,
    "final_2_weight_diff": 0.0011193165555596352,
    "final_0_weight_sim": 0.7602458596229553,
    "final_1_weight_sim": 0.7647521495819092,
    "final_2_weight_sim": 0.7696067094802856,
    "best_weight_diff": 0.0008253101841546595,
    "best_weight_sim": 0.8395406007766724,
    "best_feature_diff": 0.6630019048414839,
    "best_feature_sim": 0.6185488713128291,
    "best_0_weight_diff": 0.0008946545422077179,
    "best_1_weight_diff": 0.0008327970281243324,
    "best_2_weight_diff": 0.0007472042343579233,
    "best_0_weight_sim": 0.8234361410140991,
    "best_1_weight_sim": 0.8281680941581726,
    "best_2_weight_sim": 0.8299002647399902,
    "num_feature_traj": 109,
    "num_feature_timesteps": "31150",
    "final_test_returns": 2658.187474136163,
    "final_test_normalized_returns": 57.86863120370973,
    "best_return": 3418.762118128577,
    "best_return_normalized": 74.43646290669695,
    "convergence_step": "55000",
    "convergence_iter": "11",
    "best_step": "55000",
    "best_iter": "11"
}