{"final_weight_diff": 0.0010372562101110816, "final_weight_sim": 0.8018221855163574, "final_feature_diff": 0.3772687003034066, "final_feature_sim": 0.748908865920509, "final_0_weight_diff": 0.0013968239072710276, "final_1_weight_diff": 0.001008800696581602, "final_2_weight_diff": 0.00070231594145298, "final_0_weight_sim": 0.7592337131500244, "final_1_weight_sim": 0.7978115677833557, "final_2_weight_sim": 0.8289619088172913, "best_weight_diff": 0.0010012317216023803, "best_weight_sim": 0.8071983456611633, "best_feature_diff": 0.37191271848607205, "best_feature_sim": 0.7531209464798394, "best_0_weight_diff": 0.0013500312343239784, "best_1_weight_diff": 0.0009729967569001019, "best_2_weight_diff": 0.0006771999760530889, "best_0_weight_sim": 0.7648576498031616, "best_1_weight_sim": 0.8032304644584656, "best_2_weight_sim": 0.834072470664978, "num_feature_traj": 219, "num_feature_timesteps": "197797", "final_test_returns": 4978.776955348366, "final_test_normalized_returns": 108.41874654101473, "best_return": 4991.049200571137, "best_return_normalized": 108.68607663816516, "convergence_step": "20000", "convergence_iter": "4", "best_step": "95000", "best_iter": "19", "best_5percent_normalized": 108.68607663816516, "best_10percent_normalized": 108.65104740911556, "best_25percent_normalized": 108.52801058006007, "best_50percent_normalized": 108.16683908398072, "best_100percent_normalized": 99.40537737274082, "best_later_half_normalized": 105.12767409878532, "best_last_four_normalized": 108.5152025794533, "target_steps": 20000}