{"final_weight_diff": 0.0008372965385206044, "final_weight_sim": 0.8257118463516235, "final_feature_diff": 1.036441714892083, "final_feature_sim": 0.6890830240714576, "final_0_weight_diff": 0.001195026678033173, "final_1_weight_diff": 0.0007457957835868001, "final_2_weight_diff": 0.000568979827221483, "final_0_weight_sim": 0.7565388679504395, "final_1_weight_sim": 0.8125845193862915, "final_2_weight_sim": 0.8358144760131836, "best_weight_diff": 0.0006714935880154371, "best_weight_sim": 0.853809654712677, "best_feature_diff": 0.9144664792408456, "best_feature_sim": 0.7272585271867197, "best_0_weight_diff": 0.0009536636061966419, "best_1_weight_diff": 0.0005997091648168862, "best_2_weight_diff": 0.0004599581006914377, "best_0_weight_sim": 0.7901813983917236, "best_1_weight_sim": 0.84166020154953, "best_2_weight_sim": 0.8624982237815857, "num_feature_traj": 119, "num_feature_timesteps": "101758", "final_test_returns": 2891.2441995917143, "final_test_normalized_returns": 62.94537762839777, "best_return": 3705.9345813466607, "best_return_normalized": 80.69202911299945, "convergence_step": "20000", "convergence_iter": "4", "best_step": "75000", "best_iter": "15", "best_5percent_normalized": 80.69202911299945, "best_10percent_normalized": 80.03904530731731, "best_25percent_normalized": 78.27923722196981, "best_50percent_normalized": 75.65796410475646, "best_100percent_normalized": 68.78804174842317, "best_later_half_normalized": 69.96633995212682, "best_last_four_normalized": 71.50569496547361, "target_steps": 5000}