current_itr_train_time	current_itr_train_loss_mean	current_itr_train_loss_std	current_itr_eval_2000_return_mean	current_itr_eval_2000_return_std	current_itr_eval_2000_length_mean	current_itr_eval_2000_length_std	current_itr_eval_5000_return_mean	current_itr_eval_5000_return_std	current_itr_eval_5000_length_mean	current_itr_eval_5000_length_std	TestEpRet	TestEpNormRet	Iteration	Steps	total_time	current_eval_time
580.718031167984	0.11361911884695292	0.17684520130826015	3297.203599788411	1712.0462645175487	909.5	188.34927661129998	2778.8751457274566	1997.4753714057279	860.0	298.449660747001	2778.8751457274566	73.82291740725886	1	5000	691.00017786026	110.28150057792664
575.6989009380341	0.03046845054104924	0.00365749600497246	2782.5740592784223	1574.2244768297796	670.1	335.84087005604306	3446.08867083769	1437.494073662632	864.8	265.8637997170732	3446.08867083769	89.68893231963688	2	10000	1361.8471381664276	95.11743187904358
575.5325260162354	0.026111753050982952	0.002642190583466772	3447.864327657148	1234.8051506570753	827.2	259.841413173497	3552.8311741612	1431.5315841527888	848.1	316.629894356171	3552.8311741612	92.22721741995102	3	15000	2043.0953924655914	105.68920874595642
576.4474670886993	0.02438598941639066	0.0024203004401110798	2321.8199892146554	1416.2461586279096	590.3	346.8068770944428	2869.5705520495903	1086.9986908181957	726.3	268.6585379250025	2869.5705520495903	75.9796103024657	4	20000	2702.3508524894714	82.79389572143555
571.6418852806091	0.023416842148825525	0.0023015120819651702	4454.837575697686	845.6626061663558	1000.0	0.0	4196.074599758495	1160.2698539038956	927.3	218.1	4196.074599758495	107.52323495965796	5	25000	3389.5566651821136	115.54877161979675
573.704692363739	0.022718957237526774	0.002207735363407747	3806.4271765321237	1169.3602868788055	886.8	231.49462196776838	4354.219543535836	680.0515754414944	1000.0	0.0	4354.219543535836	111.28384523187017	6	30000	4075.6948001384735	112.41836762428284
