{
    "final_weight_diff": 0.001387450029142201,
    "final_weight_sim": 0.7889015674591064,
    "final_feature_diff": 1.3356581886450118,
    "final_feature_sim": 0.5675461643956511,
    "final_0_weight_diff": 0.0016255234368145466,
    "final_1_weight_diff": 0.001391586265526712,
    "final_2_weight_diff": 0.0011324965162202716,
    "final_0_weight_sim": 0.7486530542373657,
    "final_1_weight_sim": 0.7757716178894043,
    "final_2_weight_sim": 0.7836342453956604,
    "best_weight_diff": 0.0007528827409259975,
    "best_weight_sim": 0.878892183303833,
    "best_feature_diff": 1.0538252966585444,
    "best_feature_sim": 0.6740568916475322,
    "best_0_weight_diff": 0.0009582425700500607,
    "best_1_weight_diff": 0.0007178425439633429,
    "best_2_weight_diff": 0.0005802857922390103,
    "best_0_weight_sim": 0.8450289368629456,
    "best_1_weight_sim": 0.8738017082214355,
    "best_2_weight_sim": 0.8797656893730164,
    "num_feature_traj": 20,
    "num_feature_timesteps": "20000",
    "final_test_returns": 4811.261606491249,
    "final_test_normalized_returns": 41.0098040371859,
    "best_return": 4979.635353627645,
    "best_return_normalized": 42.36599670886472,
    "convergence_step": "35000",
    "convergence_iter": "7",
    "best_step": "45000",
    "best_iter": "9"
}