{"final_weight_diff": 0.0014431328745558858, "final_weight_sim": 0.7357426881790161, "final_feature_diff": 0.2800567971041391, "final_feature_sim": 0.6737854437430152, "final_0_weight_diff": 0.0014774120645597577, "final_1_weight_diff": 0.001523268991149962, "final_2_weight_diff": 0.0013235320802778006, "final_0_weight_sim": 0.7171512842178345, "final_1_weight_sim": 0.7208127975463867, "final_2_weight_sim": 0.7359627485275269, "best_weight_diff": 0.0011524136643856764, "best_weight_sim": 0.775056004524231, "best_feature_diff": 0.2611597728712555, "best_feature_sim": 0.70444374618795, "best_0_weight_diff": 0.0011915330542251468, "best_1_weight_diff": 0.0012240185169503093, "best_2_weight_diff": 0.0010394409764558077, "best_0_weight_sim": 0.7588804960250854, "best_1_weight_sim": 0.7575231790542603, "best_2_weight_sim": 0.775524914264679, "num_feature_traj": 65, "num_feature_timesteps": "17588", "final_test_returns": 1738.8764673596247, "final_test_normalized_returns": 37.84299642442388, "best_return": 3444.856488178854, "best_return_normalized": 75.00488460574161, "convergence_step": "75000", "convergence_iter": "15", "best_step": "75000", "best_iter": "15", "best_5percent_normalized": 75.00488460574161, "best_10percent_normalized": 72.27493566128884, "best_25percent_normalized": 67.24532953244795, "best_50percent_normalized": 61.12817979068376, "best_100percent_normalized": 48.73283814517621, "best_later_half_normalized": 56.683899519528815, "best_last_four_normalized": 46.19932245940787, "target_steps": 25000}