{"final_weight_diff": 0.0011838697828352451, "final_weight_sim": 0.7810391783714294, "final_feature_diff": 1.0243131010880755, "final_feature_sim": 0.42313795834662776, "final_0_weight_diff": 0.001261720317415893, "final_1_weight_diff": 0.0010444974759593606, "final_2_weight_diff": 0.0012390194460749626, "final_0_weight_sim": 0.7641986608505249, "final_1_weight_sim": 0.7822706699371338, "final_2_weight_sim": 0.7535725831985474, "best_weight_diff": 0.0011838697828352451, "best_weight_sim": 0.7810391783714294, "best_feature_diff": 1.0243131010880755, "best_feature_sim": 0.42313795834662776, "best_0_weight_diff": 0.001261720317415893, "best_1_weight_diff": 0.0010444974759593606, "best_2_weight_diff": 0.0012390194460749626, "best_0_weight_sim": 0.7641986608505249, "best_1_weight_sim": 0.7822706699371338, "best_2_weight_sim": 0.7535725831985474, "num_feature_traj": 109, "num_feature_timesteps": "31150", "final_test_returns": 3345.771320234685, "final_test_normalized_returns": 72.8464818773204, "best_return": 3345.771320234685, "best_return_normalized": 72.8464818773204, "convergence_step": "70000", "convergence_iter": "14", "best_step": "100000", "best_iter": "20", "best_5percent_normalized": 72.8464818773204, "best_10percent_normalized": 72.38470654267641, "best_25percent_normalized": 68.3060049893681, "best_50percent_normalized": 62.91276912815954, "best_100percent_normalized": 43.11299001870143, "best_later_half_normalized": 53.14540312424326, "best_last_four_normalized": 62.46598697007326, "target_steps": 10000}