{"final_weight_diff": 0.0012980056926608086, "final_weight_sim": 0.779731273651123, "final_feature_diff": 0.34542649758847677, "final_feature_sim": 0.6768166381549993, "final_0_weight_diff": 0.001662729773670435, "final_1_weight_diff": 0.0013539534993469715, "final_2_weight_diff": 0.0008720388868823647, "final_0_weight_sim": 0.7495089173316956, "final_1_weight_sim": 0.7703862190246582, "final_2_weight_sim": 0.8097066283226013, "best_weight_diff": 0.0005092291976325214, "best_weight_sim": 0.8998185992240906, "best_feature_diff": 0.2258669665964904, "best_feature_sim": 0.8001729137193586, "best_0_weight_diff": 0.0006803853320889175, "best_1_weight_diff": 0.0005074006039649248, "best_2_weight_diff": 0.00033942016307264566, "best_0_weight_sim": 0.8781306147575378, "best_1_weight_sim": 0.8952102661132812, "best_2_weight_sim": 0.9185101985931396, "num_feature_traj": 219, "num_feature_timesteps": "197797", "final_test_returns": 4900.6182937584845, "final_test_normalized_returns": 106.71619234521008, "best_return": 5034.761466027962, "best_return_normalized": 109.63827437860444, "convergence_step": "20000", "convergence_iter": "4", "best_step": "25000", "best_iter": "5", "best_5percent_normalized": 109.63827437860444, "best_10percent_normalized": 109.41705756388662, "best_25percent_normalized": 108.66149827588825, "best_50percent_normalized": 108.09505513489087, "best_100percent_normalized": 98.39091193235927, "best_later_half_normalized": 105.27398914902817, "best_last_four_normalized": 107.61026821534897}