{
    "final_weight_diff": 0.0012387981405481696,
    "final_weight_sim": 0.8388180732727051,
    "final_feature_diff": 1.3441647822020495,
    "final_feature_sim": 0.6123285999429203,
    "final_0_weight_diff": 0.0016308940248563886,
    "final_1_weight_diff": 0.0011973199434578419,
    "final_2_weight_diff": 0.0008809819119051099,
    "final_0_weight_sim": 0.7981816530227661,
    "final_1_weight_sim": 0.8417791724205017,
    "final_2_weight_sim": 0.8359276056289673,
    "best_weight_diff": 0.0002822578826453537,
    "best_weight_sim": 0.9582761526107788,
    "best_feature_diff": 0.7223240322470914,
    "best_feature_sim": 0.8006075327595275,
    "best_0_weight_diff": 0.00038196874083951116,
    "best_1_weight_diff": 0.000240397741436027,
    "best_2_weight_diff": 0.00022381563030648977,
    "best_0_weight_sim": 0.9429953098297119,
    "best_1_weight_sim": 0.9625876545906067,
    "best_2_weight_sim": 0.954450786113739,
    "num_feature_traj": 200,
    "num_feature_timesteps": "200000",
    "final_test_returns": 4991.5049431052885,
    "final_test_normalized_returns": 42.46160217313211,
    "best_return": 6859.446310021136,
    "best_return_normalized": 57.50722796706784,
    "convergence_step": "15000",
    "convergence_iter": "3",
    "best_step": "15000",
    "best_iter": "3"
}