{
    "final_weight_diff": 0.001382166869007051,
    "final_weight_sim": 0.7511682510375977,
    "final_feature_diff": 0.4779343579727179,
    "final_feature_sim": 0.5673572804681085,
    "final_0_weight_diff": 0.001493079587817192,
    "final_1_weight_diff": 0.0014081813860684633,
    "final_2_weight_diff": 0.001239705248735845,
    "final_0_weight_sim": 0.7427098751068115,
    "final_1_weight_sim": 0.7376704812049866,
    "final_2_weight_sim": 0.7419141530990601,
    "best_weight_diff": 0.0008959089173004031,
    "best_weight_sim": 0.8219913840293884,
    "best_feature_diff": 0.42043401388878876,
    "best_feature_sim": 0.6318719410350756,
    "best_0_weight_diff": 0.0009718388319015503,
    "best_1_weight_diff": 0.0009212694712914526,
    "best_2_weight_diff": 0.0007933894521556795,
    "best_0_weight_sim": 0.8191555142402649,
    "best_1_weight_sim": 0.8054621815681458,
    "best_2_weight_sim": 0.8120561838150024,
    "num_feature_traj": 109,
    "num_feature_timesteps": "31150",
    "final_test_returns": 2371.57869923114,
    "final_test_normalized_returns": 51.625343993528766,
    "best_return": 3520.690196840322,
    "best_return_normalized": 76.65679363589476,
    "convergence_step": "55000",
    "convergence_iter": "11",
    "best_step": "55000",
    "best_iter": "11"
}