{"final_weight_diff": 0.0014386923285201192, "final_weight_sim": 0.741324782371521, "final_feature_diff": 0.2668693339122016, "final_feature_sim": 0.6729003187426124, "final_0_weight_diff": 0.0014397248160094023, "final_1_weight_diff": 0.0015354271745309234, "final_2_weight_diff": 0.0013366431230679154, "final_0_weight_sim": 0.7311180233955383, "final_1_weight_sim": 0.7223336100578308, "final_2_weight_sim": 0.7375668883323669, "best_weight_diff": 0.001323963631875813, "best_weight_sim": 0.7558955550193787, "best_feature_diff": 0.257281266372161, "best_feature_sim": 0.6888872841410777, "best_0_weight_diff": 0.0013282723957672715, "best_1_weight_diff": 0.0014211341040208936, "best_2_weight_diff": 0.0012192364083603024, "best_0_weight_sim": 0.7465711832046509, "best_1_weight_sim": 0.7355501055717468, "best_2_weight_sim": 0.752633810043335, "num_feature_traj": 109, "num_feature_timesteps": "31150", "final_test_returns": 2743.4802559380587, "final_test_normalized_returns": 59.72659013717572, "best_return": 3337.027076618097, "best_return_normalized": 72.6560033256702, "convergence_step": "30000", "convergence_iter": "6", "best_step": "90000", "best_iter": "18", "best_5percent_normalized": 72.6560033256702, "best_10percent_normalized": 72.64871414436432, "best_25percent_normalized": 69.21851115196475, "best_50percent_normalized": 64.89386023354287, "best_100percent_normalized": 49.189469339790094, "best_later_half_normalized": 44.274796034114274, "best_last_four_normalized": 60.068736197062286, "target_steps": 15000}