{
    "final_weight_diff": 0.0017125514568760991,
    "final_weight_sim": 0.8466382622718811,
    "final_feature_diff": 8.348282812215908,
    "final_feature_sim": 0.3006848726385776,
    "final_0_weight_diff": 0.001632307656109333,
    "final_1_weight_diff": 0.0018817384261637926,
    "final_2_weight_diff": 0.0016191696049645543,
    "final_0_weight_sim": 0.7494828104972839,
    "final_1_weight_sim": 0.7898985743522644,
    "final_2_weight_sim": 0.8326146602630615,
    "best_weight_diff": 0.0011816860642284155,
    "best_weight_sim": 0.8876433372497559,
    "best_feature_diff": 7.976449985975829,
    "best_feature_sim": 0.3305050756963672,
    "best_0_weight_diff": 0.0011932248016819358,
    "best_1_weight_diff": 0.0012956931022927165,
    "best_2_weight_diff": 0.0010539463255554438,
    "best_0_weight_sim": 0.8004151582717896,
    "best_1_weight_sim": 0.8403659462928772,
    "best_2_weight_sim": 0.8829674124717712,
    "num_feature_traj": 204,
    "num_feature_timesteps": "37349",
    "final_test_returns": 1495.2467888237586,
    "final_test_normalized_returns": 46.56584496511159,
    "best_return": 2621.6006807778317,
    "best_return_normalized": 81.17419857961431,
    "convergence_step": "65000",
    "convergence_iter": "13",
    "best_step": "65000",
    "best_iter": "13"
}