{
    "final_weight_diff": 0.0017832029843702912,
    "final_weight_sim": 0.7149405479431152,
    "final_feature_diff": 0.3538688348661555,
    "final_feature_sim": 0.6428116396698217,
    "final_0_weight_diff": 0.0020449410658329725,
    "final_1_weight_diff": 0.0019377011340111494,
    "final_2_weight_diff": 0.001363767427392304,
    "final_0_weight_sim": 0.6720295548439026,
    "final_1_weight_sim": 0.7098103165626526,
    "final_2_weight_sim": 0.7402516603469849,
    "best_weight_diff": 0.0007001137710176408,
    "best_weight_sim": 0.8633044958114624,
    "best_feature_diff": 0.29605650003022904,
    "best_feature_sim": 0.715742914212827,
    "best_0_weight_diff": 0.0008873492479324341,
    "best_1_weight_diff": 0.0007087466074153781,
    "best_2_weight_diff": 0.0005037836381234229,
    "best_0_weight_sim": 0.8312638998031616,
    "best_1_weight_sim": 0.8613503575325012,
    "best_2_weight_sim": 0.8836327791213989,
    "num_feature_traj": 218,
    "num_feature_timesteps": "100692",
    "final_test_returns": 1818.043728528308,
    "final_test_normalized_returns": 56.48410486084769,
    "best_return": 2220.1055746283782,
    "best_return_normalized": 68.83785854708114,
    "convergence_step": "50000",
    "convergence_iter": "10",
    "best_step": "50000",
    "best_iter": "10"
}