{"final_weight_diff": 0.0009759827516973019, "final_weight_sim": 0.8092416524887085, "final_feature_diff": 0.4167510084630214, "final_feature_sim": 0.7480403040974598, "final_0_weight_diff": 0.0013180591631680727, "final_1_weight_diff": 0.0009196241153404117, "final_2_weight_diff": 0.00068691122578457, "final_0_weight_sim": 0.7650898098945618, "final_1_weight_sim": 0.8066450357437134, "final_2_weight_sim": 0.8310512900352478, "best_weight_diff": 0.0005656396388076246, "best_weight_sim": 0.8778671026229858, "best_feature_diff": 0.30165570742203335, "best_feature_sim": 0.8225296866810852, "best_0_weight_diff": 0.0007666454766876996, "best_1_weight_diff": 0.0005265431827865541, "best_2_weight_diff": 0.00040311834891326725, "best_0_weight_sim": 0.8407809138298035, "best_1_weight_sim": 0.8762527704238892, "best_2_weight_sim": 0.8941885232925415, "num_feature_traj": 219, "num_feature_timesteps": "197797", "final_test_returns": 4904.205070533932, "final_test_normalized_returns": 106.7943242083233, "best_return": 5035.363552749046, "best_return_normalized": 109.65138981907344, "convergence_step": "25000", "convergence_iter": "5", "best_step": "45000", "best_iter": "9", "best_5percent_normalized": 109.65138981907344, "best_10percent_normalized": 109.52275687039324, "best_25percent_normalized": 108.94517305630545, "best_50percent_normalized": 108.39622889049622, "best_100percent_normalized": 97.53726793572432, "best_later_half_normalized": 101.02612850177638, "best_last_four_normalized": 100.0974552367411, "target_steps": 10000}