{
    "final_weight_diff": 0.001721557229757309,
    "final_weight_sim": 0.7114197015762329,
    "final_feature_diff": 0.41077182005387,
    "final_feature_sim": 0.6027289941750852,
    "final_0_weight_diff": 0.002294772071763873,
    "final_1_weight_diff": 0.0016324727330356836,
    "final_2_weight_diff": 0.001230205874890089,
    "final_0_weight_sim": 0.6455934047698975,
    "final_1_weight_sim": 0.7260475754737854,
    "final_2_weight_sim": 0.7478018999099731,
    "best_weight_diff": 0.0008199755102396011,
    "best_weight_sim": 0.8425576686859131,
    "best_feature_diff": 0.3625106884448402,
    "best_feature_sim": 0.6692746738027383,
    "best_0_weight_diff": 0.0011451791506260633,
    "best_1_weight_diff": 0.0007606577128171921,
    "best_2_weight_diff": 0.0005525671294890344,
    "best_0_weight_sim": 0.7953930497169495,
    "best_1_weight_sim": 0.8512445688247681,
    "best_2_weight_sim": 0.871039628982544,
    "num_feature_traj": 100,
    "num_feature_timesteps": "100000",
    "final_test_returns": 5001.14578152588,
    "final_test_normalized_returns": 42.53925581354349,
    "best_return": 5083.097855697903,
    "best_return_normalized": 43.19935160823374,
    "convergence_step": "15000",
    "convergence_iter": "3",
    "best_step": "55000",
    "best_iter": "11"
}