{"final_weight_diff": 0.0009150119731202722, "final_weight_sim": 0.8165971636772156, "final_feature_diff": 0.4593332433311667, "final_feature_sim": 0.7546028218994693, "final_0_weight_diff": 0.001227572443895042, "final_1_weight_diff": 0.000844200374558568, "final_2_weight_diff": 0.0006703296676278114, "final_0_weight_sim": 0.7727371454238892, "final_1_weight_sim": 0.8131901621818542, "final_2_weight_sim": 0.8309284448623657, "best_weight_diff": 0.0009150119731202722, "best_weight_sim": 0.8165971636772156, "best_feature_diff": 0.4593332433311667, "best_feature_sim": 0.7546028218994693, "best_0_weight_diff": 0.001227572443895042, "best_1_weight_diff": 0.000844200374558568, "best_2_weight_diff": 0.0006703296676278114, "best_0_weight_sim": 0.7727371454238892, "best_1_weight_sim": 0.8131901621818542, "best_2_weight_sim": 0.8309284448623657, "num_feature_traj": 219, "num_feature_timesteps": "197797", "final_test_returns": 5002.829300065146, "final_test_normalized_returns": 108.94268617334068, "best_return": 5002.829300065146, "best_return_normalized": 108.94268617334068, "convergence_step": "30000", "convergence_iter": "6", "best_step": "100000", "best_iter": "20", "best_5percent_normalized": 108.94268617334068, "best_10percent_normalized": 108.88713879767899, "best_25percent_normalized": 108.64930999952522, "best_50percent_normalized": 108.18251571513856, "best_100percent_normalized": 99.29024377606422, "best_later_half_normalized": 105.3733237460998, "best_last_four_normalized": 108.06007682867994, "target_steps": 25000}