{
    "final_weight_diff": 0.00014236658171284944,
    "final_weight_sim": 0.8911548256874084,
    "final_feature_diff": 0.5504701762398321,
    "final_feature_sim": 0.7140559288579221,
    "final_0_weight_diff": 0.0019122265512123704,
    "final_1_weight_diff": 0.0017725841607898474,
    "final_2_weight_diff": 0.0014880499802529812,
    "final_0_weight_sim": 1.0000001192092896,
    "final_1_weight_sim": 1.0,
    "final_2_weight_sim": 1.0000001192092896,
    "best_weight_diff": 9.646171383792534e-05,
    "best_weight_sim": 0.9214337468147278,
    "best_feature_diff": 0.4699909082700603,
    "best_feature_sim": 0.7536725955526946,
    "best_0_weight_diff": 0.001286460435949266,
    "best_1_weight_diff": 0.0011641260934993625,
    "best_2_weight_diff": 0.0010538623901084065,
    "best_0_weight_sim": 0.9999998807907104,
    "best_1_weight_sim": 1.0,
    "best_2_weight_sim": 0.9999999403953552,
    "num_feature_traj": 54,
    "num_feature_timesteps": "23762",
    "final_test_returns": 1814.929434634522,
    "final_test_normalized_returns": 56.38841505580015,
    "best_return": 2177.8134658052795,
    "best_return_normalized": 67.53839106380768,
    "convergence_step": "5000",
    "convergence_iter": "1",
    "best_step": "55000",
    "best_iter": "11"
}