{
    "final_weight_diff": 0.001785233267582953,
    "final_weight_sim": 0.7486019730567932,
    "final_feature_diff": 0.3471508414301864,
    "final_feature_sim": 0.6910201952342755,
    "final_0_weight_diff": 0.001918695867061615,
    "final_1_weight_diff": 0.00150014937389642,
    "final_2_weight_diff": 0.0019340887665748596,
    "final_0_weight_sim": 0.6862494349479675,
    "final_1_weight_sim": 0.7547610998153687,
    "final_2_weight_sim": 0.7675794363021851,
    "best_weight_diff": 0.0014656526036560535,
    "best_weight_sim": 0.7853705883026123,
    "best_feature_diff": 0.3348687815930718,
    "best_feature_sim": 0.7076576282986815,
    "best_0_weight_diff": 0.0015930894296616316,
    "best_1_weight_diff": 0.0012221405049785972,
    "best_2_weight_diff": 0.001579855801537633,
    "best_0_weight_sim": 0.7265673279762268,
    "best_1_weight_sim": 0.7899974584579468,
    "best_2_weight_sim": 0.8044005632400513,
    "num_feature_traj": 218,
    "num_feature_timesteps": "100692",
    "final_test_returns": 2045.7985468845804,
    "final_test_normalized_returns": 63.48210020439476,
    "best_return": 2274.881670020753,
    "best_return_normalized": 70.52090904524405,
    "convergence_step": "75000",
    "convergence_iter": "15",
    "best_step": "75000",
    "best_iter": "15"
}