{
    "final_weight_diff": 0.0010181823745369911,
    "final_weight_sim": 0.796355128288269,
    "final_feature_diff": 0.2535365084377317,
    "final_feature_sim": 0.7798074054290184,
    "final_0_weight_diff": 0.0012748995795845985,
    "final_1_weight_diff": 0.001007233397103846,
    "final_2_weight_diff": 0.0007700896239839494,
    "final_0_weight_sim": 0.7600147724151611,
    "final_1_weight_sim": 0.7876537442207336,
    "final_2_weight_sim": 0.8103020191192627,
    "best_weight_diff": 0.0009410287020727992,
    "best_weight_sim": 0.8080264329910278,
    "best_feature_diff": 0.24640178582840266,
    "best_feature_sim": 0.7870124429822052,
    "best_0_weight_diff": 0.0011801625369116664,
    "best_1_weight_diff": 0.0009253302705474198,
    "best_2_weight_diff": 0.0007157148793339729,
    "best_0_weight_sim": 0.7723126411437988,
    "best_1_weight_sim": 0.8000807762145996,
    "best_2_weight_sim": 0.8209729790687561,
    "num_feature_traj": 219,
    "num_feature_timesteps": "197797",
    "final_test_returns": 4978.792232352569,
    "final_test_normalized_returns": 108.4190793247021,
    "best_return": 5000.522724701502,
    "best_return_normalized": 108.89244133184228,
    "convergence_step": "25000",
    "convergence_iter": "5",
    "best_step": "90000",
    "best_iter": "18"
}