{
    "final_weight_diff": 0.0015919514698907733,
    "final_weight_sim": 0.7398375272750854,
    "final_feature_diff": 0.38871582957809,
    "final_feature_sim": 0.6180381096089411,
    "final_0_weight_diff": 0.0021093219984322786,
    "final_1_weight_diff": 0.0016036396846175194,
    "final_2_weight_diff": 0.001054022111929953,
    "final_0_weight_sim": 0.6949867606163025,
    "final_1_weight_sim": 0.7438586950302124,
    "final_2_weight_sim": 0.7750036716461182,
    "best_weight_diff": 0.0013381167082116008,
    "best_weight_sim": 0.7720290422439575,
    "best_feature_diff": 0.3769284463042744,
    "best_feature_sim": 0.6365266219610888,
    "best_0_weight_diff": 0.0018034720560535789,
    "best_1_weight_diff": 0.001344570773653686,
    "best_2_weight_diff": 0.0008606462506577373,
    "best_0_weight_sim": 0.7276787161827087,
    "best_1_weight_sim": 0.7744459509849548,
    "best_2_weight_sim": 0.8089067339897156,
    "num_feature_traj": 223,
    "num_feature_timesteps": "196344",
    "final_test_returns": 4835.11230411259,
    "final_test_normalized_returns": 122.7192424824053,
    "best_return": 5026.356919960868,
    "best_return_normalized": 127.26694694696856,
    "convergence_step": "75000",
    "convergence_iter": "15",
    "best_step": "75000",
    "best_iter": "15"
}