{"final_weight_diff": 0.001117894658818841, "final_weight_sim": 0.7701744437217712, "final_feature_diff": 0.23602247976875698, "final_feature_sim": 0.7387517436114173, "final_0_weight_diff": 0.0012932877289131284, "final_1_weight_diff": 0.0010926167014986277, "final_2_weight_diff": 0.0009658252820372581, "final_0_weight_sim": 0.7301985621452332, "final_1_weight_sim": 0.7664167881011963, "final_2_weight_sim": 0.775922954082489, "best_weight_diff": 0.000628520967438817, "best_weight_sim": 0.8566033840179443, "best_feature_diff": 0.17920352418759464, "best_feature_sim": 0.8145245285161962, "best_0_weight_diff": 0.000739725714083761, "best_1_weight_diff": 0.0006052213138900697, "best_2_weight_diff": 0.0005405265837907791, "best_0_weight_sim": 0.8292253017425537, "best_1_weight_sim": 0.8521236181259155, "best_2_weight_sim": 0.8594992160797119, "num_feature_traj": 119, "num_feature_timesteps": "101758", "final_test_returns": 3128.0334399009143, "final_test_normalized_returns": 68.10343057363922, "best_return": 3563.764307867833, "best_return_normalized": 77.5950902618689, "convergence_step": "40000", "convergence_iter": "8", "best_step": "45000", "best_iter": "9", "best_5percent_normalized": 77.5950902618689, "best_10percent_normalized": 76.95362208314796, "best_25percent_normalized": 74.13864586816408, "best_50percent_normalized": 72.3171738715542, "best_100percent_normalized": 68.5284524340764, "best_later_half_normalized": 67.10721931683396, "best_last_four_normalized": 69.15640339960949, "target_steps": 10000}