{
    "final_weight_diff": 0.0009342354605905712,
    "final_weight_sim": 0.811556339263916,
    "final_feature_diff": 0.5098673454141015,
    "final_feature_sim": 0.7258041862985966,
    "final_0_weight_diff": 0.0012934814440086484,
    "final_1_weight_diff": 0.000841005181428045,
    "final_2_weight_diff": 0.0006652727606706321,
    "final_0_weight_sim": 0.7597157955169678,
    "final_1_weight_sim": 0.812578022480011,
    "final_2_weight_sim": 0.8309711813926697,
    "best_weight_diff": 0.0009342354605905712,
    "best_weight_sim": 0.811556339263916,
    "best_feature_diff": 0.5098673454141015,
    "best_feature_sim": 0.7258041862985966,
    "best_0_weight_diff": 0.0012934814440086484,
    "best_1_weight_diff": 0.000841005181428045,
    "best_2_weight_diff": 0.0006652727606706321,
    "best_0_weight_sim": 0.7597157955169678,
    "best_1_weight_sim": 0.812578022480011,
    "best_2_weight_sim": 0.8309711813926697,
    "num_feature_traj": 200,
    "num_feature_timesteps": "200000",
    "final_test_returns": 10480.291521476898,
    "final_test_normalized_returns": 86.67189184475461,
    "best_return": 10480.291521476898,
    "best_return_normalized": 86.67189184475461,
    "convergence_step": "100000",
    "convergence_iter": "20",
    "best_step": "100000",
    "best_iter": "20"
}