{
    "final_weight_diff": 0.001073568593710661,
    "final_weight_sim": 0.7799720764160156,
    "final_feature_diff": 0.5293719462564839,
    "final_feature_sim": 0.5566184324234504,
    "final_0_weight_diff": 0.0012503103353083134,
    "final_1_weight_diff": 0.0011066956212744117,
    "final_2_weight_diff": 0.0008561837603338063,
    "final_0_weight_sim": 0.7420191764831543,
    "final_1_weight_sim": 0.7687495350837708,
    "final_2_weight_sim": 0.7926812767982483,
    "best_weight_diff": 0.0010350982192903757,
    "best_weight_sim": 0.7865091562271118,
    "best_feature_diff": 0.5261231472362629,
    "best_feature_sim": 0.5616775745977045,
    "best_0_weight_diff": 0.0012104198103770614,
    "best_1_weight_diff": 0.0010653798235580325,
    "best_2_weight_diff": 0.000822909118141979,
    "best_0_weight_sim": 0.7489802241325378,
    "best_1_weight_sim": 0.7752701640129089,
    "best_2_weight_sim": 0.7990659475326538,
    "num_feature_traj": 20,
    "num_feature_timesteps": "20000",
    "final_test_returns": 4851.654323608809,
    "final_test_normalized_returns": 41.3351534926426,
    "best_return": 4912.435695443469,
    "best_return_normalized": 41.824726555300494,
    "convergence_step": "20000",
    "convergence_iter": "4",
    "best_step": "95000",
    "best_iter": "19"
}