{"final_weight_diff": 0.0015638788463547826, "final_weight_sim": 0.7987322807312012, "final_feature_diff": 1.6473096440956922, "final_feature_sim": 0.49287081876700595, "final_0_weight_diff": 0.0018801497062668204, "final_1_weight_diff": 0.0016055903397500515, "final_2_weight_diff": 0.0011998661793768406, "final_0_weight_sim": 0.7551387548446655, "final_1_weight_sim": 0.7945714592933655, "final_2_weight_sim": 0.7894969582557678, "best_weight_diff": 0.0012892474187538028, "best_weight_sim": 0.8280895352363586, "best_feature_diff": 1.5880956670086261, "best_feature_sim": 0.51233817380462, "best_0_weight_diff": 0.001595436711795628, "best_1_weight_diff": 0.0012973027769476175, "best_2_weight_diff": 0.0009711062884889543, "best_0_weight_sim": 0.785427451133728, "best_1_weight_sim": 0.8257392644882202, "best_2_weight_sim": 0.822055459022522, "num_feature_traj": 204, "num_feature_timesteps": "37349", "final_test_returns": 899.4258838480594, "final_test_normalized_returns": 28.25864975975881, "best_return": 1518.2248219887354, "best_return_normalized": 47.27186809231867, "convergence_step": "35000", "convergence_iter": "7", "best_step": "80000", "best_iter": "16", "best_5percent_normalized": 47.27186809231867, "best_10percent_normalized": 46.31778510458774, "best_25percent_normalized": 37.76403231271932, "best_50percent_normalized": 33.05196785724039, "best_100percent_normalized": 25.182341562662526, "best_later_half_normalized": 25.868707525874605, "best_last_four_normalized": 24.914081352483247, "target_steps": 35000}