{"final_weight_diff": 0.0015106573700904846, "final_weight_sim": 0.8431659936904907, "final_feature_diff": 0.6930326984577239, "final_feature_sim": 0.417425587763247, "final_0_weight_diff": 0.0012036446714773774, "final_1_weight_diff": 0.00179831322748214, "final_2_weight_diff": 0.0015289405127987266, "final_0_weight_sim": 0.8706886768341064, "final_1_weight_sim": 0.8444096446037292, "final_2_weight_sim": 0.7924808263778687, "best_weight_diff": 0.0012642828514799476, "best_weight_sim": 0.8661576509475708, "best_feature_diff": 0.6974014801440394, "best_feature_sim": 0.4164304298683977, "best_0_weight_diff": 0.0009917484130710363, "best_1_weight_diff": 0.0015185412485152483, "best_2_weight_diff": 0.0012817357201129198, "best_0_weight_sim": 0.8904892802238464, "best_1_weight_sim": 0.8673316240310669, "best_2_weight_sim": 0.8208447694778442, "num_feature_traj": 321, "num_feature_timesteps": "203500", "final_test_returns": 3497.1860794036934, "final_test_normalized_returns": 108.07743859307784, "best_return": 3634.971335569263, "best_return_normalized": 112.31102885481177, "convergence_step": "35000", "convergence_iter": "7", "best_step": "80000", "best_iter": "16", "best_5percent_normalized": 112.31102885481177, "best_10percent_normalized": 112.1204043438902, "best_25percent_normalized": 111.59630360900908, "best_50percent_normalized": 109.22574250879833, "best_100percent_normalized": 99.53097826435699, "best_later_half_normalized": 104.18540287787005, "best_last_four_normalized": 103.21271611304897, "target_steps": 10000}