{"final_weight_diff": 0.001453057979233563, "final_weight_sim": 0.758679211139679, "final_feature_diff": 1.4112444721897568, "final_feature_sim": 0.46024500624731923, "final_0_weight_diff": 0.0015401984564960003, "final_1_weight_diff": 0.0014825868420302868, "final_2_weight_diff": 0.0013295899843797088, "final_0_weight_sim": 0.7347438335418701, "final_1_weight_sim": 0.7389412522315979, "final_2_weight_sim": 0.7375572323799133, "best_weight_diff": 0.0005254507414065301, "best_weight_sim": 0.890554666519165, "best_feature_diff": 0.8776170165461956, "best_feature_sim": 0.6701448025570457, "best_0_weight_diff": 0.0005780585343018174, "best_1_weight_diff": 0.0005106162279844284, "best_2_weight_diff": 0.0004872006829828024, "best_0_weight_sim": 0.8692108988761902, "best_1_weight_sim": 0.8800615668296814, "best_2_weight_sim": 0.8786531686782837, "num_feature_traj": 109, "num_feature_timesteps": "31150", "final_test_returns": 2700.1584008120017, "final_test_normalized_returns": 58.78289682520558, "best_return": 3561.4974027437324, "best_return_normalized": 77.54570956941565, "convergence_step": "25000", "convergence_iter": "5", "best_step": "25000", "best_iter": "5", "best_5percent_normalized": 77.54570956941565, "best_10percent_normalized": 74.02451990839654, "best_25percent_normalized": 69.84438951181396, "best_50percent_normalized": 64.36079370280444, "best_100percent_normalized": 43.272231948390946, "best_later_half_normalized": 49.584235074657975, "best_last_four_normalized": 51.45112840496073}