{
    "final_weight_diff": 0.0016362654278054833,
    "final_weight_sim": 0.7460233569145203,
    "final_feature_diff": 0.19602304201509124,
    "final_feature_sim": 0.75903613016181,
    "final_0_weight_diff": 0.0017182092415168881,
    "final_1_weight_diff": 0.0018288498977199197,
    "final_2_weight_diff": 0.0013547813287004828,
    "final_0_weight_sim": 0.703895628452301,
    "final_1_weight_sim": 0.73749178647995,
    "final_2_weight_sim": 0.78107750415802,
    "best_weight_diff": 0.001300679869018495,
    "best_weight_sim": 0.7889004945755005,
    "best_feature_diff": 0.18400810336300807,
    "best_feature_sim": 0.7747185786179144,
    "best_0_weight_diff": 0.0013909419067203999,
    "best_1_weight_diff": 0.0014327155658975244,
    "best_2_weight_diff": 0.001074066385626793,
    "best_0_weight_sim": 0.7470239400863647,
    "best_1_weight_sim": 0.7814120054244995,
    "best_2_weight_sim": 0.8220307230949402,
    "num_feature_traj": 219,
    "num_feature_timesteps": "197797",
    "final_test_returns": 4955.544760048548,
    "final_test_normalized_returns": 107.91267247601846,
    "best_return": 5012.645512615532,
    "best_return_normalized": 109.1565157544083,
    "convergence_step": "10000",
    "convergence_iter": "2",
    "best_step": "70000",
    "best_iter": "14"
}