{"final_weight_diff": 0.0004415313305798918, "final_weight_sim": 0.8432748317718506, "final_feature_diff": 4.0663723727775904, "final_feature_sim": 0.14730460038672727, "final_0_weight_diff": 0.0005015453789383173, "final_1_weight_diff": 0.000568646879401058, "final_2_weight_diff": 0.0005985444295220077, "final_3_weight_diff": 0.0003741074469871819, "final_4_weight_diff": 0.0003406488976906985, "final_5_weight_diff": 0.00026508589508011937, "final_0_weight_sim": 0.7213249206542969, "final_1_weight_sim": 0.7568607330322266, "final_2_weight_sim": 0.7807587385177612, "final_3_weight_sim": 0.8732003569602966, "final_4_weight_sim": 0.8890422582626343, "final_5_weight_sim": 0.9106496572494507, "best_weight_diff": 5.2054332627449185e-05, "best_weight_sim": 0.9773496389389038, "best_feature_diff": 4.0381691093495435, "best_feature_sim": 0.1844946653926372, "best_0_weight_diff": 5.363534000935033e-05, "best_1_weight_diff": 6.849713827250525e-05, "best_2_weight_diff": 6.240067159524187e-05, "best_3_weight_diff": 4.758392242365517e-05, "best_4_weight_diff": 4.4883217924507335e-05, "best_5_weight_diff": 3.5264467442175373e-05, "best_0_weight_sim": 0.959701418876648, "best_1_weight_sim": 0.95973801612854, "best_2_weight_sim": 0.9686713814735413, "best_3_weight_sim": 0.9806387424468994, "best_4_weight_sim": 0.9826709032058716, "best_5_weight_sim": 0.98665452003479, "num_feature_traj": 100, "num_feature_timesteps": "100000", "final_test_returns": 5018.701795825215, "final_test_normalized_returns": 42.68066347561421, "best_return": 5149.607677415437, "best_return_normalized": 43.73506536612092, "convergence_step": "5000", "convergence_iter": "1", "best_step": "15000", "best_iter": "3", "best_5percent_normalized": 43.73506536612092, "best_10percent_normalized": 43.45167553704697, "best_25percent_normalized": 43.184622039017, "best_50percent_normalized": 42.95105449019074, "best_100percent_normalized": 42.362456924789434, "best_later_half_normalized": 42.64891365065894, "best_last_four_normalized": 42.87658458100195}