{"final_weight_diff": 0.0013647065497934818, "final_weight_sim": 0.7845004796981812, "final_feature_diff": 0.1777715323611459, "final_feature_sim": 0.698647790444927, "final_0_weight_diff": 0.001659995410591364, "final_1_weight_diff": 0.0011421958915889263, "final_2_weight_diff": 0.0012905788607895374, "final_0_weight_sim": 0.7362489104270935, "final_1_weight_sim": 0.809853732585907, "final_2_weight_sim": 0.7892078757286072, "best_weight_diff": 0.00034984631929546595, "best_weight_sim": 0.9362897276878357, "best_feature_diff": 0.12343896042465666, "best_feature_sim": 0.8025690317273615, "best_0_weight_diff": 0.00044993357732892036, "best_1_weight_diff": 0.00030771509045735, "best_2_weight_diff": 0.00029181380523368716, "best_0_weight_sim": 0.9224732518196106, "best_1_weight_sim": 0.9391448497772217, "best_2_weight_sim": 0.9402140974998474, "num_feature_traj": 218, "num_feature_timesteps": "100692", "final_test_returns": 2069.100672838219, "final_test_normalized_returns": 64.19808140775717, "best_return": 2389.9685382159028, "best_return_normalized": 74.05706855899464, "convergence_step": "15000", "convergence_iter": "3", "best_step": "15000", "best_iter": "3", "best_5percent_normalized": 74.05706855899464, "best_10percent_normalized": 70.33358548000486, "best_25percent_normalized": 67.74754896893512, "best_50percent_normalized": 66.18523248080933, "best_100percent_normalized": 60.32315243596743, "best_later_half_normalized": 62.50410130589594}