{"final_weight_diff": 0.0010394977871328592, "final_weight_sim": 0.779831051826477, "final_feature_diff": 0.24452340224667796, "final_feature_sim": 0.7388183670044648, "final_0_weight_diff": 0.0012833753135055304, "final_1_weight_diff": 0.0010070711141452193, "final_2_weight_diff": 0.0008256060536950827, "final_0_weight_sim": 0.7403783202171326, "final_1_weight_sim": 0.7758241295814514, "final_2_weight_sim": 0.7916560173034668, "best_weight_diff": 0.000780613801907748, "best_weight_sim": 0.8259517550468445, "best_feature_diff": 0.21924185714436234, "best_feature_sim": 0.7783391853035296, "best_0_weight_diff": 0.0009769052267074585, "best_1_weight_diff": 0.0007405094802379608, "best_2_weight_diff": 0.000623601081315428, "best_0_weight_sim": 0.7926292419433594, "best_1_weight_sim": 0.8224040865898132, "best_2_weight_sim": 0.8345414400100708, "num_feature_traj": 40, "num_feature_timesteps": "40000", "final_test_returns": 5060.360648478408, "final_test_normalized_returns": 43.01621121770396, "best_return": 5105.799865186104, "best_return_normalized": 43.38220849313362, "convergence_step": "10000", "convergence_iter": "2", "best_step": "65000", "best_iter": "13", "best_5percent_normalized": 43.38220849313362, "best_10percent_normalized": 43.37904764826746, "best_25percent_normalized": 43.240727045884725, "best_50percent_normalized": 43.09072153694941, "best_100percent_normalized": 42.4361500655067, "best_later_half_normalized": 42.53917420466679, "best_last_four_normalized": 42.43347136098498, "target_steps": 10000}