{
    "final_weight_diff": 0.001643404015339911,
    "final_weight_sim": 0.7438966631889343,
    "final_feature_diff": 0.21755389433273906,
    "final_feature_sim": 0.7254494205564109,
    "final_0_weight_diff": 0.0017378072952851653,
    "final_1_weight_diff": 0.0018130523385480046,
    "final_2_weight_diff": 0.0013723742449656129,
    "final_0_weight_sim": 0.6981374025344849,
    "final_1_weight_sim": 0.738558828830719,
    "final_2_weight_sim": 0.7781404852867126,
    "best_weight_diff": 0.0005571211222559214,
    "best_weight_sim": 0.900148868560791,
    "best_feature_diff": 0.157720502323054,
    "best_feature_sim": 0.8094058282139128,
    "best_0_weight_diff": 0.0006414107629097998,
    "best_1_weight_diff": 0.0005669372039847076,
    "best_2_weight_diff": 0.00046236219350248575,
    "best_0_weight_sim": 0.8642615079879761,
    "best_1_weight_sim": 0.9009987711906433,
    "best_2_weight_sim": 0.92030930519104,
    "num_feature_traj": 43,
    "num_feature_timesteps": "40648",
    "final_test_returns": 4592.472197620368,
    "final_test_normalized_returns": 100.00375103379588,
    "best_return": 5000.0594253092295,
    "best_return_normalized": 108.88234913849884,
    "convergence_step": "10000",
    "convergence_iter": "2",
    "best_step": "20000",
    "best_iter": "4"
}