{
    "final_weight_diff": 0.0020561302080750465,
    "final_weight_sim": 0.6635570526123047,
    "final_feature_diff": 0.33590546803644095,
    "final_feature_sim": 0.6631019288188249,
    "final_0_weight_diff": 0.0022715621162205935,
    "final_1_weight_diff": 0.002077801153063774,
    "final_2_weight_diff": 0.0017955743242055178,
    "final_0_weight_sim": 0.625066339969635,
    "final_1_weight_sim": 0.6670138835906982,
    "final_2_weight_sim": 0.6762765645980835,
    "best_weight_diff": 0.0008391726878471673,
    "best_weight_sim": 0.8441096544265747,
    "best_feature_diff": 0.25999423204713157,
    "best_feature_sim": 0.7640998050706466,
    "best_0_weight_diff": 0.0010289764031767845,
    "best_1_weight_diff": 0.0008259117021225393,
    "best_2_weight_diff": 0.0006612703436985612,
    "best_0_weight_sim": 0.8163684606552124,
    "best_1_weight_sim": 0.8452873229980469,
    "best_2_weight_sim": 0.8553655743598938,
    "num_feature_traj": 20,
    "num_feature_timesteps": "20000",
    "final_test_returns": 4825.928383197313,
    "final_test_normalized_returns": 41.12793988332705,
    "best_return": 4895.790659757719,
    "best_return_normalized": 41.69065651290511,
    "convergence_step": "25000",
    "convergence_iter": "5",
    "best_step": "40000",
    "best_iter": "8"
}