{"final_weight_diff": 0.001650652731768787, "final_weight_sim": 0.7283868789672852, "final_feature_diff": 0.36928406139966047, "final_feature_sim": 0.6179711753865773, "final_0_weight_diff": 0.0019745586905628443, "final_1_weight_diff": 0.0016911076381802559, "final_2_weight_diff": 0.0012713564792647958, "final_0_weight_sim": 0.6884005069732666, "final_1_weight_sim": 0.7303568124771118, "final_2_weight_sim": 0.7518717646598816, "best_weight_diff": 0.0009314785129390657, "best_weight_sim": 0.8328490257263184, "best_feature_diff": 0.3619151441460786, "best_feature_sim": 0.6514018079847372, "best_0_weight_diff": 0.001226981170475483, "best_1_weight_diff": 0.0009167415555566549, "best_2_weight_diff": 0.0006488662911579013, "best_0_weight_sim": 0.7953935265541077, "best_1_weight_sim": 0.834699273109436, "best_2_weight_sim": 0.8577768802642822, "num_feature_traj": 291, "num_feature_timesteps": "174946", "final_test_returns": 3111.104269469316, "final_test_normalized_returns": 81.72316527879856, "best_return": 3695.7320123930263, "best_return_normalized": 95.62533023548916, "convergence_step": "35000", "convergence_iter": "7", "best_step": "40000", "best_iter": "8", "best_5percent_normalized": 95.62533023548916, "best_10percent_normalized": 95.6240163091467, "best_25percent_normalized": 92.46790764575839, "best_50percent_normalized": 90.04135147883423, "best_100percent_normalized": 84.19500686697646, "best_later_half_normalized": 83.97943290815455, "best_last_four_normalized": 81.64351991593112, "target_steps": 5000}