{"final_weight_diff": 0.001724099274724722, "final_weight_sim": 0.8356386423110962, "final_feature_diff": 9.293758509376175, "final_feature_sim": 0.32163282908299845, "final_0_weight_diff": 0.0017931492766365409, "final_1_weight_diff": 0.0017731735715642571, "final_2_weight_diff": 0.001595954759977758, "final_0_weight_sim": 0.7140769362449646, "final_1_weight_sim": 0.7797069549560547, "final_2_weight_sim": 0.8221117854118347, "best_weight_diff": 0.001447375281713903, "best_weight_sim": 0.8596298694610596, "best_feature_diff": 9.162825383146538, "best_feature_sim": 0.33516355599660685, "best_0_weight_diff": 0.0015565146459266543, "best_1_weight_diff": 0.0015022825682535768, "best_2_weight_diff": 0.0012769210152328014, "best_0_weight_sim": 0.7452640533447266, "best_1_weight_sim": 0.808562159538269, "best_2_weight_sim": 0.8535632491111755, "num_feature_traj": 20, "num_feature_timesteps": "20000", "final_test_returns": 4864.385498186048, "final_test_normalized_returns": 41.4376987288042, "best_return": 4931.11286725608, "best_return_normalized": 41.97516475585577, "convergence_step": "5000", "convergence_iter": "1", "best_step": "80000", "best_iter": "16", "best_5percent_normalized": 41.97516475585577, "best_10percent_normalized": 41.70643174232998, "best_25percent_normalized": 41.252456884305715, "best_50percent_normalized": 40.75240026375792, "best_100percent_normalized": 38.55555331020542, "best_later_half_normalized": 40.332263583873015, "best_last_four_normalized": 41.0717799164182, "target_steps": 5000}