{
    "final_weight_diff": 0.0025181714445352554,
    "final_weight_sim": 0.7030540108680725,
    "final_feature_diff": 0.8605412092362663,
    "final_feature_sim": 0.5193181603748802,
    "final_0_weight_diff": 0.002736701164394617,
    "final_1_weight_diff": 0.0023958540987223387,
    "final_2_weight_diff": 0.0024228948168456554,
    "final_0_weight_sim": 0.6815176010131836,
    "final_1_weight_sim": 0.6871108412742615,
    "final_2_weight_sim": 0.6924466490745544,
    "best_weight_diff": 0.0004966607666574419,
    "best_weight_sim": 0.896298885345459,
    "best_feature_diff": 0.4182827892663113,
    "best_feature_sim": 0.7814572074875649,
    "best_0_weight_diff": 0.0006231812876649201,
    "best_1_weight_diff": 0.0004808540688827634,
    "best_2_weight_diff": 0.00038624665467068553,
    "best_0_weight_sim": 0.8679710030555725,
    "best_1_weight_sim": 0.888229489326477,
    "best_2_weight_sim": 0.9049063324928284,
    "num_feature_traj": 48,
    "num_feature_timesteps": "28017",
    "final_test_returns": 2425.3853534574764,
    "final_test_normalized_returns": 65.41710112138198,
    "best_return": 3387.9582096752515,
    "best_return_normalized": 88.30661806946594,
    "convergence_step": "10000",
    "convergence_iter": "2",
    "best_step": "10000",
    "best_iter": "2"
}