{
    "final_weight_diff": 0.0011634575203061104,
    "final_weight_sim": 0.7658714056015015,
    "final_feature_diff": 0.23261407654296898,
    "final_feature_sim": 0.7002132948101325,
    "final_0_weight_diff": 0.0012268899008631706,
    "final_1_weight_diff": 0.0012123467167839408,
    "final_2_weight_diff": 0.0010486111277714372,
    "final_0_weight_sim": 0.7420150637626648,
    "final_1_weight_sim": 0.7546349167823792,
    "final_2_weight_sim": 0.7631044983863831,
    "best_weight_diff": 0.0008527350146323442,
    "best_weight_sim": 0.8149492740631104,
    "best_feature_diff": 0.20170302665344242,
    "best_feature_sim": 0.7444422227887644,
    "best_0_weight_diff": 0.00094943045405671,
    "best_1_weight_diff": 0.0008712144917808473,
    "best_2_weight_diff": 0.0007367492071352899,
    "best_0_weight_sim": 0.790300190448761,
    "best_1_weight_sim": 0.8037956953048706,
    "best_2_weight_sim": 0.8167657852172852,
    "num_feature_traj": 816,
    "num_feature_timesteps": "162046",
    "final_test_returns": 1450.4386080576023,
    "final_test_normalized_returns": 45.1890686465361,
    "best_return": 2351.844161791448,
    "best_return_normalized": 72.88565883594488,
    "convergence_step": "70000",
    "convergence_iter": "14",
    "best_step": "70000",
    "best_iter": "14"
}