{"final_weight_diff": 0.0009988787351176143, "final_weight_sim": 0.7947220206260681, "final_feature_diff": 0.3776266310968369, "final_feature_sim": 0.7061968419728968, "final_0_weight_diff": 0.0012864174786955118, "final_1_weight_diff": 0.0010260595008730888, "final_2_weight_diff": 0.0006808846956118941, "final_0_weight_sim": 0.7514737248420715, "final_1_weight_sim": 0.7810813784599304, "final_2_weight_sim": 0.8235175609588623, "best_weight_diff": 0.0007813128177076578, "best_weight_sim": 0.831118106842041, "best_feature_diff": 0.35106095321956016, "best_feature_sim": 0.7357241680370286, "best_0_weight_diff": 0.001002994365990162, "best_1_weight_diff": 0.0007852559792809188, "best_2_weight_diff": 0.0005541052669286728, "best_0_weight_sim": 0.7926564812660217, "best_1_weight_sim": 0.8203005790710449, "best_2_weight_sim": 0.8524211049079895, "num_feature_traj": 200, "num_feature_timesteps": "200000", "final_test_returns": 5091.227178759809, "final_test_normalized_returns": 43.26483051186196, "best_return": 5712.983158098363, "best_return_normalized": 48.27286125948411, "convergence_step": "65000", "convergence_iter": "13", "best_step": "70000", "best_iter": "14", "best_5percent_normalized": 48.27286125948411, "best_10percent_normalized": 48.1263317386716, "best_25percent_normalized": 45.706699086741224, "best_50percent_normalized": 44.398743728845325, "best_100percent_normalized": 41.87986869195423, "best_later_half_normalized": 43.33944913265309, "best_last_four_normalized": 42.2124458982148, "target_steps": 15000}