{"final_weight_diff": 0.001278117997571826, "final_weight_sim": 0.7825224995613098, "final_feature_diff": 0.2541076654667721, "final_feature_sim": 0.7141010380275985, "final_0_weight_diff": 0.0016890207771211863, "final_1_weight_diff": 0.001328769838437438, "final_2_weight_diff": 0.0008133631781674922, "final_0_weight_sim": 0.7497480511665344, "final_1_weight_sim": 0.7757916450500488, "final_2_weight_sim": 0.8182477951049805, "best_weight_diff": 0.0011831350857391953, "best_weight_sim": 0.7953572869300842, "best_feature_diff": 0.24637250622173174, "best_feature_sim": 0.7240544855951224, "best_0_weight_diff": 0.0015712026506662369, "best_1_weight_diff": 0.0012225187383592129, "best_2_weight_diff": 0.0007530698785558343, "best_0_weight_sim": 0.7633874416351318, "best_1_weight_sim": 0.7888591885566711, "best_2_weight_sim": 0.829810380935669, "num_feature_traj": 321, "num_feature_timesteps": "203500", "final_test_returns": 2668.819183694367, "final_test_normalized_returns": 82.62503446499299, "best_return": 3644.189551243779, "best_return_normalized": 112.5942677817932, "convergence_step": "50000", "convergence_iter": "10", "best_step": "90000", "best_iter": "18", "best_5percent_normalized": 112.5942677817932, "best_10percent_normalized": 112.32931461541, "best_25percent_normalized": 111.36680026944313, "best_50percent_normalized": 108.42575220148485, "best_100percent_normalized": 92.3951171777639, "best_later_half_normalized": 100.81527099434734, "best_last_four_normalized": 100.02177475609305, "target_steps": 20000}