{"final_weight_diff": 0.002033290220424533, "final_weight_sim": 0.7164565324783325, "final_feature_diff": 0.21530044092659578, "final_feature_sim": 0.6811280666253023, "final_0_weight_diff": 0.002718857256695628, "final_1_weight_diff": 0.0019042454659938812, "final_2_weight_diff": 0.0014672460965812206, "final_0_weight_sim": 0.6724432110786438, "final_1_weight_sim": 0.7371054291725159, "final_2_weight_sim": 0.7413098812103271, "best_weight_diff": 0.001909860991872847, "best_weight_sim": 0.7303882837295532, "best_feature_diff": 0.21162588567439294, "best_feature_sim": 0.688568788348955, "best_0_weight_diff": 0.002569203032180667, "best_1_weight_diff": 0.0017837983323261142, "best_2_weight_diff": 0.0013683048309758306, "best_0_weight_sim": 0.6872797608375549, "best_1_weight_sim": 0.7500417232513428, "best_2_weight_sim": 0.7554555535316467, "num_feature_traj": 223, "num_feature_timesteps": "196344", "final_test_returns": 5212.107397561899, "final_test_normalized_returns": 131.68400346139157, "best_return": 5354.495822346852, "best_return_normalized": 135.06993133300483, "convergence_step": "70000", "convergence_iter": "14", "best_step": "90000", "best_iter": "18", "best_5percent_normalized": 135.06993133300483, "best_10percent_normalized": 134.76400484736126, "best_25percent_normalized": 133.66668452227813, "best_50percent_normalized": 130.18145289586033, "best_100percent_normalized": 119.86096298802651, "best_later_half_normalized": 126.59224962337149, "best_last_four_normalized": 133.1787767372997}