{
    "final_weight_diff": 0.0013202946865931153,
    "final_weight_sim": 0.7710460424423218,
    "final_feature_diff": 0.5343635782586796,
    "final_feature_sim": 0.4852326434072272,
    "final_0_weight_diff": 0.0018736530328169465,
    "final_1_weight_diff": 0.001321935560554266,
    "final_2_weight_diff": 0.0007591582252644002,
    "final_0_weight_sim": 0.7226618528366089,
    "final_1_weight_sim": 0.7691897749900818,
    "final_2_weight_sim": 0.8231877088546753,
    "best_weight_diff": 0.0007053736480884254,
    "best_weight_sim": 0.8626988530158997,
    "best_feature_diff": 0.45718238898167635,
    "best_feature_sim": 0.5793818473016893,
    "best_0_weight_diff": 0.0010373798431828618,
    "best_1_weight_diff": 0.0006885521579533815,
    "best_2_weight_diff": 0.0003884391044266522,
    "best_0_weight_sim": 0.8233468532562256,
    "best_1_weight_sim": 0.8613264560699463,
    "best_2_weight_sim": 0.9029941558837891,
    "num_feature_traj": 120,
    "num_feature_timesteps": "106539",
    "final_test_returns": 3235.194836070784,
    "final_test_normalized_returns": 84.67397893303173,
    "best_return": 3939.612298347211,
    "best_return_normalized": 101.42468547659408,
    "convergence_step": "10000",
    "convergence_iter": "2",
    "best_step": "40000",
    "best_iter": "8"
}