{
    "final_weight_diff": 0.000876258360221982,
    "final_weight_sim": 0.8028311729431152,
    "final_feature_diff": 0.11547987257881456,
    "final_feature_sim": 0.7443237163375549,
    "final_0_weight_diff": 0.0010294256499037147,
    "final_1_weight_diff": 0.0008622792083770037,
    "final_2_weight_diff": 0.0007364687044173479,
    "final_0_weight_sim": 0.7648459672927856,
    "final_1_weight_sim": 0.802044689655304,
    "final_2_weight_sim": 0.8149285316467285,
    "best_weight_diff": 0.0007349697989411652,
    "best_weight_sim": 0.8286916017532349,
    "best_feature_diff": 0.11574510883338165,
    "best_feature_sim": 0.7689797823097503,
    "best_0_weight_diff": 0.0008696443401277065,
    "best_1_weight_diff": 0.0007185538415797055,
    "best_2_weight_diff": 0.0006164549849927425,
    "best_0_weight_sim": 0.794175922870636,
    "best_1_weight_sim": 0.8275418877601624,
    "best_2_weight_sim": 0.8396978378295898,
    "num_feature_traj": 218,
    "num_feature_timesteps": "100692",
    "final_test_returns": 1905.080459384121,
    "final_test_normalized_returns": 59.158395756831126,
    "best_return": 2222.817724750254,
    "best_return_normalized": 68.92119208118972,
    "convergence_step": "80000",
    "convergence_iter": "16",
    "best_step": "80000",
    "best_iter": "16"
}