{
    "final_weight_diff": 0.0011581777362152934,
    "final_weight_sim": 0.7519618272781372,
    "final_feature_diff": 0.2944649472833723,
    "final_feature_sim": 0.6906179042439623,
    "final_0_weight_diff": 0.0013186460128054023,
    "final_1_weight_diff": 0.0011336663737893105,
    "final_2_weight_diff": 0.0010138945654034615,
    "final_0_weight_sim": 0.7101187705993652,
    "final_1_weight_sim": 0.7507286071777344,
    "final_2_weight_sim": 0.7579835653305054,
    "best_weight_diff": 0.0005939698312431574,
    "best_weight_sim": 0.8616960048675537,
    "best_feature_diff": 0.21897677404683888,
    "best_feature_sim": 0.7904672322527875,
    "best_0_weight_diff": 0.0007236705278046429,
    "best_1_weight_diff": 0.0005785078974440694,
    "best_2_weight_diff": 0.0004796209104824811,
    "best_0_weight_sim": 0.8313602209091187,
    "best_1_weight_sim": 0.8560477495193481,
    "best_2_weight_sim": 0.8701056241989136,
    "num_feature_traj": 80,
    "num_feature_timesteps": "80000",
    "final_test_returns": 4224.813654660027,
    "final_test_normalized_returns": 36.28616731755962,
    "best_return": 4646.501168706012,
    "best_return_normalized": 39.68271533061978,
    "convergence_step": "5000",
    "convergence_iter": "1",
    "best_step": "35000",
    "best_iter": "7"
}