{
    "final_weight_diff": 0.001539945718832314,
    "final_weight_sim": 0.7440869808197021,
    "final_feature_diff": 0.4464337052723353,
    "final_feature_sim": 0.5719055769368829,
    "final_0_weight_diff": 0.002001669490709901,
    "final_1_weight_diff": 0.0015429729828611016,
    "final_2_weight_diff": 0.0010665269801393151,
    "final_0_weight_sim": 0.7060045003890991,
    "final_1_weight_sim": 0.7436197996139526,
    "final_2_weight_sim": 0.7730080485343933,
    "best_weight_diff": 0.001539945718832314,
    "best_weight_sim": 0.7440869808197021,
    "best_feature_diff": 0.4464337052723353,
    "best_feature_sim": 0.5719055769368829,
    "best_0_weight_diff": 0.002001669490709901,
    "best_1_weight_diff": 0.0015429729828611016,
    "best_2_weight_diff": 0.0010665269801393151,
    "best_0_weight_sim": 0.7060045003890991,
    "best_1_weight_sim": 0.7436197996139526,
    "best_2_weight_sim": 0.7730080485343933,
    "num_feature_traj": 223,
    "num_feature_timesteps": "196344",
    "final_test_returns": 5429.39014791677,
    "final_test_normalized_returns": 136.85088217051745,
    "best_return": 5429.39014791677,
    "best_return_normalized": 136.85088217051745,
    "convergence_step": "85000",
    "convergence_iter": "17",
    "best_step": "100000",
    "best_iter": "20"
}