{
    "final_weight_diff": 0.002002328634262085,
    "final_weight_sim": 0.7102169394493103,
    "final_feature_diff": 0.20455508590198343,
    "final_feature_sim": 0.6990677363421067,
    "final_0_weight_diff": 0.0024402786511927843,
    "final_1_weight_diff": 0.0019349288195371628,
    "final_2_weight_diff": 0.001623439835384488,
    "final_0_weight_sim": 0.6837530732154846,
    "final_1_weight_sim": 0.7150595188140869,
    "final_2_weight_sim": 0.7236040830612183,
    "best_weight_diff": 0.0015641739591956139,
    "best_weight_sim": 0.768316924571991,
    "best_feature_diff": 0.18913867260287578,
    "best_feature_sim": 0.7288115917573577,
    "best_0_weight_diff": 0.0019214103231206536,
    "best_1_weight_diff": 0.0015103815821930766,
    "best_2_weight_diff": 0.0012565297074615955,
    "best_0_weight_sim": 0.7471631169319153,
    "best_1_weight_sim": 0.7719184160232544,
    "best_2_weight_sim": 0.7780371308326721,
    "num_feature_traj": 20,
    "num_feature_timesteps": "20000",
    "final_test_returns": 4381.364276370977,
    "final_test_normalized_returns": 37.54712877694415,
    "best_return": 4760.697790987711,
    "best_return_normalized": 40.602529879520056,
    "convergence_step": "20000",
    "convergence_iter": "4",
    "best_step": "70000",
    "best_iter": "14"
}