{"final_weight_diff": 0.001474448130466044, "final_weight_sim": 0.7345561981201172, "final_feature_diff": 0.31089395621114624, "final_feature_sim": 0.6322679269082652, "final_0_weight_diff": 0.0014536625239998102, "final_1_weight_diff": 0.0013961514923721552, "final_2_weight_diff": 0.001562673132866621, "final_0_weight_sim": 0.7314831614494324, "final_1_weight_sim": 0.7339253425598145, "final_2_weight_sim": 0.7115139961242676, "best_weight_diff": 0.001474448130466044, "best_weight_sim": 0.7345561981201172, "best_feature_diff": 0.31089395621114624, "best_feature_sim": 0.6322679269082652, "best_0_weight_diff": 0.0014536625239998102, "best_1_weight_diff": 0.0013961514923721552, "best_2_weight_diff": 0.001562673132866621, "best_0_weight_sim": 0.7314831614494324, "best_1_weight_sim": 0.7339253425598145, "best_2_weight_sim": 0.7115139961242676, "num_feature_traj": 48, "num_feature_timesteps": "28017", "final_test_returns": 3641.530589723685, "final_test_normalized_returns": 94.33644662030498, "best_return": 3641.530589723685, "best_return_normalized": 94.33644662030498, "convergence_step": "20000", "convergence_iter": "4", "best_step": "100000", "best_iter": "20", "best_5percent_normalized": 94.33644662030498, "best_10percent_normalized": 94.33572449495296, "best_25percent_normalized": 94.08265760948163, "best_50percent_normalized": 92.49467951973763, "best_100percent_normalized": 85.70293352259151, "best_later_half_normalized": 85.95804894193519, "best_last_four_normalized": 83.7427252049487, "target_steps": 10000}