{
    "final_weight_diff": 0.0010528209386393428,
    "final_weight_sim": 0.7803149223327637,
    "final_feature_diff": 0.246040459602661,
    "final_feature_sim": 0.7423316149694537,
    "final_0_weight_diff": 0.001315431552939117,
    "final_1_weight_diff": 0.001033690059557557,
    "final_2_weight_diff": 0.0008069412433542311,
    "final_0_weight_sim": 0.7425097227096558,
    "final_1_weight_sim": 0.7731615304946899,
    "final_2_weight_sim": 0.7956644296646118,
    "best_weight_diff": 0.0010528209386393428,
    "best_weight_sim": 0.7803149223327637,
    "best_feature_diff": 0.246040459602661,
    "best_feature_sim": 0.7423316149694537,
    "best_0_weight_diff": 0.001315431552939117,
    "best_1_weight_diff": 0.001033690059557557,
    "best_2_weight_diff": 0.0008069412433542311,
    "best_0_weight_sim": 0.7425097227096558,
    "best_1_weight_sim": 0.7731615304946899,
    "best_2_weight_sim": 0.7956644296646118,
    "num_feature_traj": 200,
    "num_feature_timesteps": "200000",
    "final_test_returns": 11033.287608296148,
    "final_test_normalized_returns": 91.1260852874164,
    "best_return": 11033.287608296148,
    "best_return_normalized": 91.1260852874164,
    "convergence_step": "100000",
    "convergence_iter": "20",
    "best_step": "100000",
    "best_iter": "20"
}