{"final_weight_diff": 0.001171328593045473, "final_weight_sim": 0.7778454422950745, "final_feature_diff": 0.09507687111055702, "final_feature_sim": 0.7508619536436709, "final_0_weight_diff": 0.0014401429798454046, "final_1_weight_diff": 0.0011388433631509542, "final_2_weight_diff": 0.0009332540212199092, "final_0_weight_sim": 0.7408148646354675, "final_1_weight_sim": 0.7713580131530762, "final_2_weight_sim": 0.7949731945991516, "best_weight_diff": 0.00036249266122467816, "best_weight_sim": 0.9177014827728271, "best_feature_diff": 0.09510894782888148, "best_feature_sim": 0.8805950452498245, "best_0_weight_diff": 0.00043675233609974384, "best_1_weight_diff": 0.00032752761035226285, "best_2_weight_diff": 0.00032330324756912887, "best_0_weight_sim": 0.9063178896903992, "best_1_weight_sim": 0.9152570962905884, "best_2_weight_sim": 0.9161703586578369, "num_feature_traj": 952, "num_feature_timesteps": "803529", "final_test_returns": 2860.586726426356, "final_test_normalized_returns": 62.27755644890607, "best_return": 3700.371718743573, "best_return_normalized": 80.5708515637309, "convergence_step": "15000", "convergence_iter": "3", "best_step": "15000", "best_iter": "3", "best_5percent_normalized": 80.5708515637309, "best_10percent_normalized": 79.80435771000404, "best_25percent_normalized": 78.34043597239537, "best_50percent_normalized": 76.07333182405611, "best_100percent_normalized": 70.86870760962384, "best_later_half_normalized": 68.44145975734925, "best_last_four_normalized": 60.95953772052424, "target_steps": 5000}