{"final_weight_diff": 0.0017673744587227702, "final_weight_sim": 0.7420545816421509, "final_feature_diff": 0.6586296527492719, "final_feature_sim": 0.674972925064768, "final_0_weight_diff": 0.0020314694847911596, "final_1_weight_diff": 0.0016904255608096719, "final_2_weight_diff": 0.001579920994117856, "final_0_weight_sim": 0.7087448239326477, "final_1_weight_sim": 0.7284358739852905, "final_2_weight_sim": 0.7324846982955933, "best_weight_diff": 0.0014075246872380376, "best_weight_sim": 0.7755791544914246, "best_feature_diff": 0.5961687383678741, "best_feature_sim": 0.70576135231658, "best_0_weight_diff": 0.0016040494665503502, "best_1_weight_diff": 0.001319322967901826, "best_2_weight_diff": 0.001298556919209659, "best_0_weight_sim": 0.7439293265342712, "best_1_weight_sim": 0.7647846937179565, "best_2_weight_sim": 0.7633970379829407, "num_feature_traj": 321, "num_feature_timesteps": "203500", "final_test_returns": 1381.526189662657, "final_test_normalized_returns": 43.07166543846864, "best_return": 3599.288167604688, "best_return_normalized": 111.21462771141869, "convergence_step": "70000", "convergence_iter": "14", "best_step": "70000", "best_iter": "14", "best_5percent_normalized": 111.21462771141869, "best_10percent_normalized": 107.19217397100577, "best_25percent_normalized": 100.01442303341136, "best_50percent_normalized": 91.33595229946928, "best_100percent_normalized": 74.6680039122513, "best_later_half_normalized": 77.93875556770725, "best_last_four_normalized": 63.54940007252196, "target_steps": 15000}