{
    "final_weight_diff": 0.0011807508999481797,
    "final_weight_sim": 0.7839851379394531,
    "final_feature_diff": 1.0482548265331917,
    "final_feature_sim": 0.3862818165605635,
    "final_0_weight_diff": 0.0013519732747226954,
    "final_1_weight_diff": 0.0011981629068031907,
    "final_2_weight_diff": 0.0009844137821346521,
    "final_0_weight_sim": 0.7569364905357361,
    "final_1_weight_sim": 0.7694803476333618,
    "final_2_weight_sim": 0.7874131202697754,
    "best_weight_diff": 0.0004764231271110475,
    "best_weight_sim": 0.8962908983230591,
    "best_feature_diff": 0.6478009137022256,
    "best_feature_sim": 0.6556150213857468,
    "best_0_weight_diff": 0.0006087406654842198,
    "best_1_weight_diff": 0.0004775560519192368,
    "best_2_weight_diff": 0.00034251660690642893,
    "best_0_weight_sim": 0.8703213930130005,
    "best_1_weight_sim": 0.8859907984733582,
    "best_2_weight_sim": 0.9079868793487549,
    "num_feature_traj": 48,
    "num_feature_timesteps": "28017",
    "final_test_returns": 3143.5769085536704,
    "final_test_normalized_returns": 82.49534893000904,
    "best_return": 3688.4578829649095,
    "best_return_normalized": 95.45235495600572,
    "convergence_step": "30000",
    "convergence_iter": "6",
    "best_step": "30000",
    "best_iter": "6"
}