{"final_weight_diff": 0.0013999512884765863, "final_weight_sim": 0.7663947343826294, "final_feature_diff": 0.2730249980142609, "final_feature_sim": 0.7410021207996532, "final_0_weight_diff": 0.0017772773280739784, "final_1_weight_diff": 0.0014520327094942331, "final_2_weight_diff": 0.0009655020548962057, "final_0_weight_sim": 0.7254552245140076, "final_1_weight_sim": 0.765925943851471, "final_2_weight_sim": 0.7966835498809814, "best_weight_diff": 0.001103857415728271, "best_weight_sim": 0.8055800199508667, "best_feature_diff": 0.2531905919498719, "best_feature_sim": 0.7635961806629703, "best_0_weight_diff": 0.001422914327122271, "best_1_weight_diff": 0.0011251792311668396, "best_2_weight_diff": 0.0007606479921378195, "best_0_weight_sim": 0.7669660449028015, "best_1_weight_sim": 0.8051890730857849, "best_2_weight_sim": 0.8333784341812134, "num_feature_traj": 219, "num_feature_timesteps": "197797", "final_test_returns": 4930.038259053862, "final_test_normalized_returns": 107.3570565096568, "best_return": 5005.63698919486, "best_return_normalized": 109.00384693033256, "convergence_step": "25000", "convergence_iter": "5", "best_step": "70000", "best_iter": "14", "best_5percent_normalized": 109.00384693033256, "best_10percent_normalized": 108.72198211278135, "best_25percent_normalized": 108.34578443478559, "best_50percent_normalized": 108.01370086551529, "best_100percent_normalized": 97.7388129058353, "best_later_half_normalized": 107.09258855734086, "best_last_four_normalized": 105.50624210390889}