{
    "final_weight_diff": 0.0030295734759420156,
    "final_weight_sim": 0.6507624387741089,
    "final_feature_diff": 0.8632925788532122,
    "final_feature_sim": 0.578270337956312,
    "final_0_weight_diff": 0.0031819832511246204,
    "final_1_weight_diff": 0.0033846443984657526,
    "final_2_weight_diff": 0.002523401053622365,
    "final_0_weight_sim": 0.6248205900192261,
    "final_1_weight_sim": 0.622114360332489,
    "final_2_weight_sim": 0.649231493473053,
    "best_weight_diff": 0.0016354696126654744,
    "best_weight_sim": 0.7543777227401733,
    "best_feature_diff": 0.6964583708378042,
    "best_feature_sim": 0.6693287910312311,
    "best_0_weight_diff": 0.0016726111061871052,
    "best_1_weight_diff": 0.001828858396038413,
    "best_2_weight_diff": 0.0014042998664081097,
    "best_0_weight_sim": 0.7342157959938049,
    "best_1_weight_sim": 0.7238121032714844,
    "best_2_weight_sim": 0.7494345903396606,
    "num_feature_traj": 100,
    "num_feature_timesteps": "100000",
    "final_test_returns": 4978.210635672773,
    "final_test_normalized_returns": 42.35452109534141,
    "best_return": 5108.87424622588,
    "best_return_normalized": 43.4069715759004,
    "convergence_step": "15000",
    "convergence_iter": "3",
    "best_step": "75000",
    "best_iter": "15"
}