{"final_weight_diff": 0.001369614852592349, "final_weight_sim": 0.7500275373458862, "final_feature_diff": 0.503832002683875, "final_feature_sim": 0.536359437995112, "final_0_weight_diff": 0.0015054374234750867, "final_1_weight_diff": 0.0013769178185611963, "final_2_weight_diff": 0.0012181756319478154, "final_0_weight_sim": 0.7346998453140259, "final_1_weight_sim": 0.7420232892036438, "final_2_weight_sim": 0.745714545249939, "best_weight_diff": 0.0012243731180205941, "best_weight_sim": 0.7706100940704346, "best_feature_diff": 0.49620157466030507, "best_feature_sim": 0.5520544241186506, "best_0_weight_diff": 0.0013661286793649197, "best_1_weight_diff": 0.00122325518168509, "best_2_weight_diff": 0.0010783219477161765, "best_0_weight_sim": 0.7561985850334167, "best_1_weight_sim": 0.7616890072822571, "best_2_weight_sim": 0.7657753229141235, "num_feature_traj": 48, "num_feature_timesteps": "28017", "final_test_returns": 3136.0111349035587, "final_test_normalized_returns": 82.31543849198769, "best_return": 3653.7061775970446, "best_return_normalized": 94.62597621090158, "convergence_step": "85000", "convergence_iter": "17", "best_step": "85000", "best_iter": "17", "best_5percent_normalized": 94.62597621090158, "best_10percent_normalized": 92.47373890755966, "best_25percent_normalized": 89.79189472551843, "best_50percent_normalized": 86.24820064820403, "best_100percent_normalized": 77.38166222495337, "best_later_half_normalized": 84.93721675163584, "best_last_four_normalized": 86.91525732228666, "target_steps": 10000}