{"final_weight_diff": 0.001535326475277543, "final_weight_sim": 0.7361676096916199, "final_feature_diff": 0.10222295146020934, "final_feature_sim": 0.7012388438979598, "final_0_weight_diff": 0.001713634468615055, "final_1_weight_diff": 0.0015160683542490005, "final_2_weight_diff": 0.0013666354352608323, "final_0_weight_sim": 0.7124005556106567, "final_1_weight_sim": 0.7284095287322998, "final_2_weight_sim": 0.7434616088867188, "best_weight_diff": 0.001535326475277543, "best_weight_sim": 0.7361676096916199, "best_feature_diff": 0.10222295146020934, "best_feature_sim": 0.7012388438979598, "best_0_weight_diff": 0.001713634468615055, "best_1_weight_diff": 0.0015160683542490005, "best_2_weight_diff": 0.0013666354352608323, "best_0_weight_sim": 0.7124005556106567, "best_1_weight_sim": 0.7284095287322998, "best_2_weight_sim": 0.7434616088867188, "num_feature_traj": 109, "num_feature_timesteps": "31150", "final_test_returns": 3324.8027227149005, "final_test_normalized_returns": 72.38971645988305, "best_return": 3324.8027227149005, "best_return_normalized": 72.38971645988305, "convergence_step": "55000", "convergence_iter": "11", "best_step": "100000", "best_iter": "20", "best_5percent_normalized": 72.38971645988305, "best_10percent_normalized": 71.9848432077548, "best_25percent_normalized": 68.32517695327067, "best_50percent_normalized": 62.2623230161813, "best_100percent_normalized": 41.37596755862377, "best_later_half_normalized": 48.61321242609373, "best_last_four_normalized": 50.109967976216666}