{"final_weight_diff": 0.0011835497571155429, "final_weight_sim": 0.7989481687545776, "final_feature_diff": 0.33238759087447417, "final_feature_sim": 0.7021740881078651, "final_0_weight_diff": 0.0015174089930951595, "final_1_weight_diff": 0.0012410263298079371, "final_2_weight_diff": 0.000788866775110364, "final_0_weight_sim": 0.7664220333099365, "final_1_weight_sim": 0.7900818586349487, "final_2_weight_sim": 0.8306235671043396, "best_weight_diff": 0.0011390636209398508, "best_weight_sim": 0.8050717115402222, "best_feature_diff": 0.32900504726513613, "best_feature_sim": 0.7057719658111901, "best_0_weight_diff": 0.0014635921688750386, "best_1_weight_diff": 0.0011918992968276143, "best_2_weight_diff": 0.0007586544961668551, "best_0_weight_sim": 0.7728506922721863, "best_1_weight_sim": 0.7963221073150635, "best_2_weight_sim": 0.836357057094574, "num_feature_traj": 321, "num_feature_timesteps": "203500", "final_test_returns": 3278.343369102234, "final_test_normalized_returns": 101.35327671272104, "best_return": 3588.4166054765324, "best_return_normalized": 110.88058805553352, "convergence_step": "95000", "convergence_iter": "19", "best_step": "95000", "best_iter": "19", "best_5percent_normalized": 110.88058805553352, "best_10percent_normalized": 109.3507687534316, "best_25percent_normalized": 105.04239269508312, "best_50percent_normalized": 100.30496027037216, "best_100percent_normalized": 82.86038927052513, "best_later_half_normalized": 89.34394527089735, "best_last_four_normalized": 79.46354981381155, "target_steps": 15000}