{
    "final_weight_diff": 0.001373856095597148,
    "final_weight_sim": 0.7678455710411072,
    "final_feature_diff": 0.2674146796276795,
    "final_feature_sim": 0.7468863855149466,
    "final_0_weight_diff": 0.0016387038631364703,
    "final_1_weight_diff": 0.0015082129975780845,
    "final_2_weight_diff": 0.0009702224051579833,
    "final_0_weight_sim": 0.7344787120819092,
    "final_1_weight_sim": 0.7600582838058472,
    "final_2_weight_sim": 0.795196533203125,
    "best_weight_diff": 0.0006192209548316896,
    "best_weight_sim": 0.8796013593673706,
    "best_feature_diff": 0.20402875043212965,
    "best_feature_sim": 0.8156016094858802,
    "best_0_weight_diff": 0.0007768566138111055,
    "best_1_weight_diff": 0.0006362780695781112,
    "best_2_weight_diff": 0.0004439520707819611,
    "best_0_weight_sim": 0.8541669845581055,
    "best_1_weight_sim": 0.8760676980018616,
    "best_2_weight_sim": 0.8972049355506897,
    "num_feature_traj": 219,
    "num_feature_timesteps": "197797",
    "final_test_returns": 4848.057220110305,
    "final_test_normalized_returns": 105.5712382907859,
    "best_return": 5036.476783943039,
    "best_return_normalized": 109.67563967701211,
    "convergence_step": "10000",
    "convergence_iter": "2",
    "best_step": "30000",
    "best_iter": "6"
}