{
    "final_weight_diff": 0.0010526241967454553,
    "final_weight_sim": 0.7989521622657776,
    "final_feature_diff": 1.1220636590743254,
    "final_feature_sim": 0.5591271481573055,
    "final_0_weight_diff": 0.0012649765703827143,
    "final_1_weight_diff": 0.0010973373427987099,
    "final_2_weight_diff": 0.0007944321259856224,
    "final_0_weight_sim": 0.7538928985595703,
    "final_1_weight_sim": 0.7704880833625793,
    "final_2_weight_sim": 0.8058742880821228,
    "best_weight_diff": 0.0005013746558688581,
    "best_weight_sim": 0.8903151154518127,
    "best_feature_diff": 0.7681348096510902,
    "best_feature_sim": 0.7066747565433824,
    "best_0_weight_diff": 0.0006466437480412424,
    "best_1_weight_diff": 0.00047930722939781845,
    "best_2_weight_diff": 0.00037804312887601554,
    "best_0_weight_sim": 0.8509212136268616,
    "best_1_weight_sim": 0.8794819712638855,
    "best_2_weight_sim": 0.8964806199073792,
    "num_feature_traj": 321,
    "num_feature_timesteps": "203500",
    "final_test_returns": 3623.460656123677,
    "final_test_normalized_returns": 111.95735167800112,
    "best_return": 3648.135037977349,
    "best_return_normalized": 112.71549682093632,
    "convergence_step": "30000",
    "convergence_iter": "6",
    "best_step": "40000",
    "best_iter": "8"
}