{"final_weight_diff": 0.0015986409271135926, "final_weight_sim": 0.7558810710906982, "final_feature_diff": 0.6513726604189486, "final_feature_sim": 0.3875595444314366, "final_0_weight_diff": 0.001890547457151115, "final_1_weight_diff": 0.0016906585078686476, "final_2_weight_diff": 0.0012017517583444715, "final_0_weight_sim": 0.7234501838684082, "final_1_weight_sim": 0.7451443076133728, "final_2_weight_sim": 0.7845965623855591, "best_weight_diff": 0.0014901120448485017, "best_weight_sim": 0.7701143026351929, "best_feature_diff": 0.6601304919856609, "best_feature_sim": 0.3867565590520346, "best_0_weight_diff": 0.0017970147309824824, "best_1_weight_diff": 0.0015623645158484578, "best_2_weight_diff": 0.0011006955755874515, "best_0_weight_sim": 0.7370157837867737, "best_1_weight_sim": 0.7599539756774902, "best_2_weight_sim": 0.7996181845664978, "num_feature_traj": 48, "num_feature_timesteps": "28017", "final_test_returns": 3084.027297644482, "final_test_normalized_returns": 81.07928798526815, "best_return": 3756.097017246015, "best_return_normalized": 97.06078085382764, "convergence_step": "90000", "convergence_iter": "18", "best_step": "90000", "best_iter": "18", "best_5percent_normalized": 97.06078085382764, "best_10percent_normalized": 94.57870372769469, "best_25percent_normalized": 91.3659539202868, "best_50percent_normalized": 87.35001968672881, "best_100percent_normalized": 81.56847642031758, "best_later_half_normalized": 84.87482767451519, "best_last_four_normalized": 88.16582088261964}