{"final_weight_diff": 0.0017306111985817552, "final_weight_sim": 0.7222530245780945, "final_feature_diff": 0.22833981639537082, "final_feature_sim": 0.6879305116757437, "final_0_weight_diff": 0.0015672516310587525, "final_1_weight_diff": 0.0018892984371632338, "final_2_weight_diff": 0.0017298290040344, "final_0_weight_sim": 0.7257341146469116, "final_1_weight_sim": 0.7062817215919495, "final_2_weight_sim": 0.7072374820709229, "best_weight_diff": 0.0014805991668254137, "best_weight_sim": 0.7533621788024902, "best_feature_diff": 0.21472091000396273, "best_feature_sim": 0.7163374635001547, "best_0_weight_diff": 0.0013631683541461825, "best_1_weight_diff": 0.0016068646218627691, "best_2_weight_diff": 0.0014685579808428884, "best_0_weight_sim": 0.7554028034210205, "best_1_weight_sim": 0.7367132306098938, "best_2_weight_sim": 0.7406928539276123, "num_feature_traj": 204, "num_feature_timesteps": "37349", "final_test_returns": 2115.7622043084257, "final_test_normalized_returns": 65.63180378653243, "best_return": 2784.1490389599894, "best_return_normalized": 86.16866000031882, "convergence_step": "65000", "convergence_iter": "13", "best_step": "80000", "best_iter": "16", "best_5percent_normalized": 86.16866000031882, "best_10percent_normalized": 85.86911278678258, "best_25percent_normalized": 76.60705660237613, "best_50percent_normalized": 66.93046198123889, "best_100percent_normalized": 49.58097146738414, "best_later_half_normalized": 56.96699107670893}