{"final_weight_diff": 0.0015631852438673377, "final_weight_sim": 0.8538810014724731, "final_feature_diff": 9.361147079421212, "final_feature_sim": 0.3223585572971316, "final_0_weight_diff": 0.0013447480741888285, "final_1_weight_diff": 0.0018784163985401392, "final_2_weight_diff": 0.001464314409531653, "final_0_weight_sim": 0.7565769553184509, "final_1_weight_sim": 0.7841998338699341, "final_2_weight_sim": 0.8427444696426392, "best_weight_diff": 0.0011603020830079913, "best_weight_sim": 0.8870648741722107, "best_feature_diff": 9.091196893225643, "best_feature_sim": 0.3449147513814784, "best_0_weight_diff": 0.0010725917527452111, "best_1_weight_diff": 0.0013859764439985156, "best_2_weight_diff": 0.0010211573680862784, "best_0_weight_sim": 0.7980644106864929, "best_1_weight_sim": 0.8285354375839233, "best_2_weight_sim": 0.8844212293624878, "num_feature_traj": 64, "num_feature_timesteps": "41579", "final_test_returns": 2439.222632768083, "final_test_normalized_returns": 75.57045004007317, "best_return": 3603.937861137411, "best_return_normalized": 111.35749421112985, "convergence_step": "30000", "convergence_iter": "6", "best_step": "70000", "best_iter": "14", "best_5percent_normalized": 111.35749421112985, "best_10percent_normalized": 111.0725945185169, "best_25percent_normalized": 109.36421609224871, "best_50percent_normalized": 103.88732085605957, "best_100percent_normalized": 73.83083609419187, "best_later_half_normalized": 85.475172579858, "best_last_four_normalized": 81.67733640152181, "target_steps": 30000}