{"final_weight_diff": 0.0013281911378726363, "final_weight_sim": 0.7708967328071594, "final_feature_diff": 0.3229039275477622, "final_feature_sim": 0.6963627894065331, "final_0_weight_diff": 0.0017643347382545471, "final_1_weight_diff": 0.001239391858689487, "final_2_weight_diff": 0.0009750637109391391, "final_0_weight_sim": 0.7229911088943481, "final_1_weight_sim": 0.7853770852088928, "final_2_weight_sim": 0.7922834753990173, "best_weight_diff": 0.0002674445859156549, "best_weight_sim": 0.9435775279998779, "best_feature_diff": 0.18559809396638283, "best_feature_sim": 0.8381133187786546, "best_0_weight_diff": 0.0003351701016072184, "best_1_weight_diff": 0.0002515638479962945, "best_2_weight_diff": 0.00021551322424784303, "best_0_weight_sim": 0.9296380281448364, "best_1_weight_sim": 0.9452478885650635, "best_2_weight_sim": 0.9483131170272827, "num_feature_traj": 200, "num_feature_timesteps": "200000", "final_test_returns": 5021.069257378195, "final_test_normalized_returns": 42.69973256484718, "best_return": 6472.812592332024, "best_return_normalized": 54.39302623745293, "convergence_step": "10000", "convergence_iter": "2", "best_step": "10000", "best_iter": "2", "best_5percent_normalized": 54.39302623745293, "best_10percent_normalized": 49.02543079167951, "best_25percent_normalized": 45.56277391572648, "best_50percent_normalized": 44.24112605422872, "best_100percent_normalized": 43.03186812462801, "best_later_half_normalized": 42.477033415786124, "best_last_four_normalized": 42.56990500947911, "target_steps": 10000}