{"final_weight_diff": 0.0021435944363474846, "final_weight_sim": 0.6865054368972778, "final_feature_diff": 0.19559331075726555, "final_feature_sim": 0.6663609434627122, "final_0_weight_diff": 0.0022916714660823345, "final_1_weight_diff": 0.002185939345508814, "final_2_weight_diff": 0.0019461276242509484, "final_0_weight_sim": 0.6767076849937439, "final_1_weight_sim": 0.676294207572937, "final_2_weight_sim": 0.684633731842041, "best_weight_diff": 0.0019131227163597941, "best_weight_sim": 0.7127238512039185, "best_feature_diff": 0.18652709310683555, "best_feature_sim": 0.6840445038259853, "best_0_weight_diff": 0.002073940820991993, "best_1_weight_diff": 0.0019554111640900373, "best_2_weight_diff": 0.0017051569884642959, "best_0_weight_sim": 0.702358603477478, "best_1_weight_sim": 0.701320230960846, "best_2_weight_sim": 0.7131742835044861, "num_feature_traj": 109, "num_feature_timesteps": "31150", "final_test_returns": 2528.30195361805, "final_test_normalized_returns": 55.03929490963725, "best_return": 3495.741292929604, "best_return_normalized": 76.11332397853536, "convergence_step": "85000", "convergence_iter": "17", "best_step": "85000", "best_iter": "17", "best_5percent_normalized": 76.11332397853536, "best_10percent_normalized": 74.57106542042435, "best_25percent_normalized": 71.98298840657637, "best_50percent_normalized": 69.64837812364433, "best_100percent_normalized": 56.65722704329947, "best_later_half_normalized": 63.03523235284943, "best_last_four_normalized": 56.641238356233615}