current_itr_train_time	current_itr_train_loss_mean	current_itr_train_loss_std	current_itr_eval_2000_return_mean	current_itr_eval_2000_return_std	current_itr_eval_2000_length_mean	current_itr_eval_2000_length_std	current_itr_eval_5000_return_mean	current_itr_eval_5000_return_std	current_itr_eval_5000_length_mean	current_itr_eval_5000_length_std	TestEpRet	TestEpNormRet	Iteration	Steps	total_time	current_eval_time
578.7910830974579	0.06847991497926414	0.10208133764854439	2561.8121041412246	1012.6398706471615	790.1	237.29789295314023	2684.4478768840163	1421.1872087502952	716.8	373.6596847400051	2684.4478768840163	71.57748262630528	1	5000	673.8638637065887	95.07203149795532
577.5279424190521	0.018719563789479435	0.00222994207798039	3630.814445603692	700.7316250807686	962.6	112.19999999999999	2839.701020628504	1567.6958006188243	744.3	391.490753402938	2839.701020628504	75.26932729242868	2	10000	1356.2927374839783	104.88232731819153
575.0270833969116	0.01676861527878791	0.001715824711685769	3465.3436031287906	722.5500901493717	929.6	189.9200884582776	3341.7167646692496	1091.2202445264954	879.5	277.91914291750396	3341.7167646692496	87.20701887307087	3	15000	2041.4768962860107	110.11538243293762
572.8904337882996	0.015962901925109328	0.0015340366311528588	3072.53211289766	1181.41491253391	827.7	307.9474143421244	3574.672498919018	763.2471107084535	918.7	183.3597829405347	3574.672498919018	92.74659355858127	4	20000	2719.9459462165833	105.56460571289062
571.5193974971771	0.015492233261279761	0.001406781654438165	3030.9398796371042	1444.4918038694298	855.3	307.5044877721299	3880.096197376155	170.35110540061947	996.7	9.9	3880.096197376155	100.00942138197405	5	25000	3399.483031272888	107.99585843086243
572.0796165466309	0.015167652873694896	0.0013748555213136072	2917.9611267927467	1442.21294225177	759.1	366.4915960837302	3811.2855229865045	206.41706356962567	981.4	55.8	3811.2855229865045	98.37313682701603	6	30000	4072.7950518131256	101.20181035995483
