{"final_weight_diff": 0.002028862712904811, "final_weight_sim": 0.7163852453231812, "final_feature_diff": 0.21145990858069835, "final_feature_sim": 0.6890105158282978, "final_0_weight_diff": 0.0025600921362638474, "final_1_weight_diff": 0.0019930237904191017, "final_2_weight_diff": 0.0015239865751937032, "final_0_weight_sim": 0.6832600831985474, "final_1_weight_sim": 0.7303272485733032, "final_2_weight_sim": 0.7328843474388123, "best_weight_diff": 0.0014130386989563704, "best_weight_sim": 0.7903918027877808, "best_feature_diff": 0.19545184676706956, "best_feature_sim": 0.7213720364587669, "best_0_weight_diff": 0.001804638421162963, "best_1_weight_diff": 0.0013691347558051348, "best_2_weight_diff": 0.0010611225152388215, "best_0_weight_sim": 0.7639525532722473, "best_1_weight_sim": 0.7999067306518555, "best_2_weight_sim": 0.8040966391563416, "num_feature_traj": 223, "num_feature_timesteps": "196344", "final_test_returns": 4978.426319378164, "final_test_normalized_returns": 126.12718044796242, "best_return": 5411.991139749206, "best_return_normalized": 136.43714217176435, "convergence_step": "55000", "convergence_iter": "11", "best_step": "55000", "best_iter": "11", "best_5percent_normalized": 136.43714217176435, "best_10percent_normalized": 134.651772031267, "best_25percent_normalized": 131.95047398225688, "best_50percent_normalized": 128.4301350831007, "best_100percent_normalized": 116.44356095188664, "best_later_half_normalized": 124.29381298769916, "best_last_four_normalized": 122.14700534341137, "target_steps": 10000}