{"final_weight_diff": 0.0011320182820782065, "final_weight_sim": 0.7699156999588013, "final_feature_diff": 0.3469730426432171, "final_feature_sim": 0.701563824109985, "final_0_weight_diff": 0.0013367233332246542, "final_1_weight_diff": 0.0012181230122223496, "final_2_weight_diff": 0.000838879554066807, "final_0_weight_sim": 0.7288392782211304, "final_1_weight_sim": 0.744994044303894, "final_2_weight_sim": 0.80219566822052, "best_weight_diff": 0.0004455234738998115, "best_weight_sim": 0.8952451944351196, "best_feature_diff": 0.32999287833255264, "best_feature_sim": 0.7397358230736764, "best_0_weight_diff": 0.0005057207890786231, "best_1_weight_diff": 0.0004811781400348991, "best_2_weight_diff": 0.0003494702104944736, "best_0_weight_sim": 0.878593385219574, "best_1_weight_sim": 0.8760756850242615, "best_2_weight_sim": 0.9091029167175293, "num_feature_traj": 40, "num_feature_timesteps": "40000", "final_test_returns": 4865.761935587055, "final_test_normalized_returns": 41.44878545905768, "best_return": 5103.729340327172, "best_return_normalized": 43.36553112692914, "convergence_step": "10000", "convergence_iter": "2", "best_step": "25000", "best_iter": "5", "best_5percent_normalized": 43.36553112692914, "best_10percent_normalized": 43.2043182649291, "best_25percent_normalized": 43.00259720604684, "best_50percent_normalized": 42.72082851960789, "best_100percent_normalized": 42.26335738716194, "best_later_half_normalized": 42.32219219737697, "best_last_four_normalized": 42.062403133701785, "target_steps": 5000}