{"final_weight_diff": 0.0011720836628228426, "final_weight_sim": 0.7611366510391235, "final_feature_diff": 0.251778467561425, "final_feature_sim": 0.7108924505026238, "final_0_weight_diff": 0.0014622188173234463, "final_1_weight_diff": 0.0012019368587061763, "final_2_weight_diff": 0.0008494316716678441, "final_0_weight_sim": 0.7193987369537354, "final_1_weight_sim": 0.7485683560371399, "final_2_weight_sim": 0.7885802984237671, "best_weight_diff": 0.0011302424827590585, "best_weight_sim": 0.7678420543670654, "best_feature_diff": 0.24921453848790528, "best_feature_sim": 0.7147181508029434, "best_0_weight_diff": 0.0014113167999312282, "best_1_weight_diff": 0.0011583513114601374, "best_2_weight_diff": 0.0008186280028894544, "best_0_weight_sim": 0.7268748879432678, "best_1_weight_sim": 0.7551770806312561, "best_2_weight_sim": 0.7949373126029968, "num_feature_traj": 100, "num_feature_timesteps": "100000", "final_test_returns": 5064.708203674869, "final_test_normalized_returns": 43.05122928077756, "best_return": 5115.696413687733, "best_return_normalized": 43.46192179037318, "convergence_step": "5000", "convergence_iter": "1", "best_step": "95000", "best_iter": "19", "best_5percent_normalized": 43.46192179037318, "best_10percent_normalized": 43.41646650809916, "best_25percent_normalized": 43.27978734594963, "best_50percent_normalized": 43.09698051404219, "best_100percent_normalized": 42.69848714663319, "best_later_half_normalized": 42.71735036252161, "best_last_four_normalized": 42.818083592580926, "target_steps": 5000}