{
    "final_weight_diff": 0.001919834641739726,
    "final_weight_sim": 0.7276104688644409,
    "final_feature_diff": 0.3385237336785929,
    "final_feature_sim": 0.686814202432341,
    "final_0_weight_diff": 0.002203875919803977,
    "final_1_weight_diff": 0.0016538527561351657,
    "final_2_weight_diff": 0.0018942219903692603,
    "final_0_weight_sim": 0.6574995517730713,
    "final_1_weight_sim": 0.742973804473877,
    "final_2_weight_sim": 0.7551556825637817,
    "best_weight_diff": 0.0004220109840389341,
    "best_weight_sim": 0.9295247793197632,
    "best_feature_diff": 0.23670819089035564,
    "best_feature_sim": 0.7974692701809489,
    "best_0_weight_diff": 0.0004999978118576109,
    "best_1_weight_diff": 0.00035113689955323935,
    "best_2_weight_diff": 0.0004143777769058943,
    "best_0_weight_sim": 0.896804928779602,
    "best_1_weight_sim": 0.9286370277404785,
    "best_2_weight_sim": 0.9440550208091736,
    "num_feature_traj": 160,
    "num_feature_timesteps": "160000",
    "final_test_returns": 5013.134555849388,
    "final_test_normalized_returns": 42.635821270786536,
    "best_return": 7265.041753673276,
    "best_return_normalized": 60.77415988313282,
    "convergence_step": "10000",
    "convergence_iter": "2",
    "best_step": "10000",
    "best_iter": "2"
}