{"final_weight_diff": 0.0013330181827768683, "final_weight_sim": 0.7648274898529053, "final_feature_diff": 1.3598357760842368, "final_feature_sim": 0.44235806637260267, "final_0_weight_diff": 0.0015686382539570332, "final_1_weight_diff": 0.0013931149151176214, "final_2_weight_diff": 0.0010312421945855021, "final_0_weight_sim": 0.7326639294624329, "final_1_weight_sim": 0.7353662252426147, "final_2_weight_sim": 0.763886570930481, "best_weight_diff": 0.0011581736616790295, "best_weight_sim": 0.7880450487136841, "best_feature_diff": 1.3263743276146953, "best_feature_sim": 0.46259446560505135, "best_0_weight_diff": 0.001383260590955615, "best_1_weight_diff": 0.0012087359791621566, "best_2_weight_diff": 0.000878410879522562, "best_0_weight_sim": 0.7548675537109375, "best_1_weight_sim": 0.7592774629592896, "best_2_weight_sim": 0.7902483940124512, "num_feature_traj": 223, "num_feature_timesteps": "196344", "final_test_returns": 4985.883676806976, "final_test_normalized_returns": 126.30451280067952, "best_return": 5299.608510422289, "best_return_normalized": 133.7647376030792, "convergence_step": "70000", "convergence_iter": "14", "best_step": "80000", "best_iter": "16", "best_5percent_normalized": 133.7647376030792, "best_10percent_normalized": 133.36522746563983, "best_25percent_normalized": 127.37836509189655, "best_50percent_normalized": 119.1044161408574, "best_100percent_normalized": 106.84738135399061, "best_later_half_normalized": 116.90552016235321, "best_last_four_normalized": 115.92443921377621}