{"final_weight_diff": 0.0012019865680485964, "final_weight_sim": 0.7625853419303894, "final_feature_diff": 0.36382162969109383, "final_feature_sim": 0.6800223646299903, "final_0_weight_diff": 0.0012479941360652447, "final_1_weight_diff": 0.0011087816674262285, "final_2_weight_diff": 0.0012469051871448755, "final_0_weight_sim": 0.7522861361503601, "final_1_weight_sim": 0.7590901255607605, "final_2_weight_sim": 0.7408921718597412, "best_weight_diff": 0.0010347380302846432, "best_weight_sim": 0.7884335517883301, "best_feature_diff": 0.34907634208557853, "best_feature_sim": 0.6977326303993149, "best_0_weight_diff": 0.001085265539586544, "best_1_weight_diff": 0.0009593478171154857, "best_2_weight_diff": 0.001057990943081677, "best_0_weight_sim": 0.7800773978233337, "best_1_weight_sim": 0.7833628058433533, "best_2_weight_sim": 0.7676037549972534, "num_feature_traj": 120, "num_feature_timesteps": "106539", "final_test_returns": 2809.8714619693856, "final_test_normalized_returns": 74.55999481533743, "best_return": 3967.329829024184, "best_return_normalized": 102.08379494980582, "convergence_step": "80000", "convergence_iter": "16", "best_step": "80000", "best_iter": "16", "best_5percent_normalized": 102.08379494980582, "best_10percent_normalized": 100.12974189160501, "best_25percent_normalized": 96.49876069535927, "best_50percent_normalized": 93.29433264783414, "best_100percent_normalized": 86.56364587890059, "best_later_half_normalized": 87.9694688720562, "best_last_four_normalized": 82.63682927367061, "target_steps": 5000}