{
    "final_weight_diff": 0.0012368394527584314,
    "final_weight_sim": 0.7569453120231628,
    "final_feature_diff": 0.1761161943329407,
    "final_feature_sim": 0.6899434170705246,
    "final_0_weight_diff": 0.0013744388706982136,
    "final_1_weight_diff": 0.001275865826755762,
    "final_2_weight_diff": 0.001057717832736671,
    "final_0_weight_sim": 0.7188920378684998,
    "final_1_weight_sim": 0.7505044937133789,
    "final_2_weight_sim": 0.7768740057945251,
    "best_weight_diff": 0.0011425173142924905,
    "best_weight_sim": 0.7710354328155518,
    "best_feature_diff": 0.17565099505636136,
    "best_feature_sim": 0.7006098699227148,
    "best_0_weight_diff": 0.0012854496017098427,
    "best_1_weight_diff": 0.001172324875369668,
    "best_2_weight_diff": 0.000967969826888293,
    "best_0_weight_sim": 0.7329965829849243,
    "best_1_weight_sim": 0.7647326588630676,
    "best_2_weight_sim": 0.7913134694099426,
    "num_feature_traj": 204,
    "num_feature_timesteps": "37349",
    "final_test_returns": 2336.786935507745,
    "final_test_normalized_returns": 72.42301044861085,
    "best_return": 2476.202222272156,
    "best_return_normalized": 76.70668503621265,
    "convergence_step": "45000",
    "convergence_iter": "9",
    "best_step": "90000",
    "best_iter": "18"
}