{"final_weight_diff": 78.78101348876953, "final_feature_diff": 35.41733270314227, "best_weight_diff": 56.32728958129883, "best_feature_diff": 35.241155813808, "num_feature_traj": 153, "num_feature_timesteps": "27997", "final_test_returns": 1314.918112624932, "final_test_normalized_returns": 41.02506543098393, "best_return": 2314.543441254215, "best_return_normalized": 71.73955676655999, "convergence_step": "5000", "convergence_iter": "1", "best_step": "55000", "best_iter": "11", "best_5percent_normalized": 71.73955676655999, "best_10percent_normalized": 69.97795543148402, "best_25percent_normalized": 54.647809079033664, "best_50percent_normalized": 46.35717547678847, "best_100percent_normalized": 35.92912106554685, "best_later_half_normalized": 42.919024180001784}