{"final_weight_diff": 2387.890869140625, "final_feature_diff": 85.11999298488894, "best_weight_diff": 2388.135009765625, "best_feature_diff": 85.19356785509684, "num_feature_traj": 321, "num_feature_timesteps": "203500", "final_test_returns": 1044.559090896311, "final_test_normalized_returns": 32.71801318595413, "best_return": 1962.8960543866056, "best_return_normalized": 60.93483793062037, "convergence_step": "25000", "convergence_iter": "5", "best_step": "70000", "best_iter": "14", "best_5percent_normalized": 60.93483793062037, "best_10percent_normalized": 56.101175347305286, "best_25percent_normalized": 49.95121291695675, "best_50percent_normalized": 39.81347746971708, "best_100percent_normalized": 23.710953353003205, "best_later_half_normalized": 28.877941356309247, "best_last_four_normalized": 19.563330632525165}