{"final_weight_diff": 0.001140050357207656, "final_weight_sim": 0.7771934270858765, "final_feature_diff": 0.2564719944176037, "final_feature_sim": 0.7766674242247801, "final_0_weight_diff": 0.0012861461145803332, "final_1_weight_diff": 0.0011139193084090948, "final_2_weight_diff": 0.0010184836573898792, "final_0_weight_sim": 0.7608717679977417, "final_1_weight_sim": 0.7662883400917053, "final_2_weight_sim": 0.7700648903846741, "best_weight_diff": 0.0009322040132246912, "best_weight_sim": 0.8093400001525879, "best_feature_diff": 0.23683661153153449, "best_feature_sim": 0.7962433274431671, "best_0_weight_diff": 0.001069135614670813, "best_1_weight_diff": 0.0009052762179635465, "best_2_weight_diff": 0.0008214122499339283, "best_0_weight_sim": 0.7940301895141602, "best_1_weight_sim": 0.7985348701477051, "best_2_weight_sim": 0.8037093877792358, "num_feature_traj": 219, "num_feature_timesteps": "197797", "final_test_returns": 4951.15101083335, "final_test_normalized_returns": 107.8169620837282, "best_return": 4998.189834769149, "best_return_normalized": 108.84162327198962, "convergence_step": "20000", "convergence_iter": "4", "best_step": "75000", "best_iter": "15", "best_5percent_normalized": 108.84162327198962, "best_10percent_normalized": 108.59986139020404, "best_25percent_normalized": 108.37402909065081, "best_50percent_normalized": 107.98880412850649, "best_100percent_normalized": 100.13357556425439, "best_later_half_normalized": 105.44256581109282, "best_last_four_normalized": 107.06418395696718, "target_steps": 20000}