{
    "final_weight_diff": 0.0015738733345642686,
    "final_weight_sim": 0.7978139519691467,
    "final_feature_diff": 2.093151772207604,
    "final_feature_sim": 0.36627413783944496,
    "final_0_weight_diff": 0.0016708980547264218,
    "final_1_weight_diff": 0.0015439775306731462,
    "final_2_weight_diff": 0.0015029523056000471,
    "final_0_weight_sim": 0.7683888673782349,
    "final_1_weight_sim": 0.7995438575744629,
    "final_2_weight_sim": 0.7613468170166016,
    "best_weight_diff": 0.001435841084457934,
    "best_weight_sim": 0.8127768039703369,
    "best_feature_diff": 2.0723818409238595,
    "best_feature_sim": 0.3746224910101357,
    "best_0_weight_diff": 0.0015403919387608767,
    "best_1_weight_diff": 0.0013982674572616816,
    "best_2_weight_diff": 0.0013658547541126609,
    "best_0_weight_sim": 0.7842945456504822,
    "best_1_weight_sim": 0.8148410320281982,
    "best_2_weight_sim": 0.7780606150627136,
    "num_feature_traj": 816,
    "num_feature_timesteps": "162046",
    "final_test_returns": 1619.538042879112,
    "final_test_normalized_returns": 50.38481847092077,
    "best_return": 2520.662921827189,
    "best_return_normalized": 78.07278464588265,
    "convergence_step": "90000",
    "convergence_iter": "18",
    "best_step": "90000",
    "best_iter": "18"
}