{"final_weight_diff": 0.0012898625573143363, "final_weight_sim": 0.7540829181671143, "final_feature_diff": 0.35128280549097923, "final_feature_sim": 0.670031330203955, "final_0_weight_diff": 0.001494488911703229, "final_1_weight_diff": 0.0011923809070140123, "final_2_weight_diff": 0.0011783656664192677, "final_0_weight_sim": 0.732791543006897, "final_1_weight_sim": 0.7479497194290161, "final_2_weight_sim": 0.7477864623069763, "best_weight_diff": 0.0008430074667558074, "best_weight_sim": 0.8236062526702881, "best_feature_diff": 0.3025099509744504, "best_feature_sim": 0.7316696376316394, "best_0_weight_diff": 0.0010305843316018581, "best_1_weight_diff": 0.000778953661210835, "best_2_weight_diff": 0.0007186041329987347, "best_0_weight_sim": 0.8026149868965149, "best_1_weight_sim": 0.816120445728302, "best_2_weight_sim": 0.8234286904335022, "num_feature_traj": 223, "num_feature_timesteps": "196344", "final_test_returns": 3489.28603938342, "final_test_normalized_returns": 90.71614485015148, "best_return": 4476.945579496817, "best_return_normalized": 114.20221100746242, "convergence_step": "50000", "convergence_iter": "10", "best_step": "50000", "best_iter": "10", "best_5percent_normalized": 114.20221100746242, "best_10percent_normalized": 113.42846676695214, "best_25percent_normalized": 109.77270905548264, "best_50percent_normalized": 102.46113153545313, "best_100percent_normalized": 94.01962008894093, "best_later_half_normalized": 93.80209836160418, "best_last_four_normalized": 94.41249807212911, "target_steps": 20000}