{
    "final_weight_diff": 0.000882645312231034,
    "final_weight_sim": 0.8117319345474243,
    "final_feature_diff": 0.25127044688904465,
    "final_feature_sim": 0.7657191699881796,
    "final_0_weight_diff": 0.001070488477125764,
    "final_1_weight_diff": 0.0009021413279697299,
    "final_2_weight_diff": 0.000674729875754565,
    "final_0_weight_sim": 0.7710656523704529,
    "final_1_weight_sim": 0.799193263053894,
    "final_2_weight_sim": 0.8283513784408569,
    "best_weight_diff": 0.0005268673412501812,
    "best_weight_sim": 0.876144528388977,
    "best_feature_diff": 0.20087765844176425,
    "best_feature_sim": 0.815526386944958,
    "best_0_weight_diff": 0.0006572931306436658,
    "best_1_weight_diff": 0.0005207243375480175,
    "best_2_weight_diff": 0.00040247710421681404,
    "best_0_weight_sim": 0.8434918522834778,
    "best_1_weight_sim": 0.8686897158622742,
    "best_2_weight_sim": 0.8883703947067261,
    "num_feature_traj": 218,
    "num_feature_timesteps": "100692",
    "final_test_returns": 1756.3943483739615,
    "final_test_normalized_returns": 54.58986579110466,
    "best_return": 2360.751207786553,
    "best_return_normalized": 73.15933676227093,
    "convergence_step": "55000",
    "convergence_iter": "11",
    "best_step": "55000",
    "best_iter": "11"
}