{
    "final_weight_diff": 0.001775115029886365,
    "final_weight_sim": 0.7430636286735535,
    "final_feature_diff": 0.15409283904189233,
    "final_feature_sim": 0.651517229990365,
    "final_0_weight_diff": 0.0019111665897071362,
    "final_1_weight_diff": 0.0015016685938462615,
    "final_2_weight_diff": 0.00190944061614573,
    "final_0_weight_sim": 0.720532238483429,
    "final_1_weight_sim": 0.7620543241500854,
    "final_2_weight_sim": 0.7279599905014038,
    "best_weight_diff": 0.0014407652197405696,
    "best_weight_sim": 0.7825077176094055,
    "best_feature_diff": 0.14658238728553594,
    "best_feature_sim": 0.6725375963423171,
    "best_0_weight_diff": 0.0016042588977143168,
    "best_1_weight_diff": 0.0012153694406151772,
    "best_2_weight_diff": 0.0015011366922408342,
    "best_0_weight_sim": 0.7615706920623779,
    "best_1_weight_sim": 0.798783004283905,
    "best_2_weight_sim": 0.768603503704071,
    "num_feature_traj": 204,
    "num_feature_timesteps": "37349",
    "final_test_returns": 2632.6675849685894,
    "final_test_normalized_returns": 81.51424031639664,
    "best_return": 2664.227560067206,
    "best_return_normalized": 82.48395222140275,
    "convergence_step": "75000",
    "convergence_iter": "15",
    "best_step": "75000",
    "best_iter": "15"
}