{
    "final_weight_diff": 0.0011672789696604013,
    "final_weight_sim": 0.7998437285423279,
    "final_feature_diff": 0.32758192461441704,
    "final_feature_sim": 0.7051111570281265,
    "final_0_weight_diff": 0.0015115274582058191,
    "final_1_weight_diff": 0.0011932679917663336,
    "final_2_weight_diff": 0.0007922212826088071,
    "final_0_weight_sim": 0.7660800814628601,
    "final_1_weight_sim": 0.7942042350769043,
    "final_2_weight_sim": 0.8299055099487305,
    "best_weight_diff": 0.0009971542749553919,
    "best_weight_sim": 0.8241576552391052,
    "best_feature_diff": 0.31098293146126266,
    "best_feature_sim": 0.7230752885007795,
    "best_0_weight_diff": 0.0013049606932327151,
    "best_1_weight_diff": 0.0010111092124134302,
    "best_2_weight_diff": 0.0006720456876792014,
    "best_0_weight_sim": 0.7918851375579834,
    "best_1_weight_sim": 0.8189835548400879,
    "best_2_weight_sim": 0.8526968955993652,
    "num_feature_traj": 119,
    "num_feature_timesteps": "101758",
    "final_test_returns": 3478.5802245434475,
    "final_test_normalized_returns": 75.73949914081422,
    "best_return": 3505.7965867132634,
    "best_return_normalized": 76.33236153973684,
    "convergence_step": "15000",
    "convergence_iter": "3",
    "best_step": "80000",
    "best_iter": "16"
}