{
    "final_weight_diff": 0.0008813350577838719,
    "final_weight_sim": 0.8194021582603455,
    "final_feature_diff": 0.9789948780885115,
    "final_feature_sim": 0.4668224609159165,
    "final_0_weight_diff": 0.001338256406597793,
    "final_1_weight_diff": 0.0008008514414541423,
    "final_2_weight_diff": 0.0005021127290092409,
    "final_0_weight_sim": 0.7607432007789612,
    "final_1_weight_sim": 0.8174415826797485,
    "final_2_weight_sim": 0.8603402376174927,
    "best_weight_diff": 0.000391953595681116,
    "best_weight_sim": 0.9084659814834595,
    "best_feature_diff": 0.6714615764148678,
    "best_feature_sim": 0.6491481408243109,
    "best_0_weight_diff": 0.0005980549613013864,
    "best_1_weight_diff": 0.0003354225482326001,
    "best_2_weight_diff": 0.00024201846099458635,
    "best_0_weight_sim": 0.867942750453949,
    "best_1_weight_sim": 0.9109563231468201,
    "best_2_weight_sim": 0.9284870624542236,
    "num_feature_traj": 120,
    "num_feature_timesteps": "106539",
    "final_test_returns": 3462.522900320626,
    "final_test_normalized_returns": 90.0797303479092,
    "best_return": 3918.289146953194,
    "best_return_normalized": 100.91763124992733,
    "convergence_step": "30000",
    "convergence_iter": "6",
    "best_step": "30000",
    "best_iter": "6"
}