{
    "final_weight_diff": 0.001149279996752739,
    "final_weight_sim": 0.766965389251709,
    "final_feature_diff": 0.24515669853456265,
    "final_feature_sim": 0.734683308405358,
    "final_0_weight_diff": 0.0014463831903412938,
    "final_1_weight_diff": 0.0011170913930982351,
    "final_2_weight_diff": 0.0008826226112432778,
    "final_0_weight_sim": 0.7154491543769836,
    "final_1_weight_sim": 0.7730733752250671,
    "final_2_weight_sim": 0.7933681607246399,
    "best_weight_diff": 0.001149279996752739,
    "best_weight_sim": 0.766965389251709,
    "best_feature_diff": 0.24515669853456265,
    "best_feature_sim": 0.734683308405358,
    "best_0_weight_diff": 0.0014463831903412938,
    "best_1_weight_diff": 0.0011170913930982351,
    "best_2_weight_diff": 0.0008826226112432778,
    "best_0_weight_sim": 0.7154491543769836,
    "best_1_weight_sim": 0.7730733752250671,
    "best_2_weight_sim": 0.7933681607246399,
    "num_feature_traj": 200,
    "num_feature_timesteps": "200000",
    "final_test_returns": 6762.030358903488,
    "final_test_normalized_returns": 56.72257595772963,
    "best_return": 6762.030358903488,
    "best_return_normalized": 56.72257595772963,
    "convergence_step": "100000",
    "convergence_iter": "20",
    "best_step": "100000",
    "best_iter": "20"
}