{
    "final_weight_diff": 0.0026117954403162003,
    "final_weight_sim": 0.7026427984237671,
    "final_feature_diff": 0.9694467546665851,
    "final_feature_sim": 0.45511977892202216,
    "final_0_weight_diff": 0.002850981429219246,
    "final_1_weight_diff": 0.0023953679483383894,
    "final_2_weight_diff": 0.0025895098224282265,
    "final_0_weight_sim": 0.6794523596763611,
    "final_1_weight_sim": 0.6917890310287476,
    "final_2_weight_sim": 0.6882573366165161,
    "best_weight_diff": 0.002364622661843896,
    "best_weight_sim": 0.7175538539886475,
    "best_feature_diff": 0.9592634910112657,
    "best_feature_sim": 0.4701248131457063,
    "best_0_weight_diff": 0.002637349534779787,
    "best_1_weight_diff": 0.002152516972273588,
    "best_2_weight_diff": 0.0023041213862597942,
    "best_0_weight_sim": 0.6916870474815369,
    "best_1_weight_sim": 0.7072690725326538,
    "best_2_weight_sim": 0.7049202919006348,
    "num_feature_traj": 48,
    "num_feature_timesteps": "28017",
    "final_test_returns": 3492.318049191336,
    "final_test_normalized_returns": 90.78824457687526,
    "best_return": 3744.6241696020834,
    "best_return_normalized": 96.78796208598872,
    "convergence_step": "75000",
    "convergence_iter": "15",
    "best_step": "85000",
    "best_iter": "17"
}