{"final_weight_diff": 0.0014303952921181917, "final_weight_sim": 0.7371786832809448, "final_feature_diff": 0.4223763109913433, "final_feature_sim": 0.6886250501543786, "final_0_weight_diff": 0.0014009485021233559, "final_1_weight_diff": 0.0014334111474454403, "final_2_weight_diff": 0.0014466565335169435, "final_0_weight_sim": 0.7315496802330017, "final_1_weight_sim": 0.7272779941558838, "final_2_weight_sim": 0.7228871583938599, "best_weight_diff": 0.0012203296646475792, "best_weight_sim": 0.7668167948722839, "best_feature_diff": 0.4074903847926091, "best_feature_sim": 0.7096997866937085, "best_0_weight_diff": 0.0012223849771544337, "best_1_weight_diff": 0.0012146533699706197, "best_2_weight_diff": 0.0012179252225905657, "best_0_weight_sim": 0.7611861824989319, "best_1_weight_sim": 0.7563296556472778, "best_2_weight_sim": 0.7518056035041809, "num_feature_traj": 48, "num_feature_timesteps": "28017", "final_test_returns": 3291.8253223346524, "final_test_normalized_returns": 86.02062450561559, "best_return": 3688.736635996937, "best_return_normalized": 95.45898356828135, "convergence_step": "65000", "convergence_iter": "13", "best_step": "80000", "best_iter": "16", "best_5percent_normalized": 95.45898356828135, "best_10percent_normalized": 95.19527703119957, "best_25percent_normalized": 93.9070246868798, "best_50percent_normalized": 91.8787747855301, "best_100percent_normalized": 86.50205738875124, "best_later_half_normalized": 89.86489262211315, "best_last_four_normalized": 88.12094501407148}