{"final_weight_diff": 0.0012110511306673288, "final_weight_sim": 0.7981177568435669, "final_feature_diff": 0.3920729252907254, "final_feature_sim": 0.646210506877589, "final_0_weight_diff": 0.0016163086984306574, "final_1_weight_diff": 0.0012548125814646482, "final_2_weight_diff": 0.0007588592707179487, "final_0_weight_sim": 0.7608999609947205, "final_1_weight_sim": 0.7891188859939575, "final_2_weight_sim": 0.8381797671318054, "best_weight_diff": 0.0008185748592950404, "best_weight_sim": 0.8536771535873413, "best_feature_diff": 0.33328104501034356, "best_feature_sim": 0.7041103154912064, "best_0_weight_diff": 0.0011269206879660487, "best_1_weight_diff": 0.0008204091573134065, "best_2_weight_diff": 0.000507200020365417, "best_0_weight_sim": 0.8196428418159485, "best_1_weight_sim": 0.8481435775756836, "best_2_weight_sim": 0.8872649669647217, "num_feature_traj": 321, "num_feature_timesteps": "203500", "final_test_returns": 2992.7261167217725, "final_test_normalized_returns": 92.57740001944042, "best_return": 3640.963837983388, "best_return_normalized": 112.49515450489854, "convergence_step": "55000", "convergence_iter": "11", "best_step": "60000", "best_iter": "12", "best_5percent_normalized": 112.49515450489854, "best_10percent_normalized": 112.12674699407384, "best_25percent_normalized": 108.48800565293911, "best_50percent_normalized": 102.11760948376289, "best_100percent_normalized": 80.59241146879278, "best_later_half_normalized": 97.65166404680856, "best_last_four_normalized": 98.70644481670992}