{
    "final_weight_diff": 0.0010425327345728874,
    "final_weight_sim": 0.7842856645584106,
    "final_feature_diff": 0.28152263168230607,
    "final_feature_sim": 0.7415214342492663,
    "final_0_weight_diff": 0.0012672563316300511,
    "final_1_weight_diff": 0.0010374749545007944,
    "final_2_weight_diff": 0.0008214728441089392,
    "final_0_weight_sim": 0.7474988698959351,
    "final_1_weight_sim": 0.7765560150146484,
    "final_2_weight_sim": 0.7991337776184082,
    "best_weight_diff": 0.0008506532176397741,
    "best_weight_sim": 0.8170987367630005,
    "best_feature_diff": 0.2604806239135551,
    "best_feature_sim": 0.7621361511735726,
    "best_0_weight_diff": 0.0010520891519263387,
    "best_1_weight_diff": 0.0008432911126874387,
    "best_2_weight_diff": 0.0006557724555023015,
    "best_0_weight_sim": 0.7836090326309204,
    "best_1_weight_sim": 0.809770405292511,
    "best_2_weight_sim": 0.8317563533782959,
    "num_feature_traj": 100,
    "num_feature_timesteps": "100000",
    "final_test_returns": 5002.977092597138,
    "final_test_normalized_returns": 42.55400639489387,
    "best_return": 5135.20237503556,
    "best_return_normalized": 43.61903560582176,
    "convergence_step": "10000",
    "convergence_iter": "2",
    "best_step": "75000",
    "best_iter": "15"
}