{"final_weight_diff": 0.0011600200086832047, "final_weight_sim": 0.7873032093048096, "final_feature_diff": 1.0219040865324478, "final_feature_sim": 0.40615657561844287, "final_0_weight_diff": 0.0014161955332383513, "final_1_weight_diff": 0.0010905441595241427, "final_2_weight_diff": 0.0009659271454438567, "final_0_weight_sim": 0.7537518739700317, "final_1_weight_sim": 0.783757746219635, "final_2_weight_sim": 0.7891041040420532, "best_weight_diff": 0.0008818256319500506, "best_weight_sim": 0.8285070061683655, "best_feature_diff": 0.9556102846722173, "best_feature_sim": 0.46845415833330956, "best_0_weight_diff": 0.0011320351622998714, "best_1_weight_diff": 0.0008189718355424702, "best_2_weight_diff": 0.0006918045110069215, "best_0_weight_sim": 0.7937648296356201, "best_1_weight_sim": 0.8247771859169006, "best_2_weight_sim": 0.8349780440330505, "num_feature_traj": 48, "num_feature_timesteps": "28017", "final_test_returns": 2813.099079953884, "final_test_normalized_returns": 74.6367460098895, "best_return": 3766.7203576583465, "best_return_normalized": 97.31339875058488, "convergence_step": "70000", "convergence_iter": "14", "best_step": "70000", "best_iter": "14", "best_5percent_normalized": 97.31339875058488, "best_10percent_normalized": 95.90580996631185, "best_25percent_normalized": 92.7425637745615, "best_50percent_normalized": 89.77531375346459, "best_100percent_normalized": 81.6236770643184, "best_later_half_normalized": 85.34226014258202, "best_last_four_normalized": 85.29100363740162}