{"final_weight_diff": 0.0015846529277041554, "final_weight_sim": 0.7396637201309204, "final_feature_diff": 0.36264228211200095, "final_feature_sim": 0.648432543943206, "final_0_weight_diff": 0.002079871715977788, "final_1_weight_diff": 0.001592943212017417, "final_2_weight_diff": 0.0010729238856583834, "final_0_weight_sim": 0.697600245475769, "final_1_weight_sim": 0.7424885630607605, "final_2_weight_sim": 0.7713232040405273, "best_weight_diff": 0.001110253157094121, "best_weight_sim": 0.8027915358543396, "best_feature_diff": 0.33250509920137455, "best_feature_sim": 0.6885309627428604, "best_0_weight_diff": 0.0015047095948830247, "best_1_weight_diff": 0.0011007041903212667, "best_2_weight_diff": 0.0007220565457828343, "best_0_weight_sim": 0.7622779011726379, "best_1_weight_sim": 0.8045796751976013, "best_2_weight_sim": 0.8351401686668396, "num_feature_traj": 223, "num_feature_timesteps": "196344", "final_test_returns": 4516.52033620237, "final_test_normalized_returns": 115.1432795805857, "best_return": 4708.100890720473, "best_return_normalized": 119.69897250423212, "convergence_step": "55000", "convergence_iter": "11", "best_step": "55000", "best_iter": "11", "best_5percent_normalized": 119.69897250423212, "best_10percent_normalized": 118.96051334298932, "best_25percent_normalized": 114.24047408682466, "best_50percent_normalized": 109.07073715682517, "best_100percent_normalized": 100.86886740953979, "best_later_half_normalized": 103.08390602988864, "best_last_four_normalized": 101.99743200116416, "target_steps": 5000}