{"final_weight_diff": 0.0020068741869181395, "final_weight_sim": 0.772175133228302, "final_feature_diff": 0.6368919552426753, "final_feature_sim": 0.28279104448351183, "final_0_weight_diff": 0.001648266101256013, "final_1_weight_diff": 0.00204409658908844, "final_2_weight_diff": 0.0023184497840702534, "final_0_weight_sim": 0.7577645778656006, "final_1_weight_sim": 0.7326332926750183, "final_2_weight_sim": 0.8006170988082886, "best_weight_diff": 0.0013529077405110002, "best_weight_sim": 0.8433464169502258, "best_feature_diff": 0.6530555325932962, "best_feature_sim": 0.2995612655119234, "best_0_weight_diff": 0.0010933190351352096, "best_1_weight_diff": 0.0014193180250003934, "best_2_weight_diff": 0.0015412357170134783, "best_0_weight_sim": 0.8360968828201294, "best_1_weight_sim": 0.806207001209259, "best_2_weight_sim": 0.8673284649848938, "num_feature_traj": 20, "num_feature_timesteps": "20000", "final_test_returns": 4558.15498127065, "final_test_normalized_returns": 38.97111715092528, "best_return": 4830.403784174199, "best_return_normalized": 41.16398770022786, "convergence_step": "10000", "convergence_iter": "2", "best_step": "55000", "best_iter": "11", "best_5percent_normalized": 41.16398770022786, "best_10percent_normalized": 41.1222383147875, "best_25percent_normalized": 40.852309884783075, "best_50percent_normalized": 40.587840211260264, "best_100percent_normalized": 38.48098401831726, "best_later_half_normalized": 39.00740252631237}