{
    "final_weight_diff": 0.001220186473801732,
    "final_weight_sim": 0.7856947779655457,
    "final_feature_diff": 0.3386928327129321,
    "final_feature_sim": 0.6888325562723508,
    "final_0_weight_diff": 0.0015423765871673822,
    "final_1_weight_diff": 0.0012653970625251532,
    "final_2_weight_diff": 0.0008476558141410351,
    "final_0_weight_sim": 0.7555025815963745,
    "final_1_weight_sim": 0.7768110036849976,
    "final_2_weight_sim": 0.8126002550125122,
    "best_weight_diff": 0.001132398028858006,
    "best_weight_sim": 0.7980817556381226,
    "best_feature_diff": 0.3285938296210138,
    "best_feature_sim": 0.6995860577734507,
    "best_0_weight_diff": 0.0014370764838531613,
    "best_1_weight_diff": 0.0011698694434016943,
    "best_2_weight_diff": 0.0007859003962948918,
    "best_0_weight_sim": 0.7686640620231628,
    "best_1_weight_sim": 0.789351224899292,
    "best_2_weight_sim": 0.8241893649101257,
    "num_feature_traj": 119,
    "num_feature_timesteps": "101758",
    "final_test_returns": 3416.557368504301,
    "final_test_normalized_returns": 74.38843616663829,
    "best_return": 3648.287232676388,
    "best_return_normalized": 79.43627916335738,
    "convergence_step": "35000",
    "convergence_iter": "7",
    "best_step": "90000",
    "best_iter": "18"
}