{
    "final_weight_diff": 0.001644135918468237,
    "final_weight_sim": 0.7610536813735962,
    "final_feature_diff": 0.17990233776136622,
    "final_feature_sim": 0.7578166725674359,
    "final_0_weight_diff": 0.002105054212734103,
    "final_1_weight_diff": 0.0016583154210820794,
    "final_2_weight_diff": 0.0011646532220765948,
    "final_0_weight_sim": 0.7269866466522217,
    "final_1_weight_sim": 0.7677606344223022,
    "final_2_weight_sim": 0.7865224480628967,
    "best_weight_diff": 0.001644135918468237,
    "best_weight_sim": 0.7610536813735962,
    "best_feature_diff": 0.17990233776136622,
    "best_feature_sim": 0.7578166725674359,
    "best_0_weight_diff": 0.002105054212734103,
    "best_1_weight_diff": 0.0016583154210820794,
    "best_2_weight_diff": 0.0011646532220765948,
    "best_0_weight_sim": 0.7269866466522217,
    "best_1_weight_sim": 0.7677606344223022,
    "best_2_weight_sim": 0.7865224480628967,
    "num_feature_traj": 200,
    "num_feature_timesteps": "200000",
    "final_test_returns": 10885.427172432674,
    "final_test_normalized_returns": 89.93512028865779,
    "best_return": 10885.427172432674,
    "best_return_normalized": 89.93512028865779,
    "convergence_step": "100000",
    "convergence_iter": "20",
    "best_step": "100000",
    "best_iter": "20"
}