{
    "final_weight_diff": 0.0009137915330938995,
    "final_weight_sim": 0.8148826956748962,
    "final_feature_diff": 0.9533943081156395,
    "final_feature_sim": 0.4395886963907295,
    "final_0_weight_diff": 0.0013158231740817428,
    "final_1_weight_diff": 0.0008668130612932146,
    "final_2_weight_diff": 0.0005559693090617657,
    "final_0_weight_sim": 0.7607261538505554,
    "final_1_weight_sim": 0.81025230884552,
    "final_2_weight_sim": 0.8518543243408203,
    "best_weight_diff": 0.0009137915330938995,
    "best_weight_sim": 0.8148826956748962,
    "best_feature_diff": 0.9533943081156395,
    "best_feature_sim": 0.4395886963907295,
    "best_0_weight_diff": 0.0013158231740817428,
    "best_1_weight_diff": 0.0008668130612932146,
    "best_2_weight_diff": 0.0005559693090617657,
    "best_0_weight_sim": 0.7607261538505554,
    "best_1_weight_sim": 0.81025230884552,
    "best_2_weight_sim": 0.8518543243408203,
    "num_feature_traj": 120,
    "num_feature_timesteps": "106539",
    "final_test_returns": 3848.9048737783214,
    "final_test_normalized_returns": 99.26770679329232,
    "best_return": 3848.9048737783214,
    "best_return_normalized": 99.26770679329232,
    "convergence_step": "15000",
    "convergence_iter": "3",
    "best_step": "100000",
    "best_iter": "20"
}