{
    "final_weight_diff": 0.0009942930191755295,
    "final_weight_sim": 0.7955632209777832,
    "final_feature_diff": 0.3747562716525925,
    "final_feature_sim": 0.7116682720332501,
    "final_0_weight_diff": 0.0012629869161173701,
    "final_1_weight_diff": 0.0010392412077635527,
    "final_2_weight_diff": 0.0006778634851798415,
    "final_0_weight_sim": 0.7544543147087097,
    "final_1_weight_sim": 0.7799386978149414,
    "final_2_weight_sim": 0.823571503162384,
    "best_weight_diff": 0.000923250219784677,
    "best_weight_sim": 0.8070791959762573,
    "best_feature_diff": 0.3638396015895397,
    "best_feature_sim": 0.7229136849291631,
    "best_0_weight_diff": 0.0011784054804593325,
    "best_1_weight_diff": 0.0009614877053536475,
    "best_2_weight_diff": 0.0006276179337874055,
    "best_0_weight_sim": 0.7668046355247498,
    "best_1_weight_sim": 0.7918411493301392,
    "best_2_weight_sim": 0.8344244360923767,
    "num_feature_traj": 200,
    "num_feature_timesteps": "200000",
    "final_test_returns": 4944.466128215429,
    "final_test_normalized_returns": 42.082720684045775,
    "best_return": 6864.814682709543,
    "best_return_normalized": 57.55046836423593,
    "convergence_step": "90000",
    "convergence_iter": "18",
    "best_step": "90000",
    "best_iter": "18"
}