{"final_weight_diff": 0.0015206722309812903, "final_weight_sim": 0.7729252576828003, "final_feature_diff": 0.16608558653019195, "final_feature_sim": 0.7664628484749572, "final_0_weight_diff": 0.0019645511638373137, "final_1_weight_diff": 0.0015575801953673363, "final_2_weight_diff": 0.0010362090542912483, "final_0_weight_sim": 0.7402148246765137, "final_1_weight_sim": 0.7737899422645569, "final_2_weight_sim": 0.8049288392066956, "best_weight_diff": 0.0012464980827644467, "best_weight_sim": 0.8086804151535034, "best_feature_diff": 0.15938484849377324, "best_feature_sim": 0.7786429720050039, "best_0_weight_diff": 0.0016183082479983568, "best_1_weight_diff": 0.0012642223155125976, "best_2_weight_diff": 0.0008545342716388404, "best_0_weight_sim": 0.7804421782493591, "best_1_weight_sim": 0.8087853193283081, "best_2_weight_sim": 0.836170494556427, "num_feature_traj": 100, "num_feature_timesteps": "100000", "final_test_returns": 4891.648351551621, "final_test_normalized_returns": 41.65729164380592, "best_return": 5093.434327462277, "best_return_normalized": 43.28260833617544, "convergence_step": "5000", "convergence_iter": "1", "best_step": "75000", "best_iter": "15", "best_5percent_normalized": 43.28260833617544, "best_10percent_normalized": 43.244347005243824, "best_25percent_normalized": 43.06700234671771, "best_50percent_normalized": 42.928552937236915, "best_100percent_normalized": 42.51701875761605, "best_later_half_normalized": 42.688968302432045, "best_last_four_normalized": 42.50448312686237}