{"final_weight_diff": 0.001627944759093225, "final_weight_sim": 0.7997338771820068, "final_feature_diff": 2.2579508717946952, "final_feature_sim": 0.3443917034003613, "final_0_weight_diff": 0.002099592238664627, "final_1_weight_diff": 0.0015924051403999329, "final_2_weight_diff": 0.00118388538248837, "final_0_weight_sim": 0.7602382898330688, "final_1_weight_sim": 0.7966700792312622, "final_2_weight_sim": 0.7944664359092712, "best_weight_diff": 0.0010047554969787598, "best_weight_sim": 0.865342915058136, "best_feature_diff": 2.077368067547896, "best_feature_sim": 0.4064191082075891, "best_0_weight_diff": 0.0013243285939097404, "best_1_weight_diff": 0.0009554056450724602, "best_2_weight_diff": 0.0007316191913560033, "best_0_weight_sim": 0.8305453062057495, "best_1_weight_sim": 0.8654438257217407, "best_2_weight_sim": 0.8624961376190186, "num_feature_traj": 223, "num_feature_timesteps": "196344", "final_test_returns": 4102.568673943577, "final_test_normalized_returns": 105.29970927029171, "best_return": 5382.544273732387, "best_return_normalized": 135.73690994060797, "convergence_step": "50000", "convergence_iter": "10", "best_step": "50000", "best_iter": "10", "best_5percent_normalized": 135.73690994060797, "best_10percent_normalized": 134.48343538540257, "best_25percent_normalized": 132.7272925319042, "best_50percent_normalized": 128.34438413154413, "best_100percent_normalized": 114.86966227038783, "best_later_half_normalized": 123.2970799093597, "best_last_four_normalized": 120.18164493384015, "target_steps": 15000}