{"final_weight_diff": 0.0023358496837317944, "final_weight_sim": 0.7111208438873291, "final_feature_diff": 0.7831517083927255, "final_feature_sim": 0.610970423985175, "final_0_weight_diff": 0.0027492628432810307, "final_1_weight_diff": 0.002320394152775407, "final_2_weight_diff": 0.001939032576046884, "final_0_weight_sim": 0.6861020922660828, "final_1_weight_sim": 0.6926099061965942, "final_2_weight_sim": 0.7078146934509277, "best_weight_diff": 0.0016077343607321382, "best_weight_sim": 0.7662875652313232, "best_feature_diff": 0.6884038493533889, "best_feature_sim": 0.6628958027548962, "best_0_weight_diff": 0.0019158414797857404, "best_1_weight_diff": 0.0015548730734735727, "best_2_weight_diff": 0.0013528434792533517, "best_0_weight_sim": 0.7381902933120728, "best_1_weight_sim": 0.7506462335586548, "best_2_weight_sim": 0.7634478211402893, "num_feature_traj": 24, "num_feature_timesteps": "20987", "final_test_returns": 3808.007536970127, "final_test_normalized_returns": 98.29518790502765, "best_return": 3895.398537499396, "best_return_normalized": 100.37330362873983, "convergence_step": "25000", "convergence_iter": "5", "best_step": "50000", "best_iter": "10", "best_5percent_normalized": 100.37330362873983, "best_10percent_normalized": 100.03954883823192, "best_25percent_normalized": 97.74467041120924, "best_50percent_normalized": 95.29860128515433, "best_100percent_normalized": 88.793491376194, "best_later_half_normalized": 86.87828819122808, "best_last_four_normalized": 87.90556687266621, "target_steps": 10000}