{"final_weight_diff": 0.0017274148995056748, "final_weight_sim": 0.8447682857513428, "final_feature_diff": 8.128284178865815, "final_feature_sim": 0.3360582612762962, "final_0_weight_diff": 0.001539847464300692, "final_1_weight_diff": 0.002020933898165822, "final_2_weight_diff": 0.0016167452558875084, "final_0_weight_sim": 0.7543432116508484, "final_1_weight_sim": 0.7778573036193848, "final_2_weight_sim": 0.8327285647392273, "best_weight_diff": 0.0015762799885123968, "best_weight_sim": 0.8560195565223694, "best_feature_diff": 8.040708107067434, "best_feature_sim": 0.3433312343881111, "best_0_weight_diff": 0.001429445226676762, "best_1_weight_diff": 0.0018357594963163137, "best_2_weight_diff": 0.0014596831751987338, "best_0_weight_sim": 0.7673088312149048, "best_1_weight_sim": 0.7922161221504211, "best_2_weight_sim": 0.8460818529129028, "num_feature_traj": 204, "num_feature_timesteps": "37349", "final_test_returns": 1465.888522490717, "final_test_normalized_returns": 45.66378277131922, "best_return": 2659.7370387038764, "best_return_normalized": 82.34597644632376, "convergence_step": "90000", "convergence_iter": "18", "best_step": "90000", "best_iter": "18", "best_5percent_normalized": 82.34597644632376, "best_10percent_normalized": 81.90956295645012, "best_25percent_normalized": 75.35543254212823, "best_50percent_normalized": 64.01086318387308, "best_100percent_normalized": 42.929553185528604, "best_later_half_normalized": 55.50027525788933, "best_last_four_normalized": 70.0404247245823}