{
    "final_weight_diff": 0.0010914495214819908,
    "final_weight_sim": 0.7772350311279297,
    "final_feature_diff": 0.2875012025007952,
    "final_feature_sim": 0.6924067347283812,
    "final_0_weight_diff": 0.0012775924988090992,
    "final_1_weight_diff": 0.0009545543580316007,
    "final_2_weight_diff": 0.0010405167704448104,
    "final_0_weight_sim": 0.739233136177063,
    "final_1_weight_sim": 0.7862120866775513,
    "final_2_weight_sim": 0.7696488499641418,
    "best_weight_diff": 0.0008170096552930772,
    "best_weight_sim": 0.8220901489257812,
    "best_feature_diff": 0.2629858004917959,
    "best_feature_sim": 0.724028021321805,
    "best_0_weight_diff": 0.0009989530080929399,
    "best_1_weight_diff": 0.0007038581534288824,
    "best_2_weight_diff": 0.0007474392186850309,
    "best_0_weight_sim": 0.7870587110519409,
    "best_1_weight_sim": 0.8294655084609985,
    "best_2_weight_sim": 0.8182863593101501,
    "num_feature_traj": 120,
    "num_feature_timesteps": "106539",
    "final_test_returns": 3218.4189432603835,
    "final_test_normalized_returns": 84.27505631608643,
    "best_return": 3826.637045664798,
    "best_return_normalized": 98.73818861115254,
    "convergence_step": "65000",
    "convergence_iter": "13",
    "best_step": "65000",
    "best_iter": "13"
}