{
    "final_weight_diff": 0.0027727149426937103,
    "final_weight_sim": 0.6747551560401917,
    "final_feature_diff": 0.7761810714323114,
    "final_feature_sim": 0.6162788305644086,
    "final_0_weight_diff": 0.0032849072013050318,
    "final_1_weight_diff": 0.002753417007625103,
    "final_2_weight_diff": 0.002280875574797392,
    "final_0_weight_sim": 0.6465122699737549,
    "final_1_weight_sim": 0.6536110639572144,
    "final_2_weight_sim": 0.6724213361740112,
    "best_weight_diff": 0.0016479449113830924,
    "best_weight_sim": 0.7576999068260193,
    "best_feature_diff": 0.6474902984793414,
    "best_feature_sim": 0.6863558214032627,
    "best_0_weight_diff": 0.0019085125532001257,
    "best_1_weight_diff": 0.001616596127860248,
    "best_2_weight_diff": 0.0014182300074025989,
    "best_0_weight_sim": 0.7275944948196411,
    "best_1_weight_sim": 0.7389556765556335,
    "best_2_weight_sim": 0.753758430480957,
    "num_feature_traj": 119,
    "num_feature_timesteps": "101758",
    "final_test_returns": 3259.5778432606794,
    "final_test_normalized_returns": 70.96890282353476,
    "best_return": 3649.491294955728,
    "best_return_normalized": 79.4625076228013,
    "convergence_step": "75000",
    "convergence_iter": "15",
    "best_step": "75000",
    "best_iter": "15"
}