{
    "final_weight_diff": 0.0013093962334096432,
    "final_weight_sim": 0.8162432312965393,
    "final_feature_diff": 1.9660155612022974,
    "final_feature_sim": 0.38761116261080397,
    "final_0_weight_diff": 0.0019450081745162606,
    "final_1_weight_diff": 0.0011813280871137977,
    "final_2_weight_diff": 0.0007966018747538328,
    "final_0_weight_sim": 0.7589359283447266,
    "final_1_weight_sim": 0.8162348866462708,
    "final_2_weight_sim": 0.8429213166236877,
    "best_weight_diff": 0.0008457856019958854,
    "best_weight_sim": 0.8708964586257935,
    "best_feature_diff": 1.7480322774573507,
    "best_feature_sim": 0.4636119630999146,
    "best_0_weight_diff": 0.001320558600127697,
    "best_1_weight_diff": 0.0007166103459894657,
    "best_2_weight_diff": 0.0004977172939106822,
    "best_0_weight_sim": 0.817509651184082,
    "best_1_weight_sim": 0.8764894008636475,
    "best_2_weight_sim": 0.895125687122345,
    "num_feature_traj": 120,
    "num_feature_timesteps": "106539",
    "final_test_returns": 3164.9078571760538,
    "final_test_normalized_returns": 83.00258857099502,
    "best_return": 3888.7147013010326,
    "best_return_normalized": 100.21436523674964,
    "convergence_step": "55000",
    "convergence_iter": "11",
    "best_step": "55000",
    "best_iter": "11"
}