{"final_weight_diff": 0.0012496642302721739, "final_weight_sim": 0.7919358611106873, "final_feature_diff": 0.34550638534462447, "final_feature_sim": 0.6918132883067108, "final_0_weight_diff": 0.0016405697679147124, "final_1_weight_diff": 0.00126083183567971, "final_2_weight_diff": 0.0008424560073763132, "final_0_weight_sim": 0.7582497596740723, "final_1_weight_sim": 0.7876989841461182, "final_2_weight_sim": 0.8220393657684326, "best_weight_diff": 0.00023608528135810047, "best_weight_sim": 0.9526812434196472, "best_feature_diff": 0.16469652285861347, "best_feature_sim": 0.8611749220499745, "best_0_weight_diff": 0.0003104032075498253, "best_1_weight_diff": 0.00022939591144677252, "best_2_weight_diff": 0.00016835704445838928, "best_0_weight_sim": 0.9404582977294922, "best_1_weight_sim": 0.9514583349227905, "best_2_weight_sim": 0.9610912203788757, "num_feature_traj": 219, "num_feature_timesteps": "197797", "final_test_returns": 3672.034380205788, "final_test_normalized_returns": 79.9535705913596, "best_return": 5023.309713324861, "best_return_normalized": 109.38881732269569, "convergence_step": "10000", "convergence_iter": "2", "best_step": "10000", "best_iter": "2", "best_5percent_normalized": 109.38881732269569, "best_10percent_normalized": 108.96022319248765, "best_25percent_normalized": 108.67885780680842, "best_50percent_normalized": 108.3336525676551, "best_100percent_normalized": 101.13571264874635, "best_later_half_normalized": 100.75512785457094, "best_last_four_normalized": 91.02413196969007, "target_steps": 10000}