{
    "final_weight_diff": 0.001157071441411972,
    "final_weight_sim": 0.7671267986297607,
    "final_feature_diff": 0.2563199523642033,
    "final_feature_sim": 0.6891290957164615,
    "final_0_weight_diff": 0.0013463047798722982,
    "final_1_weight_diff": 0.0010292913066223264,
    "final_2_weight_diff": 0.0010933176381513476,
    "final_0_weight_sim": 0.7312225103378296,
    "final_1_weight_sim": 0.7748159170150757,
    "final_2_weight_sim": 0.7606099247932434,
    "best_weight_diff": 0.0010010405676439404,
    "best_weight_sim": 0.7914423942565918,
    "best_feature_diff": 0.24504090621572638,
    "best_feature_sim": 0.7062196862423539,
    "best_0_weight_diff": 0.001187774003483355,
    "best_1_weight_diff": 0.0008770052227191627,
    "best_2_weight_diff": 0.0009367351303808391,
    "best_0_weight_sim": 0.7571967840194702,
    "best_1_weight_sim": 0.7992568612098694,
    "best_2_weight_sim": 0.7852475047111511,
    "num_feature_traj": 96,
    "num_feature_timesteps": "77566",
    "final_test_returns": 3712.019455167009,
    "final_test_normalized_returns": 96.01263774681968,
    "best_return": 3896.950342886331,
    "best_return_normalized": 100.41020481027113,
    "convergence_step": "80000",
    "convergence_iter": "16",
    "best_step": "80000",
    "best_iter": "16"
}