{"final_weight_diff": 0.0009035771945491433, "final_weight_sim": 0.81546950340271, "final_feature_diff": 0.5211517554974823, "final_feature_sim": 0.6466718957339758, "final_0_weight_diff": 0.001206322223879397, "final_1_weight_diff": 0.0008563353330828249, "final_2_weight_diff": 0.0006464124890044332, "final_0_weight_sim": 0.7649855613708496, "final_1_weight_sim": 0.8139994740486145, "final_2_weight_sim": 0.8400396704673767, "best_weight_diff": 0.000824172399006784, "best_weight_sim": 0.828545331954956, "best_feature_diff": 0.4963564213905488, "best_feature_sim": 0.6636968898002664, "best_0_weight_diff": 0.0011069910833612084, "best_1_weight_diff": 0.0007740018772892654, "best_2_weight_diff": 0.0005901658441871405, "best_0_weight_sim": 0.7793806195259094, "best_1_weight_sim": 0.8280292749404907, "best_2_weight_sim": 0.8518439531326294, "num_feature_traj": 218, "num_feature_timesteps": "100692", "final_test_returns": 1850.15058473165, "final_test_normalized_returns": 57.47062023658589, "best_return": 2143.104984578317, "best_return_normalized": 66.47193814851555, "convergence_step": "90000", "convergence_iter": "18", "best_step": "90000", "best_iter": "18", "best_5percent_normalized": 66.47193814851555, "best_10percent_normalized": 65.6363030607778, "best_25percent_normalized": 64.24135078813678, "best_50percent_normalized": 62.801651830530446, "best_100percent_normalized": 56.36921499672671, "best_later_half_normalized": 58.82388024809744, "best_last_four_normalized": 62.452431776538376}