{
    "final_weight_diff": 0.0013620827812701464,
    "final_weight_sim": 0.7762686014175415,
    "final_feature_diff": 0.4045719982654633,
    "final_feature_sim": 0.5889801468955888,
    "final_0_weight_diff": 0.0016591442981734872,
    "final_1_weight_diff": 0.001464448170736432,
    "final_2_weight_diff": 0.0009572288254275918,
    "final_0_weight_sim": 0.7501522898674011,
    "final_1_weight_sim": 0.7635940313339233,
    "final_2_weight_sim": 0.8028193712234497,
    "best_weight_diff": 0.001259463606402278,
    "best_weight_sim": 0.7899160385131836,
    "best_feature_diff": 0.393593365692223,
    "best_feature_sim": 0.6016054464460597,
    "best_0_weight_diff": 0.001549869542941451,
    "best_1_weight_diff": 0.001345895929262042,
    "best_2_weight_diff": 0.0008782880031503737,
    "best_0_weight_sim": 0.7640045881271362,
    "best_1_weight_sim": 0.7776859402656555,
    "best_2_weight_sim": 0.8161978721618652,
    "num_feature_traj": 204,
    "num_feature_timesteps": "37349",
    "final_test_returns": 2481.3213253101944,
    "final_test_normalized_returns": 76.86397461402211,
    "best_return": 2695.8200470300458,
    "best_return_normalized": 83.45466308606241,
    "convergence_step": "90000",
    "convergence_iter": "18",
    "best_step": "90000",
    "best_iter": "18"
}