{
    "final_weight_diff": 0.0008558169938623905,
    "final_weight_sim": 0.8224104642868042,
    "final_feature_diff": 1.4703641137287282,
    "final_feature_sim": 0.5542355007981424,
    "final_0_weight_diff": 0.0011706857476383448,
    "final_1_weight_diff": 0.0007846882217563689,
    "final_2_weight_diff": 0.0006116178119555116,
    "final_0_weight_sim": 0.7560455799102783,
    "final_1_weight_sim": 0.8028411865234375,
    "final_2_weight_sim": 0.8263919353485107,
    "best_weight_diff": 0.0008164255414158106,
    "best_weight_sim": 0.8287562131881714,
    "best_feature_diff": 1.420579689966449,
    "best_feature_sim": 0.5696033398375804,
    "best_0_weight_diff": 0.0011237438302487135,
    "best_1_weight_diff": 0.0007459117332473397,
    "best_2_weight_diff": 0.0005792283918708563,
    "best_0_weight_sim": 0.7626431584358215,
    "best_1_weight_sim": 0.8100501894950867,
    "best_2_weight_sim": 0.8336436152458191,
    "num_feature_traj": 321,
    "num_feature_timesteps": "203500",
    "final_test_returns": 2744.5091436467537,
    "final_test_normalized_returns": 84.95068443860409,
    "best_return": 3620.272880586519,
    "best_return_normalized": 111.8594040757229,
    "convergence_step": "90000",
    "convergence_iter": "18",
    "best_step": "95000",
    "best_iter": "19"
}