{
    "final_weight_diff": 0.001375118037685752,
    "final_weight_sim": 0.7631974220275879,
    "final_feature_diff": 0.7174187661430562,
    "final_feature_sim": 0.4726022716559603,
    "final_0_weight_diff": 0.0014838723000138998,
    "final_1_weight_diff": 0.001449268078431487,
    "final_2_weight_diff": 0.00118429702706635,
    "final_0_weight_sim": 0.7408945560455322,
    "final_1_weight_sim": 0.7541307210922241,
    "final_2_weight_sim": 0.7645901441574097,
    "best_weight_diff": 0.0007335786940529943,
    "best_weight_sim": 0.8556307554244995,
    "best_feature_diff": 0.5586189195430973,
    "best_feature_sim": 0.6087135983621231,
    "best_0_weight_diff": 0.0008546160534024239,
    "best_1_weight_diff": 0.0007067720871418715,
    "best_2_weight_diff": 0.0006384399021044374,
    "best_0_weight_sim": 0.8331400156021118,
    "best_1_weight_sim": 0.8531767129898071,
    "best_2_weight_sim": 0.8550193309783936,
    "num_feature_traj": 109,
    "num_feature_timesteps": "31150",
    "final_test_returns": 2867.6492262794977,
    "final_test_normalized_returns": 62.43140105823331,
    "best_return": 3585.109004370535,
    "best_return_normalized": 78.06004835927774,
    "convergence_step": "30000",
    "convergence_iter": "6",
    "best_step": "40000",
    "best_iter": "8"
}