{"final_weight_diff": 0.0011630173539742827, "final_weight_sim": 0.7701780200004578, "final_feature_diff": 0.09824004661236303, "final_feature_sim": 0.6722398136131481, "final_0_weight_diff": 0.0016322294250130653, "final_1_weight_diff": 0.0010044921655207872, "final_2_weight_diff": 0.0008485883590765297, "final_0_weight_sim": 0.7075968980789185, "final_1_weight_sim": 0.7821120619773865, "final_2_weight_sim": 0.8018612265586853, "best_weight_diff": 0.0010168402222916484, "best_weight_sim": 0.7936338782310486, "best_feature_diff": 0.09365616223399953, "best_feature_sim": 0.6911843265513428, "best_0_weight_diff": 0.0014316519955173135, "best_1_weight_diff": 0.0008707183878868818, "best_2_weight_diff": 0.0007457665633410215, "best_0_weight_sim": 0.7363232970237732, "best_1_weight_sim": 0.8043396472930908, "best_2_weight_sim": 0.8211497664451599, "num_feature_traj": 120, "num_feature_timesteps": "106539", "final_test_returns": 3774.029805830673, "final_test_normalized_returns": 97.48721389272282, "best_return": 3869.809029386778, "best_return_normalized": 99.7647975028364, "convergence_step": "80000", "convergence_iter": "16", "best_step": "80000", "best_iter": "16", "best_5percent_normalized": 99.7647975028364, "best_10percent_normalized": 98.62600569777962, "best_25percent_normalized": 95.75017024615393, "best_50percent_normalized": 90.88600671815722, "best_100percent_normalized": 84.77001739831199, "best_later_half_normalized": 86.05641399314968, "best_last_four_normalized": 86.79176450258672}