{"final_weight_diff": 0.0010051913559436798, "final_weight_sim": 0.7993119955062866, "final_feature_diff": 0.07173889572852936, "final_feature_sim": 0.7771567896972508, "final_0_weight_diff": 0.0012657131301239133, "final_1_weight_diff": 0.0009247578564099967, "final_2_weight_diff": 0.0008245472563430667, "final_0_weight_sim": 0.7628859877586365, "final_1_weight_sim": 0.7970664501190186, "final_2_weight_sim": 0.810623288154602, "best_weight_diff": 0.0005595835973508656, "best_weight_sim": 0.8765890002250671, "best_feature_diff": 0.08395619894191667, "best_feature_sim": 0.8272747108748462, "best_0_weight_diff": 0.0007122993119992316, "best_1_weight_diff": 0.0005192309617996216, "best_2_weight_diff": 0.00044726135092787445, "best_0_weight_sim": 0.8537951111793518, "best_1_weight_sim": 0.8711732625961304, "best_2_weight_sim": 0.8845916986465454, "num_feature_traj": 218, "num_feature_timesteps": "100692", "final_test_returns": 1940.2116985715952, "final_test_normalized_returns": 60.23783833469311, "best_return": 2260.192788138126, "best_return_normalized": 70.06957840926279, "convergence_step": "45000", "convergence_iter": "9", "best_step": "45000", "best_iter": "9", "best_5percent_normalized": 70.06957840926279, "best_10percent_normalized": 66.5756682411751, "best_25percent_normalized": 63.67928578347278, "best_50percent_normalized": 60.399744768308324, "best_100percent_normalized": 53.942976412017615, "best_later_half_normalized": 54.703329881608205, "best_last_four_normalized": 55.59202650424001, "target_steps": 5000}