{"final_weight_diff": 0.0012423194712027907, "final_weight_sim": 0.7833075523376465, "final_feature_diff": 0.3175432972330023, "final_feature_sim": 0.7100078965726744, "final_0_weight_diff": 0.001568787731230259, "final_1_weight_diff": 0.001270574750378728, "final_2_weight_diff": 0.0008819312788546085, "final_0_weight_sim": 0.7521220445632935, "final_1_weight_sim": 0.7777614593505859, "final_2_weight_sim": 0.8074944019317627, "best_weight_diff": 0.00024863617727532983, "best_weight_sim": 0.9486934542655945, "best_feature_diff": 0.17288908344611717, "best_feature_sim": 0.8534141046254149, "best_0_weight_diff": 0.0003039834264200181, "best_1_weight_diff": 0.00024828160530887544, "best_2_weight_diff": 0.00019357936980668455, "best_0_weight_sim": 0.9399368166923523, "best_1_weight_sim": 0.9459945559501648, "best_2_weight_sim": 0.9536280632019043, "num_feature_traj": 200, "num_feature_timesteps": "200000", "final_test_returns": 5021.053995408971, "final_test_normalized_returns": 42.69960963492985, "best_return": 5705.001768267804, "best_return_normalized": 48.20857390719725, "convergence_step": "10000", "convergence_iter": "2", "best_step": "10000", "best_iter": "2", "best_5percent_normalized": 48.20857390719725, "best_10percent_normalized": 45.73627131415129, "best_25percent_normalized": 44.196737014485905, "best_50percent_normalized": 43.553206859166224, "best_100percent_normalized": 42.71776555780581, "best_later_half_normalized": 42.40712686891036, "best_last_four_normalized": 42.03906478001261}