{"final_weight_diff": 0.0012117658043280244, "final_weight_sim": 0.785656750202179, "final_feature_diff": 0.33631143235410016, "final_feature_sim": 0.6694406115301006, "final_0_weight_diff": 0.0014589594211429358, "final_1_weight_diff": 0.001282882527448237, "final_2_weight_diff": 0.0008919006795622408, "final_0_weight_sim": 0.7466314435005188, "final_1_weight_sim": 0.7806727886199951, "final_2_weight_sim": 0.8109496831893921, "best_weight_diff": 0.0008071515476331115, "best_weight_sim": 0.8456787467002869, "best_feature_diff": 0.3073186576166188, "best_feature_sim": 0.703607925297953, "best_0_weight_diff": 0.0010132845491170883, "best_1_weight_diff": 0.0008267223020084202, "best_2_weight_diff": 0.0005807958077639341, "best_0_weight_sim": 0.8113735914230347, "best_1_weight_sim": 0.8429015874862671, "best_2_weight_sim": 0.8679518699645996, "num_feature_traj": 218, "num_feature_timesteps": "100692", "final_test_returns": 1999.1390612051573, "final_test_normalized_returns": 62.04844068459427, "best_return": 2240.2724347388867, "best_return_normalized": 69.45750556120727, "convergence_step": "60000", "convergence_iter": "12", "best_step": "60000", "best_iter": "12", "best_5percent_normalized": 69.45750556120727, "best_10percent_normalized": 67.58423814722143, "best_25percent_normalized": 64.78118467772289, "best_50percent_normalized": 62.193443306296366, "best_100percent_normalized": 57.15071866967806, "best_later_half_normalized": 59.50010437621138, "best_last_four_normalized": 61.02891086366559, "target_steps": 15000}