{"final_weight_diff": 0.0012867326149716973, "final_weight_sim": 0.7436817288398743, "final_feature_diff": 0.2864371168501165, "final_feature_sim": 0.6749428888882117, "final_0_weight_diff": 0.0014647534117102623, "final_1_weight_diff": 0.0013118641218170524, "final_2_weight_diff": 0.001077239285223186, "final_0_weight_sim": 0.7090187072753906, "final_1_weight_sim": 0.7369633913040161, "final_2_weight_sim": 0.7537531852722168, "best_weight_diff": 0.0005345209501683712, "best_weight_sim": 0.8819383382797241, "best_feature_diff": 0.2019215518710748, "best_feature_sim": 0.8228182718483565, "best_0_weight_diff": 0.0006386147579178214, "best_1_weight_diff": 0.0005229383241385221, "best_2_weight_diff": 0.0004420453042257577, "best_0_weight_sim": 0.863806426525116, "best_1_weight_sim": 0.8763349652290344, "best_2_weight_sim": 0.885619580745697, "num_feature_traj": 20, "num_feature_timesteps": "20000", "final_test_returns": 4051.132427572493, "final_test_normalized_returns": 34.887224718785674, "best_return": 4799.435957356487, "best_return_normalized": 40.914552497280354, "convergence_step": "5000", "convergence_iter": "1", "best_step": "25000", "best_iter": "5", "best_5percent_normalized": 40.914552497280354, "best_10percent_normalized": 40.74830272922031, "best_25percent_normalized": 40.341453391940306, "best_50percent_normalized": 39.84405281927841, "best_100percent_normalized": 38.44756682327794, "best_later_half_normalized": 38.71926924606377, "best_last_four_normalized": 37.5350836846312}