{"final_weight_diff": 0.0010484972735866904, "final_weight_sim": 0.7960355877876282, "final_feature_diff": 0.8151772142697283, "final_feature_sim": 0.4306663833153018, "final_0_weight_diff": 0.0015218425542116165, "final_1_weight_diff": 0.0010096004698425531, "final_2_weight_diff": 0.0006104673375375569, "final_0_weight_sim": 0.7391989231109619, "final_1_weight_sim": 0.7935710549354553, "final_2_weight_sim": 0.8426756262779236, "best_weight_diff": 0.0009786260779947042, "best_weight_sim": 0.806820809841156, "best_feature_diff": 0.8107607570562992, "best_feature_sim": 0.4368745068782178, "best_0_weight_diff": 0.0014316464075818658, "best_1_weight_diff": 0.0009357954259030521, "best_2_weight_diff": 0.0005654535489156842, "best_0_weight_sim": 0.7505772113800049, "best_1_weight_sim": 0.8049599528312683, "best_2_weight_sim": 0.852603554725647, "num_feature_traj": 120, "num_feature_timesteps": "106539", "final_test_returns": 3140.6987342192306, "final_test_normalized_returns": 82.42690733643806, "best_return": 3832.2340618094304, "best_return_normalized": 98.8712829479331, "convergence_step": "90000", "convergence_iter": "18", "best_step": "90000", "best_iter": "18", "best_5percent_normalized": 98.8712829479331, "best_10percent_normalized": 97.2320858413255, "best_25percent_normalized": 95.67622692566599, "best_50percent_normalized": 93.64742573915944, "best_100percent_normalized": 87.94321332363229, "best_later_half_normalized": 88.2720079356571, "best_last_four_normalized": 88.31614576715069, "target_steps": 5000}