{"final_weight_diff": 0.0015663206577301025, "final_weight_sim": 0.7255377769470215, "final_feature_diff": 0.21034718629540822, "final_feature_sim": 0.40027630581471807, "final_0_weight_diff": 0.0016959923086687922, "final_1_weight_diff": 0.0015322647523134947, "final_2_weight_diff": 0.001457436359487474, "final_0_weight_sim": 0.6967753171920776, "final_1_weight_sim": 0.724040150642395, "final_2_weight_sim": 0.734108567237854, "best_weight_diff": 0.0013446828816086054, "best_weight_sim": 0.7556504607200623, "best_feature_diff": 0.1827108136831922, "best_feature_sim": 0.447698687112819, "best_0_weight_diff": 0.0014944400172680616, "best_1_weight_diff": 0.0013208528980612755, "best_2_weight_diff": 0.0012107441434636712, "best_0_weight_sim": 0.7283405065536499, "best_1_weight_sim": 0.7511737942695618, "best_2_weight_sim": 0.7641364336013794, "num_feature_traj": 48, "num_feature_timesteps": "28017", "final_test_returns": 3665.414733788132, "final_test_normalized_returns": 94.90440001398548, "best_return": 3721.552144627863, "best_return_normalized": 96.23932049147176, "convergence_step": "50000", "convergence_iter": "10", "best_step": "80000", "best_iter": "16", "best_5percent_normalized": 96.23932049147176, "best_10percent_normalized": 95.86584541495552, "best_25percent_normalized": 94.57009234587967, "best_50percent_normalized": 93.08194496540594, "best_100percent_normalized": 84.48237904991217, "best_later_half_normalized": 86.11694465428573, "best_last_four_normalized": 84.25388541330885}