{"final_weight_diff": 0.0010518936906009912, "final_weight_sim": 0.7984125018119812, "final_feature_diff": 0.8161396568932341, "final_feature_sim": 0.52320989829758, "final_0_weight_diff": 0.0012553991982713342, "final_1_weight_diff": 0.001078202622011304, "final_2_weight_diff": 0.0008201246382668614, "final_0_weight_sim": 0.7651507258415222, "final_1_weight_sim": 0.7808942794799805, "final_2_weight_sim": 0.8074614405632019, "best_weight_diff": 0.0007214518846012652, "best_weight_sim": 0.8495939373970032, "best_feature_diff": 0.6786440036646577, "best_feature_sim": 0.6026053951561205, "best_0_weight_diff": 0.0009160303743556142, "best_1_weight_diff": 0.0007113671163097024, "best_2_weight_diff": 0.0005364342359825969, "best_0_weight_sim": 0.8149100542068481, "best_1_weight_sim": 0.8374303579330444, "best_2_weight_sim": 0.8620550036430359, "num_feature_traj": 204, "num_feature_timesteps": "37349", "final_test_returns": 2001.0514374625093, "final_test_normalized_returns": 62.10720036415075, "best_return": 2705.164589450492, "best_return_normalized": 83.74178352908007, "convergence_step": "65000", "convergence_iter": "13", "best_step": "65000", "best_iter": "13", "best_5percent_normalized": 83.74178352908007, "best_10percent_normalized": 80.9189943453938, "best_25percent_normalized": 76.88792161142712, "best_50percent_normalized": 71.2209456089453, "best_100percent_normalized": 51.57819201413854, "best_later_half_normalized": 63.49282694012645, "best_last_four_normalized": 69.2746815259766, "target_steps": 15000}