{
    "final_weight_diff": 0.0012114497367292643,
    "final_weight_sim": 0.7524387836456299,
    "final_feature_diff": 0.17053165162292497,
    "final_feature_sim": 0.6848363947717048,
    "final_0_weight_diff": 0.001740519655868411,
    "final_1_weight_diff": 0.0010129427537322044,
    "final_2_weight_diff": 0.0008781692595221102,
    "final_0_weight_sim": 0.6774529218673706,
    "final_1_weight_sim": 0.7685797810554504,
    "final_2_weight_sim": 0.7889516353607178,
    "best_weight_diff": 0.0004757690476253629,
    "best_weight_sim": 0.8919879198074341,
    "best_feature_diff": 0.1410225085242948,
    "best_feature_sim": 0.8269598856373691,
    "best_0_weight_diff": 0.0006437135743908584,
    "best_1_weight_diff": 0.00041325445636175573,
    "best_2_weight_diff": 0.0003704646078404039,
    "best_0_weight_sim": 0.8648967742919922,
    "best_1_weight_sim": 0.8929434418678284,
    "best_2_weight_sim": 0.9012718200683594,
    "num_feature_traj": 100,
    "num_feature_timesteps": "100000",
    "final_test_returns": 4845.358332895229,
    "final_test_normalized_returns": 41.284441451056935,
    "best_return": 5077.38626082691,
    "best_return_normalized": 43.15334667433295,
    "convergence_step": "5000",
    "convergence_iter": "1",
    "best_step": "25000",
    "best_iter": "5"
}