{
    "final_weight_diff": 0.0015987018123269081,
    "final_weight_sim": 0.7412506341934204,
    "final_feature_diff": 0.46518854924967784,
    "final_feature_sim": 0.5166678822919204,
    "final_0_weight_diff": 0.0017932705814018846,
    "final_1_weight_diff": 0.0016238754615187645,
    "final_2_weight_diff": 0.0013692158972844481,
    "final_0_weight_sim": 0.7181755900382996,
    "final_1_weight_sim": 0.7404117584228516,
    "final_2_weight_sim": 0.7455010414123535,
    "best_weight_diff": 0.00068739551352337,
    "best_weight_sim": 0.8715496063232422,
    "best_feature_diff": 0.38229578734362213,
    "best_feature_sim": 0.6213627110566365,
    "best_0_weight_diff": 0.0008371885633096099,
    "best_1_weight_diff": 0.0006631806027144194,
    "best_2_weight_diff": 0.0005609985673800111,
    "best_0_weight_sim": 0.8534707427024841,
    "best_1_weight_sim": 0.8708041310310364,
    "best_2_weight_sim": 0.8768209218978882,
    "num_feature_traj": 109,
    "num_feature_timesteps": "31150",
    "final_test_returns": 2616.671466275774,
    "final_test_normalized_returns": 56.96427521887141,
    "best_return": 3631.047327717937,
    "best_return_normalized": 79.06073700430277,
    "convergence_step": "20000",
    "convergence_iter": "4",
    "best_step": "30000",
    "best_iter": "6"
}