{
    "final_weight_diff": 0.0013531853910535574,
    "final_weight_sim": 0.7460405826568604,
    "final_feature_diff": 0.2742941484778493,
    "final_feature_sim": 0.6324699785042346,
    "final_0_weight_diff": 0.0014298531459644437,
    "final_1_weight_diff": 0.0014230315573513508,
    "final_2_weight_diff": 0.0011948515893891454,
    "final_0_weight_sim": 0.7266255617141724,
    "final_1_weight_sim": 0.7350469827651978,
    "final_2_weight_sim": 0.7495434880256653,
    "best_weight_diff": 0.000779272464569658,
    "best_weight_sim": 0.836406409740448,
    "best_feature_diff": 0.21260196891315883,
    "best_feature_sim": 0.7565145888275008,
    "best_0_weight_diff": 0.0008866368443705142,
    "best_1_weight_diff": 0.0008043883135542274,
    "best_2_weight_diff": 0.0006452377419918776,
    "best_0_weight_sim": 0.8179553151130676,
    "best_1_weight_sim": 0.8245716691017151,
    "best_2_weight_sim": 0.8414427638053894,
    "num_feature_traj": 48,
    "num_feature_timesteps": "28017",
    "final_test_returns": 3650.331077261161,
    "final_test_normalized_returns": 94.54571795736716,
    "best_return": 3657.152722470164,
    "best_return_normalized": 94.70793338097552,
    "convergence_step": "45000",
    "convergence_iter": "9",
    "best_step": "45000",
    "best_iter": "9"
}