{
    "final_weight_diff": 0.0012038670247420669,
    "final_weight_sim": 0.7948051691055298,
    "final_feature_diff": 0.3996288355935247,
    "final_feature_sim": 0.6279957437607429,
    "final_0_weight_diff": 0.001523144543170929,
    "final_1_weight_diff": 0.0012173698050901294,
    "final_2_weight_diff": 0.0008684093481861055,
    "final_0_weight_sim": 0.7639721035957336,
    "final_1_weight_sim": 0.7915091514587402,
    "final_2_weight_sim": 0.8152536153793335,
    "best_weight_diff": 0.0012038670247420669,
    "best_weight_sim": 0.7948051691055298,
    "best_feature_diff": 0.3996288355935247,
    "best_feature_sim": 0.6279957437607429,
    "best_0_weight_diff": 0.001523144543170929,
    "best_1_weight_diff": 0.0012173698050901294,
    "best_2_weight_diff": 0.0008684093481861055,
    "best_0_weight_sim": 0.7639721035957336,
    "best_1_weight_sim": 0.7915091514587402,
    "best_2_weight_sim": 0.8152536153793335,
    "num_feature_traj": 321,
    "num_feature_timesteps": "203500",
    "final_test_returns": 3600.6856869614103,
    "final_test_normalized_returns": 111.25756789604986,
    "best_return": 3600.6856869614103,
    "best_return_normalized": 111.25756789604986,
    "convergence_step": "90000",
    "convergence_iter": "18",
    "best_step": "100000",
    "best_iter": "20"
}