{
    "final_weight_diff": 0.002394982147961855,
    "final_weight_sim": 0.6968055367469788,
    "final_feature_diff": 0.8881588114321741,
    "final_feature_sim": 0.5576255649518097,
    "final_0_weight_diff": 0.0029363874346017838,
    "final_1_weight_diff": 0.0023785261437296867,
    "final_2_weight_diff": 0.0018713034223765135,
    "final_0_weight_sim": 0.6631952524185181,
    "final_1_weight_sim": 0.6806870698928833,
    "final_2_weight_sim": 0.6991114020347595,
    "best_weight_diff": 0.001075608073733747,
    "best_weight_sim": 0.8145642280578613,
    "best_feature_diff": 0.623506685239595,
    "best_feature_sim": 0.6930833562295907,
    "best_0_weight_diff": 0.001305131008848548,
    "best_1_weight_diff": 0.001047363504767418,
    "best_2_weight_diff": 0.0008746526436880231,
    "best_0_weight_sim": 0.7821736931800842,
    "best_1_weight_sim": 0.8019291758537292,
    "best_2_weight_sim": 0.8167094588279724,
    "num_feature_traj": 120,
    "num_feature_timesteps": "106539",
    "final_test_returns": 3576.156457564971,
    "final_test_normalized_returns": 92.7818813774278,
    "best_return": 3991.3091780554505,
    "best_return_normalized": 102.65401227154902,
    "convergence_step": "30000",
    "convergence_iter": "6",
    "best_step": "30000",
    "best_iter": "6"
}