{"final_weight_diff": 0.0014174097450450063, "final_weight_sim": 0.7542310357093811, "final_feature_diff": 0.41698729573066395, "final_feature_sim": 0.6057729015810306, "final_0_weight_diff": 0.0015813515055924654, "final_1_weight_diff": 0.0015204426599666476, "final_2_weight_diff": 0.001138990162871778, "final_0_weight_sim": 0.7303076982498169, "final_1_weight_sim": 0.7411753535270691, "final_2_weight_sim": 0.7714537978172302, "best_weight_diff": 0.0012110215611755848, "best_weight_sim": 0.7863645553588867, "best_feature_diff": 0.41209079464202636, "best_feature_sim": 0.6186788651178592, "best_0_weight_diff": 0.0013711124192923307, "best_1_weight_diff": 0.0012960355961695313, "best_2_weight_diff": 0.0009586942032910883, "best_0_weight_sim": 0.7641544938087463, "best_1_weight_sim": 0.7733837366104126, "best_2_weight_sim": 0.8029772043228149, "num_feature_traj": 20, "num_feature_timesteps": "20000", "final_test_returns": 4803.780289892303, "final_test_normalized_returns": 40.94954460292992, "best_return": 4845.273919257228, "best_return_normalized": 41.28376152821152, "convergence_step": "10000", "convergence_iter": "2", "best_step": "80000", "best_iter": "16", "best_5percent_normalized": 41.28376152821152, "best_10percent_normalized": 41.193841965309645, "best_25percent_normalized": 40.98136687516174, "best_50percent_normalized": 40.84928420565255, "best_100percent_normalized": 39.59586209944841, "best_later_half_normalized": 40.366956719061385, "best_last_four_normalized": 40.6630759284122, "target_steps": 10000}