{
    "final_weight_diff": 0.0016607693396508694,
    "final_weight_sim": 0.7310477495193481,
    "final_feature_diff": 0.30637004481343727,
    "final_feature_sim": 0.6733663481854915,
    "final_0_weight_diff": 0.0019574840553104877,
    "final_1_weight_diff": 0.0016779835568740964,
    "final_2_weight_diff": 0.0013369466178119183,
    "final_0_weight_sim": 0.6934487819671631,
    "final_1_weight_sim": 0.7332609295845032,
    "final_2_weight_sim": 0.747945249080658,
    "best_weight_diff": 0.0008855466148816049,
    "best_weight_sim": 0.8412998914718628,
    "best_feature_diff": 0.24928604691499584,
    "best_feature_sim": 0.7463876356209085,
    "best_0_weight_diff": 0.001110504730604589,
    "best_1_weight_diff": 0.0008731880225241184,
    "best_2_weight_diff": 0.0006715563358739018,
    "best_0_weight_sim": 0.8119844794273376,
    "best_1_weight_sim": 0.8419618606567383,
    "best_2_weight_sim": 0.8565006256103516,
    "num_feature_traj": 65,
    "num_feature_timesteps": "17588",
    "final_test_returns": 2529.740944469393,
    "final_test_normalized_returns": 55.07064089051566,
    "best_return": 3230.1915469721657,
    "best_return_normalized": 70.32877208143357,
    "convergence_step": "40000",
    "convergence_iter": "8",
    "best_step": "40000",
    "best_iter": "8"
}