{
    "final_weight_diff": 0.0011022749822586775,
    "final_weight_sim": 0.7835609316825867,
    "final_feature_diff": 0.11796246114388612,
    "final_feature_sim": 0.7725955068638198,
    "final_0_weight_diff": 0.001296142116189003,
    "final_1_weight_diff": 0.0011133798398077488,
    "final_2_weight_diff": 0.0008957235841080546,
    "final_0_weight_sim": 0.7609721422195435,
    "final_1_weight_sim": 0.7686840295791626,
    "final_2_weight_sim": 0.7931494116783142,
    "best_weight_diff": 0.0011022749822586775,
    "best_weight_sim": 0.7835609316825867,
    "best_feature_diff": 0.11796246114388612,
    "best_feature_sim": 0.7725955068638198,
    "best_0_weight_diff": 0.001296142116189003,
    "best_1_weight_diff": 0.0011133798398077488,
    "best_2_weight_diff": 0.0008957235841080546,
    "best_0_weight_sim": 0.7609721422195435,
    "best_1_weight_sim": 0.7686840295791626,
    "best_2_weight_sim": 0.7931494116783142,
    "num_feature_traj": 119,
    "num_feature_timesteps": "101758",
    "final_test_returns": 3692.8239537551103,
    "final_test_normalized_returns": 80.40643627451466,
    "best_return": 3692.8239537551103,
    "best_return_normalized": 80.40643627451466,
    "convergence_step": "25000",
    "convergence_iter": "5",
    "best_step": "100000",
    "best_iter": "20"
}