{
    "final_weight_diff": 0.0011749501572921872,
    "final_weight_sim": 0.7588812112808228,
    "final_feature_diff": 0.5302260341549553,
    "final_feature_sim": 0.5480015210601533,
    "final_0_weight_diff": 0.0013184126000851393,
    "final_1_weight_diff": 0.001180486287921667,
    "final_2_weight_diff": 0.0010190010070800781,
    "final_0_weight_sim": 0.7328737378120422,
    "final_1_weight_sim": 0.7508455514907837,
    "final_2_weight_sim": 0.7613049745559692,
    "best_weight_diff": 0.0011749501572921872,
    "best_weight_sim": 0.7588812112808228,
    "best_feature_diff": 0.5302260341549553,
    "best_feature_sim": 0.5480015210601533,
    "best_0_weight_diff": 0.0013184126000851393,
    "best_1_weight_diff": 0.001180486287921667,
    "best_2_weight_diff": 0.0010190010070800781,
    "best_0_weight_sim": 0.7328737378120422,
    "best_1_weight_sim": 0.7508455514907837,
    "best_2_weight_sim": 0.7613049745559692,
    "num_feature_traj": 20,
    "num_feature_timesteps": "20000",
    "final_test_returns": 4878.125846612884,
    "final_test_normalized_returns": 41.54837251352251,
    "best_return": 4878.125846612884,
    "best_return_normalized": 41.54837251352251,
    "convergence_step": "10000",
    "convergence_iter": "2",
    "best_step": "100000",
    "best_iter": "20"
}