{
    "final_weight_diff": 0.0011635397095233202,
    "final_weight_sim": 0.7587874531745911,
    "final_feature_diff": 0.2314816415528825,
    "final_feature_sim": 0.7224610148813694,
    "final_0_weight_diff": 0.0014410018920898438,
    "final_1_weight_diff": 0.0010863994248211384,
    "final_2_weight_diff": 0.000961722806096077,
    "final_0_weight_sim": 0.7113857269287109,
    "final_1_weight_sim": 0.7692691087722778,
    "final_2_weight_sim": 0.7761538028717041,
    "best_weight_diff": 0.0009250288712792099,
    "best_weight_sim": 0.7987052202224731,
    "best_feature_diff": 0.2552432727003045,
    "best_feature_sim": 0.7486695558462739,
    "best_0_weight_diff": 0.0011491785990074277,
    "best_1_weight_diff": 0.0008619561558589339,
    "best_2_weight_diff": 0.0007633791537955403,
    "best_0_weight_sim": 0.7554205656051636,
    "best_1_weight_sim": 0.8067150712013245,
    "best_2_weight_sim": 0.8153464198112488,
    "num_feature_traj": 200,
    "num_feature_timesteps": "200000",
    "final_test_returns": 5021.291030365561,
    "final_test_normalized_returns": 42.7015188700483,
    "best_return": 10838.76972515345,
    "best_return_normalized": 89.55931058461844,
    "convergence_step": "70000",
    "convergence_iter": "14",
    "best_step": "70000",
    "best_iter": "14"
}