{
    "final_weight_diff": 0.0018639875343069434,
    "final_weight_sim": 0.7128666639328003,
    "final_feature_diff": 0.2990827187566202,
    "final_feature_sim": 0.7074050595562472,
    "final_0_weight_diff": 0.0022826665081083775,
    "final_1_weight_diff": 0.002054748125374317,
    "final_2_weight_diff": 0.0012477377895265818,
    "final_0_weight_sim": 0.6689603328704834,
    "final_1_weight_sim": 0.7099335193634033,
    "final_2_weight_sim": 0.7493336200714111,
    "best_weight_diff": 0.0011193911777809262,
    "best_weight_sim": 0.803566038608551,
    "best_feature_diff": 0.26401010633272104,
    "best_feature_sim": 0.7495335411785672,
    "best_0_weight_diff": 0.0014231674140319228,
    "best_1_weight_diff": 0.001181533676572144,
    "best_2_weight_diff": 0.0007515213219448924,
    "best_0_weight_sim": 0.7647200226783752,
    "best_1_weight_sim": 0.8009293675422668,
    "best_2_weight_sim": 0.8337996602058411,
    "num_feature_traj": 321,
    "num_feature_timesteps": "203500",
    "final_test_returns": 3585.994543846381,
    "final_test_normalized_returns": 110.80616778143391,
    "best_return": 3623.664102909957,
    "best_return_normalized": 111.96360278466624,
    "convergence_step": "80000",
    "convergence_iter": "16",
    "best_step": "80000",
    "best_iter": "16"
}