{"final_weight_diff": 0.003310250351205468, "final_weight_sim": 0.6574907302856445, "final_feature_diff": 0.716144076048645, "final_feature_sim": 0.598230620787685, "final_0_weight_diff": 0.0033651399426162243, "final_1_weight_diff": 0.00333502609282732, "final_2_weight_diff": 0.0032323452178388834, "final_0_weight_sim": 0.6393958330154419, "final_1_weight_sim": 0.645022451877594, "final_2_weight_sim": 0.639997124671936, "best_weight_diff": 0.0031604880932718515, "best_weight_sim": 0.6662607789039612, "best_feature_diff": 0.7095950783026791, "best_feature_sim": 0.60418164232499, "best_0_weight_diff": 0.0032420000061392784, "best_1_weight_diff": 0.003171241143718362, "best_2_weight_diff": 0.0030698932241648436, "best_0_weight_sim": 0.6477072238922119, "best_1_weight_sim": 0.6533876657485962, "best_2_weight_sim": 0.6491832733154297, "num_feature_traj": 109, "num_feature_timesteps": "31150", "final_test_returns": 3017.052202096729, "final_test_normalized_returns": 65.68589209184454, "best_return": 3566.563454020916, "best_return_normalized": 77.65606492456988, "convergence_step": "165000", "convergence_iter": "33", "best_step": "165000", "best_iter": "33", "best_5percent_normalized": 77.65606492456988, "best_10percent_normalized": 75.12642081841874, "best_25percent_normalized": 69.00407471214888, "best_50percent_normalized": 65.34472176084702, "best_100percent_normalized": 52.280959158705926, "best_later_half_normalized": 55.27957434478921, "best_last_four_normalized": 61.97352612913092, "target_steps": 10000}