{
    "final_weight_diff": 0.001398724503815174,
    "final_weight_sim": 0.7477107048034668,
    "final_feature_diff": 0.3497922979032903,
    "final_feature_sim": 0.6818793081900565,
    "final_0_weight_diff": 0.0014525072183459997,
    "final_1_weight_diff": 0.0014970386400818825,
    "final_2_weight_diff": 0.0012418811675161123,
    "final_0_weight_sim": 0.7378389835357666,
    "final_1_weight_sim": 0.7255513072013855,
    "final_2_weight_sim": 0.7477279305458069,
    "best_weight_diff": 0.0003810678608715534,
    "best_weight_sim": 0.912635087966919,
    "best_feature_diff": 0.19328789405744107,
    "best_feature_sim": 0.8413143063737339,
    "best_0_weight_diff": 0.0004125097475480288,
    "best_1_weight_diff": 0.00041697052074596286,
    "best_2_weight_diff": 0.0003137370222248137,
    "best_0_weight_sim": 0.9100161194801331,
    "best_1_weight_sim": 0.8951264023780823,
    "best_2_weight_sim": 0.9145005941390991,
    "num_feature_traj": 109,
    "num_feature_timesteps": "31150",
    "final_test_returns": 2967.225362829432,
    "final_test_normalized_returns": 64.60049870699667,
    "best_return": 3380.738041979904,
    "best_return_normalized": 73.6081727457393,
    "convergence_step": "15000",
    "convergence_iter": "3",
    "best_step": "15000",
    "best_iter": "3"
}