{"final_weight_diff": 0.0010218283860012889, "final_weight_sim": 0.7138172388076782, "final_feature_diff": 0.7785355771837662, "final_feature_sim": 0.5973594865301058, "final_0_weight_diff": 0.0009946252685040236, "final_1_weight_diff": 0.0011183719616383314, "final_2_weight_diff": 0.0010456228628754616, "final_3_weight_diff": 0.0009286982240155339, "final_0_weight_sim": 0.7002133131027222, "final_1_weight_sim": 0.6934903264045715, "final_2_weight_sim": 0.6986042857170105, "final_3_weight_sim": 0.7119514346122742, "best_weight_diff": 0.0009344536229036748, "best_weight_sim": 0.7295055985450745, "best_feature_diff": 0.7632834747621737, "best_feature_sim": 0.6071577723178228, "best_0_weight_diff": 0.0009137396118603647, "best_1_weight_diff": 0.001022174721583724, "best_2_weight_diff": 0.0009528685477562249, "best_3_weight_diff": 0.000849094009026885, "best_0_weight_sim": 0.7163055539131165, "best_1_weight_sim": 0.7092970013618469, "best_2_weight_sim": 0.7146750092506409, "best_3_weight_sim": 0.7274580001831055, "num_feature_traj": 200, "num_feature_timesteps": "200000", "final_test_returns": 7346.326107385243, "final_test_normalized_returns": 61.42887741897893, "best_return": 9334.705100639609, "best_return_normalized": 77.44458690477651, "convergence_step": "5000", "convergence_iter": "1", "best_step": "90000", "best_iter": "18", "best_5percent_normalized": 77.44458690477651, "best_10percent_normalized": 69.43673216187773, "best_25percent_normalized": 62.028858417674016, "best_50percent_normalized": 54.06877477082061, "best_100percent_normalized": 48.34258545206555, "best_later_half_normalized": 51.36002567523925, "best_last_four_normalized": 56.91501398371696, "target_steps": 5000}