{
    "final_weight_diff": 0.0018793614581227303,
    "final_weight_sim": 0.7126472592353821,
    "final_feature_diff": 0.2282927273025968,
    "final_feature_sim": 0.704019271024494,
    "final_0_weight_diff": 0.0022305757738649845,
    "final_1_weight_diff": 0.0018137478036805987,
    "final_2_weight_diff": 0.0015849791234359145,
    "final_0_weight_sim": 0.6819760799407959,
    "final_1_weight_sim": 0.7215820550918579,
    "final_2_weight_sim": 0.721684455871582,
    "best_weight_diff": 0.001687693176791072,
    "best_weight_sim": 0.738438606262207,
    "best_feature_diff": 0.2166358036293472,
    "best_feature_sim": 0.7226120941909275,
    "best_0_weight_diff": 0.0020122602581977844,
    "best_1_weight_diff": 0.0016302427975460887,
    "best_2_weight_diff": 0.0014141097199171782,
    "best_0_weight_sim": 0.7102015614509583,
    "best_1_weight_sim": 0.7462102174758911,
    "best_2_weight_sim": 0.746531069278717,
    "num_feature_traj": 20,
    "num_feature_timesteps": "20000",
    "final_test_returns": 4670.249849113436,
    "final_test_normalized_returns": 39.874002790086365,
    "best_return": 4804.573790369495,
    "best_return_normalized": 40.95593597658789,
    "convergence_step": "30000",
    "convergence_iter": "6",
    "best_step": "85000",
    "best_iter": "17"
}