{"final_weight_diff": 0.0014707747614011168, "final_weight_sim": 0.7656490802764893, "final_feature_diff": 0.2576188896205564, "final_feature_sim": 0.643779959137448, "final_0_weight_diff": 0.001447488320991397, "final_1_weight_diff": 0.0016067258547991514, "final_2_weight_diff": 0.001355747110210359, "final_0_weight_sim": 0.724510133266449, "final_1_weight_sim": 0.7612358927726746, "final_2_weight_sim": 0.7870460748672485, "best_weight_diff": 0.0002512783685233444, "best_weight_sim": 0.9517459869384766, "best_feature_diff": 0.14277829503270606, "best_feature_sim": 0.8115197202975274, "best_0_weight_diff": 0.0002797907800413668, "best_1_weight_diff": 0.00026694254484027624, "best_2_weight_diff": 0.00020699732704088092, "best_0_weight_sim": 0.9314674139022827, "best_1_weight_sim": 0.9499064087867737, "best_2_weight_sim": 0.9634067416191101, "num_feature_traj": 218, "num_feature_timesteps": "100692", "final_test_returns": 2097.661019271238, "final_test_normalized_returns": 65.07562671191715, "best_return": 2343.76410055261, "best_return_normalized": 72.63739084612564, "convergence_step": "10000", "convergence_iter": "2", "best_step": "10000", "best_iter": "2", "best_5percent_normalized": 72.63739084612564, "best_10percent_normalized": 69.80259831179234, "best_25percent_normalized": 67.14551657407239, "best_50percent_normalized": 64.91848464889425, "best_100percent_normalized": 61.076491290139735, "best_later_half_normalized": 61.55306489091718, "best_last_four_normalized": 62.23366867895962, "target_steps": 5000}