{"final_weight_diff": 0.0013075730530545115, "final_weight_sim": 0.7914919257164001, "final_feature_diff": 0.6559078874842924, "final_feature_sim": 0.45277286678369, "final_0_weight_diff": 0.0019368530483916402, "final_1_weight_diff": 0.0012483386090025306, "final_2_weight_diff": 0.0007314649410545826, "final_0_weight_sim": 0.7346693873405457, "final_1_weight_sim": 0.7931039929389954, "final_2_weight_sim": 0.8509564995765686, "best_weight_diff": 0.0002445719437673688, "best_weight_sim": 0.9534411430358887, "best_feature_diff": 0.37599643688317674, "best_feature_sim": 0.7074509187924524, "best_0_weight_diff": 0.00036481645656749606, "best_1_weight_diff": 0.00022761289437767118, "best_2_weight_diff": 0.00014091836055740714, "best_0_weight_sim": 0.9326328039169312, "best_1_weight_sim": 0.9537069201469421, "best_2_weight_sim": 0.9700345993041992, "num_feature_traj": 120, "num_feature_timesteps": "106539", "final_test_returns": 3085.622396498328, "final_test_normalized_returns": 81.11721866450259, "best_return": 3870.266824213865, "best_return_normalized": 99.77568364240042, "convergence_step": "10000", "convergence_iter": "2", "best_step": "10000", "best_iter": "2", "best_5percent_normalized": 99.77568364240042, "best_10percent_normalized": 98.80165627955324, "best_25percent_normalized": 96.8116224737993, "best_50percent_normalized": 92.53267299717035, "best_100percent_normalized": 86.62357834916418, "best_later_half_normalized": 85.47650774999934, "best_last_four_normalized": 88.83855550021957}