{
    "final_weight_diff": 0.0010432996787130833,
    "final_weight_sim": 0.7795787453651428,
    "final_feature_diff": 0.22569424255584516,
    "final_feature_sim": 0.7486555060323287,
    "final_0_weight_diff": 0.001286482671275735,
    "final_1_weight_diff": 0.0010051375720649958,
    "final_2_weight_diff": 0.0008370316936634481,
    "final_0_weight_sim": 0.7365629076957703,
    "final_1_weight_sim": 0.7751355171203613,
    "final_2_weight_sim": 0.7932960391044617,
    "best_weight_diff": 0.0007285635219886899,
    "best_weight_sim": 0.834907054901123,
    "best_feature_diff": 0.19409966731536607,
    "best_feature_sim": 0.787980223666879,
    "best_0_weight_diff": 0.0009168545948341489,
    "best_1_weight_diff": 0.0006984357605688274,
    "best_2_weight_diff": 0.0005699489265680313,
    "best_0_weight_sim": 0.7994139194488525,
    "best_1_weight_sim": 0.829720139503479,
    "best_2_weight_sim": 0.8477839231491089,
    "num_feature_traj": 100,
    "num_feature_timesteps": "100000",
    "final_test_returns": 5033.7128749356025,
    "final_test_normalized_returns": 42.80157255930294,
    "best_return": 5096.561148279226,
    "best_return_normalized": 43.30779380332646,
    "convergence_step": "5000",
    "convergence_iter": "1",
    "best_step": "60000",
    "best_iter": "12"
}