{"final_weight_diff": 0.0018667991971597075, "final_weight_sim": 0.6986157894134521, "final_feature_diff": 0.24309837828491188, "final_feature_sim": 0.6906640270975636, "final_0_weight_diff": 0.0018067894270643592, "final_1_weight_diff": 0.0019995756447315216, "final_2_weight_diff": 0.0017801168141886592, "final_0_weight_sim": 0.6583903431892395, "final_1_weight_sim": 0.6939091682434082, "final_2_weight_sim": 0.7198038101196289, "best_weight_diff": 0.0018667991971597075, "best_weight_sim": 0.6986157894134521, "best_feature_diff": 0.24309837828491188, "best_feature_sim": 0.6906640270975636, "best_0_weight_diff": 0.0018067894270643592, "best_1_weight_diff": 0.0019995756447315216, "best_2_weight_diff": 0.0017801168141886592, "best_0_weight_sim": 0.6583903431892395, "best_1_weight_sim": 0.6939091682434082, "best_2_weight_sim": 0.7198038101196289, "num_feature_traj": 16, "num_feature_timesteps": "16000", "final_test_returns": 4853.64771985876, "final_test_normalized_returns": 41.35120961440691, "best_return": 4853.64771985876, "best_return_normalized": 41.35120961440691, "convergence_step": "25000", "convergence_iter": "5", "best_step": "100000", "best_iter": "20", "best_5percent_normalized": 41.35120961440691, "best_10percent_normalized": 41.20324437890952, "best_25percent_normalized": 40.86665731163921, "best_50percent_normalized": 40.261538622495, "best_100percent_normalized": 38.43051630112301, "best_later_half_normalized": 39.21949712385548, "best_last_four_normalized": 39.422582664898215, "target_steps": 5000}