{"final_weight_diff": 0.002430844586342573, "final_weight_sim": 0.7145833969116211, "final_feature_diff": 0.6296127267082503, "final_feature_sim": 0.6535376177725384, "final_0_weight_diff": 0.002540186047554016, "final_1_weight_diff": 0.0024025384336709976, "final_2_weight_diff": 0.002349880523979664, "final_0_weight_sim": 0.6930256485939026, "final_1_weight_sim": 0.7015296220779419, "final_2_weight_sim": 0.6988077759742737, "best_weight_diff": 0.0019116559997200966, "best_weight_sim": 0.7501524090766907, "best_feature_diff": 0.5937507120683211, "best_feature_sim": 0.6787622205852956, "best_0_weight_diff": 0.00201436597853899, "best_1_weight_diff": 0.0018530000234022737, "best_2_weight_diff": 0.0018668703269213438, "best_0_weight_sim": 0.7272253632545471, "best_1_weight_sim": 0.7382230758666992, "best_2_weight_sim": 0.7343306541442871, "num_feature_traj": 81, "num_feature_timesteps": "22074", "final_test_returns": 1892.6127379494849, "final_test_normalized_returns": 41.19188095258481, "best_return": 3460.0998240728127, "best_return_normalized": 75.33693488598436, "convergence_step": "5000", "convergence_iter": "1", "best_step": "65000", "best_iter": "13", "best_5percent_normalized": 75.33693488598436, "best_10percent_normalized": 74.75390600210578, "best_25percent_normalized": 69.30616925335053, "best_50percent_normalized": 63.39174037676703, "best_100percent_normalized": 44.247684651432664, "best_later_half_normalized": 61.3862802943133}