{
    "final_weight_diff": 0.002755950205028057,
    "final_weight_sim": 0.6613292694091797,
    "final_feature_diff": 0.8676039586975335,
    "final_feature_sim": 0.5816334891804384,
    "final_0_weight_diff": 0.0032907091081142426,
    "final_1_weight_diff": 0.0026614416856318712,
    "final_2_weight_diff": 0.002316370140761137,
    "final_0_weight_sim": 0.6214929819107056,
    "final_1_weight_sim": 0.6455940008163452,
    "final_2_weight_sim": 0.6579274535179138,
    "best_weight_diff": 0.0026512371841818094,
    "best_weight_sim": 0.6684685945510864,
    "best_feature_diff": 0.8603125352762739,
    "best_feature_sim": 0.5860986253053647,
    "best_0_weight_diff": 0.0031577819027006626,
    "best_1_weight_diff": 0.0025624993722885847,
    "best_2_weight_diff": 0.002233952982351184,
    "best_0_weight_sim": 0.6289806365966797,
    "best_1_weight_sim": 0.6525111794471741,
    "best_2_weight_sim": 0.6647903919219971,
    "num_feature_traj": 100,
    "num_feature_timesteps": "100000",
    "final_test_returns": 5031.2106385786665,
    "final_test_normalized_returns": 42.78141790533937,
    "best_return": 5086.768610282565,
    "best_return_normalized": 43.22891827496129,
    "convergence_step": "15000",
    "convergence_iter": "3",
    "best_step": "170000",
    "best_iter": "34"
}