{"final_weight_diff": 0.001534887938760221, "final_weight_sim": 0.7571492195129395, "final_feature_diff": 0.19330640408253158, "final_feature_sim": 0.7591329300675668, "final_0_weight_diff": 0.0015567479422315955, "final_1_weight_diff": 0.0017460532253608108, "final_2_weight_diff": 0.0012960683088749647, "final_0_weight_sim": 0.7173441648483276, "final_1_weight_sim": 0.7470003962516785, "final_2_weight_sim": 0.7894662022590637, "best_weight_diff": 0.001209209905937314, "best_weight_sim": 0.8002793788909912, "best_feature_diff": 0.18343190988497374, "best_feature_sim": 0.7711558441336785, "best_0_weight_diff": 0.0012446573236957192, "best_1_weight_diff": 0.0013595960335806012, "best_2_weight_diff": 0.0010197411756962538, "best_0_weight_sim": 0.7628656029701233, "best_1_weight_sim": 0.790870726108551, "best_2_weight_sim": 0.8300129175186157, "num_feature_traj": 95, "num_feature_timesteps": "79844", "final_test_returns": 3259.6917424018693, "final_test_normalized_returns": 70.97138392360462, "best_return": 3627.916935486682, "best_return_normalized": 78.9925467062677, "convergence_step": "20000", "convergence_iter": "4", "best_step": "70000", "best_iter": "14", "best_5percent_normalized": 78.9925467062677, "best_10percent_normalized": 78.62267756940724, "best_25percent_normalized": 77.22350246232337, "best_50percent_normalized": 75.31390385779227, "best_100percent_normalized": 71.04023718865338, "best_later_half_normalized": 71.70807285797271, "best_last_four_normalized": 72.9612517398779, "target_steps": 5000}