{
    "final_weight_diff": 0.0017573093064129353,
    "final_weight_sim": 0.7429586052894592,
    "final_feature_diff": 0.1920028196008083,
    "final_feature_sim": 0.7157090680332844,
    "final_0_weight_diff": 0.0024962660390883684,
    "final_1_weight_diff": 0.0016076457686722279,
    "final_2_weight_diff": 0.0011636134004220366,
    "final_0_weight_sim": 0.6859011650085449,
    "final_1_weight_sim": 0.7645187973976135,
    "final_2_weight_sim": 0.7842977046966553,
    "best_weight_diff": 0.0016441423213109374,
    "best_weight_sim": 0.7567229866981506,
    "best_feature_diff": 0.18950455162215749,
    "best_feature_sim": 0.7207685407271067,
    "best_0_weight_diff": 0.002346089808270335,
    "best_1_weight_diff": 0.00149953190702945,
    "best_2_weight_diff": 0.0010828962549567223,
    "best_0_weight_sim": 0.7017269134521484,
    "best_1_weight_sim": 0.7772679328918457,
    "best_2_weight_sim": 0.7969402074813843,
    "num_feature_traj": 120,
    "num_feature_timesteps": "106539",
    "final_test_returns": 3399.701402493246,
    "final_test_normalized_returns": 88.58586551478481,
    "best_return": 3846.304740885879,
    "best_return_normalized": 99.20587689073022,
    "convergence_step": "90000",
    "convergence_iter": "18",
    "best_step": "90000",
    "best_iter": "18"
}