{
    "final_weight_diff": 0.0020137354731559753,
    "final_weight_sim": 0.7368332147598267,
    "final_feature_diff": 0.2061832376342303,
    "final_feature_sim": 0.6925594533863458,
    "final_0_weight_diff": 0.002392917638644576,
    "final_1_weight_diff": 0.0017650325316935778,
    "final_2_weight_diff": 0.0018809926696121693,
    "final_0_weight_sim": 0.6996735334396362,
    "final_1_weight_sim": 0.7103371620178223,
    "final_2_weight_sim": 0.7488316297531128,
    "best_weight_diff": 0.0008504966390319169,
    "best_weight_sim": 0.8746070861816406,
    "best_feature_diff": 0.160791763398713,
    "best_feature_sim": 0.7751225091723914,
    "best_0_weight_diff": 0.0010927330004051328,
    "best_1_weight_diff": 0.0006904822075739503,
    "best_2_weight_diff": 0.000767919875215739,
    "best_0_weight_sim": 0.845089852809906,
    "best_1_weight_sim": 0.8643835783004761,
    "best_2_weight_sim": 0.886046290397644,
    "num_feature_traj": 100,
    "num_feature_timesteps": "100000",
    "final_test_returns": 5036.523266593109,
    "final_test_normalized_returns": 42.82420929831528,
    "best_return": 5088.858923553485,
    "best_return_normalized": 43.24575503002404,
    "convergence_step": "5000",
    "convergence_iter": "1",
    "best_step": "25000",
    "best_iter": "5"
}