{"final_weight_diff": 0.0014155603712424636, "final_weight_sim": 0.7569684386253357, "final_feature_diff": 0.3884629294354962, "final_feature_sim": 0.6263151456203262, "final_0_weight_diff": 0.0018874406814575195, "final_1_weight_diff": 0.0014574032975360751, "final_2_weight_diff": 0.0008979173726402223, "final_0_weight_sim": 0.7026336789131165, "final_1_weight_sim": 0.7582885026931763, "final_2_weight_sim": 0.8014535903930664, "best_weight_diff": 0.0007238856051117182, "best_weight_sim": 0.8597835302352905, "best_feature_diff": 0.33782418891348853, "best_feature_sim": 0.6903362806048131, "best_0_weight_diff": 0.0009962022304534912, "best_1_weight_diff": 0.0006973612471483648, "best_2_weight_diff": 0.000476977409562096, "best_0_weight_sim": 0.8203662633895874, "best_1_weight_sim": 0.8636656403541565, "best_2_weight_sim": 0.8867294788360596, "num_feature_traj": 120, "num_feature_timesteps": "106539", "final_test_returns": 3446.9125846973466, "final_test_normalized_returns": 89.70852459271268, "best_return": 3892.122555794392, "best_return_normalized": 100.29540236830648, "convergence_step": "35000", "convergence_iter": "7", "best_step": "35000", "best_iter": "7", "best_5percent_normalized": 100.29540236830648, "best_10percent_normalized": 98.37798368480082, "best_25percent_normalized": 95.61014365040147, "best_50percent_normalized": 92.36833076246856, "best_100percent_normalized": 88.6338760201044, "best_later_half_normalized": 85.90324870323775, "best_last_four_normalized": 86.9148558115015}