{
    "final_weight_diff": 0.0010525271063670516,
    "final_weight_sim": 0.7915852665901184,
    "final_feature_diff": 0.6809024585939075,
    "final_feature_sim": 0.6350891923412836,
    "final_0_weight_diff": 0.0011937165400013328,
    "final_1_weight_diff": 0.0010530040599405766,
    "final_2_weight_diff": 0.0009035528055392206,
    "final_0_weight_sim": 0.7569897174835205,
    "final_1_weight_sim": 0.7808743715286255,
    "final_2_weight_sim": 0.793350100517273,
    "best_weight_diff": 0.0009757817606441677,
    "best_weight_sim": 0.8043066263198853,
    "best_feature_diff": 0.6717108293820941,
    "best_feature_sim": 0.6436096452987602,
    "best_0_weight_diff": 0.0011214014375582337,
    "best_1_weight_diff": 0.0009733570041134953,
    "best_2_weight_diff": 0.000827064155600965,
    "best_0_weight_sim": 0.7700610756874084,
    "best_1_weight_sim": 0.7936058640480042,
    "best_2_weight_sim": 0.8067777156829834,
    "num_feature_traj": 20,
    "num_feature_timesteps": "20000",
    "final_test_returns": 4743.4339184710425,
    "final_test_normalized_returns": 40.46347531911441,
    "best_return": 4766.116704680037,
    "best_return_normalized": 40.64617736710635,
    "convergence_step": "35000",
    "convergence_iter": "7",
    "best_step": "90000",
    "best_iter": "18"
}