{"final_weight_diff": 0.00376918469555676, "final_weight_sim": 0.6442750096321106, "final_feature_diff": 0.8200165291643651, "final_feature_sim": 0.5391159447366216, "final_0_weight_diff": 0.0038531983736902475, "final_1_weight_diff": 0.0037592495791614056, "final_2_weight_diff": 0.003696731524541974, "final_0_weight_sim": 0.6284511685371399, "final_1_weight_sim": 0.6328221559524536, "final_2_weight_sim": 0.6254141926765442, "best_weight_diff": 0.0024811914190649986, "best_weight_sim": 0.7108888626098633, "best_feature_diff": 0.7156100115737875, "best_feature_sim": 0.6194965981018881, "best_0_weight_diff": 0.0026764171198010445, "best_1_weight_diff": 0.002385043539106846, "best_2_weight_diff": 0.0023824740201234818, "best_0_weight_sim": 0.6868651509284973, "best_1_weight_sim": 0.6995711326599121, "best_2_weight_sim": 0.696401834487915, "num_feature_traj": 109, "num_feature_timesteps": "31150", "final_test_returns": 3188.818261995276, "final_test_normalized_returns": 69.42752507312063, "best_return": 3371.881534954266, "best_return_normalized": 73.41524872567618, "convergence_step": "100000", "convergence_iter": "20", "best_step": "100000", "best_iter": "20", "best_5percent_normalized": 71.42138689939841, "best_10percent_normalized": 69.5041679732522, "best_25percent_normalized": 64.8471623162022, "best_50percent_normalized": 59.609493883104186, "best_100percent_normalized": 45.2483424541281, "best_later_half_normalized": 45.20708604356802}