{"final_weight_diff": 0.0011851233430206776, "final_weight_sim": 0.7840919494628906, "final_feature_diff": 0.31057148791071015, "final_feature_sim": 0.7086806398038551, "final_0_weight_diff": 0.0016124160028994083, "final_1_weight_diff": 0.0011620476143434644, "final_2_weight_diff": 0.0007751198136247694, "final_0_weight_sim": 0.7402205467224121, "final_1_weight_sim": 0.7845718860626221, "final_2_weight_sim": 0.820185124874115, "best_weight_diff": 0.0003822722937911749, "best_weight_sim": 0.9201585650444031, "best_feature_diff": 0.21821369763020462, "best_feature_sim": 0.807173307667996, "best_0_weight_diff": 0.0005089614423923194, "best_1_weight_diff": 0.0003688634606078267, "best_2_weight_diff": 0.00026856359909288585, "best_0_weight_sim": 0.90036541223526, "best_1_weight_sim": 0.9191872477531433, "best_2_weight_sim": 0.9334191083908081, "num_feature_traj": 100, "num_feature_timesteps": "100000", "final_test_returns": 4991.849630813233, "final_test_normalized_returns": 42.46437851416793, "best_return": 5100.418841203406, "best_return_normalized": 43.338866194137616, "convergence_step": "5000", "convergence_iter": "1", "best_step": "20000", "best_iter": "4", "best_5percent_normalized": 43.338866194137616, "best_10percent_normalized": 43.31990958686059, "best_25percent_normalized": 43.25170999244557, "best_50percent_normalized": 43.02409238871231, "best_100percent_normalized": 42.3408642074561, "best_later_half_normalized": 42.39969109975599, "best_last_four_normalized": 42.066194467425674}