{"final_weight_diff": 0.002248243195936084, "final_weight_sim": 0.6865427494049072, "final_feature_diff": 0.43881074978168866, "final_feature_sim": 0.5425048663978577, "final_0_weight_diff": 0.002452865010127425, "final_1_weight_diff": 0.0020885858684778214, "final_2_weight_diff": 0.002176497830078006, "final_0_weight_sim": 0.6227362155914307, "final_1_weight_sim": 0.6926624774932861, "final_2_weight_sim": 0.7208683490753174, "best_weight_diff": 0.0020426714327186346, "best_weight_sim": 0.7114593982696533, "best_feature_diff": 0.4355345118361928, "best_feature_sim": 0.5489974780469571, "best_0_weight_diff": 0.0022783696185797453, "best_1_weight_diff": 0.0018711601151153445, "best_2_weight_diff": 0.0019591469317674637, "best_0_weight_sim": 0.6444799900054932, "best_1_weight_sim": 0.7172279357910156, "best_2_weight_sim": 0.7472148537635803, "num_feature_traj": 48, "num_feature_timesteps": "28017", "final_test_returns": 3114.2349699596853, "final_test_normalized_returns": 81.79761182221685, "best_return": 3519.585340802262, "best_return_normalized": 91.43664758286596, "convergence_step": "25000", "convergence_iter": "5", "best_step": "85000", "best_iter": "17", "best_5percent_normalized": 91.43664758286596, "best_10percent_normalized": 91.06202054848026, "best_25percent_normalized": 90.31135941240518, "best_50percent_normalized": 86.86842918006374, "best_100percent_normalized": 79.74754362311796, "best_later_half_normalized": 82.76192134354872, "best_last_four_normalized": 84.22173718862362}