{"final_weight_diff": 0.0015538493171334267, "final_weight_sim": 0.8048256635665894, "final_feature_diff": 2.1682709320343814, "final_feature_sim": 0.3636819908309434, "final_0_weight_diff": 0.0020164884626865387, "final_1_weight_diff": 0.0015231440775096416, "final_2_weight_diff": 0.001113080303184688, "final_0_weight_sim": 0.7649518251419067, "final_1_weight_sim": 0.8029235005378723, "final_2_weight_sim": 0.7996890544891357, "best_weight_diff": 0.0015538493171334267, "best_weight_sim": 0.8048256635665894, "best_feature_diff": 2.1682709320343814, "best_feature_sim": 0.3636819908309434, "best_0_weight_diff": 0.0020164884626865387, "best_1_weight_diff": 0.0015231440775096416, "best_2_weight_diff": 0.001113080303184688, "best_0_weight_sim": 0.7649518251419067, "best_1_weight_sim": 0.8029235005378723, "best_2_weight_sim": 0.7996890544891357, "num_feature_traj": 223, "num_feature_timesteps": "196344", "final_test_returns": 5235.314019353727, "final_test_normalized_returns": 132.23584570313002, "best_return": 5235.314019353727, "best_return_normalized": 132.23584570313002, "convergence_step": "100000", "convergence_iter": "20", "best_step": "100000", "best_iter": "20", "best_5percent_normalized": 132.23584570313002, "best_10percent_normalized": 130.57027085077075, "best_25percent_normalized": 128.0979735737374, "best_50percent_normalized": 125.37271542075992, "best_100percent_normalized": 115.9978739647988, "best_later_half_normalized": 120.17040265281011, "best_last_four_normalized": 122.28886240950561}