{"final_weight_diff": 0.0021238273475319147, "final_weight_sim": 0.7191678285598755, "final_feature_diff": 0.3991272389995304, "final_feature_sim": 0.5447995818090259, "final_0_weight_diff": 0.002179640345275402, "final_1_weight_diff": 0.0018218199256807566, "final_2_weight_diff": 0.00236123357899487, "final_0_weight_sim": 0.6677229404449463, "final_1_weight_sim": 0.7331455945968628, "final_2_weight_sim": 0.7281985878944397, "best_weight_diff": 0.0018266304396092892, "best_weight_sim": 0.7513691186904907, "best_feature_diff": 0.38918972695603055, "best_feature_sim": 0.5588647502110484, "best_0_weight_diff": 0.0019114495953544974, "best_1_weight_diff": 0.0015502970200031996, "best_2_weight_diff": 0.0020123671274632215, "best_0_weight_sim": 0.6992790102958679, "best_1_weight_sim": 0.7631311416625977, "best_2_weight_sim": 0.7629991769790649, "num_feature_traj": 163, "num_feature_timesteps": "34862", "final_test_returns": 912.9124530453709, "final_test_normalized_returns": 28.673038131975705, "best_return": 2648.356242606361, "best_return_normalized": 81.99629006571912, "convergence_step": "80000", "convergence_iter": "16", "best_step": "80000", "best_iter": "16", "best_5percent_normalized": 81.99629006571912, "best_10percent_normalized": 79.71265865671913, "best_25percent_normalized": 73.81078974999187, "best_50percent_normalized": 60.3989165952244, "best_100percent_normalized": 44.98497351529309, "best_later_half_normalized": 44.151589643589276, "best_last_four_normalized": 44.65751283054877, "target_steps": 20000}