{
    "final_weight_diff": 0.0008959767874330282,
    "final_weight_sim": 0.8176286816596985,
    "final_feature_diff": 0.9267738823667653,
    "final_feature_sim": 0.7242226243231338,
    "final_0_weight_diff": 0.0012305111158639193,
    "final_1_weight_diff": 0.0008241704199463129,
    "final_2_weight_diff": 0.0006308974116109312,
    "final_0_weight_sim": 0.7532129287719727,
    "final_1_weight_sim": 0.79982590675354,
    "final_2_weight_sim": 0.8241927623748779,
    "best_weight_diff": 0.0003970318066421896,
    "best_weight_sim": 0.9070100784301758,
    "best_feature_diff": 0.4811307091702708,
    "best_feature_sim": 0.8588731575366269,
    "best_0_weight_diff": 0.0005010285531170666,
    "best_1_weight_diff": 0.0003845555183943361,
    "best_2_weight_diff": 0.0003053577383980155,
    "best_0_weight_sim": 0.8694632649421692,
    "best_1_weight_sim": 0.8914251923561096,
    "best_2_weight_sim": 0.9059202671051025,
    "num_feature_traj": 219,
    "num_feature_timesteps": "197797",
    "final_test_returns": 4927.601482032245,
    "final_test_normalized_returns": 107.30397544534476,
    "best_return": 4997.709461158583,
    "best_return_normalized": 108.8311591456908,
    "convergence_step": "15000",
    "convergence_iter": "3",
    "best_step": "30000",
    "best_iter": "6"
}