{"final_weight_diff": 0.0009395490633323789, "final_weight_sim": 0.8132693767547607, "final_feature_diff": 0.5195138513627815, "final_feature_sim": 0.6859414786855412, "final_0_weight_diff": 0.0012575138825923204, "final_1_weight_diff": 0.0008987508481368423, "final_2_weight_diff": 0.0006593339494429529, "final_0_weight_sim": 0.767793595790863, "final_1_weight_sim": 0.8099067211151123, "final_2_weight_sim": 0.8357740640640259, "best_weight_diff": 0.0002659051679074764, "best_weight_sim": 0.9370350241661072, "best_feature_diff": 0.22761444323921456, "best_feature_sim": 0.8654625621859773, "best_0_weight_diff": 0.00033090877695940435, "best_1_weight_diff": 0.00026270505622960627, "best_2_weight_diff": 0.00020408252021297812, "best_0_weight_sim": 0.9177771806716919, "best_1_weight_sim": 0.9328768849372864, "best_2_weight_sim": 0.9439823627471924, "num_feature_traj": 119, "num_feature_timesteps": "101758", "final_test_returns": 3407.2969110122003, "final_test_normalized_returns": 74.18671276916027, "best_return": 3733.669212557395, "best_return_normalized": 81.29618112605084, "convergence_step": "15000", "convergence_iter": "3", "best_step": "15000", "best_iter": "3", "best_5percent_normalized": 81.29618112605084, "best_10percent_normalized": 80.48597410961933, "best_25percent_normalized": 78.79289023295104, "best_50percent_normalized": 77.18183754695005, "best_100percent_normalized": 71.35034617389515, "best_later_half_normalized": 71.85853272711493, "best_last_four_normalized": 67.98080026918201, "target_steps": 5000}