{
    "final_weight_diff": 0.0015744121046736836,
    "final_weight_sim": 0.7456414103507996,
    "final_feature_diff": 0.5379274180350081,
    "final_feature_sim": 0.4478522191894147,
    "final_0_weight_diff": 0.001862801844254136,
    "final_1_weight_diff": 0.001615041051991284,
    "final_2_weight_diff": 0.0012332528131082654,
    "final_0_weight_sim": 0.7222150564193726,
    "final_1_weight_sim": 0.7386376857757568,
    "final_2_weight_sim": 0.7609867453575134,
    "best_weight_diff": 0.0007560955709777772,
    "best_weight_sim": 0.862104594707489,
    "best_feature_diff": 0.4260475307727494,
    "best_feature_sim": 0.6060781057970168,
    "best_0_weight_diff": 0.0010440556798130274,
    "best_1_weight_diff": 0.0007217844831757247,
    "best_2_weight_diff": 0.0005007236613892019,
    "best_0_weight_sim": 0.8355426788330078,
    "best_1_weight_sim": 0.8603512048721313,
    "best_2_weight_sim": 0.8846853375434875,
    "num_feature_traj": 48,
    "num_feature_timesteps": "28017",
    "final_test_returns": 3438.9800829373607,
    "final_test_normalized_returns": 89.51989353761589,
    "best_return": 3681.102418302458,
    "best_return_normalized": 95.27744556398967,
    "convergence_step": "35000",
    "convergence_iter": "7",
    "best_step": "35000",
    "best_iter": "7"
}