{"final_weight_diff": 0.0014179276768118143, "final_weight_sim": 0.782255232334137, "final_feature_diff": 0.5657227028818634, "final_feature_sim": 0.5159387140210174, "final_0_weight_diff": 0.001622139592655003, "final_1_weight_diff": 0.001530093839392066, "final_2_weight_diff": 0.0010966714471578598, "final_0_weight_sim": 0.759697675704956, "final_1_weight_sim": 0.76859450340271, "final_2_weight_sim": 0.8012536764144897, "best_weight_diff": 0.00018898549024015665, "best_weight_sim": 0.9637624621391296, "best_feature_diff": 0.24597802079142658, "best_feature_sim": 0.7754688795193546, "best_0_weight_diff": 0.00023025437258183956, "best_1_weight_diff": 0.00019997374329250306, "best_2_weight_diff": 0.00013669917825609446, "best_0_weight_sim": 0.9549455046653748, "best_1_weight_sim": 0.9597066044807434, "best_2_weight_sim": 0.9713686108589172, "num_feature_traj": 204, "num_feature_timesteps": "37349", "final_test_returns": 1281.664704491876, "final_test_normalized_returns": 40.00332109665254, "best_return": 2657.678964889224, "best_return_normalized": 82.28274006311325, "convergence_step": "10000", "convergence_iter": "2", "best_step": "10000", "best_iter": "2", "best_5percent_normalized": 82.28274006311325, "best_10percent_normalized": 81.8097076836985, "best_25percent_normalized": 72.66008553944563, "best_50percent_normalized": 59.758357852444234, "best_100percent_normalized": 44.45017623576824, "best_later_half_normalized": 45.23024217446492, "best_last_four_normalized": 52.538810774729626, "target_steps": 10000}