{
    "final_weight_diff": 0.0013393554836511612,
    "final_weight_sim": 0.7699608206748962,
    "final_feature_diff": 0.27999484352911225,
    "final_feature_sim": 0.7362805386158994,
    "final_0_weight_diff": 0.0017215467523783445,
    "final_1_weight_diff": 0.0013633620692417026,
    "final_2_weight_diff": 0.0009274189942516387,
    "final_0_weight_sim": 0.7262232303619385,
    "final_1_weight_sim": 0.771522045135498,
    "final_2_weight_sim": 0.8008625507354736,
    "best_weight_diff": 0.0011091105407103896,
    "best_weight_sim": 0.8024948239326477,
    "best_feature_diff": 0.26375007139624146,
    "best_feature_sim": 0.7553725692493023,
    "best_0_weight_diff": 0.0014557525282725692,
    "best_1_weight_diff": 0.0011118530528619885,
    "best_2_weight_diff": 0.0007561944657936692,
    "best_0_weight_sim": 0.7604986429214478,
    "best_1_weight_sim": 0.804470956325531,
    "best_2_weight_sim": 0.8321657180786133,
    "num_feature_traj": 43,
    "num_feature_timesteps": "40648",
    "final_test_returns": 4931.986003461776,
    "final_test_normalized_returns": 107.39948482593796,
    "best_return": 4978.672242594889,
    "best_return_normalized": 108.41646555085752,
    "convergence_step": "20000",
    "convergence_iter": "4",
    "best_step": "75000",
    "best_iter": "15"
}