{"final_weight_diff": 0.0009892660891637206, "final_weight_sim": 0.7905911207199097, "final_feature_diff": 0.23076589898403127, "final_feature_sim": 0.7574790918808709, "final_0_weight_diff": 0.0012247078120708466, "final_1_weight_diff": 0.0009322913829237223, "final_2_weight_diff": 0.0008099567494355142, "final_0_weight_sim": 0.748528003692627, "final_1_weight_sim": 0.7883098125457764, "final_2_weight_sim": 0.800244152545929, "best_weight_diff": 0.0009892660891637206, "best_weight_sim": 0.7905911207199097, "best_feature_diff": 0.23076589898403127, "best_feature_sim": 0.7574790918808709, "best_0_weight_diff": 0.0012247078120708466, "best_1_weight_diff": 0.0009322913829237223, "best_2_weight_diff": 0.0008099567494355142, "best_0_weight_sim": 0.748528003692627, "best_1_weight_sim": 0.7883098125457764, "best_2_weight_sim": 0.800244152545929, "num_feature_traj": 321, "num_feature_timesteps": "203500", "final_test_returns": 3646.906930648616, "final_test_normalized_returns": 112.6777619908683, "best_return": 3646.906930648616, "best_return_normalized": 112.6777619908683, "convergence_step": "25000", "convergence_iter": "5", "best_step": "100000", "best_iter": "20", "best_5percent_normalized": 112.6777619908683, "best_10percent_normalized": 112.62546114142053, "best_25percent_normalized": 112.14858658063872, "best_50percent_normalized": 109.37208540139832, "best_100percent_normalized": 90.17765124196282, "best_later_half_normalized": 100.28184950050881, "best_last_four_normalized": 110.70377281875305}