{"final_weight_diff": 0.0011437024222686887, "final_weight_sim": 0.7683337926864624, "final_feature_diff": 0.25048498491702964, "final_feature_sim": 0.6648216754562776, "final_0_weight_diff": 0.0012811233755201101, "final_1_weight_diff": 0.0010061342036351562, "final_2_weight_diff": 0.0011418320937082171, "final_0_weight_sim": 0.7375442385673523, "final_1_weight_sim": 0.7763162851333618, "final_2_weight_sim": 0.7551873326301575, "best_weight_diff": 0.0007806431967765093, "best_weight_sim": 0.8286981582641602, "best_feature_diff": 0.21898161884877304, "best_feature_sim": 0.7145823311966726, "best_0_weight_diff": 0.0009211107390001416, "best_1_weight_diff": 0.0006935458513908088, "best_2_weight_diff": 0.0007264890009537339, "best_0_weight_sim": 0.8011401891708374, "best_1_weight_sim": 0.8326327800750732, "best_2_weight_sim": 0.8224037289619446, "num_feature_traj": 72, "num_feature_timesteps": "58362", "final_test_returns": 3854.1389998287896, "final_test_normalized_returns": 99.39217177915464, "best_return": 3873.976173283264, "best_return_normalized": 99.86389016914998, "convergence_step": "15000", "convergence_iter": "3", "best_step": "55000", "best_iter": "11", "best_5percent_normalized": 99.86389016914998, "best_10percent_normalized": 99.62803097415231, "best_25percent_normalized": 98.05362544800516, "best_50percent_normalized": 95.51316592042575, "best_100percent_normalized": 88.73125641123298, "best_later_half_normalized": 89.32079923469855, "best_last_four_normalized": 89.6159094664507, "target_steps": 10000}