{"final_weight_diff": 0.001304268604144454, "final_weight_sim": 0.773057222366333, "final_feature_diff": 0.26441173245234595, "final_feature_sim": 0.7472525805489248, "final_0_weight_diff": 0.0016687028110027313, "final_1_weight_diff": 0.0013354590628296137, "final_2_weight_diff": 0.0009038893040269613, "final_0_weight_sim": 0.7281649112701416, "final_1_weight_sim": 0.7743411064147949, "final_2_weight_sim": 0.804212212562561, "best_weight_diff": 0.0002644708729349077, "best_weight_sim": 0.9443622827529907, "best_feature_diff": 0.14804094995189224, "best_feature_sim": 0.8657472312293694, "best_0_weight_diff": 0.0003396037791389972, "best_1_weight_diff": 0.00024658720940351486, "best_2_weight_diff": 0.0002070927293971181, "best_0_weight_sim": 0.9294784069061279, "best_1_weight_sim": 0.9460573792457581, "best_2_weight_sim": 0.9504612684249878, "num_feature_traj": 47, "num_feature_timesteps": "39704", "final_test_returns": 2963.766390280281, "final_test_normalized_returns": 64.52515084270455, "best_return": 3468.6413884865447, "best_return_normalized": 75.52299841413999, "convergence_step": "10000", "convergence_iter": "2", "best_step": "10000", "best_iter": "2", "best_5percent_normalized": 75.52299841413999, "best_10percent_normalized": 75.33305963664651, "best_25percent_normalized": 74.47041381877783, "best_50percent_normalized": 73.05414439599734, "best_100percent_normalized": 64.92414828585837, "best_later_half_normalized": 65.15131147356556, "best_last_four_normalized": 64.51694520238918, "target_steps": 10000}