{
    "final_weight_diff": 0.0023462935350835323,
    "final_weight_sim": 0.7333430647850037,
    "final_feature_diff": 0.22731320429239443,
    "final_feature_sim": 0.6923890970593025,
    "final_0_weight_diff": 0.002756158821284771,
    "final_1_weight_diff": 0.001825680024921894,
    "final_2_weight_diff": 0.0024547879584133625,
    "final_0_weight_sim": 0.6863033771514893,
    "final_1_weight_sim": 0.72431480884552,
    "final_2_weight_sim": 0.7475884556770325,
    "best_weight_diff": 0.0018584649078547955,
    "best_weight_sim": 0.7774776220321655,
    "best_feature_diff": 0.21421040041493905,
    "best_feature_sim": 0.7180454372987668,
    "best_0_weight_diff": 0.002266246359795332,
    "best_1_weight_diff": 0.0014393022283911705,
    "best_2_weight_diff": 0.0018688837299123406,
    "best_0_weight_sim": 0.7311580777168274,
    "best_1_weight_sim": 0.7696629762649536,
    "best_2_weight_sim": 0.7940918803215027,
    "num_feature_traj": 321,
    "num_feature_timesteps": "203500",
    "final_test_returns": 2848.15167269218,
    "final_test_normalized_returns": 88.13520514770619,
    "best_return": 3665.298371403424,
    "best_return_normalized": 113.24285746367596,
    "convergence_step": "70000",
    "convergence_iter": "14",
    "best_step": "70000",
    "best_iter": "14"
}