{
    "final_weight_diff": 0.0012283633695915341,
    "final_weight_sim": 0.7584280371665955,
    "final_feature_diff": 0.205397651809448,
    "final_feature_sim": 0.7515481202599152,
    "final_0_weight_diff": 0.0013626074651256204,
    "final_1_weight_diff": 0.00127907725982368,
    "final_2_weight_diff": 0.0010427400702610612,
    "final_0_weight_sim": 0.7340580821037292,
    "final_1_weight_sim": 0.7441878318786621,
    "final_2_weight_sim": 0.7611967325210571,
    "best_weight_diff": 0.00041020926437340677,
    "best_weight_sim": 0.9016311764717102,
    "best_feature_diff": 0.11041032526545962,
    "best_feature_sim": 0.8677145936916983,
    "best_0_weight_diff": 0.0004620464169420302,
    "best_1_weight_diff": 0.00040117755997925997,
    "best_2_weight_diff": 0.0003674610052257776,
    "best_0_weight_sim": 0.8890247344970703,
    "best_1_weight_sim": 0.8940485119819641,
    "best_2_weight_sim": 0.9019391536712646,
    "num_feature_traj": 43,
    "num_feature_timesteps": "19631",
    "final_test_returns": 1852.7602116528435,
    "final_test_normalized_returns": 57.550803642472566,
    "best_return": 2129.6174923761364,
    "best_return_normalized": 66.05752141604782,
    "convergence_step": "15000",
    "convergence_iter": "3",
    "best_step": "25000",
    "best_iter": "5"
}