{
    "final_weight_diff": 0.0011879175435751677,
    "final_weight_sim": 0.7855035066604614,
    "final_feature_diff": 0.8087310434140964,
    "final_feature_sim": 0.5146176594603461,
    "final_0_weight_diff": 0.00128370919264853,
    "final_1_weight_diff": 0.0012345387367531657,
    "final_2_weight_diff": 0.0010395109420642257,
    "final_0_weight_sim": 0.7643155455589294,
    "final_1_weight_sim": 0.7728009223937988,
    "final_2_weight_sim": 0.7798888087272644,
    "best_weight_diff": 0.0006002092268317938,
    "best_weight_sim": 0.8739363551139832,
    "best_feature_diff": 0.5371569109876686,
    "best_feature_sim": 0.6917278275463791,
    "best_0_weight_diff": 0.0006667496636509895,
    "best_1_weight_diff": 0.0006025736802257597,
    "best_2_weight_diff": 0.000530683493707329,
    "best_0_weight_sim": 0.855987012386322,
    "best_1_weight_sim": 0.8641916513442993,
    "best_2_weight_sim": 0.8690094947814941,
    "num_feature_traj": 109,
    "num_feature_timesteps": "31150",
    "final_test_returns": 2829.483441028964,
    "final_test_normalized_returns": 61.60002400426791,
    "best_return": 3274.395792795249,
    "best_return_normalized": 71.29168678170542,
    "convergence_step": "40000",
    "convergence_iter": "8",
    "best_step": "40000",
    "best_iter": "8"
}