{"final_weight_diff": 0.0017106817103922367, "final_weight_sim": 0.7569021582603455, "final_feature_diff": 0.1632538393656595, "final_feature_sim": 0.7730809877397135, "final_0_weight_diff": 0.0022307850886136293, "final_1_weight_diff": 0.0016371026868000627, "final_2_weight_diff": 0.001259831478819251, "final_0_weight_sim": 0.7220511436462402, "final_1_weight_sim": 0.7696287035942078, "final_2_weight_sim": 0.7765744924545288, "best_weight_diff": 0.0013384309131652117, "best_weight_sim": 0.8015252351760864, "best_feature_diff": 0.15870739797735361, "best_feature_sim": 0.782289869729794, "best_0_weight_diff": 0.00174737221095711, "best_1_weight_diff": 0.0012850442435592413, "best_2_weight_diff": 0.0009801873238757253, "best_0_weight_sim": 0.7727105617523193, "best_1_weight_sim": 0.810031533241272, "best_2_weight_sim": 0.8192443251609802, "num_feature_traj": 200, "num_feature_timesteps": "200000", "final_test_returns": 9283.825532837913, "final_test_normalized_returns": 77.03476947085703, "best_return": 10955.095637256982, "best_return_normalized": 90.49627583130484, "convergence_step": "70000", "convergence_iter": "14", "best_step": "70000", "best_iter": "14", "best_5percent_normalized": 90.49627583130484, "best_10percent_normalized": 89.7669761081435, "best_25percent_normalized": 83.22655436023587, "best_50percent_normalized": 69.80192462009133, "best_100percent_normalized": 55.66275476424149, "best_later_half_normalized": 67.7333888028268, "best_last_four_normalized": 77.58528833878546, "target_steps": 