{
    "final_weight_diff": 0.001037052134051919,
    "final_weight_sim": 0.8010179996490479,
    "final_feature_diff": 1.0733317023883604,
    "final_feature_sim": 0.5927519443447078,
    "final_0_weight_diff": 0.0012579208705574274,
    "final_1_weight_diff": 0.0010544813703745604,
    "final_2_weight_diff": 0.000797554268501699,
    "final_0_weight_sim": 0.7567762136459351,
    "final_1_weight_sim": 0.7772693037986755,
    "final_2_weight_sim": 0.8031558394432068,
    "best_weight_diff": 0.000991031527519226,
    "best_weight_sim": 0.8077421188354492,
    "best_feature_diff": 1.0480329072140728,
    "best_feature_sim": 0.6030641380583106,
    "best_0_weight_diff": 0.0012051721569150686,
    "best_1_weight_diff": 0.0010048983385786414,
    "best_2_weight_diff": 0.000761943927500397,
    "best_0_weight_sim": 0.7638660669326782,
    "best_1_weight_sim": 0.7847210764884949,
    "best_2_weight_sim": 0.8100466132164001,
    "num_feature_traj": 321,
    "num_feature_timesteps": "203500",
    "final_test_returns": 3046.8183614841737,
    "final_test_normalized_returns": 94.23943852076052,
    "best_return": 3614.943200781588,
    "best_return_normalized": 111.69564431543908,
    "convergence_step": "70000",
    "convergence_iter": "14",
    "best_step": "95000",
    "best_iter": "19"
}