current_itr_train_time	current_itr_train_loss_mean	current_itr_train_loss_std	current_itr_eval_12000_return_mean	current_itr_eval_12000_return_std	current_itr_eval_12000_length_mean	current_itr_eval_12000_length_std	current_itr_eval_6000_return_mean	current_itr_eval_6000_return_std	current_itr_eval_6000_length_mean	current_itr_eval_6000_length_std	TestEpRet	TestEpNormRet	Iteration	Steps	total_time	current_eval_time
1833.7707102298737	0.19917555592879652	0.26456456231849673	4772.776502677229	425.1014582948211	1000.0	0.0	4616.866973457039	972.1718207973717	1000.0	0.0	4616.866973457039	39.44402207165704	1	5000	1982.0599839687347	148.2885503768921
1799.1452403068542	0.04334203444197774	0.005801629074076492	4856.974089622304	135.95407561521068	1000.0	0.0	4349.347131265594	862.9280691857134	1000.0	0.0	4349.347131265594	37.28924167578685	2	10000	3960.012499809265	178.58624124526978
1782.5169956684113	0.03693702409788966	0.0038255689141510857	4970.218024797163	78.36811554703978	1000.0	0.0	4846.589867531611	676.8375819115652	1000.0	0.0	4846.589867531611	41.29436103933709	3	15000	6057.3228232860565	314.6475727558136
1660.2973380088806	0.03480197441801429	0.0036669854328290055	5043.662570066957	168.0296809431742	1000.0	0.0	4970.044111807976	162.04642054056038	1000.0	0.0	4970.044111807976	42.28874255202994	4	20000	8265.235160827637	547.3089942932129
