{"final_weight_diff": 0.0011015897616744041, "final_weight_sim": 0.7878432273864746, "final_feature_diff": 0.3068060399481543, "final_feature_sim": 0.7030032379480589, "final_0_weight_diff": 0.001208918634802103, "final_1_weight_diff": 0.001219315454363823, "final_2_weight_diff": 0.0008745305822230875, "final_0_weight_sim": 0.7632192969322205, "final_1_weight_sim": 0.7654553055763245, "final_2_weight_sim": 0.7977060079574585, "best_weight_diff": 0.0008059470565058291, "best_weight_sim": 0.8319808840751648, "best_feature_diff": 0.2648404640795801, "best_feature_sim": 0.7435344496523003, "best_0_weight_diff": 0.0009084477787837386, "best_1_weight_diff": 0.0008765975944697857, "best_2_weight_diff": 0.0006320688407868147, "best_0_weight_sim": 0.8080995678901672, "best_1_weight_sim": 0.8122814893722534, "best_2_weight_sim": 0.8417576551437378, "num_feature_traj": 204, "num_feature_timesteps": "37349", "final_test_returns": 1314.1447124246308, "final_test_normalized_returns": 41.00130193373076, "best_return": 2501.163586388029, "best_return_normalized": 77.47364799713765, "convergence_step": "70000", "convergence_iter": "14", "best_step": "70000", "best_iter": "14", "best_5percent_normalized": 77.47364799713765, "best_10percent_normalized": 76.74579392759625, "best_25percent_normalized": 73.24120941036722, "best_50percent_normalized": 62.29587273084269, "best_100percent_normalized": 45.56807934970398, "best_later_half_normalized": 60.77914454076547, "best_last_four_normalized": 64.00823435543269, "target_steps": 50000}