{"final_weight_diff": 0.0012648842530325055, "final_weight_sim": 0.7727517485618591, "final_feature_diff": 0.9142466028455057, "final_feature_sim": 0.3840471662917487, "final_0_weight_diff": 0.0014435327611863613, "final_1_weight_diff": 0.0012258338974788785, "final_2_weight_diff": 0.001115705817937851, "final_0_weight_sim": 0.7450804710388184, "final_1_weight_sim": 0.7692341804504395, "final_2_weight_sim": 0.7715545892715454, "best_weight_diff": 0.0006543636554852128, "best_weight_sim": 0.866199791431427, "best_feature_diff": 0.740264988715002, "best_feature_sim": 0.5421388598675643, "best_0_weight_diff": 0.0008423667750321329, "best_1_weight_diff": 0.0006043468019925058, "best_2_weight_diff": 0.0005154885584488511, "best_0_weight_sim": 0.8353121876716614, "best_1_weight_sim": 0.8652953505516052, "best_2_weight_sim": 0.8737829327583313, "num_feature_traj": 48, "num_feature_timesteps": "28017", "final_test_returns": 3390.4456459805588, "final_test_normalized_returns": 88.36576810169448, "best_return": 3554.791294943653, "best_return_normalized": 92.27382814409562, "convergence_step": "40000", "convergence_iter": "8", "best_step": "40000", "best_iter": "8", "best_5percent_normalized": 92.27382814409562, "best_10percent_normalized": 92.15112206006648, "best_25percent_normalized": 91.07374878896418, "best_50percent_normalized": 87.68440689831091, "best_100percent_normalized": 79.80031178105143, "best_later_half_normalized": 84.51883338016249, "best_last_four_normalized": 84.63538600738156}