{"final_weight_diff": 0.0017719694878906012, "final_weight_sim": 0.7061713933944702, "final_feature_diff": 0.5067551612392069, "final_feature_sim": 0.4552216727700385, "final_0_weight_diff": 0.002088403794914484, "final_1_weight_diff": 0.0018434617668390274, "final_2_weight_diff": 0.0013662040000781417, "final_0_weight_sim": 0.6645197868347168, "final_1_weight_sim": 0.7051374912261963, "final_2_weight_sim": 0.7330631613731384, "best_weight_diff": 0.0017719694878906012, "best_weight_sim": 0.7061713933944702, "best_feature_diff": 0.5067551612392069, "best_feature_sim": 0.4552216727700385, "best_0_weight_diff": 0.002088403794914484, "best_1_weight_diff": 0.0018434617668390274, "best_2_weight_diff": 0.0013662040000781417, "best_0_weight_sim": 0.6645197868347168, "best_1_weight_sim": 0.7051374912261963, "best_2_weight_sim": 0.7330631613731384, "num_feature_traj": 9, "num_feature_timesteps": "4688", "final_test_returns": 3489.161044926184, "final_test_normalized_returns": 90.71317254241512, "best_return": 3489.161044926184, "best_return_normalized": 90.71317254241512, "convergence_step": "100000", "convergence_iter": "20", "best_step": "100000", "best_iter": "20", "best_5percent_normalized": 90.71317254241512, "best_10percent_normalized": 89.70691353168732, "best_25percent_normalized": 88.3187785193792, "best_50percent_normalized": 85.27744330796622, "best_100percent_normalized": 79.73396784859783, "best_later_half_normalized": 77.72411374835917, "best_last_four_normalized": 82.38940023563735, "target_steps": 10000}