{"final_weight_diff": 0.001299712690524757, "final_weight_sim": 0.7512810826301575, "final_feature_diff": 0.26626931342954263, "final_feature_sim": 0.6707529963352882, "final_0_weight_diff": 0.001500705606304109, "final_1_weight_diff": 0.0011475032661110163, "final_2_weight_diff": 0.0012473667738959193, "final_0_weight_sim": 0.7225325703620911, "final_1_weight_sim": 0.7557965517044067, "final_2_weight_sim": 0.7418816685676575, "best_weight_diff": 0.001299712690524757, "best_weight_sim": 0.7512810826301575, "best_feature_diff": 0.26626931342954263, "best_feature_sim": 0.6707529963352882, "best_0_weight_diff": 0.001500705606304109, "best_1_weight_diff": 0.0011475032661110163, "best_2_weight_diff": 0.0012473667738959193, "best_0_weight_sim": 0.7225325703620911, "best_1_weight_sim": 0.7557965517044067, "best_2_weight_sim": 0.7418816685676575, "num_feature_traj": 223, "num_feature_timesteps": "196344", "final_test_returns": 4941.182535546881, "final_test_normalized_returns": 125.24154128235512, "best_return": 4941.182535546881, "best_return_normalized": 125.24154128235512, "convergence_step": "100000", "convergence_iter": "20", "best_step": "100000", "best_iter": "20", "best_5percent_normalized": 125.24154128235512, "best_10percent_normalized": 123.40792385324501, "best_25percent_normalized": 119.65318939884874, "best_50percent_normalized": 114.09028593014219, "best_100percent_normalized": 102.60420520060666, "best_later_half_normalized": 105.16500959778, "best_last_four_normalized": 111.76847476469591}