{"final_weight_diff": 0.0016321719158440828, "final_weight_sim": 0.7374868392944336, "final_feature_diff": 0.30482392155436955, "final_feature_sim": 0.6752821769467133, "final_0_weight_diff": 0.0019109444692730904, "final_1_weight_diff": 0.0016744086751714349, "final_2_weight_diff": 0.0013019056059420109, "final_0_weight_sim": 0.7029482126235962, "final_1_weight_sim": 0.7376039028167725, "final_2_weight_sim": 0.7541676759719849, "best_weight_diff": 0.0010924499947577715, "best_weight_sim": 0.8113812208175659, "best_feature_diff": 0.27468155180682113, "best_feature_sim": 0.7174241335896239, "best_0_weight_diff": 0.0013401606120169163, "best_1_weight_diff": 0.0011007225839421153, "best_2_weight_diff": 0.0008337147301062942, "best_0_weight_sim": 0.7807905077934265, "best_1_weight_sim": 0.8110029697418213, "best_2_weight_sim": 0.8276225328445435, "num_feature_traj": 874, "num_feature_timesteps": "243928", "final_test_returns": 2256.5944628358875, "final_test_normalized_returns": 49.12060696062811, "best_return": 3321.9744989578176, "best_return_normalized": 72.32810839077916, "convergence_step": "55000", "convergence_iter": "11", "best_step": "55000", "best_iter": "11", "best_5percent_normalized": 72.32810839077916, "best_10percent_normalized": 70.34011644768626, "best_25percent_normalized": 67.68683459848458, "best_50percent_normalized": 64.44152895470499, "best_100percent_normalized": 52.47290496285556, "best_later_half_normalized": 59.00890449197194, "best_last_four_normalized": 56.944538572536544, "target_steps": 15000}