{"final_weight_diff": 0.0010867223609238863, "final_weight_sim": 0.7793146967887878, "final_feature_diff": 0.2855578148125228, "final_feature_sim": 0.7437805258019268, "final_0_weight_diff": 0.0014089859323576093, "final_1_weight_diff": 0.001078633009456098, "final_2_weight_diff": 0.0007700296700932086, "final_0_weight_sim": 0.7436688542366028, "final_1_weight_sim": 0.7670983076095581, "final_2_weight_sim": 0.8011195659637451, "best_weight_diff": 0.000645885884296149, "best_weight_sim": 0.8555945158004761, "best_feature_diff": 0.23386117461246897, "best_feature_sim": 0.7998197035940273, "best_0_weight_diff": 0.0008304030634462833, "best_1_weight_diff": 0.0006211684667505324, "best_2_weight_diff": 0.0004856819869019091, "best_0_weight_sim": 0.830651044845581, "best_1_weight_sim": 0.8467994928359985, "best_2_weight_sim": 0.8660938143730164, "num_feature_traj": 200, "num_feature_timesteps": "200000", "final_test_returns": 5051.642663561521, "final_test_normalized_returns": 42.94599084512704, "best_return": 6253.599696223365, "best_return_normalized": 52.62734169163581, "convergence_step": "45000", "convergence_iter": "9", "best_step": "45000", "best_iter": "9", "best_5percent_normalized": 52.62734169163581, "best_10percent_normalized": 49.859610186078925, "best_25percent_normalized": 46.33768952037142, "best_50percent_normalized": 44.69271571117735, "best_100percent_normalized": 43.159725513304, "best_later_half_normalized": 43.59059903268798, "best_last_four_normalized": 43.463778960198695, "target_steps": 10000}