{"final_weight_diff": 0.0009950344683602452, "final_weight_sim": 0.798769474029541, "final_feature_diff": 0.24116906459333018, "final_feature_sim": 0.785530234425452, "final_0_weight_diff": 0.0011607519118115306, "final_1_weight_diff": 0.0010197493247687817, "final_2_weight_diff": 0.000802865601144731, "final_0_weight_sim": 0.7654297351837158, "final_1_weight_sim": 0.786503791809082, "final_2_weight_sim": 0.8081285953521729, "best_weight_diff": 0.0004823099880013615, "best_weight_sim": 0.8882538676261902, "best_feature_diff": 0.17459708352599346, "best_feature_sim": 0.8485064978148622, "best_0_weight_diff": 0.0005745303933508694, "best_1_weight_diff": 0.00046537528396584094, "best_2_weight_diff": 0.0004069195128977299, "best_0_weight_sim": 0.8645466566085815, "best_1_weight_sim": 0.8831878900527954, "best_2_weight_sim": 0.8908785581588745, "num_feature_traj": 119, "num_feature_timesteps": "101758", "final_test_returns": 3400.398190490043, "final_test_normalized_returns": 74.0364358154387, "best_return": 3575.012294475704, "best_return_normalized": 77.84010861817177, "convergence_step": "30000", "convergence_iter": "6", "best_step": "35000", "best_iter": "7", "best_5percent_normalized": 77.84010861817177, "best_10percent_normalized": 77.42371269314438, "best_25percent_normalized": 76.7688661309503, "best_50percent_normalized": 75.29582288576846, "best_100percent_normalized": 69.7058127423691, "best_later_half_normalized": 68.65338038161798, "best_last_four_normalized": 70.10881988774494}