{"final_weight_diff": 0.0022227053996175528, "final_weight_sim": 0.7122085094451904, "final_feature_diff": 0.8753321050155066, "final_feature_sim": 0.5582067218365684, "final_0_weight_diff": 0.002700895071029663, "final_1_weight_diff": 0.0021647156681865454, "final_2_weight_diff": 0.0018036492401733994, "final_0_weight_sim": 0.6768057346343994, "final_1_weight_sim": 0.698326826095581, "final_2_weight_sim": 0.7144975662231445, "best_weight_diff": 0.000719263858627528, "best_weight_sim": 0.8609646558761597, "best_feature_diff": 0.5265800925080052, "best_feature_sim": 0.7371709097410408, "best_0_weight_diff": 0.0008615023107267916, "best_1_weight_diff": 0.0007069267448969185, "best_2_weight_diff": 0.0005897049559280276, "best_0_weight_sim": 0.8313241600990295, "best_1_weight_sim": 0.8495888113975525, "best_2_weight_sim": 0.8655654191970825, "num_feature_traj": 120, "num_feature_timesteps": "106539", "final_test_returns": 3541.290680188036, "final_test_normalized_returns": 91.95279005512175, "best_return": 3925.942898495148, "best_return_normalized": 101.09963375966394, "convergence_step": "15000", "convergence_iter": "3", "best_step": "15000", "best_iter": "3", "best_5percent_normalized": 101.09963375966394, "best_10percent_normalized": 100.15910649092424, "best_25percent_normalized": 99.12876356968027, "best_50percent_normalized": 95.1780929017527, "best_100percent_normalized": 86.70210989903345, "best_later_half_normalized": 82.07703821035065, "best_last_four_normalized": 84.47998331663439}