{"final_weight_diff": 0.001197635312564671, "final_weight_sim": 0.774703860282898, "final_feature_diff": 1.7567748982967324, "final_feature_sim": 0.2895244338312299, "final_0_weight_diff": 0.001390273915603757, "final_1_weight_diff": 0.0013357511488720775, "final_2_weight_diff": 0.0008634334080852568, "final_0_weight_sim": 0.7272940278053284, "final_1_weight_sim": 0.7346014976501465, "final_2_weight_sim": 0.7896872162818909, "best_weight_diff": 0.0011200964218005538, "best_weight_sim": 0.7859716415405273, "best_feature_diff": 1.7452963211954347, "best_feature_sim": 0.29722648763400916, "best_0_weight_diff": 0.0013138257199898362, "best_1_weight_diff": 0.0012396217789500952, "best_2_weight_diff": 0.0008038519299589097, "best_0_weight_sim": 0.7391523122787476, "best_1_weight_sim": 0.7475293278694153, "best_2_weight_sim": 0.8008647561073303, "num_feature_traj": 120, "num_feature_timesteps": "106539", "final_test_returns": 3080.6579563878768, "final_test_normalized_returns": 80.99916667985343, "best_return": 3818.767697993543, "best_return_normalized": 98.5510593297397, "convergence_step": "15000", "convergence_iter": "3", "best_step": "90000", "best_iter": "18", "best_5percent_normalized": 98.5510593297397, "best_10percent_normalized": 98.43265377166983, "best_25percent_normalized": 96.53744176353841, "best_50percent_normalized": 92.80773620002, "best_100percent_normalized": 86.35661143592866, "best_later_half_normalized": 85.9919594995479, "best_last_four_normalized": 91.1161815328849, "target_steps": 10000}