{
    "final_weight_diff": 0.001589756808243692,
    "final_weight_sim": 0.7409886717796326,
    "final_feature_diff": 0.36125750251887007,
    "final_feature_sim": 0.6499507274604975,
    "final_0_weight_diff": 0.002095155417919159,
    "final_1_weight_diff": 0.001611128100194037,
    "final_2_weight_diff": 0.0010549129219725728,
    "final_0_weight_sim": 0.6960874199867249,
    "final_1_weight_sim": 0.7451887726783752,
    "final_2_weight_sim": 0.7753338813781738,
    "best_weight_diff": 0.0012846969766542315,
    "best_weight_sim": 0.7800102233886719,
    "best_feature_diff": 0.34744005611981477,
    "best_feature_sim": 0.6700327808598922,
    "best_0_weight_diff": 0.0017332971328869462,
    "best_1_weight_diff": 0.0012874321546405554,
    "best_2_weight_diff": 0.0008288667886517942,
    "best_0_weight_sim": 0.735535740852356,
    "best_1_weight_sim": 0.7835414409637451,
    "best_2_weight_sim": 0.8152351379394531,
    "num_feature_traj": 89,
    "num_feature_timesteps": "79322",
    "final_test_returns": 4926.453315291537,
    "final_test_normalized_returns": 124.891287548844,
    "best_return": 5351.050965991557,
    "best_return_normalized": 134.98801431506806,
    "convergence_step": "35000",
    "convergence_iter": "7",
    "best_step": "70000",
    "best_iter": "14"
}