{"final_weight_diff": 0.001250699395313859, "final_weight_sim": 0.7579031586647034, "final_feature_diff": 0.20076851240276353, "final_feature_sim": 0.774089307772952, "final_0_weight_diff": 0.00148771854583174, "final_1_weight_diff": 0.0012936696875840425, "final_2_weight_diff": 0.0009691955638118088, "final_0_weight_sim": 0.7269272804260254, "final_1_weight_sim": 0.7431063055992126, "final_2_weight_sim": 0.77385413646698, "best_weight_diff": 0.0010557528585195541, "best_weight_sim": 0.7864066362380981, "best_feature_diff": 0.18726860771982262, "best_feature_sim": 0.791358865405576, "best_0_weight_diff": 0.001268819672986865, "best_1_weight_diff": 0.0010830352548509836, "best_2_weight_diff": 0.0008145232568494976, "best_0_weight_sim": 0.7563276886940002, "best_1_weight_sim": 0.771821141242981, "best_2_weight_sim": 0.8027517199516296, "num_feature_traj": 128, "num_feature_timesteps": "81102", "final_test_returns": 3145.586392320928, "final_test_normalized_returns": 97.2741853808938, "best_return": 3562.8918145941047, "best_return_normalized": 110.09631324181332, "convergence_step": "80000", "convergence_iter": "16", "best_step": "80000", "best_iter": "16", "best_5percent_normalized": 110.09631324181332, "best_10percent_normalized": 108.61752299294591, "best_25percent_normalized": 103.59683870657747, "best_50percent_normalized": 100.00790560102702, "best_100percent_normalized": 86.69606628001037, "best_later_half_normalized": 91.5281046054836, "best_last_four_normalized": 84.35531740407976, "target_steps": 5000}