{"final_weight_diff": 0.001095801591873169, "final_weight_sim": 0.7775669097900391, "final_feature_diff": 0.24482605033187427, "final_feature_sim": 0.7537964025994075, "final_0_weight_diff": 0.0012291045859456062, "final_1_weight_diff": 0.0009948305087164044, "final_2_weight_diff": 0.0010623824782669544, "final_0_weight_sim": 0.7505234479904175, "final_1_weight_sim": 0.7789447903633118, "final_2_weight_sim": 0.7668746709823608, "best_weight_diff": 0.0009760116809047759, "best_weight_sim": 0.7964963316917419, "best_feature_diff": 0.23321999633025683, "best_feature_sim": 0.7682070385621612, "best_0_weight_diff": 0.0011101048439741135, "best_1_weight_diff": 0.000886290508788079, "best_2_weight_diff": 0.0009308777516707778, "best_0_weight_sim": 0.7700992822647095, "best_1_weight_sim": 0.7972515821456909, "best_2_weight_sim": 0.7875715494155884, "num_feature_traj": 119, "num_feature_timesteps": "101758", "final_test_returns": 3458.6377728517887, "final_test_normalized_returns": 75.30508657397134, "best_return": 3723.722480831694, "best_return_normalized": 81.07950840559158, "convergence_step": "85000", "convergence_iter": "17", "best_step": "85000", "best_iter": "17", "best_5percent_normalized": 81.07950840559158, "best_10percent_normalized": 79.4900657818996, "best_25percent_normalized": 77.53598651308829, "best_50percent_normalized": 75.44815030703174, "best_100percent_normalized": 68.85719572714822, "best_later_half_normalized": 72.80353170762008, "best_last_four_normalized": 76.49322474552888}