{"final_weight_diff": 0.001060587354004383, "final_weight_sim": 0.7864519357681274, "final_feature_diff": 0.20604287639496274, "final_feature_sim": 0.7487799275395199, "final_0_weight_diff": 0.0012597352033481002, "final_1_weight_diff": 0.0010257872054353356, "final_2_weight_diff": 0.0008951527997851372, "final_0_weight_sim": 0.7648381590843201, "final_1_weight_sim": 0.7758151888847351, "final_2_weight_sim": 0.7869300842285156, "best_weight_diff": 0.0009300633100792766, "best_weight_sim": 0.8068615794181824, "best_feature_diff": 0.19242833399547582, "best_feature_sim": 0.7707292290549994, "best_0_weight_diff": 0.0011157890548929572, "best_1_weight_diff": 0.0008907887968234718, "best_2_weight_diff": 0.0007829021778889, "best_0_weight_sim": 0.7857747673988342, "best_1_weight_sim": 0.7973237037658691, "best_2_weight_sim": 0.8074272274971008, "num_feature_traj": 321, "num_feature_timesteps": "203500", "final_test_returns": 3588.7289375464643, "final_test_normalized_returns": 110.89018477180412, "best_return": 3622.202292509139, "best_return_normalized": 111.91868719318984, "convergence_step": "85000", "convergence_iter": "17", "best_step": "85000", "best_iter": "17", "best_5percent_normalized": 111.91868719318984, "best_10percent_normalized": 111.40443598249698, "best_25percent_normalized": 108.96992094027141, "best_50percent_normalized": 103.04221416191808, "best_100percent_normalized": 83.89692613848133, "best_later_half_normalized": 94.1952287684687, "best_last_four_normalized": 99.72890434878786, "target_steps": 25000}