{
    "final_weight_diff": 0.0015334350755438209,
    "final_weight_sim": 0.7355392575263977,
    "final_feature_diff": 0.11306356860027761,
    "final_feature_sim": 0.6864644896763873,
    "final_0_weight_diff": 0.0017167734913527966,
    "final_1_weight_diff": 0.0014985103625804186,
    "final_2_weight_diff": 0.0013748195488005877,
    "final_0_weight_sim": 0.7103397250175476,
    "final_1_weight_sim": 0.7307056784629822,
    "final_2_weight_sim": 0.741691529750824,
    "best_weight_diff": 0.0006664490210823715,
    "best_weight_sim": 0.8651402592658997,
    "best_feature_diff": 0.10164459258873178,
    "best_feature_sim": 0.8026166219163305,
    "best_0_weight_diff": 0.0007253476069308817,
    "best_1_weight_diff": 0.0005916400696150959,
    "best_2_weight_diff": 0.0006820196867920458,
    "best_0_weight_sim": 0.8589881062507629,
    "best_1_weight_sim": 0.8638031482696533,
    "best_2_weight_sim": 0.85038161277771,
    "num_feature_traj": 109,
    "num_feature_timesteps": "31150",
    "final_test_returns": 2423.2464287831094,
    "final_test_normalized_returns": 52.75083805838354,
    "best_return": 3762.4295703012526,
    "best_return_normalized": 81.92267685606454,
    "convergence_step": "25000",
    "convergence_iter": "5",
    "best_step": "25000",
    "best_iter": "5"
}