current_itr_train_time	current_itr_train_loss_mean	current_itr_train_loss_std	current_itr_eval_2000_return_mean	current_itr_eval_2000_return_std	current_itr_eval_2000_length_mean	current_itr_eval_2000_length_std	current_itr_eval_5000_return_mean	current_itr_eval_5000_return_std	current_itr_eval_5000_length_mean	current_itr_eval_5000_length_std	TestEpRet	TestEpNormRet	Iteration	Steps	total_time	current_eval_time
550.9167959690094	0.09817255029603839	0.09367979995115178	2816.021929279569	768.1321140408149	981.7	54.9	2693.171727346945	1064.1314149008044	877.5	245.99806909811306	2693.171727346945	71.7849315708022	1	5000	664.9940276145935	114.07652044296265
547.2800171375275	0.05209208843298256	0.009001619560718531	3028.2410883185066	746.2258303678433	924.5	172.28769543992397	3226.864327907885	940.3670353498372	1000.0	0.0	3226.864327907885	84.47588347817957	2	10000	1329.3480999469757	117.0600643157959
545.9489653110504	0.04811252316609025	0.008358341274859776	2305.829719615825	1169.945363462202	749.9	357.0298166820245	2435.2632701434645	1052.6562282899279	792.7	278.59829504144494	2435.2632701434645	65.65199320246984	3	15000	1966.8878693580627	91.55764150619507
540.9064416885376	0.04598808648735285	0.008161803253343121	2692.492049066708	910.5820103633924	895.2	213.1805807291086	3647.6734238695317	214.0166630509598	1000.0	0.0	3647.6734238695317	94.48252024515568	4	20000	2619.3021354675293	111.492436170578
538.1998369693756	0.04440547476187348	0.007689402174916963	2643.008801841614	1100.0815439842754	797.1	323.758999874907	3039.8794698790525	1112.9722297444068	821.7	289.11936981115605	3039.8794698790525	80.02947399422283	5	25000	3251.424278974533	93.90039944648743
537.5849235057831	0.0429711819820106	0.007136417403609285	3081.649134169971	778.084156275343	916.5	185.6810437282169	3541.9770889974498	543.2092171254817	952.0	144.0	3541.9770889974498	91.9691125246106	6	30000	3894.2286410331726	105.18849778175354
