{
    "final_weight_diff": 0.001195048214867711,
    "final_weight_sim": 0.7832828760147095,
    "final_feature_diff": 0.3490269409592664,
    "final_feature_sim": 0.6711066402706328,
    "final_0_weight_diff": 0.0014214038383215666,
    "final_1_weight_diff": 0.0012444386957213283,
    "final_2_weight_diff": 0.0009136301232501864,
    "final_0_weight_sim": 0.7550071477890015,
    "final_1_weight_sim": 0.7784411311149597,
    "final_2_weight_sim": 0.7994991540908813,
    "best_weight_diff": 0.0005621128948405385,
    "best_weight_sim": 0.8856238722801208,
    "best_feature_diff": 0.27189819679665916,
    "best_feature_sim": 0.7559551073218965,
    "best_0_weight_diff": 0.0006745696300640702,
    "best_1_weight_diff": 0.0005706127849407494,
    "best_2_weight_diff": 0.00044013772276230156,
    "best_0_weight_sim": 0.867217481136322,
    "best_1_weight_sim": 0.8822600245475769,
    "best_2_weight_sim": 0.894521176815033,
    "num_feature_traj": 100,
    "num_feature_timesteps": "100000",
    "final_test_returns": 4950.804942008972,
    "final_test_normalized_returns": 42.13377765082442,
    "best_return": 5080.59997767435,
    "best_return_normalized": 43.17923205914783,
    "convergence_step": "10000",
    "convergence_iter": "2",
    "best_step": "35000",
    "best_iter": "7"
}