{
    "final_weight_diff": 0.0011488822055980563,
    "final_weight_sim": 0.7751648426055908,
    "final_feature_diff": 0.18602836355838553,
    "final_feature_sim": 0.7343958261100642,
    "final_0_weight_diff": 0.0014612030936405063,
    "final_1_weight_diff": 0.001091158133931458,
    "final_2_weight_diff": 0.0008920477703213692,
    "final_0_weight_sim": 0.7421333193778992,
    "final_1_weight_sim": 0.7695001363754272,
    "final_2_weight_sim": 0.7887865304946899,
    "best_weight_diff": 0.0011488822055980563,
    "best_weight_sim": 0.7751648426055908,
    "best_feature_diff": 0.18602836355838553,
    "best_feature_sim": 0.7343958261100642,
    "best_0_weight_diff": 0.0014612030936405063,
    "best_1_weight_diff": 0.001091158133931458,
    "best_2_weight_diff": 0.0008920477703213692,
    "best_0_weight_sim": 0.7421333193778992,
    "best_1_weight_sim": 0.7695001363754272,
    "best_2_weight_sim": 0.7887865304946899,
    "num_feature_traj": 200,
    "num_feature_timesteps": "200000",
    "final_test_returns": 10384.1492804616,
    "final_test_normalized_returns": 85.89749913258137,
    "best_return": 10384.1492804616,
    "best_return_normalized": 85.89749913258137,
    "convergence_step": "100000",
    "convergence_iter": "20",
    "best_step": "100000",
    "best_iter": "20"
}