{"final_weight_diff": 0.0021284741815179586, "final_weight_sim": 0.6697810888290405, "final_feature_diff": 0.24188776472715384, "final_feature_sim": 0.6662170886780747, "final_0_weight_diff": 0.002180167008191347, "final_1_weight_diff": 0.002148550469428301, "final_2_weight_diff": 0.002034628065302968, "final_0_weight_sim": 0.6267432570457458, "final_1_weight_sim": 0.6754196882247925, "final_2_weight_sim": 0.6882727742195129, "best_weight_diff": 0.0007052276050671935, "best_weight_sim": 0.8763202428817749, "best_feature_diff": 0.1771523408109723, "best_feature_sim": 0.7613372778411168, "best_0_weight_diff": 0.0007838503806851804, "best_1_weight_diff": 0.0006745870923623443, "best_2_weight_diff": 0.0006565232179127634, "best_0_weight_sim": 0.8389766812324524, "best_1_weight_sim": 0.881750226020813, "best_2_weight_sim": 0.8910753130912781, "num_feature_traj": 10, "num_feature_timesteps": "2726", "final_test_returns": 1406.3273744132234, "final_test_normalized_returns": 30.598977118184717, "best_return": 3024.0059816748267, "best_return_normalized": 65.8373684139381, "convergence_step": "20000", "convergence_iter": "4", "best_step": "20000", "best_iter": "4", "best_5percent_normalized": 65.8373684139381, "best_10percent_normalized": 63.028902561250604, "best_25percent_normalized": 59.283678158432124, "best_50percent_normalized": 53.80345674631377, "best_100percent_normalized": 44.355548535840285, "best_later_half_normalized": 44.341176170488694, "best_last_four_normalized": 41.97957852913149, "target_steps": 5000}