{"final_weight_diff": 0.0015323000261560082, "final_weight_sim": 0.726809561252594, "final_feature_diff": 0.419926059142846, "final_feature_sim": 0.5872801730504866, "final_0_weight_diff": 0.0017592004733160138, "final_1_weight_diff": 0.0015520906308665872, "final_2_weight_diff": 0.0012717896606773138, "final_0_weight_sim": 0.6903128027915955, "final_1_weight_sim": 0.7255131006240845, "final_2_weight_sim": 0.7430245876312256, "best_weight_diff": 0.0013303621672093868, "best_weight_sim": 0.757682740688324, "best_feature_diff": 0.4022746510582674, "best_feature_sim": 0.613992325516663, "best_0_weight_diff": 0.001558294054120779, "best_1_weight_diff": 0.0013440451584756374, "best_2_weight_diff": 0.0010797460563480854, "best_0_weight_sim": 0.7219356298446655, "best_1_weight_sim": 0.7561925649642944, "best_2_weight_sim": 0.7742411494255066, "num_feature_traj": 16, "num_feature_timesteps": "16000", "final_test_returns": 4772.505358337761, "final_test_normalized_returns": 40.69763577686354, "best_return": 4778.870992099075, "best_return_normalized": 40.74890876926592, "convergence_step": "10000", "convergence_iter": "2", "best_step": "80000", "best_iter": "16", "best_5percent_normalized": 40.74890876926592, "best_10percent_normalized": 40.72327227306473, "best_25percent_normalized": 40.563823210893666, "best_50percent_normalized": 40.209923312992395, "best_100percent_normalized": 38.348076886563376, "best_later_half_normalized": 38.75704925931284, "best_last_four_normalized": 39.35215794338064, "target_steps": 10000}