{
    "final_weight_diff": 0.0017348149558529258,
    "final_weight_sim": 0.7431674599647522,
    "final_feature_diff": 0.3614956212206163,
    "final_feature_sim": 0.6527027448437189,
    "final_0_weight_diff": 0.0020498856902122498,
    "final_1_weight_diff": 0.001526928273960948,
    "final_2_weight_diff": 0.0016214301576837897,
    "final_0_weight_sim": 0.6649489998817444,
    "final_1_weight_sim": 0.7530602812767029,
    "final_2_weight_sim": 0.7816736698150635,
    "best_weight_diff": 0.0014543773140758276,
    "best_weight_sim": 0.7786586880683899,
    "best_feature_diff": 0.3509216646244476,
    "best_feature_sim": 0.6669117603655529,
    "best_0_weight_diff": 0.0017096748342737556,
    "best_1_weight_diff": 0.0012795847142115235,
    "best_2_weight_diff": 0.0013693800428882241,
    "best_0_weight_sim": 0.7061452269554138,
    "best_1_weight_sim": 0.7851676940917969,
    "best_2_weight_sim": 0.8143519163131714,
    "num_feature_traj": 100,
    "num_feature_timesteps": "100000",
    "final_test_returns": 5001.257710633554,
    "final_test_normalized_returns": 42.54015736404145,
    "best_return": 5069.048977595867,
    "best_return_normalized": 43.08619272300768,
    "convergence_step": "10000",
    "convergence_iter": "2",
    "best_step": "75000",
    "best_iter": "15"
}