{"final_weight_diff": 0.0009894045069813728, "final_weight_sim": 0.809553325176239, "final_feature_diff": 0.5567110907562289, "final_feature_sim": 0.669099016661384, "final_0_weight_diff": 0.001322331139817834, "final_1_weight_diff": 0.0009468359057791531, "final_2_weight_diff": 0.000696751638315618, "final_0_weight_sim": 0.7633507251739502, "final_1_weight_sim": 0.8016453981399536, "final_2_weight_sim": 0.8301821351051331, "best_weight_diff": 0.0004088521236553788, "best_weight_sim": 0.9068822860717773, "best_feature_diff": 0.31772404291243217, "best_feature_sim": 0.7980267707448184, "best_0_weight_diff": 0.0005637839785777032, "best_1_weight_diff": 0.0003701539244502783, "best_2_weight_diff": 0.0002925656735897064, "best_0_weight_sim": 0.8726706504821777, "best_1_weight_sim": 0.9052306413650513, "best_2_weight_sim": 0.9188532829284668, "num_feature_traj": 204, "num_feature_timesteps": "37349", "final_test_returns": 904.62942700003, "final_test_normalized_returns": 28.418533844803605, "best_return": 2772.0882083376114, "best_return_normalized": 85.79807887653033, "convergence_step": "30000", "convergence_iter": "6", "best_step": "35000", "best_iter": "7", "best_5percent_normalized": 85.79807887653033, "best_10percent_normalized": 85.4795105921157, "best_25percent_normalized": 71.65287718334976, "best_50percent_normalized": 57.542385832753915, "best_100percent_normalized": 40.63180700911929, "best_later_half_normalized": 44.051780043224866, "best_last_four_normalized": 53.93097464433026, "target_steps": 30000}