{"final_weight_diff": 0.001314041786827147, "final_weight_sim": 0.760068953037262, "final_feature_diff": 0.4202477737411886, "final_feature_sim": 0.6266284213151101, "final_0_weight_diff": 0.0013441353803500533, "final_1_weight_diff": 0.0013320319121703506, "final_2_weight_diff": 0.0012573269195854664, "final_0_weight_sim": 0.742253839969635, "final_1_weight_sim": 0.7508266568183899, "final_2_weight_sim": 0.7529798150062561, "best_weight_diff": 0.0008545645396225154, "best_weight_sim": 0.8278079032897949, "best_feature_diff": 0.36712951387316967, "best_feature_sim": 0.6791869200656895, "best_0_weight_diff": 0.0009596999152563512, "best_1_weight_diff": 0.0008794066379778087, "best_2_weight_diff": 0.0007227308233268559, "best_0_weight_sim": 0.8051225543022156, "best_1_weight_sim": 0.8158618807792664, "best_2_weight_sim": 0.831446647644043, "num_feature_traj": 48, "num_feature_timesteps": "28017", "final_test_returns": 2942.6267465782503, "final_test_normalized_returns": 77.7168512728759, "best_return": 3616.983292080958, "best_return_normalized": 93.752723755284, "convergence_step": "55000", "convergence_iter": "11", "best_step": "55000", "best_iter": "11", "best_5percent_normalized": 93.752723755284, "best_10percent_normalized": 92.97642646042424, "best_25percent_normalized": 91.08373483274401, "best_50percent_normalized": 88.21905428546322, "best_100percent_normalized": 81.56442356997096, "best_later_half_normalized": 84.02213650798494, "best_last_four_normalized": 82.29793034615669, "target_steps": 5000}