{
    "final_weight_diff": 0.0024322543758898973,
    "final_weight_sim": 0.7115992307662964,
    "final_feature_diff": 0.705477277682563,
    "final_feature_sim": 0.619321422882383,
    "final_0_weight_diff": 0.0025932041462510824,
    "final_1_weight_diff": 0.002342390827834606,
    "final_2_weight_diff": 0.0023617639672011137,
    "final_0_weight_sim": 0.6904616355895996,
    "final_1_weight_sim": 0.6987804174423218,
    "final_2_weight_sim": 0.6954256296157837,
    "best_weight_diff": 0.001805459032766521,
    "best_weight_sim": 0.7551423907279968,
    "best_feature_diff": 0.6318186192237712,
    "best_feature_sim": 0.6640901708187097,
    "best_0_weight_diff": 0.0019313156371936202,
    "best_1_weight_diff": 0.0017006509006023407,
    "best_2_weight_diff": 0.0017843651585280895,
    "best_0_weight_sim": 0.7321099638938904,
    "best_1_weight_sim": 0.7447693347930908,
    "best_2_weight_sim": 0.7384830713272095,
    "num_feature_traj": 109,
    "num_feature_timesteps": "31150",
    "final_test_returns": 3256.918876250621,
    "final_test_normalized_returns": 70.91098172627704,
    "best_return": 3397.46175083738,
    "best_return_normalized": 73.97247044615433,
    "convergence_step": "60000",
    "convergence_iter": "12",
    "best_step": "60000",
    "best_iter": "12"
}