{"final_weight_diff": 0.0012314595514908433, "final_weight_sim": 0.7782553434371948, "final_feature_diff": 0.7022249584479926, "final_feature_sim": 0.5064163694564329, "final_0_weight_diff": 0.0013976051704958081, "final_1_weight_diff": 0.001292139757424593, "final_2_weight_diff": 0.0010017259046435356, "final_0_weight_sim": 0.7487670183181763, "final_1_weight_sim": 0.7683409452438354, "final_2_weight_sim": 0.7848705649375916, "best_weight_diff": 0.000874413235578686, "best_weight_sim": 0.8294336795806885, "best_feature_diff": 0.6228820408234802, "best_feature_sim": 0.5633073534460863, "best_0_weight_diff": 0.0010427712695673108, "best_1_weight_diff": 0.00088520348072052, "best_2_weight_diff": 0.0006943508051335812, "best_0_weight_sim": 0.7998374700546265, "best_1_weight_sim": 0.8216362595558167, "best_2_weight_sim": 0.8383030295372009, "num_feature_traj": 204, "num_feature_timesteps": "37349", "final_test_returns": 1805.198584418741, "final_test_normalized_returns": 56.08942491811504, "best_return": 2933.798902397909, "best_return_normalized": 90.7668022265036, "convergence_step": "65000", "convergence_iter": "13", "best_step": "65000", "best_iter": "13", "best_5percent_normalized": 90.7668022265036, "best_10percent_normalized": 84.95674453388617, "best_25percent_normalized": 77.31143551941985, "best_50percent_normalized": 66.09062263988802, "best_100percent_normalized": 48.55810773599131, "best_later_half_normalized": 59.101490406286544, "best_last_four_normalized": 54.50429259402718}