{"final_weight_diff": 0.0011386413825675845, "final_weight_sim": 0.7888528108596802, "final_feature_diff": 0.8970661923256158, "final_feature_sim": 0.4803336648509935, "final_0_weight_diff": 0.0013049463741481304, "final_1_weight_diff": 0.0010228443425148726, "final_2_weight_diff": 0.0010825732024386525, "final_0_weight_sim": 0.7638113498687744, "final_1_weight_sim": 0.7875894904136658, "final_2_weight_sim": 0.7739053964614868, "best_weight_diff": 0.0005265448708087206, "best_weight_sim": 0.8861934542655945, "best_feature_diff": 0.5648431710096566, "best_feature_sim": 0.6834695100644258, "best_0_weight_diff": 0.0006144315702840686, "best_1_weight_diff": 0.0004703474696725607, "best_2_weight_diff": 0.0004944060347042978, "best_0_weight_sim": 0.8656647205352783, "best_1_weight_sim": 0.8857008814811707, "best_2_weight_sim": 0.8762873411178589, "num_feature_traj": 109, "num_feature_timesteps": "31150", "final_test_returns": 3446.371957641258, "final_test_normalized_returns": 75.03789654375777, "best_return": 3534.92640962444, "best_return_normalized": 76.9669054432738, "convergence_step": "35000", "convergence_iter": "7", "best_step": "35000", "best_iter": "7", "best_5percent_normalized": 76.9669054432738, "best_10percent_normalized": 76.00240099351578, "best_25percent_normalized": 72.15613162832739, "best_50percent_normalized": 66.17086949513582, "best_100percent_normalized": 41.045052759863054, "best_later_half_normalized": 46.80310435877456, "best_last_four_normalized": 53.48288271533109, "target_steps": 