{"final_weight_diff": 0.0011878871591761708, "final_weight_sim": 0.7834166884422302, "final_feature_diff": 1.1128390740002168, "final_feature_sim": 0.35388435850037164, "final_0_weight_diff": 0.001344712683930993, "final_1_weight_diff": 0.0011869616573676467, "final_2_weight_diff": 0.001024823635816574, "final_0_weight_sim": 0.7559106945991516, "final_1_weight_sim": 0.7715200185775757, "final_2_weight_sim": 0.7832573652267456, "best_weight_diff": 0.0005317028844729066, "best_weight_sim": 0.8864097595214844, "best_feature_diff": 0.7624858808331509, "best_feature_sim": 0.5947943276287551, "best_0_weight_diff": 0.0006790986517444253, "best_1_weight_diff": 0.0005283941864036024, "best_2_weight_diff": 0.00038701188168488443, "best_0_weight_sim": 0.8585184812545776, "best_1_weight_sim": 0.8767320513725281, "best_2_weight_sim": 0.8978545069694519, "num_feature_traj": 48, "num_feature_timesteps": "28017", "final_test_returns": 2792.370130811565, "final_test_normalized_returns": 74.14382162536715, "best_return": 3596.2357359417765, "best_return_normalized": 93.259356905376, "convergence_step": "35000", "convergence_iter": "7", "best_step": "35000", "best_iter": "7", "best_5percent_normalized": 93.259356905376, "best_10percent_normalized": 91.58379712986218, "best_25percent_normalized": 88.45172151284537, "best_50percent_normalized": 84.17490762210409, "best_100percent_normalized": 75.60460104934658, "best_later_half_normalized": 76.17766233567832, "best_last_four_normalized": 77.94023484512014, "target_steps": 