{"final_weight_diff": 0.001308724284172058, "final_weight_sim": 0.7473968267440796, "final_feature_diff": 0.23541277874918565, "final_feature_sim": 0.73413661131046, "final_0_weight_diff": 0.0015945392660796642, "final_1_weight_diff": 0.0013026242377236485, "final_2_weight_diff": 0.0010259783593937755, "final_0_weight_sim": 0.7133793830871582, "final_1_weight_sim": 0.7398377656936646, "final_2_weight_sim": 0.760262668132782, "best_weight_diff": 0.0010248826583847404, "best_weight_sim": 0.7900822758674622, "best_feature_diff": 0.21658836068117202, "best_feature_sim": 0.7622104046608277, "best_0_weight_diff": 0.0012779642129316926, "best_1_weight_diff": 0.0010059006744995713, "best_2_weight_diff": 0.0007891470449976623, "best_0_weight_sim": 0.757426917552948, "best_1_weight_sim": 0.7822317481040955, "best_2_weight_sim": 0.8049297332763672, "num_feature_traj": 200, "num_feature_timesteps": "200000", "final_test_returns": 5076.644130710558, "final_test_normalized_returns": 43.14736907127816, "best_return": 6273.465975657486, "best_return_normalized": 52.787357745446464, "convergence_step": "70000", "convergence_iter": "14", "best_step": "70000", "best_iter": "14", "best_5percent_normalized": 52.787357745446464, "best_10percent_normalized": 49.10701290807721, "best_25percent_normalized": 45.77391248204036, "best_50percent_normalized": 44.34535787597749, "best_100percent_normalized": 43.22826232036074, "best_later_half_normalized": 43.69973538663495, "best_last_four_normalized": 43.039376954920414}