{
    "final_weight_diff": 0.0020219245925545692,
    "final_weight_sim": 0.6879987716674805,
    "final_feature_diff": 0.27523380819919485,
    "final_feature_sim": 0.6240921172374627,
    "final_0_weight_diff": 0.0020515723153948784,
    "final_1_weight_diff": 0.002142499200999737,
    "final_2_weight_diff": 0.0018489918438717723,
    "final_0_weight_sim": 0.6400036811828613,
    "final_1_weight_sim": 0.6872701644897461,
    "final_2_weight_sim": 0.7170654535293579,
    "best_weight_diff": 0.0015588856767863035,
    "best_weight_sim": 0.7485668659210205,
    "best_feature_diff": 0.27007902641838244,
    "best_feature_sim": 0.6273625330738708,
    "best_0_weight_diff": 0.0016411511460319161,
    "best_1_weight_diff": 0.001646046177484095,
    "best_2_weight_diff": 0.0013784774346277118,
    "best_0_weight_sim": 0.6986183524131775,
    "best_1_weight_sim": 0.7465675473213196,
    "best_2_weight_sim": 0.7797878980636597,
    "num_feature_traj": 19,
    "num_feature_timesteps": "10344",
    "final_test_returns": 3271.7224472825237,
    "final_test_normalized_returns": 85.54258786014131,
    "best_return": 3766.324472457879,
    "best_return_normalized": 97.30398479199768,
    "convergence_step": "65000",
    "convergence_iter": "13",
    "best_step": "65000",
    "best_iter": "13"
}