{
    "final_weight_diff": 0.002218820620328188,
    "final_weight_sim": 0.695419192314148,
    "final_feature_diff": 0.4297191772665679,
    "final_feature_sim": 0.47906559019344347,
    "final_0_weight_diff": 0.002217852510511875,
    "final_1_weight_diff": 0.0019059382611885667,
    "final_2_weight_diff": 0.0025202659890055656,
    "final_0_weight_sim": 0.6443423628807068,
    "final_1_weight_sim": 0.7068633437156677,
    "final_2_weight_sim": 0.7030551433563232,
    "best_weight_diff": 0.0018164323410019279,
    "best_weight_sim": 0.7408820390701294,
    "best_feature_diff": 0.4299330789297162,
    "best_feature_sim": 0.47986155928355656,
    "best_0_weight_diff": 0.0018729984294623137,
    "best_1_weight_diff": 0.001527477172203362,
    "best_2_weight_diff": 0.002042147796601057,
    "best_0_weight_sim": 0.6873553991317749,
    "best_1_weight_sim": 0.7497207522392273,
    "best_2_weight_sim": 0.752409040927887,
    "num_feature_traj": 40,
    "num_feature_timesteps": "7375",
    "final_test_returns": 916.3115643419936,
    "final_test_normalized_returns": 28.777479237536667,
    "best_return": 2746.204986641092,
    "best_return_normalized": 85.00279091636564,
    "convergence_step": "75000",
    "convergence_iter": "15",
    "best_step": "75000",
    "best_iter": "15"
}