{"final_weight_diff": 0.0008815662004053593, "final_weight_sim": 0.82065349817276, "final_feature_diff": 0.4986319484998421, "final_feature_sim": 0.7318008084431166, "final_0_weight_diff": 0.0011885695857927203, "final_1_weight_diff": 0.0008346553076989949, "final_2_weight_diff": 0.0006189920823089778, "final_0_weight_sim": 0.774456262588501, "final_1_weight_sim": 0.8144172430038452, "final_2_weight_sim": 0.8402493000030518, "best_weight_diff": 0.0003465916379354894, "best_weight_sim": 0.9188205599784851, "best_feature_diff": 0.25968930138166585, "best_feature_sim": 0.8627426077884751, "best_0_weight_diff": 0.00043606149847619236, "best_1_weight_diff": 0.00033143398468382657, "best_2_weight_diff": 0.0002722212811931968, "best_0_weight_sim": 0.8952263593673706, "best_1_weight_sim": 0.9138209223747253, "best_2_weight_sim": 0.9238331913948059, "num_feature_traj": 119, "num_feature_timesteps": "101758", "final_test_returns": 3336.3311855704683, "final_test_normalized_returns": 72.6408445166673, "best_return": 3530.8441667129555, "best_return_normalized": 76.87798068873143, "convergence_step": "10000", "convergence_iter": "2", "best_step": "25000", "best_iter": "5", "best_5percent_normalized": 76.87798068873143, "best_10percent_normalized": 76.82560502869075, "best_25percent_normalized": 76.35800394951652, "best_50percent_normalized": 75.24822088064406, "best_100percent_normalized": 70.92007727655722, "best_later_half_normalized": 71.2168044422958, "best_last_four_normalized": 70.97015733407736}