{
    "final_weight_diff": 0.001582502038218081,
    "final_weight_sim": 0.748092770576477,
    "final_feature_diff": 0.5281590615310278,
    "final_feature_sim": 0.47237676495290165,
    "final_0_weight_diff": 0.0017876417841762304,
    "final_1_weight_diff": 0.0016498625045642257,
    "final_2_weight_diff": 0.001299543073400855,
    "final_0_weight_sim": 0.728886604309082,
    "final_1_weight_sim": 0.7394031286239624,
    "final_2_weight_sim": 0.7584745287895203,
    "best_weight_diff": 0.0003767063608393073,
    "best_weight_sim": 0.9262976050376892,
    "best_feature_diff": 0.33771449337930803,
    "best_feature_sim": 0.6756730672246354,
    "best_0_weight_diff": 0.00047489802818745375,
    "best_1_weight_diff": 0.00038501733797602355,
    "best_2_weight_diff": 0.0002699664037209004,
    "best_0_weight_sim": 0.9136343002319336,
    "best_1_weight_sim": 0.9205746650695801,
    "best_2_weight_sim": 0.9373578429222107,
    "num_feature_traj": 109,
    "num_feature_timesteps": "31150",
    "final_test_returns": 2649.15354926539,
    "final_test_normalized_returns": 57.67184243608696,
    "best_return": 3542.6657143236566,
    "best_return_normalized": 77.13549310099756,
    "convergence_step": "15000",
    "convergence_iter": "3",
    "best_step": "15000",
    "best_iter": "3"
}