{
    "final_weight_diff": 0.0017559794941917062,
    "final_weight_sim": 0.739915132522583,
    "final_feature_diff": 0.19109292392791907,
    "final_feature_sim": 0.7251776678650159,
    "final_0_weight_diff": 0.0025288211181759834,
    "final_1_weight_diff": 0.001611672225408256,
    "final_2_weight_diff": 0.0011224251938983798,
    "final_0_weight_sim": 0.6800806522369385,
    "final_1_weight_sim": 0.7620503306388855,
    "final_2_weight_sim": 0.7858794331550598,
    "best_weight_diff": 0.0014694189885631204,
    "best_weight_sim": 0.7763118147850037,
    "best_feature_diff": 0.1887429661117596,
    "best_feature_sim": 0.7320793951558999,
    "best_0_weight_diff": 0.0021358777303248644,
    "best_1_weight_diff": 0.0013258546823635697,
    "best_2_weight_diff": 0.0009429905912838876,
    "best_0_weight_sim": 0.7224743366241455,
    "best_1_weight_sim": 0.7965517044067383,
    "best_2_weight_sim": 0.8167696595191956,
    "num_feature_traj": 120,
    "num_feature_timesteps": "106539",
    "final_test_returns": 2924.981600710081,
    "final_test_normalized_returns": 77.29725823865316,
    "best_return": 3931.588399015018,
    "best_return_normalized": 101.23388103143697,
    "convergence_step": "75000",
    "convergence_iter": "15",
    "best_step": "75000",
    "best_iter": "15"
}