{
    "final_weight_diff": 0.0010230083717033267,
    "final_weight_sim": 0.7854138612747192,
    "final_feature_diff": 0.20293891516106752,
    "final_feature_sim": 0.7698839325801737,
    "final_0_weight_diff": 0.0012544561177492142,
    "final_1_weight_diff": 0.0009679588838480413,
    "final_2_weight_diff": 0.0008458478841930628,
    "final_0_weight_sim": 0.7466366291046143,
    "final_1_weight_sim": 0.7815111875534058,
    "final_2_weight_sim": 0.7942784428596497,
    "best_weight_diff": 0.0009803945431485772,
    "best_weight_sim": 0.7921997308731079,
    "best_feature_diff": 0.1992853630958568,
    "best_feature_sim": 0.7760955756598514,
    "best_0_weight_diff": 0.001209357171319425,
    "best_1_weight_diff": 0.000923600688111037,
    "best_2_weight_diff": 0.0008075688383542001,
    "best_0_weight_sim": 0.7536270618438721,
    "best_1_weight_sim": 0.7886351346969604,
    "best_2_weight_sim": 0.8012307286262512,
    "num_feature_traj": 321,
    "num_feature_timesteps": "203500",
    "final_test_returns": 3176.591667165452,
    "final_test_normalized_returns": 98.22685356395704,
    "best_return": 3587.7064974815744,
    "best_return_normalized": 110.85876927480258,
    "convergence_step": "45000",
    "convergence_iter": "9",
    "best_step": "95000",
    "best_iter": "19"
}