{"final_weight_diff": 1191.6439208984375, "final_feature_diff": 53.61468769552294, "best_weight_diff": 1192.7176513671875, "best_feature_diff": 53.88792683916188, "num_feature_traj": 100, "num_feature_timesteps": "100000", "final_test_returns": 5055.776454764757, "final_test_normalized_returns": 42.97928711269505, "best_return": 5085.92987252182, "best_return_normalized": 43.22216253053005, "convergence_step": "5000", "convergence_iter": "1", "best_step": "25000", "best_iter": "5", "best_5percent_normalized": 43.22216253053005, "best_10percent_normalized": 43.17238042389697, "best_25percent_normalized": 43.084441866101265, "best_50percent_normalized": 42.98563623069397, "best_100percent_normalized": 39.31433659260731, "best_later_half_normalized": 42.35204370241809}