{"final_weight_diff": 0.0013627941953018308, "final_weight_sim": 0.7589641809463501, "final_feature_diff": 0.6030849860242162, "final_feature_sim": 0.4064653336748555, "final_0_weight_diff": 0.0018930529477074742, "final_1_weight_diff": 0.0013791671954095364, "final_2_weight_diff": 0.0008115767850540578, "final_0_weight_sim": 0.7031443119049072, "final_1_weight_sim": 0.757342517375946, "final_2_weight_sim": 0.812309980392456, "best_weight_diff": 0.00026789758703671396, "best_weight_sim": 0.9417868256568909, "best_feature_diff": 0.38333738416364316, "best_feature_sim": 0.6525642341904847, "best_0_weight_diff": 0.0003562769270502031, "best_1_weight_diff": 0.00025785749312490225, "best_2_weight_diff": 0.0001892101572593674, "best_0_weight_sim": 0.9258837103843689, "best_1_weight_sim": 0.941306471824646, "best_2_weight_sim": 0.9519641995429993, "num_feature_traj": 120, "num_feature_timesteps": "106539", "final_test_returns": 2808.3048003304552, "final_test_normalized_returns": 74.52274035931931, "best_return": 4010.74860583336, "best_return_normalized": 103.11627246173543, "convergence_step": "10000", "convergence_iter": "2", "best_step": "10000", "best_iter": "2", "best_5percent_normalized": 103.11627246173543, "best_10percent_normalized": 101.80433000301811, "best_25percent_normalized": 100.65929136091931, "best_50percent_normalized": 96.7371662158841, "best_100percent_normalized": 89.31205716094976, "best_later_half_normalized": 88.81879074344009, "best_last_four_normalized": 90.06302494946607}