{"final_weight_diff": 0.0010916043538600206, "final_weight_sim": 0.7844797372817993, "final_feature_diff": 0.5593369845132145, "final_feature_sim": 0.6545593094801062, "final_0_weight_diff": 0.0012584896758198738, "final_1_weight_diff": 0.0010743116727098823, "final_2_weight_diff": 0.0009325216524302959, "final_0_weight_sim": 0.7485836148262024, "final_1_weight_sim": 0.7792263031005859, "final_2_weight_sim": 0.789949893951416, "best_weight_diff": 0.0009737606742419302, "best_weight_sim": 0.8043415546417236, "best_feature_diff": 0.5426988008056893, "best_feature_sim": 0.6699410338753797, "best_0_weight_diff": 0.0011426398996263742, "best_1_weight_diff": 0.0009543473133817315, "best_2_weight_diff": 0.0008179334690794349, "best_0_weight_sim": 0.7691039443016052, "best_1_weight_sim": 0.7989018559455872, "best_2_weight_sim": 0.8105747103691101, "num_feature_traj": 20, "num_feature_timesteps": "20000", "final_test_returns": 4680.422738139355, "final_test_normalized_returns": 39.95594191528488, "best_return": 4847.313781665382, "best_return_normalized": 41.30019191891209, "convergence_step": "25000", "convergence_iter": "5", "best_step": "85000", "best_iter": "17", "best_5percent_normalized": 41.30019191891209, "best_10percent_normalized": 41.156484307421906, "best_25percent_normalized": 40.71028914952105, "best_50percent_normalized": 39.894646311796194, "best_100percent_normalized": 38.07441975769668, "best_later_half_normalized": 39.143667623455336, "best_last_four_normalized": 39.950422701344394, "target_steps": 5000}