{"final_weight_diff": 0.0008987100445665419, "final_weight_sim": 0.8027902245521545, "final_feature_diff": 0.1808412909195579, "final_feature_sim": 0.7941808379615817, "final_0_weight_diff": 0.0010174706112593412, "final_1_weight_diff": 0.000920887163374573, "final_2_weight_diff": 0.0007573204929940403, "final_0_weight_sim": 0.772304117679596, "final_1_weight_sim": 0.7895899415016174, "final_2_weight_sim": 0.8092342019081116, "best_weight_diff": 0.0005765255191363394, "best_weight_sim": 0.8620913028717041, "best_feature_diff": 0.14840733507866055, "best_feature_sim": 0.826274649734071, "best_0_weight_diff": 0.0006770893814973533, "best_1_weight_diff": 0.0005769748240709305, "best_2_weight_diff": 0.00047540818923152983, "best_0_weight_sim": 0.8361226320266724, "best_1_weight_sim": 0.8526012897491455, "best_2_weight_sim": 0.8686230182647705, "num_feature_traj": 218, "num_feature_timesteps": "100692", "final_test_returns": 1996.5848563834816, "final_test_normalized_returns": 61.969960178330766, "best_return": 2281.745406463756, "best_return_normalized": 70.73180423514222, "convergence_step": "60000", "convergence_iter": "12", "best_step": "60000", "best_iter": "12", "best_5percent_normalized": 70.73180423514222, "best_10percent_normalized": 69.69616062620864, "best_25percent_normalized": 68.2672904144454, "best_50percent_normalized": 66.48359618417088, "best_100percent_normalized": 61.110539840417616, "best_later_half_normalized": 64.3737590288163, "best_last_four_normalized": 64.23482695392566, "target_steps": 5000}