{"final_weight_diff": 0.0012989297974854708, "final_weight_sim": 0.7707966566085815, "final_feature_diff": 1.2900340984307992, "final_feature_sim": 0.4408950548349339, "final_0_weight_diff": 0.0013452463317662477, "final_1_weight_diff": 0.001398779801093042, "final_2_weight_diff": 0.0011507478775456548, "final_0_weight_sim": 0.7445003986358643, "final_1_weight_sim": 0.7387758493423462, "final_2_weight_sim": 0.7555773258209229, "best_weight_diff": 0.0008961370913311839, "best_weight_sim": 0.8267377614974976, "best_feature_diff": 1.1696073829154012, "best_feature_sim": 0.49962353325303727, "best_0_weight_diff": 0.0009915129048749804, "best_1_weight_diff": 0.000934434647206217, "best_2_weight_diff": 0.000761751551181078, "best_0_weight_sim": 0.796894907951355, "best_1_weight_sim": 0.80120849609375, "best_2_weight_sim": 0.8196519613265991, "num_feature_traj": 204, "num_feature_timesteps": "37349", "final_test_returns": 698.9491294751131, "final_test_normalized_returns": 22.09880030534805, "best_return": 2956.033818457569, "best_return_normalized": 91.44999233493964, "convergence_step": "55000", "convergence_iter": "11", "best_step": "65000", "best_iter": "13", "best_5percent_normalized": 91.44999233493964, "best_10percent_normalized": 90.82554660546316, "best_25percent_normalized": 87.92967800238573, "best_50percent_normalized": 77.21797689780647, "best_100percent_normalized": 53.834084793062026, "best_later_half_normalized": 66.34101264324929, "best_last_four_normalized": 54.30721161619918, "target_steps": 25000}