{
    "final_weight_diff": 0.0013228520983830094,
    "final_weight_sim": 0.7607245445251465,
    "final_feature_diff": 0.3646898309102841,
    "final_feature_sim": 0.6918133610762693,
    "final_0_weight_diff": 0.001347117475233972,
    "final_1_weight_diff": 0.0014655760023742914,
    "final_2_weight_diff": 0.0011460519162937999,
    "final_0_weight_sim": 0.743244469165802,
    "final_1_weight_sim": 0.7414391040802002,
    "final_2_weight_sim": 0.7644882798194885,
    "best_weight_diff": 0.0012762137921527028,
    "best_weight_sim": 0.7669959664344788,
    "best_feature_diff": 0.36218749073574324,
    "best_feature_sim": 0.692559938431195,
    "best_0_weight_diff": 0.0013074125163257122,
    "best_1_weight_diff": 0.0014120332198217511,
    "best_2_weight_diff": 0.0011005064006894827,
    "best_0_weight_sim": 0.7494139671325684,
    "best_1_weight_sim": 0.7475818395614624,
    "best_2_weight_sim": 0.7707805633544922,
    "num_feature_traj": 48,
    "num_feature_timesteps": "28017",
    "final_test_returns": 3500.4425753070054,
    "final_test_normalized_returns": 90.98144187827278,
    "best_return": 3526.807803017665,
    "best_return_normalized": 91.6083942410212,
    "convergence_step": "95000",
    "convergence_iter": "19",
    "best_step": "95000",
    "best_iter": "19"
}