{"final_weight_diff": 0.0012588858371600509, "final_weight_sim": 0.7853208780288696, "final_feature_diff": 0.33735666471194536, "final_feature_sim": 0.6327525019270547, "final_0_weight_diff": 0.001579930423758924, "final_1_weight_diff": 0.0013541760854423046, "final_2_weight_diff": 0.0008395894546993077, "final_0_weight_sim": 0.7585397958755493, "final_1_weight_sim": 0.7742418646812439, "final_2_weight_sim": 0.8159630298614502, "best_weight_diff": 0.0012588858371600509, "best_weight_sim": 0.7853208780288696, "best_feature_diff": 0.33735666471194536, "best_feature_sim": 0.6327525019270547, "best_0_weight_diff": 0.001579930423758924, "best_1_weight_diff": 0.0013541760854423046, "best_2_weight_diff": 0.0008395894546993077, "best_0_weight_sim": 0.7585397958755493, "best_1_weight_sim": 0.7742418646812439, "best_2_weight_sim": 0.8159630298614502, "num_feature_traj": 321, "num_feature_timesteps": "203500", "final_test_returns": 3487.9104232809527, "final_test_normalized_returns": 107.79243475068384, "best_return": 3487.9104232809527, "best_return_normalized": 107.79243475068384, "convergence_step": "100000", "convergence_iter": "20", "best_step": "100000", "best_iter": "20", "best_5percent_normalized": 107.79243475068384, "best_10percent_normalized": 105.44474907941489, "best_25percent_normalized": 101.50688724764225, "best_50percent_normalized": 94.8569862384725, "best_100percent_normalized": 73.7490935873005, "best_later_half_normalized": 82.51223783067321, "best_last_four_normalized": 95.37241700677961}