{
    "final_weight_diff": 0.0031228153966367245,
    "final_weight_sim": 0.6512717008590698,
    "final_feature_diff": 0.9735522559088692,
    "final_feature_sim": 0.4986377698899222,
    "final_0_weight_diff": 0.0038085542619228363,
    "final_1_weight_diff": 0.002989372471347451,
    "final_2_weight_diff": 0.0025720628909766674,
    "final_0_weight_sim": 0.6188905239105225,
    "final_1_weight_sim": 0.6386995315551758,
    "final_2_weight_sim": 0.6484709978103638,
    "best_weight_diff": 0.0031228153966367245,
    "best_weight_sim": 0.6512717008590698,
    "best_feature_diff": 0.9735522559088692,
    "best_feature_sim": 0.4986377698899222,
    "best_0_weight_diff": 0.0038085542619228363,
    "best_1_weight_diff": 0.002989372471347451,
    "best_2_weight_diff": 0.0025720628909766674,
    "best_0_weight_sim": 0.6188905239105225,
    "best_1_weight_sim": 0.6386995315551758,
    "best_2_weight_sim": 0.6484709978103638,
    "num_feature_traj": 120,
    "num_feature_timesteps": "106539",
    "final_test_returns": 3905.677863194958,
    "final_test_normalized_returns": 100.6177410219237,
    "best_return": 3905.677863194958,
    "best_return_normalized": 100.6177410219237,
    "convergence_step": "180000",
    "convergence_iter": "36",
    "best_step": "180000",
    "best_iter": "36"
}