{"final_weight_diff": 0.0009997860761359334, "final_weight_sim": 0.8018348217010498, "final_feature_diff": 0.9301884363185138, "final_feature_sim": 0.666639191581457, "final_0_weight_diff": 0.0012318576918914914, "final_1_weight_diff": 0.001112249679863453, "final_2_weight_diff": 0.0006514017004519701, "final_0_weight_sim": 0.75621497631073, "final_1_weight_sim": 0.767456591129303, "final_2_weight_sim": 0.8250600695610046, "best_weight_diff": 0.000764395750593394, "best_weight_sim": 0.8404554128646851, "best_feature_diff": 0.8282155583743819, "best_feature_sim": 0.7053219370475221, "best_0_weight_diff": 0.0009428555495105684, "best_1_weight_diff": 0.0008405068656429648, "best_2_weight_diff": 0.0005076824454590678, "best_0_weight_sim": 0.7989681959152222, "best_1_weight_sim": 0.8113145232200623, "best_2_weight_sim": 0.8593379259109497, "num_feature_traj": 100, "num_feature_timesteps": "100000", "final_test_returns": 4917.637696987864, "final_test_normalized_returns": 41.86662689007688, "best_return": 5067.696388004551, "best_return_normalized": 43.07529807866596, "convergence_step": "5000", "convergence_iter": "1", "best_step": "70000", "best_iter": "14", "best_5percent_normalized": 43.07529807866596, "best_10percent_normalized": 43.04372010365931, "best_25percent_normalized": 42.92822968422395, "best_50percent_normalized": 42.73740339429814, "best_100percent_normalized": 42.08300295043903, "best_later_half_normalized": 42.45289218630886, "best_last_four_normalized": 42.25337194580581, "target_steps": 5000}