{
    "final_weight_diff": 0.0011866171844303608,
    "final_weight_sim": 0.7695927023887634,
    "final_feature_diff": 0.35668841359489617,
    "final_feature_sim": 0.6928325695161289,
    "final_0_weight_diff": 0.001395704341121018,
    "final_1_weight_diff": 0.001258599222637713,
    "final_2_weight_diff": 0.0009030492510646582,
    "final_0_weight_sim": 0.7415866255760193,
    "final_1_weight_sim": 0.7469264268875122,
    "final_2_weight_sim": 0.7907036542892456,
    "best_weight_diff": 0.0007373016560450196,
    "best_weight_sim": 0.8407902717590332,
    "best_feature_diff": 0.3323683582654314,
    "best_feature_sim": 0.7265224138078685,
    "best_0_weight_diff": 0.0008717703749425709,
    "best_1_weight_diff": 0.0007737881387583911,
    "best_2_weight_diff": 0.0005656476132571697,
    "best_0_weight_sim": 0.817969799041748,
    "best_1_weight_sim": 0.8203487396240234,
    "best_2_weight_sim": 0.8582913279533386,
    "num_feature_traj": 219,
    "num_feature_timesteps": "197797",
    "final_test_returns": 4913.107741645259,
    "final_test_normalized_returns": 106.98825383488207,
    "best_return": 4992.458075449208,
    "best_return_normalized": 108.71676659352302,
    "convergence_step": "10000",
    "convergence_iter": "2",
    "best_step": "50000",
    "best_iter": "10"
}