{"final_weight_diff": 0.0018512081587687135, "final_weight_sim": 0.7255415916442871, "final_feature_diff": 0.23075936118109858, "final_feature_sim": 0.7066884159827738, "final_0_weight_diff": 0.0021520790178328753, "final_1_weight_diff": 0.001891633030027151, "final_2_weight_diff": 0.0015001794090494514, "final_0_weight_sim": 0.6975674033164978, "final_1_weight_sim": 0.7287185192108154, "final_2_weight_sim": 0.7379475235939026, "best_weight_diff": 0.0016056655440479517, "best_weight_sim": 0.7561273574829102, "best_feature_diff": 0.22582428647160774, "best_feature_sim": 0.7153552667122063, "best_0_weight_diff": 0.0018896172987297177, "best_1_weight_diff": 0.0016340467846021056, "best_2_weight_diff": 0.0012867834884673357, "best_0_weight_sim": 0.7300422191619873, "best_1_weight_sim": 0.7584981322288513, "best_2_weight_sim": 0.7678776979446411, "num_feature_traj": 109, "num_feature_timesteps": "31150", "final_test_returns": 2313.842268240121, "final_test_normalized_returns": 50.36765353625938, "best_return": 3518.138868283847, "best_return_normalized": 76.60121726022065, "convergence_step": "80000", "convergence_iter": "16", "best_step": "80000", "best_iter": "16", "best_5percent_normalized": 76.60121726022065, "best_10percent_normalized": 74.74030657376579, "best_25percent_normalized": 68.50569556406455, "best_50percent_normalized": 62.7206119946317, "best_100percent_normalized": 48.404888860918184, "best_later_half_normalized": 52.63055168549922, "best_last_four_normalized": 42.238368626343274, "target_steps": 10000}