{
    "final_weight_diff": 0.0024465536698698997,
    "final_weight_sim": 0.7162753343582153,
    "final_feature_diff": 0.4926012803093812,
    "final_feature_sim": 0.7441894266810648,
    "final_0_weight_diff": 0.002838056068867445,
    "final_1_weight_diff": 0.002326234709471464,
    "final_2_weight_diff": 0.0021767206490039825,
    "final_0_weight_sim": 0.691513180732727,
    "final_1_weight_sim": 0.7021477818489075,
    "final_2_weight_sim": 0.7157137393951416,
    "best_weight_diff": 0.002240893431007862,
    "best_weight_sim": 0.731041431427002,
    "best_feature_diff": 0.4705634739625193,
    "best_feature_sim": 0.7587799880672736,
    "best_0_weight_diff": 0.0026385008823126554,
    "best_1_weight_diff": 0.0020958734676241875,
    "best_2_weight_diff": 0.00198958907276392,
    "best_0_weight_sim": 0.705282986164093,
    "best_1_weight_sim": 0.7176023721694946,
    "best_2_weight_sim": 0.730164647102356,
    "num_feature_traj": 4,
    "num_feature_timesteps": "1277",
    "final_test_returns": 1918.1935704045156,
    "final_test_normalized_returns": 53.356325836551854,
    "best_return": 3162.5744417363467,
    "best_return_normalized": 82.94710108045433,
    "convergence_step": "30000",
    "convergence_iter": "6",
    "best_step": "80000",
    "best_iter": "16"
}