{
    "final_weight_diff": 0.0012946733040735126,
    "final_weight_sim": 0.7536488771438599,
    "final_feature_diff": 0.38349852437363086,
    "final_feature_sim": 0.6346216288004999,
    "final_0_weight_diff": 0.0012994310818612576,
    "final_1_weight_diff": 0.0014424207620322704,
    "final_2_weight_diff": 0.0011389604769647121,
    "final_0_weight_sim": 0.7395344972610474,
    "final_1_weight_sim": 0.7269119620323181,
    "final_2_weight_sim": 0.758510947227478,
    "best_weight_diff": 0.0010797195136547089,
    "best_weight_sim": 0.784527063369751,
    "best_feature_diff": 0.36464322616483424,
    "best_feature_sim": 0.6542746828393892,
    "best_0_weight_diff": 0.0010968316346406937,
    "best_1_weight_diff": 0.0012065330520272255,
    "best_2_weight_diff": 0.0009340384276583791,
    "best_0_weight_sim": 0.7714790105819702,
    "best_1_weight_sim": 0.7563418745994568,
    "best_2_weight_sim": 0.7912614345550537,
    "num_feature_traj": 81,
    "num_feature_timesteps": "13561",
    "final_test_returns": 2364.750146944204,
    "final_test_normalized_returns": 73.28220818078287,
    "best_return": 2742.070227719606,
    "best_return_normalized": 84.87574629931615,
    "convergence_step": "80000",
    "convergence_iter": "16",
    "best_step": "80000",
    "best_iter": "16"
}