{
    "final_weight_diff": 0.0008256406872533262,
    "final_weight_sim": 0.8290315866470337,
    "final_feature_diff": 0.5285724276939359,
    "final_feature_sim": 0.714296087615643,
    "final_0_weight_diff": 0.0011374446330592036,
    "final_1_weight_diff": 0.0007588148582726717,
    "final_2_weight_diff": 0.0005795505130663514,
    "final_0_weight_sim": 0.7795252799987793,
    "final_1_weight_sim": 0.8252276182174683,
    "final_2_weight_sim": 0.8487510681152344,
    "best_weight_diff": 0.0007899788324721158,
    "best_weight_sim": 0.834901750087738,
    "best_feature_diff": 0.5184907241136172,
    "best_feature_sim": 0.7200217205221161,
    "best_0_weight_diff": 0.0010891106212511659,
    "best_1_weight_diff": 0.0007224131259135902,
    "best_2_weight_diff": 0.0005574402748607099,
    "best_0_weight_sim": 0.7861639261245728,
    "best_1_weight_sim": 0.831693708896637,
    "best_2_weight_sim": 0.8536429405212402,
    "num_feature_traj": 321,
    "num_feature_timesteps": "203500",
    "final_test_returns": 3563.774659336593,
    "final_test_normalized_returns": 110.12343953245164,
    "best_return": 3617.323204052652,
    "best_return_normalized": 111.76877230425065,
    "convergence_step": "55000",
    "convergence_iter": "11",
    "best_step": "95000",
    "best_iter": "19"
}