{"final_weight_diff": 0.0014037856599316, "final_weight_sim": 0.7409506440162659, "final_feature_diff": 0.36277763724901135, "final_feature_sim": 0.6884832277356724, "final_0_weight_diff": 0.0013972880551591516, "final_1_weight_diff": 0.001378077664412558, "final_2_weight_diff": 0.001427699695341289, "final_0_weight_sim": 0.7342457175254822, "final_1_weight_sim": 0.7321633696556091, "final_2_weight_sim": 0.7250720858573914, "best_weight_diff": 0.0012458862038329244, "best_weight_sim": 0.7631305456161499, "best_feature_diff": 0.3537208604049343, "best_feature_sim": 0.7022934029261683, "best_0_weight_diff": 0.001265991129912436, "best_1_weight_diff": 0.0012210785644128919, "best_2_weight_diff": 0.0012450653593987226, "best_0_weight_sim": 0.7558860778808594, "best_1_weight_sim": 0.7534895539283752, "best_2_weight_sim": 0.7478816509246826, "num_feature_traj": 48, "num_feature_timesteps": "28017", "final_test_returns": 3554.5810731154475, "final_test_normalized_returns": 92.2688291707, "best_return": 3784.940014054661, "best_return_normalized": 97.74665336729036, "convergence_step": "40000", "convergence_iter": "8", "best_step": "85000", "best_iter": "17", "best_5percent_normalized": 97.74665336729036, "best_10percent_normalized": 97.39465900319914, "best_25percent_normalized": 95.4305685806265, "best_50percent_normalized": 93.6760959294333, "best_100percent_normalized": 87.78612791752383, "best_later_half_normalized": 89.74927585031745, "best_last_four_normalized": 93.55355008279258, "target_steps": 10000}