{
    "final_weight_diff": 0.0017377566546201706,
    "final_weight_sim": 0.741314172744751,
    "final_feature_diff": 0.1833416368557798,
    "final_feature_sim": 0.7408819312111135,
    "final_0_weight_diff": 0.0024983526673167944,
    "final_1_weight_diff": 0.0016072045546025038,
    "final_2_weight_diff": 0.0011019204976037145,
    "final_0_weight_sim": 0.6814268827438354,
    "final_1_weight_sim": 0.7619575262069702,
    "final_2_weight_sim": 0.7892824411392212,
    "best_weight_diff": 0.0011936293449252844,
    "best_weight_sim": 0.8130897879600525,
    "best_feature_diff": 0.17131564279073944,
    "best_feature_sim": 0.763228160203825,
    "best_0_weight_diff": 0.001725533977150917,
    "best_1_weight_diff": 0.0010745770996436477,
    "best_2_weight_diff": 0.0007780591258779168,
    "best_0_weight_sim": 0.7670208215713501,
    "best_1_weight_sim": 0.8292328119277954,
    "best_2_weight_sim": 0.8473871350288391,
    "num_feature_traj": 120,
    "num_feature_timesteps": "106539",
    "final_test_returns": 3193.2538372529,
    "final_test_normalized_returns": 83.67664226697025,
    "best_return": 3897.557330842147,
    "best_return_normalized": 100.4246386902753,
    "convergence_step": "55000",
    "convergence_iter": "11",
    "best_step": "55000",
    "best_iter": "11"
}