{"final_weight_diff": 0.001920547103509307, "final_weight_sim": 0.706703782081604, "final_feature_diff": 0.2657688666445629, "final_feature_sim": 0.6498579038142934, "final_0_weight_diff": 0.00211215834133327, "final_1_weight_diff": 0.0019772853702306747, "final_2_weight_diff": 0.0016617558430880308, "final_0_weight_sim": 0.6629008054733276, "final_1_weight_sim": 0.7086044549942017, "final_2_weight_sim": 0.7349204421043396, "best_weight_diff": 0.0016962130321189761, "best_weight_sim": 0.7344952821731567, "best_feature_diff": 0.2610045415228228, "best_feature_sim": 0.6566475002787725, "best_0_weight_diff": 0.0018962948815897107, "best_1_weight_diff": 0.0017353722359985113, "best_2_weight_diff": 0.0014491926413029432, "best_0_weight_sim": 0.689652681350708, "best_1_weight_sim": 0.7363314032554626, "best_2_weight_sim": 0.7640585899353027, "num_feature_traj": 44, "num_feature_timesteps": "40164", "final_test_returns": 3781.822044457565, "final_test_normalized_returns": 97.67250955835648, "best_return": 4908.218291631945, "best_return_normalized": 124.4576675060506, "convergence_step": "80000", "convergence_iter": "16", "best_step": "80000", "best_iter": "16", "best_5percent_normalized": 124.4576675060506, "best_10percent_normalized": 120.6728959932986, "best_25percent_normalized": 115.71503239789168, "best_50percent_normalized": 111.22528711212922, "best_100percent_normalized": 102.95322432107628, "best_later_half_normalized": 102.32765969643182, "best_last_four_normalized": 96.14374717787531, "target_steps": 25000}