{"final_weight_diff": 0.0012105049099773169, "final_weight_sim": 0.770150899887085, "final_feature_diff": 1.0194642798093783, "final_feature_sim": 0.5857934966721638, "final_0_weight_diff": 0.0013538711937144399, "final_1_weight_diff": 0.001250473316758871, "final_2_weight_diff": 0.0010183234699070454, "final_0_weight_sim": 0.7299981117248535, "final_1_weight_sim": 0.7444286346435547, "final_2_weight_sim": 0.7658755779266357, "best_weight_diff": 0.0007998538785614073, "best_weight_sim": 0.8390024900436401, "best_feature_diff": 0.9229983254662996, "best_feature_sim": 0.6374524953148394, "best_0_weight_diff": 0.0009425459429621696, "best_1_weight_diff": 0.0008036933140829206, "best_2_weight_diff": 0.0006513758562505245, "best_0_weight_sim": 0.8024843335151672, "best_1_weight_sim": 0.8196343183517456, "best_2_weight_sim": 0.8379477262496948, "num_feature_traj": 20, "num_feature_timesteps": "20000", "final_test_returns": 4805.913827780541, "final_test_normalized_returns": 40.96672951743107, "best_return": 4820.076356428935, "best_return_normalized": 41.08080381875212, "convergence_step": "20000", "convergence_iter": "4", "best_step": "55000", "best_iter": "11", "best_5percent_normalized": 41.08080381875212, "best_10percent_normalized": 41.023766668091596, "best_25percent_normalized": 40.73988051740251, "best_50percent_normalized": 40.49624249480519, "best_100percent_normalized": 39.063308637289126, "best_later_half_normalized": 39.919108359921886, "best_last_four_normalized": 40.593821227000966}