{
    "final_weight_diff": 0.001329394755885005,
    "final_weight_sim": 0.7654364705085754,
    "final_feature_diff": 0.271360691526854,
    "final_feature_sim": 0.7405570688345693,
    "final_0_weight_diff": 0.0016936497995629907,
    "final_1_weight_diff": 0.0013564503751695156,
    "final_2_weight_diff": 0.000932714028749615,
    "final_0_weight_sim": 0.7181288003921509,
    "final_1_weight_sim": 0.7664981484413147,
    "final_2_weight_sim": 0.7976563572883606,
    "best_weight_diff": 0.0011353506706655025,
    "best_weight_sim": 0.7942492961883545,
    "best_feature_diff": 0.2582452932568303,
    "best_feature_sim": 0.7561956711861243,
    "best_0_weight_diff": 0.0014632014790549874,
    "best_1_weight_diff": 0.0011467892909422517,
    "best_2_weight_diff": 0.0007923823432065547,
    "best_0_weight_sim": 0.7499856352806091,
    "best_1_weight_sim": 0.7954711318016052,
    "best_2_weight_sim": 0.8240623474121094,
    "num_feature_traj": 238,
    "num_feature_timesteps": "201773",
    "final_test_returns": 3177.6529537576694,
    "final_test_normalized_returns": 69.18430772521955,
    "best_return": 3608.671672302125,
    "best_return_normalized": 78.57332121138697,
    "convergence_step": "25000",
    "convergence_iter": "5",
    "best_step": "80000",
    "best_iter": "16"
}