{
    "final_weight_diff": 0.001176468445919454,
    "final_weight_sim": 0.7902511358261108,
    "final_feature_diff": 0.321771110218467,
    "final_feature_sim": 0.6867364050104523,
    "final_0_weight_diff": 0.00149911071639508,
    "final_1_weight_diff": 0.0012478128774091601,
    "final_2_weight_diff": 0.0007801490719430149,
    "final_0_weight_sim": 0.7476739883422852,
    "final_1_weight_sim": 0.7860642075538635,
    "final_2_weight_sim": 0.8250322341918945,
    "best_weight_diff": 0.0003497180005069822,
    "best_weight_sim": 0.9267469644546509,
    "best_feature_diff": 0.1694710682173547,
    "best_feature_sim": 0.8329748671206937,
    "best_0_weight_diff": 0.00047483723028562963,
    "best_1_weight_diff": 0.0003304207057226449,
    "best_2_weight_diff": 0.00024379864044021815,
    "best_0_weight_sim": 0.9033153653144836,
    "best_1_weight_sim": 0.9286763668060303,
    "best_2_weight_sim": 0.9405251145362854,
    "num_feature_traj": 174,
    "num_feature_timesteps": "81732",
    "final_test_returns": 1791.918834183471,
    "final_test_normalized_returns": 55.68139126604751,
    "best_return": 2245.992777494558,
    "best_return_normalized": 69.63326883267871,
    "convergence_step": "20000",
    "convergence_iter": "4",
    "best_step": "20000",
    "best_iter": "4"
}