{"final_weight_diff": 0.0012206824030727148, "final_weight_sim": 0.7507330179214478, "final_feature_diff": 0.3250526808170472, "final_feature_sim": 0.6838608531890051, "final_0_weight_diff": 0.0013286174507811666, "final_1_weight_diff": 0.0012397017562761903, "final_2_weight_diff": 0.0010873554274439812, "final_0_weight_sim": 0.7284235954284668, "final_1_weight_sim": 0.7409161329269409, "final_2_weight_sim": 0.7474329471588135, "best_weight_diff": 0.001092110644094646, "best_weight_sim": 0.7728103995323181, "best_feature_diff": 0.31262223402483863, "best_feature_sim": 0.7009255186669198, "best_0_weight_diff": 0.0011986908502876759, "best_1_weight_diff": 0.0011052602203562856, "best_2_weight_diff": 0.0009681913652457297, "best_0_weight_sim": 0.7523378729820251, "best_1_weight_sim": 0.762089192867279, "best_2_weight_sim": 0.7691916823387146, "num_feature_traj": 20, "num_feature_timesteps": "20000", "final_test_returns": 4744.285759820692, "final_test_normalized_returns": 40.470336608451234, "best_return": 4804.6976404491925, "best_return_normalized": 40.95693354641887, "convergence_step": "20000", "convergence_iter": "4", "best_step": "85000", "best_iter": "17", "best_5percent_normalized": 40.95693354641887, "best_10percent_normalized": 40.9509541564649, "best_25percent_normalized": 40.79290834284366, "best_50percent_normalized": 40.45401917019378, "best_100percent_normalized": 38.794254971222536, "best_later_half_normalized": 38.2150924751832, "best_last_four_normalized": 37.59618705595108, "target_steps": 5000}