{"final_weight_diff": 0.0003261242527514696, "final_weight_sim": 0.8788518905639648, "final_feature_diff": 4.180513730450012, "final_feature_sim": 0.11389102375420265, "final_0_weight_diff": 0.0004362063482403755, "final_1_weight_diff": 0.000445938523625955, "final_2_weight_diff": 0.00048348901327699423, "final_3_weight_diff": 0.0002269441756652668, "final_4_weight_diff": 0.00021093891700729728, "final_5_weight_diff": 0.00015293183969333768, "final_0_weight_sim": 0.7552711367607117, "final_1_weight_sim": 0.7973269820213318, "final_2_weight_sim": 0.8129752278327942, "final_3_weight_sim": 0.9189180731773376, "final_4_weight_sim": 0.9275740385055542, "final_5_weight_sim": 0.9456042647361755, "best_weight_diff": 7.001013000262901e-05, "best_weight_sim": 0.9700270295143127, "best_feature_diff": 4.159065553995504, "best_feature_sim": 0.15433393351047048, "best_0_weight_diff": 8.01325513748452e-05, "best_1_weight_diff": 9.455907274968922e-05, "best_2_weight_diff": 8.6107655079104e-05, "best_3_weight_diff": 5.903984128963202e-05, "best_4_weight_diff": 5.640679592033848e-05, "best_5_weight_diff": 4.37572380178608e-05, "best_0_weight_sim": 0.9417246580123901, "best_1_weight_sim": 0.9460298418998718, "best_2_weight_sim": 0.9578300714492798, "best_3_weight_sim": 0.9763567447662354, "best_4_weight_sim": 0.9785009622573853, "best_5_weight_sim": 0.9834974408149719, "num_feature_traj": 218, "num_feature_timesteps": "100692", "final_test_returns": 2011.330889196798, "final_test_normalized_returns": 62.42304683400782, "best_return": 2538.996919047225, "best_return_normalized": 78.63611510844049, "convergence_step": "5000", "convergence_iter": "1", "best_step": "25000", "best_iter": "5", "best_5percent_normalized": 78.63611510844049, "best_10percent_normalized": 78.39825408986843, "best_25percent_normalized": 77.74031785766837, "best_50percent_normalized": 75.25024723755325, "best_100percent_normalized": 67.14938892957201, "best_later_half_normalized": 67.0307847875283, "best_last_four_normalized": 69.8688538965361}