{"final_weight_diff": 0.0012666917173191905, "final_weight_sim": 0.7827222943305969, "final_feature_diff": 0.26882939836945347, "final_feature_sim": 0.7220725442785891, "final_0_weight_diff": 0.001681016176007688, "final_1_weight_diff": 0.001272606779821217, "final_2_weight_diff": 0.0008415026240982115, "final_0_weight_sim": 0.7482096552848816, "final_1_weight_sim": 0.7811236381530762, "final_2_weight_sim": 0.812470018863678, "best_weight_diff": 0.0005667358636856079, "best_weight_sim": 0.8909516334533691, "best_feature_diff": 0.199148804885126, "best_feature_sim": 0.8022549416454872, "best_0_weight_diff": 0.0007589653832837939, "best_1_weight_diff": 0.000558525905944407, "best_2_weight_diff": 0.0003821045975200832, "best_0_weight_sim": 0.8697929382324219, "best_1_weight_sim": 0.8883135318756104, "best_2_weight_sim": 0.9084233045578003, "num_feature_traj": 119, "num_feature_timesteps": "101758", "final_test_returns": 3057.1539929030173, "final_test_normalized_returns": 66.55944175105932, "best_return": 3528.39880343965, "best_return_normalized": 76.82471258745457, "convergence_step": "30000", "convergence_iter": "6", "best_step": "30000", "best_iter": "6", "best_5percent_normalized": 76.82471258745457, "best_10percent_normalized": 76.72650394328733, "best_25percent_normalized": 76.26032749937124, "best_50percent_normalized": 74.68716376489685, "best_100percent_normalized": 68.99625509117348, "best_later_half_normalized": 69.60217637205001, "best_last_four_normalized": 67.59553600590488, "target_steps": 15000}