{
    "final_weight_diff": 0.0014124305453151464,
    "final_weight_sim": 0.7399163246154785,
    "final_feature_diff": 0.2285370924691772,
    "final_feature_sim": 0.6848035640843497,
    "final_0_weight_diff": 0.001518536708317697,
    "final_1_weight_diff": 0.0014746366068720818,
    "final_2_weight_diff": 0.0012413352960720658,
    "final_0_weight_sim": 0.7187750935554504,
    "final_1_weight_sim": 0.728624165058136,
    "final_2_weight_sim": 0.7386063933372498,
    "best_weight_diff": 0.0013024613726884127,
    "best_weight_sim": 0.7548139095306396,
    "best_feature_diff": 0.22093997533888887,
    "best_feature_sim": 0.6953142332010337,
    "best_0_weight_diff": 0.0014098145766183734,
    "best_1_weight_diff": 0.0013518374180421233,
    "best_2_weight_diff": 0.0011436466593295336,
    "best_0_weight_sim": 0.7341809868812561,
    "best_1_weight_sim": 0.7432921528816223,
    "best_2_weight_sim": 0.7537164688110352,
    "num_feature_traj": 122,
    "num_feature_timesteps": "19420",
    "final_test_returns": 2432.356752233804,
    "final_test_normalized_returns": 75.35948897081897,
    "best_return": 2819.3981971722424,
    "best_return_normalized": 87.25172575854762,
    "convergence_step": "90000",
    "convergence_iter": "18",
    "best_step": "90000",
    "best_iter": "18"
}