{"final_weight_diff": 0.0012934129917994142, "final_weight_sim": 0.7649518847465515, "final_feature_diff": 0.13232027944183955, "final_feature_sim": 0.645969311738403, "final_0_weight_diff": 0.0014459160156548023, "final_1_weight_diff": 0.0013035490410402417, "final_2_weight_diff": 0.0011280906619504094, "final_0_weight_sim": 0.7416517734527588, "final_1_weight_sim": 0.7549529671669006, "final_2_weight_sim": 0.7698950171470642, "best_weight_diff": 0.0009372347267344594, "best_weight_sim": 0.8177558183670044, "best_feature_diff": 0.12320604484460106, "best_feature_sim": 0.6951817693944053, "best_0_weight_diff": 0.001093789585866034, "best_1_weight_diff": 0.0009246948175132275, "best_2_weight_diff": 0.0007925764657557011, "best_0_weight_sim": 0.7972257137298584, "best_1_weight_sim": 0.8069123029708862, "best_2_weight_sim": 0.8231394290924072, "num_feature_traj": 204, "num_feature_timesteps": "37349", "final_test_returns": 2127.919328575996, "final_test_normalized_returns": 66.0053436291991, "best_return": 2615.009723335854, "best_return_normalized": 80.9716847982535, "convergence_step": "65000", "convergence_iter": "13", "best_step": "65000", "best_iter": "13", "best_5percent_normalized": 80.9716847982535, "best_10percent_normalized": 79.96827576210384, "best_25percent_normalized": 75.23606044113384, "best_50percent_normalized": 68.01677655545737, "best_100percent_normalized": 49.81815270293172, "best_later_half_normalized": 57.75393013478331, "best_last_four_normalized": 59.683738323953406}