{"final_weight_diff": 0.0012223408557474613, "final_weight_sim": 0.8397358655929565, "final_feature_diff": 1.6752780352090095, "final_feature_sim": 0.5104890442194754, "final_0_weight_diff": 0.0016311826184391975, "final_1_weight_diff": 0.0011830670991912484, "final_2_weight_diff": 0.0008475994691252708, "final_0_weight_sim": 0.7959450483322144, "final_1_weight_sim": 0.842677116394043, "final_2_weight_sim": 0.8395765423774719, "best_weight_diff": 0.0006505908095277846, "best_weight_sim": 0.9077218770980835, "best_feature_diff": 1.3436271674574196, "best_feature_sim": 0.6160517422803425, "best_0_weight_diff": 0.000896516430657357, "best_1_weight_diff": 0.0005812716553919017, "best_2_weight_diff": 0.0004721495497506112, "best_0_weight_sim": 0.8759785294532776, "best_1_weight_sim": 0.9141196608543396, "best_2_weight_sim": 0.9051573872566223, "num_feature_traj": 119, "num_feature_timesteps": "101758", "final_test_returns": 3520.6990243543087, "final_test_normalized_returns": 76.65698592835051, "best_return": 3625.951219477068, "best_return_normalized": 78.94972690905199, "convergence_step": "45000", "convergence_iter": "9", "best_step": "45000", "best_iter": "9", "best_5percent_normalized": 78.94972690905199, "best_10percent_normalized": 78.5810900587928, "best_25percent_normalized": 77.44774553102042, "best_50percent_normalized": 75.88226942123023, "best_100percent_normalized": 71.2663769927747, "best_later_half_normalized": 72.66819587466941, "best_last_four_normalized": 74.25674290961817}