{"final_weight_diff": 0.0010805638739839196, "final_weight_sim": 0.777508556842804, "final_feature_diff": 0.24506351625741937, "final_feature_sim": 0.7633930162125706, "final_0_weight_diff": 0.0012367292074486613, "final_1_weight_diff": 0.0010429731337353587, "final_2_weight_diff": 0.0009607584215700626, "final_0_weight_sim": 0.7421809434890747, "final_1_weight_sim": 0.7736120223999023, "final_2_weight_sim": 0.7784081697463989, "best_weight_diff": 0.0005322689539752901, "best_weight_sim": 0.8761553168296814, "best_feature_diff": 0.1609571807664759, "best_feature_sim": 0.8511705139065301, "best_0_weight_diff": 0.0006556681473739445, "best_1_weight_diff": 0.0005035421345382929, "best_2_weight_diff": 0.0004376550787128508, "best_0_weight_sim": 0.849118709564209, "best_1_weight_sim": 0.8722977042198181, "best_2_weight_sim": 0.8822032809257507, "num_feature_traj": 238, "num_feature_timesteps": "201773", "final_test_returns": 3027.1289807735507, "final_test_normalized_returns": 65.9053976650904, "best_return": 3692.4998117491614, "best_return_normalized": 80.39937538937363, "convergence_step": "35000", "convergence_iter": "7", "best_step": "35000", "best_iter": "7", "best_5percent_normalized": 80.39937538937363, "best_10percent_normalized": 79.36125365116328, "best_25percent_normalized": 77.65255525217084, "best_50percent_normalized": 75.2191741961507, "best_100percent_normalized": 70.02247766347372, "best_later_half_normalized": 69.74100841342066, "best_last_four_normalized": 68.35586208394375, "target_steps": 10000}