{"final_weight_diff": 0.0010565380798652768, "final_weight_sim": 0.7840622067451477, "final_feature_diff": 0.31043441315121784, "final_feature_sim": 0.7274410814721689, "final_0_weight_diff": 0.0012131574330851436, "final_1_weight_diff": 0.0011732573620975018, "final_2_weight_diff": 0.0007818866870366037, "final_0_weight_sim": 0.7530551552772522, "final_1_weight_sim": 0.7560747861862183, "final_2_weight_sim": 0.8114686608314514, "best_weight_diff": 0.0008352714357897639, "best_weight_sim": 0.8204113245010376, "best_feature_diff": 0.2985817467621329, "best_feature_sim": 0.7413789175793777, "best_0_weight_diff": 0.0009556545992381871, "best_1_weight_diff": 0.000930911221075803, "best_2_weight_diff": 0.0006185270613059402, "best_0_weight_sim": 0.793881893157959, "best_1_weight_sim": 0.7931178212165833, "best_2_weight_sim": 0.8451086282730103, "num_feature_traj": 218, "num_feature_timesteps": "100692", "final_test_returns": 2108.057674057918, "final_test_normalized_returns": 65.39507436317098, "best_return": 2195.4613915893497, "best_return_normalized": 68.08064129303004, "convergence_step": "40000", "convergence_iter": "8", "best_step": "75000", "best_iter": "15", "best_5percent_normalized": 68.08064129303004, "best_10percent_normalized": 67.30882129758473, "best_25percent_normalized": 65.79795041672942, "best_50percent_normalized": 63.50346633534955, "best_100percent_normalized": 58.31418200697256, "best_later_half_normalized": 59.71667657070195, "best_last_four_normalized": 57.42614574293264, "target_steps": 10000}