{
    "final_weight_diff": 0.0013845632784068584,
    "final_weight_sim": 0.7745785117149353,
    "final_feature_diff": 0.48237690465457495,
    "final_feature_sim": 0.5112090658710028,
    "final_0_weight_diff": 0.001548890839330852,
    "final_1_weight_diff": 0.0015192527789622545,
    "final_2_weight_diff": 0.0010815777350217104,
    "final_0_weight_sim": 0.7584700584411621,
    "final_1_weight_sim": 0.7604436874389648,
    "final_2_weight_sim": 0.7869670391082764,
    "best_weight_diff": 0.0013299839338287711,
    "best_weight_sim": 0.781651496887207,
    "best_feature_diff": 0.4820830773960193,
    "best_feature_sim": 0.5133170103008113,
    "best_0_weight_diff": 0.001498286728747189,
    "best_1_weight_diff": 0.0014572680229321122,
    "best_2_weight_diff": 0.0010308471973985434,
    "best_0_weight_sim": 0.7653679847717285,
    "best_1_weight_sim": 0.7674055099487305,
    "best_2_weight_sim": 0.7947477102279663,
    "num_feature_traj": 204,
    "num_feature_timesteps": "37349",
    "final_test_returns": 1451.311302477426,
    "final_test_normalized_returns": 45.21588305832479,
    "best_return": 2669.0746502938264,
    "best_return_normalized": 82.63288393261941,
    "convergence_step": "95000",
    "convergence_iter": "19",
    "best_step": "95000",
    "best_iter": "19"
}