{"final_weight_diff": 0.0008275309228338301, "final_weight_sim": 0.8268463611602783, "final_feature_diff": 0.4678159118374703, "final_feature_sim": 0.7076726069409075, "final_0_weight_diff": 0.001138349063694477, "final_1_weight_diff": 0.0007695350213907659, "final_2_weight_diff": 0.0005731576238758862, "final_0_weight_sim": 0.7745463848114014, "final_1_weight_sim": 0.8257980942726135, "final_2_weight_sim": 0.8519037961959839, "best_weight_diff": 0.00019439455354586244, "best_weight_sim": 0.9518696069717407, "best_feature_diff": 0.15730075859966325, "best_feature_sim": 0.8926887431476473, "best_0_weight_diff": 0.00025283393915742636, "best_1_weight_diff": 0.00018578632443677634, "best_2_weight_diff": 0.00014459864178206772, "best_0_weight_sim": 0.933188259601593, "best_1_weight_sim": 0.9498513340950012, "best_2_weight_sim": 0.9589043855667114, "num_feature_traj": 218, "num_feature_timesteps": "100692", "final_test_returns": 1950.1137604238463, "final_test_normalized_returns": 60.54208912171784, "best_return": 2434.247016497123, "best_return_normalized": 75.41756923716963, "convergence_step": "15000", "convergence_iter": "3", "best_step": "15000", "best_iter": "3", "best_5percent_normalized": 75.41756923716963, "best_10percent_normalized": 73.31453479010423, "best_25percent_normalized": 69.27758457535457, "best_50percent_normalized": 64.91141076889569, "best_100percent_normalized": 59.86412479918905, "best_later_half_normalized": 60.2645770409904, "best_last_four_normalized": 62.36993744970829, "target_steps": 10000}