{"final_weight_diff": 0.0012510360684245825, "final_weight_sim": 0.7582157254219055, "final_feature_diff": 0.28556436760811665, "final_feature_sim": 0.6784354782791487, "final_0_weight_diff": 0.0014053528429940343, "final_1_weight_diff": 0.001209033653140068, "final_2_weight_diff": 0.00113488023635, "final_0_weight_sim": 0.7308856844902039, "final_1_weight_sim": 0.7524152994155884, "final_2_weight_sim": 0.7561240196228027, "best_weight_diff": 0.0011326930252835155, "best_weight_sim": 0.7756065130233765, "best_feature_diff": 0.2757396774252921, "best_feature_sim": 0.6936299162878024, "best_0_weight_diff": 0.0012925205519422889, "best_1_weight_diff": 0.0010935424361377954, "best_2_weight_diff": 0.0010093235177919269, "best_0_weight_sim": 0.7482161521911621, "best_1_weight_sim": 0.7692409753799438, "best_2_weight_sim": 0.7750318050384521, "num_feature_traj": 223, "num_feature_timesteps": "196344", "final_test_returns": 3727.198057965697, "final_test_normalized_returns": 96.37357757985627, "best_return": 4925.490030434528, "best_return_normalized": 124.8683811008615, "convergence_step": "85000", "convergence_iter": "17", "best_step": "85000", "best_iter": "17", "best_5percent_normalized": 124.8683811008615, "best_10percent_normalized": 121.54700830301695, "best_25percent_normalized": 118.08195449238856, "best_50percent_normalized": 112.68959418853254, "best_100percent_normalized": 103.20841376682377, "best_later_half_normalized": 108.03319066803274, "best_last_four_normalized": 109.81997859787192, "target_steps": 5000}