current_itr_train_time	current_itr_train_loss_mean	current_itr_train_loss_std	current_itr_eval_5000_return_mean	current_itr_eval_5000_return_std	current_itr_eval_5000_length_mean	current_itr_eval_5000_length_std	current_itr_eval_2500_return_mean	current_itr_eval_2500_return_std	current_itr_eval_2500_length_mean	current_itr_eval_2500_length_std	TestEpRet	TestEpNormRet	Iteration	Steps	total_time	current_eval_time
1838.3682596683502	0.20473149801418186	0.1809253358845927	203.7155541307646	18.686783924920437	134.5	19.064364662899205	224.30285684762103	11.524554872002808	155.0	9.338094023943002	203.7155541307646	4.402113470621912	1	5000	1903.7786936759949	65.40950655937195
1583.6009817123413	0.0561563362300396	0.006471410385891554	2265.9785062754145	586.3432710600094	658.0	143.13210681045675	1957.9313601949584	1371.626337154334	575.0	337.8922905305772	2265.9785062754145	49.32502246885948	2	10000	3901.074856519699	413.5982186794281
1523.1840679645538	0.04756611977145076	0.004235615614478272	892.9554328697668	1028.510899064274	282.4	243.0441112226338	2098.510324148241	1586.2303158506013	595.1	403.58925902456815	892.9554328697668	19.41603801324577	3	15000	5798.947539567947	374.5665726661682
1479.1701769828796	0.044052354241162536	0.0036349108886220287	2764.786441063004	1473.8846252664832	763.3	351.3773043325366	2378.72225844689	1426.7935691926095	681.5	331.49095010271395	2764.786441063004	60.190709329382585	4	20000	7843.710345029831	565.4758982658386
