{"final_weight_diff": 0.001132601173594594, "final_weight_sim": 0.7786887884140015, "final_feature_diff": 0.2686644254641297, "final_feature_sim": 0.7833502591753759, "final_0_weight_diff": 0.0013091368600726128, "final_1_weight_diff": 0.0010893180733546615, "final_2_weight_diff": 0.0009977980516850948, "final_0_weight_sim": 0.7581765651702881, "final_1_weight_sim": 0.7688938975334167, "final_2_weight_sim": 0.7746102809906006, "best_weight_diff": 0.0006575639708898962, "best_weight_sim": 0.8560695052146912, "best_feature_diff": 0.20644489015227982, "best_feature_sim": 0.8380505191847217, "best_0_weight_diff": 0.0007857183227315545, "best_1_weight_diff": 0.000627063331194222, "best_2_weight_diff": 0.000559739419259131, "best_0_weight_sim": 0.8396975994110107, "best_1_weight_sim": 0.8475457429885864, "best_2_weight_sim": 0.8544161319732666, "num_feature_traj": 219, "num_feature_timesteps": "197797", "final_test_returns": 4937.627950403001, "final_test_normalized_returns": 107.52238509369964, "best_return": 5036.670967410738, "best_return_normalized": 109.67986963529138, "convergence_step": "25000", "convergence_iter": "5", "best_step": "45000", "best_iter": "9", "best_5percent_normalized": 109.67986963529138, "best_10percent_normalized": 109.46538032346058, "best_25percent_normalized": 108.83350225997874, "best_50percent_normalized": 107.89008729339344, "best_100percent_normalized": 95.19900301704465, "best_later_half_normalized": 96.94324556501186, "best_last_four_normalized": 103.6342187673237, "target_steps": 10000}