{
    "final_weight_diff": 0.0009232227457687259,
    "final_weight_sim": 0.7990267872810364,
    "final_feature_diff": 0.24153049371529833,
    "final_feature_sim": 0.7828677470156842,
    "final_0_weight_diff": 0.0010550337610766292,
    "final_1_weight_diff": 0.0008956245146691799,
    "final_2_weight_diff": 0.0008186337654478848,
    "final_0_weight_sim": 0.7650853395462036,
    "final_1_weight_sim": 0.7929211258888245,
    "final_2_weight_sim": 0.8006061315536499,
    "best_weight_diff": 0.0007139761582948267,
    "best_weight_sim": 0.8361476063728333,
    "best_feature_diff": 0.21717206496364483,
    "best_feature_sim": 0.8059646576197799,
    "best_0_weight_diff": 0.0008461705292575061,
    "best_1_weight_diff": 0.0006842485163360834,
    "best_2_weight_diff": 0.0006113537820056081,
    "best_0_weight_sim": 0.8040993213653564,
    "best_1_weight_sim": 0.8308684825897217,
    "best_2_weight_sim": 0.8405434489250183,
    "num_feature_traj": 87,
    "num_feature_timesteps": "41133",
    "final_test_returns": 1973.8785009018784,
    "final_test_normalized_returns": 61.27228462057099,
    "best_return": 2055.6039451464267,
    "best_return_normalized": 63.7833809056034,
    "convergence_step": "45000",
    "convergence_iter": "9",
    "best_step": "75000",
    "best_iter": "15"
}