{
    "final_weight_diff": 0.0014144036686047912,
    "final_weight_sim": 0.7436798214912415,
    "final_feature_diff": 0.2328329914615618,
    "final_feature_sim": 0.6918451357388345,
    "final_0_weight_diff": 0.0015402359422296286,
    "final_1_weight_diff": 0.00148381432518363,
    "final_2_weight_diff": 0.0012164721265435219,
    "final_0_weight_sim": 0.7225847244262695,
    "final_1_weight_sim": 0.7314137816429138,
    "final_2_weight_sim": 0.7451509833335876,
    "best_weight_diff": 0.0014144036686047912,
    "best_weight_sim": 0.7436798214912415,
    "best_feature_diff": 0.2328329914615618,
    "best_feature_sim": 0.6918451357388345,
    "best_0_weight_diff": 0.0015402359422296286,
    "best_1_weight_diff": 0.00148381432518363,
    "best_2_weight_diff": 0.0012164721265435219,
    "best_0_weight_sim": 0.7225847244262695,
    "best_1_weight_sim": 0.7314137816429138,
    "best_2_weight_sim": 0.7451509833335876,
    "num_feature_traj": 204,
    "num_feature_timesteps": "37349",
    "final_test_returns": 2795.078549942586,
    "final_test_normalized_returns": 86.50448019290775,
    "best_return": 2795.078549942586,
    "best_return_normalized": 86.50448019290775,
    "convergence_step": "100000",
    "convergence_iter": "20",
    "best_step": "100000",
    "best_iter": "20"
}