{
    "final_weight_diff": 0.001903229160234332,
    "final_weight_sim": 0.7105821371078491,
    "final_feature_diff": 0.22023293326834445,
    "final_feature_sim": 0.7158670903448257,
    "final_0_weight_diff": 0.0021754682529717684,
    "final_1_weight_diff": 0.0019117117626592517,
    "final_2_weight_diff": 0.0016148844733834267,
    "final_0_weight_sim": 0.6869115233421326,
    "final_1_weight_sim": 0.7124905586242676,
    "final_2_weight_sim": 0.7182952761650085,
    "best_weight_diff": 0.0010975353652611375,
    "best_weight_sim": 0.825049877166748,
    "best_feature_diff": 0.1876254363213328,
    "best_feature_sim": 0.7693788498593156,
    "best_0_weight_diff": 0.001271752524189651,
    "best_1_weight_diff": 0.0011071710614487529,
    "best_2_weight_diff": 0.0009123267373070121,
    "best_0_weight_sim": 0.8123642206192017,
    "best_1_weight_sim": 0.8235856294631958,
    "best_2_weight_sim": 0.8283473253250122,
    "num_feature_traj": 20,
    "num_feature_timesteps": "20000",
    "final_test_returns": 4822.288677283056,
    "final_test_normalized_returns": 41.09862330296976,
    "best_return": 4928.621381191094,
    "best_return_normalized": 41.95509669179952,
    "convergence_step": "20000",
    "convergence_iter": "4",
    "best_step": "45000",
    "best_iter": "9"
}