{"final_weight_diff": 0.002286722417920828, "final_weight_sim": 0.6646525263786316, "final_feature_diff": 0.44745529674527423, "final_feature_sim": 0.51046794539211, "final_0_weight_diff": 0.0024407936725765467, "final_1_weight_diff": 0.0024630811531096697, "final_2_weight_diff": 0.0019293827936053276, "final_0_weight_sim": 0.6340530514717102, "final_1_weight_sim": 0.6626060605049133, "final_2_weight_sim": 0.6819461584091187, "best_weight_diff": 0.0018606351222842932, "best_weight_sim": 0.7100229263305664, "best_feature_diff": 0.44834465982952537, "best_feature_sim": 0.5243557439742506, "best_0_weight_diff": 0.002080513397231698, "best_1_weight_diff": 0.0019950561691075563, "best_2_weight_diff": 0.0014913496561348438, "best_0_weight_sim": 0.6777831315994263, "best_1_weight_sim": 0.7060996294021606, "best_2_weight_sim": 0.7296310663223267, "num_feature_traj": 48, "num_feature_timesteps": "28017", "final_test_returns": 3680.606843857802, "final_test_normalized_returns": 95.2656610433929, "best_return": 3708.2584206881847, "best_return_normalized": 95.92320216603297, "convergence_step": "35000", "convergence_iter": "7", "best_step": "115000", "best_iter": "23", "best_5percent_normalized": 95.92320216603297, "best_10percent_normalized": 95.30416124993555, "best_25percent_normalized": 94.4344883384611, "best_50percent_normalized": 92.2591618150015, "best_100percent_normalized": 86.01280237291351, "best_later_half_normalized": 85.60725576569791, "best_last_four_normalized": 91.3874456677039, "target_steps": 5000}