{"final_weight_diff": 0.001804466126486659, "final_weight_sim": 0.8255306482315063, "final_feature_diff": 8.544551382703833, "final_feature_sim": 0.39350289425716517, "final_0_weight_diff": 0.002011811826378107, "final_1_weight_diff": 0.001822450547479093, "final_2_weight_diff": 0.0015633488073945045, "final_0_weight_sim": 0.6916462182998657, "final_1_weight_sim": 0.7723891735076904, "final_2_weight_sim": 0.816476047039032, "best_weight_diff": 0.0002268960961373523, "best_weight_sim": 0.975438117980957, "best_feature_diff": 3.461779445580517, "best_feature_sim": 0.7457681819868998, "best_0_weight_diff": 0.000299827748676762, "best_1_weight_diff": 0.00021642775391228497, "best_2_weight_diff": 0.000163979348144494, "best_0_weight_sim": 0.9343687295913696, "best_1_weight_sim": 0.9672614336013794, "best_2_weight_sim": 0.9794777631759644, "num_feature_traj": 2, "num_feature_timesteps": "2000", "final_test_returns": 3375.469527787312, "final_test_normalized_returns": 29.444992252036467, "best_return": 4123.161222628338, "best_return_normalized": 35.46739191032213, "convergence_step": "5000", "convergence_iter": "1", "best_step": "10000", "best_iter": "2", "best_5percent_normalized": 35.46739191032213, "best_10percent_normalized": 34.56873858312643, "best_25percent_normalized": 33.17630373436452, "best_50percent_normalized": 31.609586099378305, "best_100percent_normalized": 29.36440129696998, "best_later_half_normalized": 29.019641512785046, "best_last_four_normalized": 27.88271371812849, "target_steps": 10000}