{
    "final_weight_diff": 0.0012392395874485373,
    "final_weight_sim": 0.7642545700073242,
    "final_feature_diff": 0.30546010765684345,
    "final_feature_sim": 0.7431771730141062,
    "final_0_weight_diff": 0.0014513366622850299,
    "final_1_weight_diff": 0.0013430132530629635,
    "final_2_weight_diff": 0.000919810205232352,
    "final_0_weight_sim": 0.7387679815292358,
    "final_1_weight_sim": 0.7379727363586426,
    "final_2_weight_sim": 0.7888961434364319,
    "best_weight_diff": 0.0005094986408948898,
    "best_weight_sim": 0.8844186067581177,
    "best_feature_diff": 0.2522338490408681,
    "best_feature_sim": 0.801075260788746,
    "best_0_weight_diff": 0.0005479915998876095,
    "best_1_weight_diff": 0.0005824709078297019,
    "best_2_weight_diff": 0.0003978005552198738,
    "best_0_weight_sim": 0.8738648295402527,
    "best_1_weight_sim": 0.8582653999328613,
    "best_2_weight_sim": 0.8986480236053467,
    "num_feature_traj": 219,
    "num_feature_timesteps": "197797",
    "final_test_returns": 4929.466544378824,
    "final_test_normalized_returns": 107.3446026728204,
    "best_return": 5034.037929347726,
    "best_return_normalized": 109.62251335627246,
    "convergence_step": "10000",
    "convergence_iter": "2",
    "best_step": "25000",
    "best_iter": "5"
}