{
    "final_weight_diff": 0.0016674806829541922,
    "final_weight_sim": 0.7336183786392212,
    "final_feature_diff": 0.32166264060728667,
    "final_feature_sim": 0.5598970011731296,
    "final_0_weight_diff": 0.0018394734943285584,
    "final_1_weight_diff": 0.0017138270195573568,
    "final_2_weight_diff": 0.0014441199600696564,
    "final_0_weight_sim": 0.6782547235488892,
    "final_1_weight_sim": 0.7378542423248291,
    "final_2_weight_sim": 0.7638397216796875,
    "best_weight_diff": 0.0013416854199022055,
    "best_weight_sim": 0.7773746252059937,
    "best_feature_diff": 0.31644215550923255,
    "best_feature_sim": 0.5710965212940224,
    "best_0_weight_diff": 0.0015036397380754352,
    "best_1_weight_diff": 0.0013550759758800268,
    "best_2_weight_diff": 0.0011628401698544621,
    "best_0_weight_sim": 0.7251549959182739,
    "best_1_weight_sim": 0.7819864153862,
    "best_2_weight_sim": 0.8054629564285278,
    "num_feature_traj": 120,
    "num_feature_timesteps": "106539",
    "final_test_returns": 3118.29460306131,
    "final_test_normalized_returns": 81.89414793382898,
    "best_return": 3915.4770709278914,
    "best_return_normalized": 100.85076144217751,
    "convergence_step": "35000",
    "convergence_iter": "7",
    "best_step": "70000",
    "best_iter": "14"
}