{"final_weight_diff": 0.0019736862741410732, "final_weight_sim": 0.7125428915023804, "final_feature_diff": 0.22808004972711232, "final_feature_sim": 0.6634248299959257, "final_0_weight_diff": 0.002311066724359989, "final_1_weight_diff": 0.0019129038555547595, "final_2_weight_diff": 0.0016885584918782115, "final_0_weight_sim": 0.6922241449356079, "final_1_weight_sim": 0.7180049419403076, "final_2_weight_sim": 0.7169469594955444, "best_weight_diff": 0.0011410315055400133, "best_weight_sim": 0.8280248641967773, "best_feature_diff": 0.197731471558581, "best_feature_sim": 0.7241828028798907, "best_0_weight_diff": 0.00136468349955976, "best_1_weight_diff": 0.0010844049975275993, "best_2_weight_diff": 0.0009724643314257264, "best_0_weight_sim": 0.8162798881530762, "best_1_weight_sim": 0.8323675394058228, "best_2_weight_sim": 0.8267337083816528, "num_feature_traj": 20, "num_feature_timesteps": "20000", "final_test_returns": 4769.869276933892, "final_test_normalized_returns": 40.67640304704267, "best_return": 4832.945453144148, "best_return_normalized": 41.184459970338274, "convergence_step": "15000", "convergence_iter": "3", "best_step": "45000", "best_iter": "9", "best_5percent_normalized": 41.184459970338274, "best_10percent_normalized": 41.17937627187895, "best_25percent_normalized": 41.05952040038586, "best_50percent_normalized": 40.819481873086715, "best_100percent_normalized": 39.785238017570904, "best_later_half_normalized": 39.8332702251393, "best_last_four_normalized": 39.99323748780884}