{"final_weight_diff": 0.0014400975778698921, "final_weight_sim": 0.7522197961807251, "final_feature_diff": 0.43566307787100345, "final_feature_sim": 0.5949004243521224, "final_0_weight_diff": 0.0016079548513516784, "final_1_weight_diff": 0.001509296242147684, "final_2_weight_diff": 0.0011924789287149906, "final_0_weight_sim": 0.7286821007728577, "final_1_weight_sim": 0.740736722946167, "final_2_weight_sim": 0.7659400701522827, "best_weight_diff": 0.0011733396677300334, "best_weight_sim": 0.7936785221099854, "best_feature_diff": 0.4286939452987014, "best_feature_sim": 0.6114735826904859, "best_0_weight_diff": 0.0013341166777536273, "best_1_weight_diff": 0.0012339245295152068, "best_2_weight_diff": 0.0009462916059419513, "best_0_weight_sim": 0.7722787857055664, "best_1_weight_sim": 0.7819393873214722, "best_2_weight_sim": 0.807591438293457, "num_feature_traj": 20, "num_feature_timesteps": "20000", "final_test_returns": 4616.092692204196, "final_test_normalized_returns": 39.43778550224653, "best_return": 4956.746666949132, "best_return_normalized": 42.18163620334835, "convergence_step": "30000", "convergence_iter": "6", "best_step": "75000", "best_iter": "15", "best_5percent_normalized": 42.18163620334835, "best_10percent_normalized": 41.93999708791556, "best_25percent_normalized": 41.617560088978884, "best_50percent_normalized": 41.285914841018766, "best_100percent_normalized": 39.405345636518476, "best_later_half_normalized": 40.81968134940653, "best_last_four_normalized": 40.099052541317945, "target_steps": 10000}