{"final_weight_diff": 0.0009269627626053989, "final_weight_sim": 0.8118547201156616, "final_feature_diff": 0.5006197919348747, "final_feature_sim": 0.7348767678842721, "final_0_weight_diff": 0.0013287022011354566, "final_1_weight_diff": 0.0008727401727810502, "final_2_weight_diff": 0.000576443737372756, "final_0_weight_sim": 0.7564542889595032, "final_1_weight_sim": 0.80495285987854, "final_2_weight_sim": 0.8467416167259216, "best_weight_diff": 0.000327789195580408, "best_weight_sim": 0.9225409626960754, "best_feature_diff": 0.2608382459439019, "best_feature_sim": 0.8676431170822633, "best_0_weight_diff": 0.0004225491138640791, "best_1_weight_diff": 0.0003276170464232564, "best_2_weight_diff": 0.00023318410967476666, "best_0_weight_sim": 0.897537350654602, "best_1_weight_sim": 0.9143939018249512, "best_2_weight_sim": 0.9335504770278931, "num_feature_traj": 200, "num_feature_timesteps": "200000", "final_test_returns": 5059.774316887538, "final_test_normalized_returns": 43.01148851823189, "best_return": 8010.09400409713, "best_return_normalized": 66.77529972368116, "convergence_step": "20000", "convergence_iter": "4", "best_step": "20000", "best_iter": "4", "best_5percent_normalized": 66.77529972368116, "best_10percent_normalized": 60.948731731474375, "best_25percent_normalized": 52.733528462104196, "best_50percent_normalized": 48.52828207034982, "best_100percent_normalized": 45.38312422735136, "best_later_half_normalized": 43.035194224620696, "best_last_four_normalized": 43.98401356615727, "target_steps": 10000}