{"final_weight_diff": 0.0014621937880292535, "final_weight_sim": 0.8586570024490356, "final_feature_diff": 8.598094511700802, "final_feature_sim": 0.39631323051796247, "final_0_weight_diff": 0.0017079768003895879, "final_1_weight_diff": 0.0015391556080430746, "final_2_weight_diff": 0.0011337308678776026, "final_0_weight_sim": 0.736768364906311, "final_1_weight_sim": 0.8091040253639221, "final_2_weight_sim": 0.8638525009155273, "best_weight_diff": 0.00042925190064124763, "best_weight_sim": 0.9542837142944336, "best_feature_diff": 6.566792673161008, "best_feature_sim": 0.5387392410767325, "best_0_weight_diff": 0.0005546668544411659, "best_1_weight_diff": 0.0004280095163267106, "best_2_weight_diff": 0.00030393662746064365, "best_0_weight_sim": 0.8885974287986755, "best_1_weight_sim": 0.9372798204421997, "best_2_weight_sim": 0.9618268013000488, "num_feature_traj": 200, "num_feature_timesteps": "200000", "final_test_returns": 4983.364437346254, "final_test_normalized_returns": 42.39603319672144, "best_return": 6234.990929506041, "best_return_normalized": 52.47745447061572, "convergence_step": "20000", "convergence_iter": "4", "best_step": "20000", "best_iter": "4", "best_5percent_normalized": 52.47745447061572, "best_10percent_normalized": 51.978521810714504, "best_25percent_normalized": 47.423574196586834, "best_50percent_normalized": 45.06406318544602, "best_100percent_normalized": 42.77868274230891, "best_later_half_normalized": 42.347367646731946, "best_last_four_normalized": 42.53837448755362}