{"final_weight_diff": 0.001345366588793695, "final_weight_sim": 0.7674494385719299, "final_feature_diff": 0.7771112514035845, "final_feature_sim": 0.485299205303084, "final_0_weight_diff": 0.0014043604023754597, "final_1_weight_diff": 0.0014323313953354955, "final_2_weight_diff": 0.0011918767122551799, "final_0_weight_sim": 0.7494609951972961, "final_1_weight_sim": 0.7554658055305481, "final_2_weight_sim": 0.7633252739906311, "best_weight_diff": 0.0010634423233568668, "best_weight_sim": 0.8060472011566162, "best_feature_diff": 0.7239418536163695, "best_feature_sim": 0.5324770536758162, "best_0_weight_diff": 0.0011296046432107687, "best_1_weight_diff": 0.0011081895790994167, "best_2_weight_diff": 0.0009494354017078876, "best_0_weight_sim": 0.7892131209373474, "best_1_weight_sim": 0.7943903803825378, "best_2_weight_sim": 0.8007738590240479, "num_feature_traj": 109, "num_feature_timesteps": "31150", "final_test_returns": 1966.9843089971423, "final_test_normalized_returns": 42.81193978880424, "best_return": 3615.9242232931792, "best_return_normalized": 78.73130576318111, "convergence_step": "70000", "convergence_iter": "14", "best_step": "70000", "best_iter": "14", "best_5percent_normalized": 78.73130576318111, "best_10percent_normalized": 71.50045140809347, "best_25percent_normalized": 62.79028236518833, "best_50percent_normalized": 56.198447096684696, "best_100percent_normalized": 42.46265501215895, "best_later_half_normalized": 48.008101139646826, "best_last_four_normalized": 44.35792480692558}