{
    "final_weight_diff": 0.0012715499615296721,
    "final_weight_sim": 0.7602441310882568,
    "final_feature_diff": 0.2134239264749511,
    "final_feature_sim": 0.6642776777692455,
    "final_0_weight_diff": 0.0015302489046007395,
    "final_1_weight_diff": 0.0011275727301836014,
    "final_2_weight_diff": 0.0011550398776307702,
    "final_0_weight_sim": 0.7305677533149719,
    "final_1_weight_sim": 0.764171302318573,
    "final_2_weight_sim": 0.7578830122947693,
    "best_weight_diff": 0.0012278930516913533,
    "best_weight_sim": 0.7666239738464355,
    "best_feature_diff": 0.21130771846825516,
    "best_feature_sim": 0.6696015277424099,
    "best_0_weight_diff": 0.0014792423462495208,
    "best_1_weight_diff": 0.0010871143313124776,
    "best_2_weight_diff": 0.0011156913824379444,
    "best_0_weight_sim": 0.7381157875061035,
    "best_1_weight_sim": 0.7701781988143921,
    "best_2_weight_sim": 0.763664186000824,
    "num_feature_traj": 120,
    "num_feature_timesteps": "106539",
    "final_test_returns": 3369.011033532885,
    "final_test_normalized_returns": 87.85606338508275,
    "best_return": 3912.411805385773,
    "best_return_normalized": 100.77787091017936,
    "convergence_step": "95000",
    "convergence_iter": "19",
    "best_step": "95000",
    "best_iter": "19"
}