{
    "final_weight_diff": 0.0010837188456207514,
    "final_weight_sim": 0.7768506407737732,
    "final_feature_diff": 0.30330167135255165,
    "final_feature_sim": 0.6841911624121755,
    "final_0_weight_diff": 0.0012641178909689188,
    "final_1_weight_diff": 0.0009941309690475464,
    "final_2_weight_diff": 0.0009909786749631166,
    "final_0_weight_sim": 0.740491509437561,
    "final_1_weight_sim": 0.7811439633369446,
    "final_2_weight_sim": 0.7720338106155396,
    "best_weight_diff": 0.0009353032219223678,
    "best_weight_sim": 0.8008770942687988,
    "best_feature_diff": 0.2909159454511958,
    "best_feature_sim": 0.7002010110207183,
    "best_0_weight_diff": 0.0011146249016746879,
    "best_1_weight_diff": 0.0008473539492115378,
    "best_2_weight_diff": 0.0008426179410889745,
    "best_0_weight_sim": 0.7662448883056641,
    "best_1_weight_sim": 0.8048145174980164,
    "best_2_weight_sim": 0.7973098754882812,
    "num_feature_traj": 120,
    "num_feature_timesteps": "106539",
    "final_test_returns": 3502.191174172384,
    "final_test_normalized_returns": 91.02302271353727,
    "best_return": 3610.577994459892,
    "best_return_normalized": 93.60040887593968,
    "convergence_step": "65000",
    "convergence_iter": "13",
    "best_step": "80000",
    "best_iter": "16"
}