{
    "final_weight_diff": 0.0013718953123316169,
    "final_weight_sim": 0.7444294095039368,
    "final_feature_diff": 0.11661415983602275,
    "final_feature_sim": 0.6636282308420396,
    "final_0_weight_diff": 0.00171550118830055,
    "final_1_weight_diff": 0.0013297207187861204,
    "final_2_weight_diff": 0.0010621714172884822,
    "final_0_weight_sim": 0.6966829299926758,
    "final_1_weight_sim": 0.7433750629425049,
    "final_2_weight_sim": 0.7717848420143127,
    "best_weight_diff": 0.0010826196521520615,
    "best_weight_sim": 0.7892077565193176,
    "best_feature_diff": 0.10787127269743992,
    "best_feature_sim": 0.7032381857606752,
    "best_0_weight_diff": 0.0013729003258049488,
    "best_1_weight_diff": 0.0010444952640682459,
    "best_2_weight_diff": 0.0008274501888081431,
    "best_0_weight_sim": 0.7491193413734436,
    "best_1_weight_sim": 0.7842411398887634,
    "best_2_weight_sim": 0.8117708563804626,
    "num_feature_traj": 22,
    "num_feature_timesteps": "18940",
    "final_test_returns": 4570.419059864316,
    "final_test_normalized_returns": 116.42496515978208,
    "best_return": 5068.796686126179,
    "best_return_normalized": 128.27614405931038,
    "convergence_step": "65000",
    "convergence_iter": "13",
    "best_step": "65000",
    "best_iter": "13"
}