{
    "final_weight_diff": 0.0011107709724456072,
    "final_weight_sim": 0.7810467481613159,
    "final_feature_diff": 0.2595861381938521,
    "final_feature_sim": 0.7796181869923878,
    "final_0_weight_diff": 0.0013661000411957502,
    "final_1_weight_diff": 0.001083162846043706,
    "final_2_weight_diff": 0.000880654260981828,
    "final_0_weight_sim": 0.7582843899726868,
    "final_1_weight_sim": 0.7714229226112366,
    "final_2_weight_sim": 0.7852476835250854,
    "best_weight_diff": 0.0003750559117179364,
    "best_weight_sim": 0.9101402759552002,
    "best_feature_diff": 0.15233584158953123,
    "best_feature_sim": 0.8784683154784162,
    "best_0_weight_diff": 0.0004278984561096877,
    "best_1_weight_diff": 0.00037419385625980794,
    "best_2_weight_diff": 0.00032306936918757856,
    "best_0_weight_sim": 0.9027230739593506,
    "best_1_weight_sim": 0.9009959697723389,
    "best_2_weight_sim": 0.908191442489624,
    "num_feature_traj": 219,
    "num_feature_timesteps": "197797",
    "final_test_returns": 4935.341016184904,
    "final_test_normalized_returns": 107.47256810132352,
    "best_return": 5015.15740842479,
    "best_return_normalized": 109.21123315440572,
    "convergence_step": "20000",
    "convergence_iter": "4",
    "best_step": "20000",
    "best_iter": "4"
}