{
    "final_weight_diff": 0.001231664209626615,
    "final_weight_sim": 0.7917465567588806,
    "final_feature_diff": 0.45788676084018076,
    "final_feature_sim": 0.5821042292755505,
    "final_0_weight_diff": 0.0015520087908953428,
    "final_1_weight_diff": 0.0012814807705581188,
    "final_2_weight_diff": 0.0008572334772907197,
    "final_0_weight_sim": 0.7599389553070068,
    "final_1_weight_sim": 0.7828100919723511,
    "final_2_weight_sim": 0.8204716444015503,
    "best_weight_diff": 0.0007583668921142817,
    "best_weight_sim": 0.861624002456665,
    "best_feature_diff": 0.3685912845649056,
    "best_feature_sim": 0.67364151728946,
    "best_0_weight_diff": 0.0010076037142425776,
    "best_1_weight_diff": 0.0007471645949408412,
    "best_2_weight_diff": 0.0005188874783925712,
    "best_0_weight_sim": 0.8321764469146729,
    "best_1_weight_sim": 0.8583845496177673,
    "best_2_weight_sim": 0.8852280378341675,
    "num_feature_traj": 119,
    "num_feature_timesteps": "101758",
    "final_test_returns": 2956.5446990736104,
    "final_test_normalized_returns": 64.36783851909749,
    "best_return": 3697.495203194434,
    "best_return_normalized": 80.50819153964832,
    "convergence_step": "50000",
    "convergence_iter": "10",
    "best_step": "50000",
    "best_iter": "10"
}