{
    "final_weight_diff": 0.001427152892574668,
    "final_weight_sim": 0.7631728649139404,
    "final_feature_diff": 0.4662332746969103,
    "final_feature_sim": 0.6032958723582305,
    "final_0_weight_diff": 0.0016268253093585372,
    "final_1_weight_diff": 0.0014711752301082015,
    "final_2_weight_diff": 0.0011710067046806216,
    "final_0_weight_sim": 0.7350766658782959,
    "final_1_weight_sim": 0.753961443901062,
    "final_2_weight_sim": 0.7801469564437866,
    "best_weight_diff": 0.0013755029067397118,
    "best_weight_sim": 0.7708093523979187,
    "best_feature_diff": 0.4649075406314641,
    "best_feature_sim": 0.6058454948900106,
    "best_0_weight_diff": 0.0015750187449157238,
    "best_1_weight_diff": 0.0014186612097546458,
    "best_2_weight_diff": 0.0011215124977752566,
    "best_0_weight_sim": 0.7428345084190369,
    "best_1_weight_sim": 0.7615509033203125,
    "best_2_weight_sim": 0.7881459593772888,
    "num_feature_traj": 20,
    "num_feature_timesteps": "20000",
    "final_test_returns": 4517.981996423278,
    "final_test_normalized_returns": 38.64753756339414,
    "best_return": 4821.929731173731,
    "best_return_normalized": 41.0957321154107,
    "convergence_step": "15000",
    "convergence_iter": "3",
    "best_step": "95000",
    "best_iter": "19"
}