{
    "final_weight_diff": 0.0033050207421183586,
    "final_weight_sim": 0.6457666754722595,
    "final_feature_diff": 0.9801483271584547,
    "final_feature_sim": 0.5000946869880428,
    "final_0_weight_diff": 0.0037697951775044203,
    "final_1_weight_diff": 0.0034929641988128424,
    "final_2_weight_diff": 0.00265395431779325,
    "final_0_weight_sim": 0.6190604567527771,
    "final_1_weight_sim": 0.6234104633331299,
    "final_2_weight_sim": 0.6467130184173584,
    "best_weight_diff": 0.0024035645183175802,
    "best_weight_sim": 0.699426531791687,
    "best_feature_diff": 0.8954091265383024,
    "best_feature_sim": 0.5557912513536211,
    "best_0_weight_diff": 0.0027983393520116806,
    "best_1_weight_diff": 0.0024898042902350426,
    "best_2_weight_diff": 0.0019233269849792123,
    "best_0_weight_sim": 0.6698253750801086,
    "best_1_weight_sim": 0.6761027574539185,
    "best_2_weight_sim": 0.7020712494850159,
    "num_feature_traj": 223,
    "num_feature_timesteps": "196344",
    "final_test_returns": 4537.740164328376,
    "final_test_normalized_returns": 115.64787682991404,
    "best_return": 5102.811064041775,
    "best_return_normalized": 129.08498951422672,
    "convergence_step": "105000",
    "convergence_iter": "21",
    "best_step": "105000",
    "best_iter": "21"
}