{"final_weight_diff": 0.0011650951346382499, "final_weight_sim": 0.7842437624931335, "final_feature_diff": 0.10164147997773437, "final_feature_sim": 0.7566832031925085, "final_0_weight_diff": 0.0013890501577407122, "final_1_weight_diff": 0.0011170865036547184, "final_2_weight_diff": 0.0009870417416095734, "final_0_weight_sim": 0.7581707239151001, "final_1_weight_sim": 0.7792951464653015, "final_2_weight_sim": 0.79029780626297, "best_weight_diff": 0.0010440172627568245, "best_weight_sim": 0.8024598956108093, "best_feature_diff": 0.09980414463589679, "best_feature_sim": 0.7675593745075976, "best_0_weight_diff": 0.0012429116759449244, "best_1_weight_diff": 0.0009997577872127295, "best_2_weight_diff": 0.0008879303932189941, "best_0_weight_sim": 0.7794578075408936, "best_1_weight_sim": 0.796683669090271, "best_2_weight_sim": 0.8068122863769531, "num_feature_traj": 119, "num_feature_timesteps": "101758", "final_test_returns": 3423.9443229535327, "final_test_normalized_returns": 74.5493484703539, "best_return": 3646.331462389143, "best_return_normalized": 79.39367601687502, "convergence_step": "15000", "convergence_iter": "3", "best_step": "85000", "best_iter": "17", "best_5percent_normalized": 79.39367601687502, "best_10percent_normalized": 79.1904151291364, "best_25percent_normalized": 78.35945450235683, "best_50percent_normalized": 77.13772693449354, "best_100percent_normalized": 73.81394403097306, "best_later_half_normalized": 75.90786162992887, "best_last_four_normalized": 77.74220112045091, "target_steps": 5000}