{
    "final_weight_diff": 0.001224370556883514,
    "final_weight_sim": 0.7716382145881653,
    "final_feature_diff": 0.09964715852306852,
    "final_feature_sim": 0.7732661099076376,
    "final_0_weight_diff": 0.001510879141278565,
    "final_1_weight_diff": 0.0011707069352269173,
    "final_2_weight_diff": 0.0009891997324302793,
    "final_0_weight_sim": 0.7356749176979065,
    "final_1_weight_sim": 0.7685277462005615,
    "final_2_weight_sim": 0.7847193479537964,
    "best_weight_diff": 0.0006438272539526224,
    "best_weight_sim": 0.8642802834510803,
    "best_feature_diff": 0.1094685600515533,
    "best_feature_sim": 0.839898680843401,
    "best_0_weight_diff": 0.0008009519660845399,
    "best_1_weight_diff": 0.0005999213899485767,
    "best_2_weight_diff": 0.0005305900704115629,
    "best_0_weight_sim": 0.8426898717880249,
    "best_1_weight_sim": 0.8596351146697998,
    "best_2_weight_sim": 0.8691713213920593,
    "num_feature_traj": 219,
    "num_feature_timesteps": "197797",
    "final_test_returns": 4969.888747703837,
    "final_test_normalized_returns": 108.2251319766075,
    "best_return": 4995.535141435366,
    "best_return_normalized": 108.78379526953836,
    "convergence_step": "20000",
    "convergence_iter": "4",
    "best_step": "35000",
    "best_iter": "7"
}