{"final_weight_diff": 0.0012682847445830703, "final_weight_sim": 0.7956177592277527, "final_feature_diff": 0.34109787730762514, "final_feature_sim": 0.7267408830107528, "final_0_weight_diff": 0.0016886050580069423, "final_1_weight_diff": 0.001215968164615333, "final_2_weight_diff": 0.0008935111109167337, "final_0_weight_sim": 0.7519322633743286, "final_1_weight_sim": 0.7979925870895386, "final_2_weight_sim": 0.8271348476409912, "best_weight_diff": 0.0011784641537815332, "best_weight_sim": 0.8077066540718079, "best_feature_diff": 0.33352459533034373, "best_feature_sim": 0.7344657229318337, "best_0_weight_diff": 0.0015737066278234124, "best_1_weight_diff": 0.001126541174016893, "best_2_weight_diff": 0.0008293892024084926, "best_0_weight_sim": 0.7653073668479919, "best_1_weight_sim": 0.8100294470787048, "best_2_weight_sim": 0.8380520343780518, "num_feature_traj": 200, "num_feature_timesteps": "200000", "final_test_returns": 6179.4692364935545, "final_test_normalized_returns": 52.03024631338597, "best_return": 7412.309558820772, "best_return_normalized": 61.960351445131295, "convergence_step": "20000", "convergence_iter": "4", "best_step": "90000", "best_iter": "18", "best_5percent_normalized": 61.960351445131295, "best_10percent_normalized": 61.19025610490496, "best_25percent_normalized": 59.01959005488389, "best_50percent_normalized": 54.59157569503414, "best_100percent_normalized": 48.8692994320616, "best_later_half_normalized": 47.218270969633195, "best_last_four_normalized": 50.933618327941915, "target_steps": 5000}