{"final_weight_diff": 0.0014460000675171614, "final_weight_sim": 0.797990083694458, "final_feature_diff": 1.5999974255803562, "final_feature_sim": 0.47803288074892364, "final_0_weight_diff": 0.001944060786627233, "final_1_weight_diff": 0.0013917110627517104, "final_2_weight_diff": 0.0009940279414877295, "final_0_weight_sim": 0.7469150424003601, "final_1_weight_sim": 0.7924724817276001, "final_2_weight_sim": 0.8120839595794678, "best_weight_diff": 0.0013951710425317287, "best_weight_sim": 0.8034650683403015, "best_feature_diff": 1.5856126262951677, "best_feature_sim": 0.4840141723678571, "best_0_weight_diff": 0.0018836684757843614, "best_1_weight_diff": 0.0013381659518927336, "best_2_weight_diff": 0.0009561047772876918, "best_0_weight_sim": 0.7525511384010315, "best_1_weight_sim": 0.7982079386711121, "best_2_weight_sim": 0.8177585005760193, "num_feature_traj": 223, "num_feature_timesteps": "196344", "final_test_returns": 4408.597477749468, "final_test_normalized_returns": 112.57692620620332, "best_return": 5075.770178654712, "best_return_normalized": 128.44197033873238, "convergence_step": "95000", "convergence_iter": "19", "best_step": "95000", "best_iter": "19", "best_5percent_normalized": 128.44197033873238, "best_10percent_normalized": 123.61818546031631, "best_25percent_normalized": 119.9554334476862, "best_50percent_normalized": 115.69660528621345, "best_100percent_normalized": 104.49882320001532, "best_later_half_normalized": 106.06564256362576, "best_last_four_normalized": 108.61907814401147, "target_steps": 5000}