{
    "final_weight_diff": 0.0017227395437657833,
    "final_weight_sim": 0.6917620301246643,
    "final_feature_diff": 0.2694174508201537,
    "final_feature_sim": 0.6417496830335251,
    "final_0_weight_diff": 0.0017728350358083844,
    "final_1_weight_diff": 0.0017124135047197342,
    "final_2_weight_diff": 0.0016737414989620447,
    "final_0_weight_sim": 0.6708938479423523,
    "final_1_weight_sim": 0.6872818470001221,
    "final_2_weight_sim": 0.681065559387207,
    "best_weight_diff": 0.0011539767729118466,
    "best_weight_sim": 0.770646333694458,
    "best_feature_diff": 0.23730757050041884,
    "best_feature_sim": 0.6898968542433548,
    "best_0_weight_diff": 0.0012246930273249745,
    "best_1_weight_diff": 0.0011518568499013782,
    "best_2_weight_diff": 0.0010836559813469648,
    "best_0_weight_sim": 0.7515836358070374,
    "best_1_weight_sim": 0.7614229917526245,
    "best_2_weight_sim": 0.7634686827659607,
    "num_feature_traj": 21,
    "num_feature_timesteps": "5525",
    "final_test_returns": 2964.7485972180248,
    "final_test_normalized_returns": 64.54654655891804,
    "best_return": 3402.8077047750253,
    "best_return_normalized": 74.08892300716255,
    "convergence_step": "55000",
    "convergence_iter": "11",
    "best_step": "55000",
    "best_iter": "11"
}