{"final_weight_diff": 0.0009914749534800649, "final_weight_sim": 0.7925049066543579, "final_feature_diff": 0.2875839751269946, "final_feature_sim": 0.8030643911334037, "final_0_weight_diff": 0.0011392689775675535, "final_1_weight_diff": 0.000986083410680294, "final_2_weight_diff": 0.0008486993610858917, "final_0_weight_sim": 0.7687054872512817, "final_1_weight_sim": 0.7776715159416199, "final_2_weight_sim": 0.794867992401123, "best_weight_diff": 0.0003837210242636502, "best_weight_sim": 0.9062256813049316, "best_feature_diff": 0.17117072304037761, "best_feature_sim": 0.8782377185402392, "best_0_weight_diff": 0.000433388544479385, "best_1_weight_diff": 0.00040398017154075205, "best_2_weight_diff": 0.00031387509079650044, "best_0_weight_sim": 0.8975563049316406, "best_1_weight_sim": 0.8915108442306519, "best_2_weight_sim": 0.908978283405304, "num_feature_traj": 218, "num_feature_timesteps": "100692", "final_test_returns": 1935.0708871322945, "final_test_normalized_returns": 60.0798817444707, "best_return": 2336.215245181368, "best_return_normalized": 72.40544468964772, "convergence_step": "30000", "convergence_iter": "6", "best_step": "30000", "best_iter": "6", "best_5percent_normalized": 72.40544468964772, "best_10percent_normalized": 71.2972098509621, "best_25percent_normalized": 65.93336224386499, "best_50percent_normalized": 62.57756075121913, "best_100percent_normalized": 57.497156300355165, "best_later_half_normalized": 57.430108383619334, "best_last_four_normalized": 57.669325375993004, "target_steps": 5000}