{"final_weight_diff": 0.0019766981713473797, "final_weight_sim": 0.7308875322341919, "final_feature_diff": 0.6993883185602089, "final_feature_sim": 0.662920214654829, "final_0_weight_diff": 0.00231112795881927, "final_1_weight_diff": 0.001908951555378735, "final_2_weight_diff": 0.0017098889220505953, "final_0_weight_sim": 0.7003095746040344, "final_1_weight_sim": 0.7134518027305603, "final_2_weight_sim": 0.7255246043205261, "best_weight_diff": 0.0016769887879490852, "best_weight_sim": 0.7557961940765381, "best_feature_diff": 0.6586678772803882, "best_feature_sim": 0.683696122811387, "best_0_weight_diff": 0.0019452336709946394, "best_1_weight_diff": 0.0016092879232019186, "best_2_weight_diff": 0.001475958270020783, "best_0_weight_sim": 0.725305438041687, "best_1_weight_sim": 0.7397767305374146, "best_2_weight_sim": 0.7494151592254639, "num_feature_traj": 89, "num_feature_timesteps": "77552", "final_test_returns": 3461.4237534552603, "final_test_normalized_returns": 75.36577444745053, "best_return": 3643.154298101568, "best_return_normalized": 79.32446686873281, "convergence_step": "5000", "convergence_iter": "1", "best_step": "75000", "best_iter": "15", "best_5percent_normalized": 79.32446686873281, "best_10percent_normalized": 78.59362635693302, "best_25percent_normalized": 76.96865570226035, "best_50percent_normalized": 74.8600467675875, "best_100percent_normalized": 66.9504562816766, "best_later_half_normalized": 69.43293147962129, "best_last_four_normalized": 71.00013585643951}