{"final_weight_diff": 0.0016071161953732371, "final_weight_sim": 0.7559744715690613, "final_feature_diff": 0.6386237792410255, "final_feature_sim": 0.6726087033076997, "final_0_weight_diff": 0.001731667434796691, "final_1_weight_diff": 0.0017120084958150983, "final_2_weight_diff": 0.0013778494903817773, "final_0_weight_sim": 0.7275794744491577, "final_1_weight_sim": 0.7348411083221436, "final_2_weight_sim": 0.7512080073356628, "best_weight_diff": 0.000692890549544245, "best_weight_sim": 0.8633999824523926, "best_feature_diff": 0.3860428854381952, "best_feature_sim": 0.7952407456883421, "best_0_weight_diff": 0.0007531388546340168, "best_1_weight_diff": 0.0006784782162867486, "best_2_weight_diff": 0.0006467463099397719, "best_0_weight_sim": 0.8423050045967102, "best_1_weight_sim": 0.8524993658065796, "best_2_weight_sim": 0.8543003797531128, "num_feature_traj": 218, "num_feature_timesteps": "100692", "final_test_returns": 1873.8219457916837, "final_test_normalized_returns": 58.197946559115806, "best_return": 2229.0200656684647, "best_return_normalized": 69.11176522988524, "convergence_step": "5000", "convergence_iter": "1", "best_step": "25000", "best_iter": "5", "best_5percent_normalized": 69.11176522988524, "best_10percent_normalized": 68.91718965029274, "best_25percent_normalized": 66.90565983538832, "best_50percent_normalized": 64.24339615225298, "best_100percent_normalized": 58.717185431395954, "best_later_half_normalized": 60.49623702115507, "best_last_four_normalized": 57.69970032533146}