{
    "final_weight_diff": 0.0011042025871574879,
    "final_weight_sim": 0.7904262542724609,
    "final_feature_diff": 0.20270631070261036,
    "final_feature_sim": 0.75711805338792,
    "final_0_weight_diff": 0.0013386914506554604,
    "final_1_weight_diff": 0.0010345429182052612,
    "final_2_weight_diff": 0.0009385140147060156,
    "final_0_weight_sim": 0.7602933645248413,
    "final_1_weight_sim": 0.7888908982276917,
    "final_2_weight_sim": 0.7972956299781799,
    "best_weight_diff": 0.0003247111162636429,
    "best_weight_sim": 0.926811158657074,
    "best_feature_diff": 0.10776590933186991,
    "best_feature_sim": 0.875673366305783,
    "best_0_weight_diff": 0.00040068969246931374,
    "best_1_weight_diff": 0.00030690868152305484,
    "best_2_weight_diff": 0.00026659175637178123,
    "best_0_weight_sim": 0.913533091545105,
    "best_1_weight_sim": 0.9234151840209961,
    "best_2_weight_sim": 0.9321706891059875,
    "num_feature_traj": 218,
    "num_feature_timesteps": "100692",
    "final_test_returns": 1765.8137776475917,
    "final_test_normalized_returns": 54.879287207834565,
    "best_return": 2103.351042993212,
    "best_return_normalized": 65.2504584006534,
    "convergence_step": "20000",
    "convergence_iter": "4",
    "best_step": "20000",
    "best_iter": "4"
}