{"final_weight_diff": 0.0010424007195979357, "final_weight_sim": 0.7824875116348267, "final_feature_diff": 0.24713248620450626, "final_feature_sim": 0.7657927636464352, "final_0_weight_diff": 0.0012026432668790221, "final_1_weight_diff": 0.0010787314968183637, "final_2_weight_diff": 0.0008445993880741298, "final_0_weight_sim": 0.7563568949699402, "final_1_weight_sim": 0.7648846507072449, "final_2_weight_sim": 0.7910571098327637, "best_weight_diff": 0.0005454233614727855, "best_weight_sim": 0.8732188940048218, "best_feature_diff": 0.18338247609592329, "best_feature_sim": 0.8281018690363222, "best_0_weight_diff": 0.0006366827292367816, "best_1_weight_diff": 0.0005511989002116024, "best_2_weight_diff": 0.000448228936875239, "best_0_weight_sim": 0.8584275245666504, "best_1_weight_sim": 0.8599563837051392, "best_2_weight_sim": 0.8761588335037231, "num_feature_traj": 100, "num_feature_timesteps": "100000", "final_test_returns": 4524.161741304351, "final_test_normalized_returns": 38.69731328474674, "best_return": 5047.003171005929, "best_return_normalized": 42.9086213269497, "convergence_step": "5000", "convergence_iter": "1", "best_step": "40000", "best_iter": "8", "best_5percent_normalized": 42.9086213269497, "best_10percent_normalized": 42.90286939301453, "best_25percent_normalized": 42.86670675406557, "best_50percent_normalized": 42.79416911891742, "best_100percent_normalized": 42.31378394788344, "best_later_half_normalized": 42.08744718178757, "best_last_four_normalized": 41.32970617245882, "target_steps": 5000}