{"final_weight_diff": 0.0009088004007935524, "final_weight_sim": 0.8176148533821106, "final_feature_diff": 0.470101939613026, "final_feature_sim": 0.7492513255860596, "final_0_weight_diff": 0.0012307600118219852, "final_1_weight_diff": 0.0008389005670323968, "final_2_weight_diff": 0.0006540492759086192, "final_0_weight_sim": 0.7734112739562988, "final_1_weight_sim": 0.8133905529975891, "final_2_weight_sim": 0.8338309526443481, "best_weight_diff": 0.0004022160137537867, "best_weight_sim": 0.9076688289642334, "best_feature_diff": 0.26769981425217554, "best_feature_sim": 0.861093922804744, "best_0_weight_diff": 0.0005188897484913468, "best_1_weight_diff": 0.00037145440001040697, "best_2_weight_diff": 0.00031620528898201883, "best_0_weight_sim": 0.8803818225860596, "best_1_weight_sim": 0.904524564743042, "best_2_weight_sim": 0.9127945899963379, "num_feature_traj": 219, "num_feature_timesteps": "197797", "final_test_returns": 5006.855112819953, "final_test_normalized_returns": 109.03038169240148, "best_return": 5050.27948429744, "best_return_normalized": 109.9763081496266, "convergence_step": "30000", "convergence_iter": "6", "best_step": "30000", "best_iter": "6", "best_5percent_normalized": 109.9763081496266, "best_10percent_normalized": 109.50334492101405, "best_25percent_normalized": 108.96797933297319, "best_50percent_normalized": 108.13775584271397, "best_100percent_normalized": 99.5737632098785, "best_later_half_normalized": 105.26448724690631, "best_last_four_normalized": 107.51460734401853, "target_steps": 15000}