{
    "final_weight_diff": 0.0012021476868540049,
    "final_weight_sim": 0.7881808280944824,
    "final_feature_diff": 0.31144795522945895,
    "final_feature_sim": 0.7105525453452315,
    "final_0_weight_diff": 0.0015423635486513376,
    "final_1_weight_diff": 0.0012590911937877536,
    "final_2_weight_diff": 0.0008001680253073573,
    "final_0_weight_sim": 0.7570816278457642,
    "final_1_weight_sim": 0.7779521942138672,
    "final_2_weight_sim": 0.819470226764679,
    "best_weight_diff": 0.0012021476868540049,
    "best_weight_sim": 0.7881808280944824,
    "best_feature_diff": 0.31144795522945895,
    "best_feature_sim": 0.7105525453452315,
    "best_0_weight_diff": 0.0015423635486513376,
    "best_1_weight_diff": 0.0012590911937877536,
    "best_2_weight_diff": 0.0008001680253073573,
    "best_0_weight_sim": 0.7570816278457642,
    "best_1_weight_sim": 0.7779521942138672,
    "best_2_weight_sim": 0.819470226764679,
    "num_feature_traj": 119,
    "num_feature_timesteps": "101758",
    "final_test_returns": 3721.673393026614,
    "final_test_normalized_returns": 81.03487249487937,
    "best_return": 3721.673393026614,
    "best_return_normalized": 81.03487249487937,
    "convergence_step": "100000",
    "convergence_iter": "20",
    "best_step": "100000",
    "best_iter": "20"
}