{
    "final_weight_diff": 0.0015940185403451324,
    "final_weight_sim": 0.8496522903442383,
    "final_feature_diff": 6.709556594799844,
    "final_feature_sim": 0.4088120764313071,
    "final_0_weight_diff": 0.0016059787012636662,
    "final_1_weight_diff": 0.0017865074332803488,
    "final_2_weight_diff": 0.0013848281232640147,
    "final_0_weight_sim": 0.7456939220428467,
    "final_1_weight_sim": 0.7867311239242554,
    "final_2_weight_sim": 0.843100368976593,
    "best_weight_diff": 0.0006123048951849341,
    "best_weight_sim": 0.9362633228302002,
    "best_feature_diff": 6.292405847623844,
    "best_feature_sim": 0.4745999801719523,
    "best_0_weight_diff": 0.0006929676164872944,
    "best_1_weight_diff": 0.0006629232666455209,
    "best_2_weight_diff": 0.0004796764114871621,
    "best_0_weight_sim": 0.8644602298736572,
    "best_1_weight_sim": 0.9063588976860046,
    "best_2_weight_sim": 0.941228449344635,
    "num_feature_traj": 95,
    "num_feature_timesteps": "79844",
    "final_test_returns": 3384.5024968654425,
    "final_test_normalized_returns": 73.69017502584386,
    "best_return": 3584.537410918581,
    "best_return_normalized": 78.04759716308115,
    "convergence_step": "10000",
    "convergence_iter": "2",
    "best_step": "30000",
    "best_iter": "6"
}