{"final_weight_diff": 0.0018781857797876, "final_weight_sim": 0.6964606046676636, "final_feature_diff": 0.4400302833824223, "final_feature_sim": 0.555215906202039, "final_0_weight_diff": 0.002551788929849863, "final_1_weight_diff": 0.0019118022173643112, "final_2_weight_diff": 0.001161924097687006, "final_0_weight_sim": 0.6283713579177856, "final_1_weight_sim": 0.7039918899536133, "final_2_weight_sim": 0.7528591156005859, "best_weight_diff": 0.0018781857797876, "best_weight_sim": 0.6964606046676636, "best_feature_diff": 0.4400302833824223, "best_feature_sim": 0.555215906202039, "best_0_weight_diff": 0.002551788929849863, "best_1_weight_diff": 0.0019118022173643112, "best_2_weight_diff": 0.001161924097687006, "best_0_weight_sim": 0.6283713579177856, "best_1_weight_sim": 0.7039918899536133, "best_2_weight_sim": 0.7528591156005859, "num_feature_traj": 120, "num_feature_timesteps": "106539", "final_test_returns": 3882.652968408186, "final_test_normalized_returns": 100.0702201604686, "best_return": 3882.652968408186, "best_return_normalized": 100.0702201604686, "convergence_step": "25000", "convergence_iter": "5", "best_step": "160000", "best_iter": "32", "best_5percent_normalized": 100.0702201604686, "best_10percent_normalized": 99.43768950053857, "best_25percent_normalized": 97.2544313858897, "best_50percent_normalized": 93.74134158173041, "best_100percent_normalized": 88.0070382918514, "best_later_half_normalized": 85.47293967975875, "best_last_four_normalized": 89.42611254569093, "target_steps": 5000}