{
    "final_weight_diff": 0.0013498039916157722,
    "final_weight_sim": 0.7626731395721436,
    "final_feature_diff": 0.7988968737330631,
    "final_feature_sim": 0.4008620650776998,
    "final_0_weight_diff": 0.0015812200726941228,
    "final_1_weight_diff": 0.0013104042736813426,
    "final_2_weight_diff": 0.0011479397071525455,
    "final_0_weight_sim": 0.7325552701950073,
    "final_1_weight_sim": 0.76076740026474,
    "final_2_weight_sim": 0.7667360901832581,
    "best_weight_diff": 0.0010549657745286822,
    "best_weight_sim": 0.8044055700302124,
    "best_feature_diff": 0.784183758721838,
    "best_feature_sim": 0.4339961551108129,
    "best_0_weight_diff": 0.001299065537750721,
    "best_1_weight_diff": 0.000989103689789772,
    "best_2_weight_diff": 0.000872808275744319,
    "best_0_weight_sim": 0.7726148962974548,
    "best_1_weight_sim": 0.8046970367431641,
    "best_2_weight_sim": 0.8094601631164551,
    "num_feature_traj": 48,
    "num_feature_timesteps": "28017",
    "final_test_returns": 3295.676748939991,
    "final_test_normalized_returns": 86.11220956745038,
    "best_return": 3725.384661242275,
    "best_return_normalized": 96.33045588286863,
    "convergence_step": "55000",
    "convergence_iter": "11",
    "best_step": "70000",
    "best_iter": "14"
}