{
    "final_weight_diff": 0.0014605203177779913,
    "final_weight_sim": 0.7670468091964722,
    "final_feature_diff": 0.23270493604907475,
    "final_feature_sim": 0.6897887669712968,
    "final_0_weight_diff": 0.0015081280143931508,
    "final_1_weight_diff": 0.0015489091165363789,
    "final_2_weight_diff": 0.0013219491811469197,
    "final_0_weight_sim": 0.716078519821167,
    "final_1_weight_sim": 0.7678369879722595,
    "final_2_weight_sim": 0.7916067242622375,
    "best_weight_diff": 0.0004329204384703189,
    "best_weight_sim": 0.9195802211761475,
    "best_feature_diff": 0.14610798265911354,
    "best_feature_sim": 0.8118479510204709,
    "best_0_weight_diff": 0.0005020698881708086,
    "best_1_weight_diff": 0.00044432500726543367,
    "best_2_weight_diff": 0.00035217046388424933,
    "best_0_weight_sim": 0.8852056264877319,
    "best_1_weight_sim": 0.919501781463623,
    "best_2_weight_sim": 0.9384515881538391,
    "num_feature_traj": 87,
    "num_feature_timesteps": "41133",
    "final_test_returns": 2268.0026779003024,
    "final_test_normalized_returns": 70.3095451093474,
    "best_return": 2306.258239434118,
    "best_return_normalized": 71.48498562652513,
    "convergence_step": "20000",
    "convergence_iter": "4",
    "best_step": "20000",
    "best_iter": "4"
}