{
    "final_weight_diff": 0.0017993146320804954,
    "final_weight_sim": 0.7526280879974365,
    "final_feature_diff": 0.2062847116166361,
    "final_feature_sim": 0.6774216764606547,
    "final_0_weight_diff": 0.002167600905522704,
    "final_1_weight_diff": 0.0018292063614353538,
    "final_2_weight_diff": 0.0013962496304884553,
    "final_0_weight_sim": 0.730652391910553,
    "final_1_weight_sim": 0.7575047612190247,
    "final_2_weight_sim": 0.7631390690803528,
    "best_weight_diff": 0.0017993146320804954,
    "best_weight_sim": 0.7526280879974365,
    "best_feature_diff": 0.2062847116166361,
    "best_feature_sim": 0.6774216764606547,
    "best_0_weight_diff": 0.002167600905522704,
    "best_1_weight_diff": 0.0018292063614353538,
    "best_2_weight_diff": 0.0013962496304884553,
    "best_0_weight_sim": 0.730652391910553,
    "best_1_weight_sim": 0.7575047612190247,
    "best_2_weight_sim": 0.7631390690803528,
    "num_feature_traj": 204,
    "num_feature_timesteps": "37349",
    "final_test_returns": 2572.6487225178967,
    "final_test_normalized_returns": 79.67010053930562,
    "best_return": 2572.6487225178967,
    "best_return_normalized": 79.67010053930562,
    "convergence_step": "100000",
    "convergence_iter": "20",
    "best_step": "100000",
    "best_iter": "20"
}