{
    "final_weight_diff": 0.00017303360800724477,
    "final_weight_sim": 0.8748763799667358,
    "final_feature_diff": 0.4097794583880907,
    "final_feature_sim": 0.7588605163350589,
    "final_0_weight_diff": 0.002408089814707637,
    "final_1_weight_diff": 0.002048652386292815,
    "final_2_weight_diff": 0.0018306394340470433,
    "final_0_weight_sim": 1.0,
    "final_1_weight_sim": 0.9999998807907104,
    "final_2_weight_sim": 0.9999998807907104,
    "best_weight_diff": 0.0001415054575772956,
    "best_weight_sim": 0.8935020565986633,
    "best_feature_diff": 0.375489810712013,
    "best_feature_sim": 0.7768679403873493,
    "best_0_weight_diff": 0.001973241101950407,
    "best_1_weight_diff": 0.0016440839972347021,
    "best_2_weight_diff": 0.0015239070635288954,
    "best_0_weight_sim": 1.0000001192092896,
    "best_1_weight_sim": 1.0,
    "best_2_weight_sim": 0.9999999403953552,
    "num_feature_traj": 102,
    "num_feature_timesteps": "18941",
    "final_test_returns": 1075.2234166162775,
    "final_test_normalized_returns": 33.66020536502652,
    "best_return": 1795.9061550453685,
    "best_return_normalized": 55.8039057007636,
    "convergence_step": "5000",
    "convergence_iter": "1",
    "best_step": "70000",
    "best_iter": "14"
}