{"final_weight_diff": 0.001234163879416883, "final_weight_sim": 0.7717922329902649, "final_feature_diff": 0.1079565851225376, "final_feature_sim": 0.7642339719919402, "final_0_weight_diff": 0.0015341970138251781, "final_1_weight_diff": 0.0011960691772401333, "final_2_weight_diff": 0.0009695815970189869, "final_0_weight_sim": 0.7348699569702148, "final_1_weight_sim": 0.767237663269043, "final_2_weight_sim": 0.7886104583740234, "best_weight_diff": 0.0010255008237436414, "best_weight_sim": 0.8023829460144043, "best_feature_diff": 0.11026654626126187, "best_feature_sim": 0.7830536880386649, "best_0_weight_diff": 0.0012830964988097548, "best_1_weight_diff": 0.0009819820988923311, "best_2_weight_diff": 0.0008100924897007644, "best_0_weight_sim": 0.7690991163253784, "best_1_weight_sim": 0.7978547811508179, "best_2_weight_sim": 0.8162421584129333, "num_feature_traj": 219, "num_feature_timesteps": "197797", "final_test_returns": 4990.08225922562, "final_test_normalized_returns": 108.66501345704846, "best_return": 5000.626970484804, "best_return_normalized": 108.89471214984434, "convergence_step": "10000", "convergence_iter": "2", "best_step": "75000", "best_iter": "15", "best_5percent_normalized": 108.89471214984434, "best_10percent_normalized": 108.7798628034464, "best_25percent_normalized": 108.6358307458122, "best_50percent_normalized": 108.28908697288344, "best_100percent_normalized": 105.02949648549838, "best_later_half_normalized": 108.16348946923571, "best_last_four_normalized": 107.897335367564}