{"final_weight_diff": 0.0018109068041667342, "final_weight_sim": 0.710615873336792, "final_feature_diff": 0.37736059454572596, "final_feature_sim": 0.6309917025651176, "final_0_weight_diff": 0.002183737000450492, "final_1_weight_diff": 0.001947050797753036, "final_2_weight_diff": 0.0012923299800604582, "final_0_weight_sim": 0.6693662405014038, "final_1_weight_sim": 0.7076743841171265, "final_2_weight_sim": 0.7408705353736877, "best_weight_diff": 0.0010213232599198818, "best_weight_sim": 0.8139922022819519, "best_feature_diff": 0.32497847850804495, "best_feature_sim": 0.6963111650073657, "best_0_weight_diff": 0.0012751244939863682, "best_1_weight_diff": 0.0010702857980504632, "best_2_weight_diff": 0.0007157480577006936, "best_0_weight_sim": 0.7800809741020203, "best_1_weight_sim": 0.8098649978637695, "best_2_weight_sim": 0.8394260406494141, "num_feature_traj": 119, "num_feature_timesteps": "101758", "final_test_returns": 3049.290251743604, "final_test_normalized_returns": 66.38814345560061, "best_return": 3668.170827380257, "best_return_normalized": 79.86940963030915, "convergence_step": "60000", "convergence_iter": "12", "best_step": "70000", "best_iter": "14", "best_5percent_normalized": 79.86940963030915, "best_10percent_normalized": 79.1841202466478, "best_25percent_normalized": 77.65881982552733, "best_50percent_normalized": 75.85183923038997, "best_100percent_normalized": 71.81127130057133, "best_later_half_normalized": 72.91467171065561, "best_last_four_normalized": 71.09660410348599, "target_steps": 10000}