{
    "final_weight_diff": 0.001923136878758669,
    "final_weight_sim": 0.7279298305511475,
    "final_feature_diff": 0.35861450274928974,
    "final_feature_sim": 0.6486679220186032,
    "final_0_weight_diff": 0.0021738652139902115,
    "final_1_weight_diff": 0.0017568523762747645,
    "final_2_weight_diff": 0.0018314310582354665,
    "final_0_weight_sim": 0.6588761210441589,
    "final_1_weight_sim": 0.735150158405304,
    "final_2_weight_sim": 0.761598527431488,
    "best_weight_diff": 0.0004169100720901042,
    "best_weight_sim": 0.9301896691322327,
    "best_feature_diff": 0.2551483087359838,
    "best_feature_sim": 0.7692043083836617,
    "best_0_weight_diff": 0.00046028385986573994,
    "best_1_weight_diff": 0.0003809655026998371,
    "best_2_weight_diff": 0.00040897956932894886,
    "best_0_weight_sim": 0.903059184551239,
    "best_1_weight_sim": 0.9235715270042419,
    "best_2_weight_sim": 0.9446927309036255,
    "num_feature_traj": 120,
    "num_feature_timesteps": "120000",
    "final_test_returns": 5648.389402057947,
    "final_test_normalized_returns": 47.75258075217168,
    "best_return": 7014.048394865274,
    "best_return_normalized": 58.75249463160334,
    "convergence_step": "10000",
    "convergence_iter": "2",
    "best_step": "10000",
    "best_iter": "2"
}