{"final_weight_diff": 0.0012545010540634394, "final_weight_sim": 0.7612289786338806, "final_feature_diff": 0.25919239944079847, "final_feature_sim": 0.7342009856712596, "final_0_weight_diff": 0.0013611859176307917, "final_1_weight_diff": 0.001327380072325468, "final_2_weight_diff": 0.001071739592589438, "final_0_weight_sim": 0.737315833568573, "final_1_weight_sim": 0.7424768209457397, "final_2_weight_sim": 0.7697556018829346, "best_weight_diff": 0.0012545010540634394, "best_weight_sim": 0.7612289786338806, "best_feature_diff": 0.25919239944079847, "best_feature_sim": 0.7342009856712596, "best_0_weight_diff": 0.0013611859176307917, "best_1_weight_diff": 0.001327380072325468, "best_2_weight_diff": 0.001071739592589438, "best_0_weight_sim": 0.737315833568573, "best_1_weight_sim": 0.7424768209457397, "best_2_weight_sim": 0.7697556018829346, "num_feature_traj": 81, "num_feature_timesteps": "13561", "final_test_returns": 2422.197462893315, "final_test_normalized_returns": 75.04733461109308, "best_return": 2422.197462893315, "best_return_normalized": 75.04733461109308, "convergence_step": "100000", "convergence_iter": "20", "best_step": "100000", "best_iter": "20", "best_5percent_normalized": 75.04733461109308, "best_10percent_normalized": 71.50269299115378, "best_25percent_normalized": 67.66034835568553, "best_50percent_normalized": 57.78583774050071, "best_100percent_normalized": 40.12227384177986, "best_later_half_normalized": 50.60196822042658, "best_last_four_normalized": 50.528943474598336, "target_steps": 35000}