{"final_weight_diff": 38.19300079345703, "final_feature_diff": 9.26096516450009, "best_weight_diff": 31.818044662475586, "best_feature_diff": 8.204078509241905, "num_feature_traj": 20, "num_feature_timesteps": "20000", "final_test_returns": 4165.01641261988, "final_test_normalized_returns": 35.804521082201106, "best_return": 4712.134384852328, "best_return_normalized": 40.21136833187561, "convergence_step": "5000", "convergence_iter": "1", "best_step": "55000", "best_iter": "11", "best_5percent_normalized": 40.21136833187561, "best_10percent_normalized": 39.91873313072449, "best_25percent_normalized": 39.5563596859995, "best_50percent_normalized": 38.71662103753208, "best_100percent_normalized": 36.59869528798141, "best_later_half_normalized": 37.396564531151164}