{
    "final_weight_diff": 0.0020921858958899975,
    "final_weight_sim": 0.6622534394264221,
    "final_feature_diff": 0.39096793440747923,
    "final_feature_sim": 0.6035762353057967,
    "final_0_weight_diff": 0.0023372601717710495,
    "final_1_weight_diff": 0.0020814004819840193,
    "final_2_weight_diff": 0.0018342705443501472,
    "final_0_weight_sim": 0.6230686902999878,
    "final_1_weight_sim": 0.6671620607376099,
    "final_2_weight_sim": 0.6747074127197266,
    "best_weight_diff": 0.0009777197847142816,
    "best_weight_sim": 0.8214216828346252,
    "best_feature_diff": 0.33183457865090704,
    "best_feature_sim": 0.6963363188407861,
    "best_0_weight_diff": 0.001172743970528245,
    "best_1_weight_diff": 0.0009838412515819073,
    "best_2_weight_diff": 0.0007743557798676193,
    "best_0_weight_sim": 0.792182445526123,
    "best_1_weight_sim": 0.8208925724029541,
    "best_2_weight_sim": 0.83403080701828,
    "num_feature_traj": 20,
    "num_feature_timesteps": "20000",
    "final_test_returns": 4355.74403583382,
    "final_test_normalized_returns": 37.34076654379272,
    "best_return": 4870.690590254499,
    "best_return_normalized": 41.48848407867568,
    "convergence_step": "25000",
    "convergence_iter": "5",
    "best_step": "50000",
    "best_iter": "10"
}