{"final_weight_diff": 0.0018623393261805177, "final_weight_sim": 0.7321818470954895, "final_feature_diff": 0.36842687703760624, "final_feature_sim": 0.6376712620481811, "final_0_weight_diff": 0.0021532082464545965, "final_1_weight_diff": 0.0016413775738328695, "final_2_weight_diff": 0.0017853521276265383, "final_0_weight_sim": 0.6600179672241211, "final_1_weight_sim": 0.7402041554450989, "final_2_weight_sim": 0.7666495442390442, "best_weight_diff": 0.0016879155300557613, "best_weight_sim": 0.753366231918335, "best_feature_diff": 0.36100529022968214, "best_feature_sim": 0.6487539236240552, "best_0_weight_diff": 0.0019673171918839216, "best_1_weight_diff": 0.0014800855424255133, "best_2_weight_diff": 0.0016106487018987536, "best_0_weight_sim": 0.6822406649589539, "best_1_weight_sim": 0.76031094789505, "best_2_weight_sim": 0.7878826856613159, "num_feature_traj": 47, "num_feature_timesteps": "39704", "final_test_returns": 3395.924932444891, "final_test_normalized_returns": 73.93899345781936, "best_return": 3585.5641334383645, "best_return_normalized": 78.06996257592759, "convergence_step": "25000", "convergence_iter": "5", "best_step": "85000", "best_iter": "17", "best_5percent_normalized": 78.06996257592759, "best_10percent_normalized": 78.02703806883065, "best_25percent_normalized": 76.52028922902413, "best_50percent_normalized": 74.74271082348827, "best_100percent_normalized": 69.99364082880905, "best_later_half_normalized": 69.47595633609305, "best_last_four_normalized": 71.16130316489789, "target_steps": 5000}