{
    "final_weight_diff": 0.0010995325865224004,
    "final_weight_sim": 0.7751561403274536,
    "final_feature_diff": 0.30159898036294436,
    "final_feature_sim": 0.6795082542360609,
    "final_0_weight_diff": 0.0013236224185675383,
    "final_1_weight_diff": 0.0009521096362732351,
    "final_2_weight_diff": 0.0010210404871031642,
    "final_0_weight_sim": 0.7322366833686829,
    "final_1_weight_sim": 0.7868894934654236,
    "final_2_weight_sim": 0.7703474760055542,
    "best_weight_diff": 0.0009130272082984447,
    "best_weight_sim": 0.8053032755851746,
    "best_feature_diff": 0.2855957016009254,
    "best_feature_sim": 0.7014089934939312,
    "best_0_weight_diff": 0.0011314769508317113,
    "best_1_weight_diff": 0.0007789064547978342,
    "best_2_weight_diff": 0.0008275857544504106,
    "best_0_weight_sim": 0.764763593673706,
    "best_1_weight_sim": 0.8159731030464172,
    "best_2_weight_sim": 0.802586555480957,
    "num_feature_traj": 120,
    "num_feature_timesteps": "106539",
    "final_test_returns": 3729.413160929625,
    "final_test_normalized_returns": 96.42625165694778,
    "best_return": 3991.086020727796,
    "best_return_normalized": 102.64870569823309,
    "convergence_step": "75000",
    "convergence_iter": "15",
    "best_step": "75000",
    "best_iter": "15"
}