{"final_weight_diff": 32.248817443847656, "final_feature_diff": 9.14110852392798, "best_weight_diff": 20.999374389648438, "best_feature_diff": 7.273169891680023, "num_feature_traj": 240, "num_feature_timesteps": "150850", "final_test_returns": 2060.4021127030824, "final_test_normalized_returns": 63.93080941869203, "best_return": 3343.6162870395965, "best_return_normalized": 103.35885261702909, "convergence_step": "5000", "convergence_iter": "1", "best_step": "25000", "best_iter": "5", "best_5percent_normalized": 103.35885261702909, "best_10percent_normalized": 101.26664946938439, "best_25percent_normalized": 95.32800744280881, "best_50percent_normalized": 87.27842344382529, "best_100percent_normalized": 70.535809059206, "best_later_half_normalized": 78.01383899745872}