{"final_weight_diff": 0.0014391472795978189, "final_weight_sim": 0.7421896457672119, "final_feature_diff": 0.37630411567317334, "final_feature_sim": 0.6345892264315466, "final_0_weight_diff": 0.0016533310990780592, "final_1_weight_diff": 0.0015010376228019595, "final_2_weight_diff": 0.0011523111024871469, "final_0_weight_sim": 0.7100438475608826, "final_1_weight_sim": 0.7362954616546631, "final_2_weight_sim": 0.7602490186691284, "best_weight_diff": 0.0014391472795978189, "best_weight_sim": 0.7421896457672119, "best_feature_diff": 0.37630411567317334, "best_feature_sim": 0.6345892264315466, "best_0_weight_diff": 0.0016533310990780592, "best_1_weight_diff": 0.0015010376228019595, "best_2_weight_diff": 0.0011523111024871469, "best_0_weight_sim": 0.7100438475608826, "best_1_weight_sim": 0.7362954616546631, "best_2_weight_sim": 0.7602490186691284, "num_feature_traj": 20, "num_feature_timesteps": "20000", "final_test_returns": 4873.868408557239, "final_test_normalized_returns": 41.5140803130495, "best_return": 4873.868408557239, "best_return_normalized": 41.5140803130495, "convergence_step": "40000", "convergence_iter": "8", "best_step": "100000", "best_iter": "20", "best_5percent_normalized": 41.5140803130495, "best_10percent_normalized": 41.35438091092227, "best_25percent_normalized": 41.03781712159815, "best_50percent_normalized": 40.509085726223724, "best_100percent_normalized": 38.13549099372977, "best_later_half_normalized": 39.038329203047255, "best_last_four_normalized": 39.4634407758165, "target_steps": 5000}