{"final_weight_diff": 0.0009121596231125295, "final_weight_sim": 0.8062069416046143, "final_feature_diff": 0.2826424624103298, "final_feature_sim": 0.7555503007640236, "final_0_weight_diff": 0.0011908768210560083, "final_1_weight_diff": 0.0009340299875475466, "final_2_weight_diff": 0.0006095663411542773, "final_0_weight_sim": 0.7566338181495667, "final_1_weight_sim": 0.7915283441543579, "final_2_weight_sim": 0.8385187983512878, "best_weight_diff": 0.0007730473880656064, "best_weight_sim": 0.830642580986023, "best_feature_diff": 0.27204451843860333, "best_feature_sim": 0.7695506956900696, "best_0_weight_diff": 0.0010202584089711308, "best_1_weight_diff": 0.0007820651517249644, "best_2_weight_diff": 0.0005154892569407821, "best_0_weight_sim": 0.7845267057418823, "best_1_weight_sim": 0.8181048035621643, "best_2_weight_sim": 0.8596928715705872, "num_feature_traj": 100, "num_feature_timesteps": "100000", "final_test_returns": 4861.603539240363, "final_test_normalized_returns": 41.41529100551469, "best_return": 5080.817950317084, "best_return_normalized": 43.18098775387893, "convergence_step": "5000", "convergence_iter": "1", "best_step": "80000", "best_iter": "16", "best_5percent_normalized": 43.18098775387893, "best_10percent_normalized": 43.063825575632464, "best_25percent_normalized": 42.95228047671164, "best_50percent_normalized": 42.80207311293772, "best_100percent_normalized": 42.2571598196934, "best_later_half_normalized": 42.64030353262335, "best_last_four_normalized": 42.35626281030426, "target_steps": 5000}