{"final_weight_diff": 0.0013201897963881493, "final_weight_sim": 0.7719275951385498, "final_feature_diff": 0.5583506271270596, "final_feature_sim": 0.46393154743909576, "final_0_weight_diff": 0.0019396006828173995, "final_1_weight_diff": 0.0013043071376159787, "final_2_weight_diff": 0.0007113112369552255, "final_0_weight_sim": 0.717673659324646, "final_1_weight_sim": 0.7691221237182617, "final_2_weight_sim": 0.8342993855476379, "best_weight_diff": 0.0010928207775577903, "best_weight_sim": 0.8043378591537476, "best_feature_diff": 0.5374497921392422, "best_feature_sim": 0.49256188788815836, "best_0_weight_diff": 0.001630924642086029, "best_1_weight_diff": 0.0010615615174174309, "best_2_weight_diff": 0.0005824219551868737, "best_0_weight_sim": 0.7535339593887329, "best_1_weight_sim": 0.8026785254478455, "best_2_weight_sim": 0.8612152338027954, "num_feature_traj": 120, "num_feature_timesteps": "106539", "final_test_returns": 3607.0135547431687, "final_test_normalized_returns": 93.51564822350768, "best_return": 3868.8509944794487, "best_return_normalized": 99.74201589611796, "convergence_step": "75000", "convergence_iter": "15", "best_step": "75000", "best_iter": "15", "best_5percent_normalized": 99.74201589611796, "best_10percent_normalized": 99.280818033889, "best_25percent_normalized": 96.759481280612, "best_50percent_normalized": 94.52781747530149, "best_100percent_normalized": 88.26703942450023, "best_later_half_normalized": 92.76977313225005, "best_last_four_normalized": 92.57024785621242, "target_steps": 5000}