{"final_weight_diff": 0.0014025324489921331, "final_weight_sim": 0.7561330199241638, "final_feature_diff": 0.4258327828775998, "final_feature_sim": 0.582486879762435, "final_0_weight_diff": 0.001973440870642662, "final_1_weight_diff": 0.0013717697001993656, "final_2_weight_diff": 0.0008575827814638615, "final_0_weight_sim": 0.6932549476623535, "final_1_weight_sim": 0.7644479274749756, "final_2_weight_sim": 0.8064466118812561, "best_weight_diff": 0.0009684293181635439, "best_weight_sim": 0.819587767124176, "best_feature_diff": 0.4020789946342169, "best_feature_sim": 0.6189754699855277, "best_0_weight_diff": 0.0013952961890026927, "best_1_weight_diff": 0.0009098830632865429, "best_2_weight_diff": 0.0005979740526527166, "best_0_weight_sim": 0.7666743397712708, "best_1_weight_sim": 0.8278192281723022, "best_2_weight_sim": 0.8591768741607666, "num_feature_traj": 120, "num_feature_timesteps": "106539", "final_test_returns": 3631.303877286629, "final_test_normalized_returns": 94.0932603449606, "best_return": 3955.023175618935, "best_return_normalized": 101.79114868425404, "convergence_step": "55000", "convergence_iter": "11", "best_step": "55000", "best_iter": "11", "best_5percent_normalized": 101.79114868425404, "best_10percent_normalized": 100.7557764352049, "best_25percent_normalized": 98.34102121284727, "best_50percent_normalized": 95.77167956116533, "best_100percent_normalized": 89.42308847347051, "best_later_half_normalized": 91.56175054845409, "best_last_four_normalized": 89.78868730331465}