{"final_weight_diff": 0.0028929379768669605, "final_weight_sim": 0.6697801947593689, "final_feature_diff": 0.8025997988032207, "final_feature_sim": 0.5981340456052152, "final_0_weight_diff": 0.003576517105102539, "final_1_weight_diff": 0.002844542497768998, "final_2_weight_diff": 0.002258793218061328, "final_0_weight_sim": 0.637075662612915, "final_1_weight_sim": 0.6537244319915771, "final_2_weight_sim": 0.6705639362335205, "best_weight_diff": 0.002065136097371578, "best_weight_sim": 0.7225820422172546, "best_feature_diff": 0.7150242907894269, "best_feature_sim": 0.6451321386585435, "best_0_weight_diff": 0.0025640877429395914, "best_1_weight_diff": 0.0019460753537714481, "best_2_weight_diff": 0.0016853602137416601, "best_0_weight_sim": 0.6854892373085022, "best_1_weight_sim": 0.7106208801269531, "best_2_weight_sim": 0.7213116884231567, "num_feature_traj": 321, "num_feature_timesteps": "203500", "final_test_returns": 3019.714220267996, "final_test_normalized_returns": 93.4066365831745, "best_return": 3644.316985968765, "best_return_normalized": 112.5981833415978, "convergence_step": "70000", "convergence_iter": "14", "best_step": "125000", "best_iter": "25", "best_5percent_normalized": 112.12398720325174, "best_10percent_normalized": 108.70401234045552, "best_25percent_normalized": 104.27721089890277, "best_50percent_normalized": 98.05855649107065, "best_100percent_normalized": 81.27565549245465, "best_later_half_normalized": 88.38427052267816, "best_last_four_normalized": 77.778300109338, "target_steps": 15000}