{"final_weight_diff": 0.0013440304901450872, "final_weight_sim": 0.7629122138023376, "final_feature_diff": 0.49584315391818023, "final_feature_sim": 0.5145637466405519, "final_0_weight_diff": 0.0018486384069547057, "final_1_weight_diff": 0.0013797745341435075, "final_2_weight_diff": 0.0007993043400347233, "final_0_weight_sim": 0.7066559791564941, "final_1_weight_sim": 0.7603321075439453, "final_2_weight_sim": 0.8166267275810242, "best_weight_diff": 0.0002723468351177871, "best_weight_sim": 0.9414768218994141, "best_feature_diff": 0.32742991443204705, "best_feature_sim": 0.7056824548944013, "best_0_weight_diff": 0.0003700828820001334, "best_1_weight_diff": 0.0002504381991457194, "best_2_weight_diff": 0.0001962158567039296, "best_0_weight_sim": 0.9240938425064087, "best_1_weight_sim": 0.942931056022644, "best_2_weight_sim": 0.9510820508003235, "num_feature_traj": 120, "num_feature_timesteps": "106539", "final_test_returns": 3792.984462793377, "final_test_normalized_returns": 97.93794646739536, "best_return": 3846.806691508677, "best_return_normalized": 99.21781303375924, "convergence_step": "10000", "convergence_iter": "2", "best_step": "10000", "best_iter": "2", "best_5percent_normalized": 99.21781303375924, "best_10percent_normalized": 99.09549428680508, "best_25percent_normalized": 98.1918124750471, "best_50percent_normalized": 95.69314889437916, "best_100percent_normalized": 89.01712774261986, "best_later_half_normalized": 87.83734022345354, "best_last_four_normalized": 88.50578680275089, "target_steps": 5000}