{"final_weight_diff": 0.001400527311488986, "final_weight_sim": 0.7693886756896973, "final_feature_diff": 0.5236003478238053, "final_feature_sim": 0.48993507605571807, "final_0_weight_diff": 0.0015695587499067187, "final_1_weight_diff": 0.0015110853128135204, "final_2_weight_diff": 0.0011165804462507367, "final_0_weight_sim": 0.7522018551826477, "final_1_weight_sim": 0.7585093975067139, "final_2_weight_sim": 0.7783056497573853, "best_weight_diff": 0.000553034245967865, "best_weight_sim": 0.8940186500549316, "best_feature_diff": 0.38096435061668504, "best_feature_sim": 0.632185033750942, "best_0_weight_diff": 0.000666706939227879, "best_1_weight_diff": 0.0005677844164893031, "best_2_weight_diff": 0.0004243943840265274, "best_0_weight_sim": 0.880879819393158, "best_1_weight_sim": 0.8869482278823853, "best_2_weight_sim": 0.9025765061378479, "num_feature_traj": 204, "num_feature_timesteps": "37349", "final_test_returns": 2381.110320744817, "final_test_normalized_returns": 73.78489093806803, "best_return": 2461.3776936416107, "best_return_normalized": 76.2511865177815, "convergence_step": "30000", "convergence_iter": "6", "best_step": "30000", "best_iter": "6", "best_5percent_normalized": 76.2511865177815, "best_10percent_normalized": 75.01803872792476, "best_25percent_normalized": 70.84970091581147, "best_50percent_normalized": 65.64216174261307, "best_100percent_normalized": 48.62016652888206, "best_later_half_normalized": 58.59059220355475, "best_last_four_normalized": 65.96963693304889, "target_steps": 30000}