{"final_weight_diff": 0.002012239769101143, "final_weight_sim": 0.7196240425109863, "final_feature_diff": 0.18587577585982232, "final_feature_sim": 0.7301248284037374, "final_0_weight_diff": 0.0025497335009276867, "final_1_weight_diff": 0.0019979423377662897, "final_2_weight_diff": 0.0014807551633566618, "final_0_weight_sim": 0.688341498374939, "final_1_weight_sim": 0.7297146916389465, "final_2_weight_sim": 0.738560140132904, "best_weight_diff": 0.0011452346807345748, "best_weight_sim": 0.826134443283081, "best_feature_diff": 0.1700422838067971, "best_feature_sim": 0.7624545884451446, "best_0_weight_diff": 0.0014879892114549875, "best_1_weight_diff": 0.0011163820745423436, "best_2_weight_diff": 0.0008289680117741227, "best_0_weight_sim": 0.8034894466400146, "best_1_weight_sim": 0.830670177936554, "best_2_weight_sim": 0.8421764373779297, "num_feature_traj": 223, "num_feature_timesteps": "196344", "final_test_returns": 5174.638444818184, "final_test_normalized_returns": 130.79300988795532, "best_return": 5253.295531792672, "best_return_normalized": 132.6634373717136, "convergence_step": "40000", "convergence_iter": "8", "best_step": "40000", "best_iter": "8", "best_5percent_normalized": 132.6634373717136, "best_10percent_normalized": 131.72822362983447, "best_25percent_normalized": 126.71561007468206, "best_50percent_normalized": 121.7965403891018, "best_100percent_normalized": 112.01534324262033, "best_later_half_normalized": 111.58321280045179, "best_last_four_normalized": 107.2296934008632}