{"final_weight_diff": 0.0016387926880270243, "final_weight_sim": 0.7450621128082275, "final_feature_diff": 0.19518776454252382, "final_feature_sim": 0.7590917799672671, "final_0_weight_diff": 0.0016945876413956285, "final_1_weight_diff": 0.0018420780543237925, "final_2_weight_diff": 0.0013727276818826795, "final_0_weight_sim": 0.7019377946853638, "final_1_weight_sim": 0.7380475997924805, "final_2_weight_sim": 0.7783163785934448, "best_weight_diff": 0.0008156494586728513, "best_weight_sim": 0.8587696552276611, "best_feature_diff": 0.15649402393531975, "best_feature_sim": 0.8090436613753847, "best_0_weight_diff": 0.0008800081559456885, "best_1_weight_diff": 0.0008965019369497895, "best_2_weight_diff": 0.0006688716821372509, "best_0_weight_sim": 0.822614848613739, "best_1_weight_sim": 0.8523085713386536, "best_2_weight_sim": 0.8856529593467712, "num_feature_traj": 43, "num_feature_timesteps": "40648", "final_test_returns": 3373.983806708396, "final_test_normalized_returns": 73.4610431587295, "best_return": 4982.100980923859, "best_return_normalized": 108.49115481382027, "convergence_step": "35000", "convergence_iter": "7", "best_step": "35000", "best_iter": "7", "best_5percent_normalized": 108.49115481382027, "best_10percent_normalized": 108.10532503151347, "best_25percent_normalized": 107.77058033776605, "best_50percent_normalized": 105.50964701690607, "best_100percent_normalized": 88.74170058949481, "best_later_half_normalized": 95.25503853301862, "best_last_four_normalized": 90.49117281522919, "target_steps": 30000}