{"final_weight_diff": 0.0012578247115015984, "final_weight_sim": 0.7734507322311401, "final_feature_diff": 0.33052016928103334, "final_feature_sim": 0.6900468232925806, "final_0_weight_diff": 0.0016046010423451662, "final_1_weight_diff": 0.001258449861779809, "final_2_weight_diff": 0.0009054302936419845, "final_0_weight_sim": 0.7268467545509338, "final_1_weight_sim": 0.7768537998199463, "final_2_weight_sim": 0.8014043569564819, "best_weight_diff": 0.00048615268315188587, "best_weight_sim": 0.9012455940246582, "best_feature_diff": 0.23549666905487684, "best_feature_sim": 0.792032395889371, "best_0_weight_diff": 0.0006336690858006477, "best_1_weight_diff": 0.00047002063365653157, "best_2_weight_diff": 0.00035417918115854263, "best_0_weight_sim": 0.8751274347305298, "best_1_weight_sim": 0.9029402136802673, "best_2_weight_sim": 0.9155994653701782, "num_feature_traj": 40, "num_feature_timesteps": "40000", "final_test_returns": 5000.311264671744, "final_test_normalized_returns": 42.53253406706448, "best_return": 5124.792418116273, "best_return_normalized": 43.53518698021036, "convergence_step": "5000", "convergence_iter": "1", "best_step": "25000", "best_iter": "5", "best_5percent_normalized": 43.53518698021036, "best_10percent_normalized": 43.40815616092289, "best_25percent_normalized": 43.130126727456606, "best_50percent_normalized": 42.91231573724886, "best_100percent_normalized": 42.49691391546727, "best_later_half_normalized": 42.26106976920646, "best_last_four_normalized": 42.274948797789335, "target_steps": 5000}