{
    "final_weight_diff": 0.002028296235948801,
    "final_weight_sim": 0.8160516619682312,
    "final_feature_diff": 6.74110935743202,
    "final_feature_sim": 0.35558419758211507,
    "final_0_weight_diff": 0.001847324543632567,
    "final_1_weight_diff": 0.002111004665493965,
    "final_2_weight_diff": 0.0021103397011756897,
    "final_0_weight_sim": 0.7125774621963501,
    "final_1_weight_sim": 0.7605032920837402,
    "final_2_weight_sim": 0.7845978140830994,
    "best_weight_diff": 0.0005959196132607758,
    "best_weight_sim": 0.9386804103851318,
    "best_feature_diff": 5.769899052818397,
    "best_feature_sim": 0.47966590745904286,
    "best_0_weight_diff": 0.0006757170194759965,
    "best_1_weight_diff": 0.0006254383479245007,
    "best_2_weight_diff": 0.0004850360855925828,
    "best_0_weight_sim": 0.8711006045341492,
    "best_1_weight_sim": 0.913429319858551,
    "best_2_weight_sim": 0.941195547580719,
    "num_feature_traj": 21,
    "num_feature_timesteps": "5525",
    "final_test_returns": 1952.4599979510272,
    "final_test_normalized_returns": 42.49555224825894,
    "best_return": 3394.310717794063,
    "best_return_normalized": 73.90383052295337,
    "convergence_step": "25000",
    "convergence_iter": "5",
    "best_step": "25000",
    "best_iter": "5"
}