{"final_weight_diff": 0.001958372537046671, "final_weight_sim": 0.7360883355140686, "final_feature_diff": 0.21444686562611115, "final_feature_sim": 0.6259243408624406, "final_0_weight_diff": 0.002137072617188096, "final_1_weight_diff": 0.0016852024709805846, "final_2_weight_diff": 0.002049662871286273, "final_0_weight_sim": 0.6728827357292175, "final_1_weight_sim": 0.7398443818092346, "final_2_weight_sim": 0.7611230611801147, "best_weight_diff": 0.001958372537046671, "best_weight_sim": 0.7360883355140686, "best_feature_diff": 0.21444686562611115, "best_feature_sim": 0.6259243408624406, "best_0_weight_diff": 0.002137072617188096, "best_1_weight_diff": 0.0016852024709805846, "best_2_weight_diff": 0.002049662871286273, "best_0_weight_sim": 0.6728827357292175, "best_1_weight_sim": 0.7398443818092346, "best_2_weight_sim": 0.7611230611801147, "num_feature_traj": 119, "num_feature_timesteps": "101758", "final_test_returns": 3720.950091685628, "final_test_normalized_returns": 81.01911659901477, "best_return": 3720.950091685628, "best_return_normalized": 81.01911659901477, "convergence_step": "45000", "convergence_iter": "9", "best_step": "100000", "best_iter": "20", "best_5percent_normalized": 81.01911659901477, "best_10percent_normalized": 80.34698320792748, "best_25percent_normalized": 78.60189323748106, "best_50percent_normalized": 77.19898918914986, "best_100percent_normalized": 71.97343724036057, "best_later_half_normalized": 73.5603009449948, "best_last_four_normalized": 74.6026849044954}