{"final_weight_diff": 0.0012161340564489365, "final_weight_sim": 0.7614759206771851, "final_feature_diff": 0.2923994757281203, "final_feature_sim": 0.6790218414648332, "final_0_weight_diff": 0.0014366518007591367, "final_1_weight_diff": 0.0011011252645403147, "final_2_weight_diff": 0.0011067072628065944, "final_0_weight_sim": 0.7281369566917419, "final_1_weight_sim": 0.7626753449440002, "final_2_weight_sim": 0.7596510648727417, "best_weight_diff": 0.00019345834152773023, "best_weight_sim": 0.9500532746315002, "best_feature_diff": 0.14722295605198008, "best_feature_sim": 0.8962597420087876, "best_0_weight_diff": 0.00025814989930950105, "best_1_weight_diff": 0.0001821844489313662, "best_2_weight_diff": 0.00014004518743604422, "best_0_weight_sim": 0.9327788949012756, "best_1_weight_sim": 0.9479319453239441, "best_2_weight_sim": 0.9586743116378784, "num_feature_traj": 44, "num_feature_timesteps": "40164", "final_test_returns": 3178.00916158702, "final_test_normalized_returns": 83.31413125310962, "best_return": 4644.991953291549, "best_return_normalized": 118.19827249641048, "convergence_step": "5000", "convergence_iter": "1", "best_step": "5000", "best_iter": "1", "best_5percent_normalized": 118.19827249641048, "best_10percent_normalized": 114.51403754724168, "best_25percent_normalized": 111.12968368096934, "best_50percent_normalized": 104.29071634888938, "best_100percent_normalized": 94.12036899138789, "best_later_half_normalized": 96.62113340318209, "best_last_four_normalized": 97.0131449696114, "target_steps": 5000}