{"final_weight_diff": 0.0016069355187937617, "final_weight_sim": 0.7772159576416016, "final_feature_diff": 1.5086627029053077, "final_feature_sim": 0.5546935992166289, "final_0_weight_diff": 0.0019705065060406923, "final_1_weight_diff": 0.001547293970361352, "final_2_weight_diff": 0.0012803924037143588, "final_0_weight_sim": 0.7332760691642761, "final_1_weight_sim": 0.7760185599327087, "final_2_weight_sim": 0.7614271640777588, "best_weight_diff": 0.0002567521296441555, "best_weight_sim": 0.9616270065307617, "best_feature_diff": 0.7101459016989893, "best_feature_sim": 0.8051467129878579, "best_0_weight_diff": 0.0003186922403983772, "best_1_weight_diff": 0.00021390702750068158, "best_2_weight_diff": 0.00023750610125716776, "best_0_weight_sim": 0.9509637951850891, "best_1_weight_sim": 0.9660174250602722, "best_2_weight_sim": 0.9521818161010742, "num_feature_traj": 20, "num_feature_timesteps": "20000", "final_test_returns": 3844.59183472424, "final_test_normalized_returns": 33.223611220904154, "best_return": 4164.966050741917, "best_return_normalized": 35.80411543458093, "convergence_step": "10000", "convergence_iter": "2", "best_step": "10000", "best_iter": "2", "best_5percent_normalized": 35.80411543458093, "best_10percent_normalized": 35.17933503957386, "best_25percent_normalized": 34.34098333898747, "best_50percent_normalized": 33.47878264963816, "best_100percent_normalized": 31.95364714940929, "best_later_half_normalized": 32.04452534359167, "best_last_four_normalized": 32.29923027077973, "target_steps": 10000}