{
    "final_weight_diff": 0.0011992778163403273,
    "final_weight_sim": 0.7599503993988037,
    "final_feature_diff": 0.30740012541852485,
    "final_feature_sim": 0.6178214861318948,
    "final_0_weight_diff": 0.0012608480174094439,
    "final_1_weight_diff": 0.0012118122540414333,
    "final_2_weight_diff": 0.0011228122748434544,
    "final_0_weight_sim": 0.7393620014190674,
    "final_1_weight_sim": 0.7523912787437439,
    "final_2_weight_sim": 0.7483485341072083,
    "best_weight_diff": 0.0008112129289656878,
    "best_weight_sim": 0.8200368881225586,
    "best_feature_diff": 0.27208058038381805,
    "best_feature_sim": 0.6673728593322582,
    "best_0_weight_diff": 0.000897187739610672,
    "best_1_weight_diff": 0.0008014970808289945,
    "best_2_weight_diff": 0.0007344622281379998,
    "best_0_weight_sim": 0.7980225086212158,
    "best_1_weight_sim": 0.8118464350700378,
    "best_2_weight_sim": 0.8148739337921143,
    "num_feature_traj": 408,
    "num_feature_timesteps": "83240",
    "final_test_returns": 710.2307320026474,
    "final_test_normalized_returns": 22.44543886397532,
    "best_return": 2561.1515503994247,
    "best_return_normalized": 79.31683838867498,
    "convergence_step": "65000",
    "convergence_iter": "13",
    "best_step": "65000",
    "best_iter": "13"
}