{
    "final_weight_diff": 0.0014286255463957787,
    "final_weight_sim": 0.7492402195930481,
    "final_feature_diff": 0.37429525468418207,
    "final_feature_sim": 0.6417437574659536,
    "final_0_weight_diff": 0.0016323371091857553,
    "final_1_weight_diff": 0.0015208795666694641,
    "final_2_weight_diff": 0.0011211513774469495,
    "final_0_weight_sim": 0.7247803211212158,
    "final_1_weight_sim": 0.7368788123130798,
    "final_2_weight_sim": 0.7676185369491577,
    "best_weight_diff": 0.0014286255463957787,
    "best_weight_sim": 0.7492402195930481,
    "best_feature_diff": 0.37429525468418207,
    "best_feature_sim": 0.6417437574659536,
    "best_0_weight_diff": 0.0016323371091857553,
    "best_1_weight_diff": 0.0015208795666694641,
    "best_2_weight_diff": 0.0011211513774469495,
    "best_0_weight_sim": 0.7247803211212158,
    "best_1_weight_sim": 0.7368788123130798,
    "best_2_weight_sim": 0.7676185369491577,
    "num_feature_traj": 20,
    "num_feature_timesteps": "20000",
    "final_test_returns": 4793.191501219297,
    "final_test_normalized_returns": 40.86425554899769,
    "best_return": 4793.191501219297,
    "best_return_normalized": 40.86425554899769,
    "convergence_step": "10000",
    "convergence_iter": "2",
    "best_step": "100000",
    "best_iter": "20"
}