{"final_weight_diff": 0.0008934420766308904, "final_weight_sim": 0.8185898661613464, "final_feature_diff": 0.49761089039976003, "final_feature_sim": 0.7341891022644911, "final_0_weight_diff": 0.0012096920982003212, "final_1_weight_diff": 0.0008188642677851021, "final_2_weight_diff": 0.0006488995277322829, "final_0_weight_sim": 0.7750289440155029, "final_1_weight_sim": 0.8146092891693115, "final_2_weight_sim": 0.833613932132721, "best_weight_diff": 0.0006880317232571542, "best_weight_sim": 0.8528788685798645, "best_feature_diff": 0.4266374873878823, "best_feature_sim": 0.7751178467467306, "best_0_weight_diff": 0.0009244988905265927, "best_1_weight_diff": 0.0006366561865434051, "best_2_weight_diff": 0.0005016035283915699, "best_0_weight_sim": 0.8135040998458862, "best_1_weight_sim": 0.8482617735862732, "best_2_weight_sim": 0.8660890460014343, "num_feature_traj": 219, "num_feature_timesteps": "197797", "final_test_returns": 4484.61545314017, "final_test_normalized_returns": 97.6542743523226, "best_return": 5034.657483875482, "best_return_normalized": 109.63600930335376, "convergence_step": "25000", "convergence_iter": "5", "best_step": "70000", "best_iter": "14", "best_5percent_normalized": 109.63600930335376, "best_10percent_normalized": 109.31584236696966, "best_25percent_normalized": 108.91257226579312, "best_50percent_normalized": 108.37825174285737, "best_100percent_normalized": 99.70150915637372, "best_later_half_normalized": 106.27651704180248, "best_last_four_normalized": 105.78827353204943, "target_steps": 20000}