{"final_weight_diff": 0.0009764389251358807, "final_weight_sim": 0.8051935434341431, "final_feature_diff": 0.4426814341195316, "final_feature_sim": 0.7359364927319868, "final_0_weight_diff": 0.001356176333501935, "final_1_weight_diff": 0.0009226595866493881, "final_2_weight_diff": 0.0006468612118624151, "final_0_weight_sim": 0.7534489035606384, "final_1_weight_sim": 0.8035917282104492, "final_2_weight_sim": 0.8348236680030823, "best_weight_diff": 0.0005386578850448132, "best_weight_sim": 0.881677508354187, "best_feature_diff": 0.3346660003445349, "best_feature_sim": 0.8070688924417936, "best_0_weight_diff": 0.0007610301836393774, "best_1_weight_diff": 0.00047888571862131357, "best_2_weight_diff": 0.0003755844372790307, "best_0_weight_sim": 0.8391816020011902, "best_1_weight_sim": 0.8844887614250183, "best_2_weight_sim": 0.8997785449028015, "num_feature_traj": 200, "num_feature_timesteps": "200000", "final_test_returns": 4658.652381013123, "final_test_normalized_returns": 39.78058916999908, "best_return": 8053.438073258427, "best_return_normalized": 67.12442130562036, "convergence_step": "40000", "convergence_iter": "8", "best_step": "40000", "best_iter": "8", "best_5percent_normalized": 67.12442130562036, "best_10percent_normalized": 64.42939276429601, "best_25percent_normalized": 57.81410776397975, "best_50percent_normalized": 50.73158100301238, "best_100percent_normalized": 46.29251729070081, "best_later_half_normalized": 42.28735784638498, "best_last_four_normalized": 42.09242858596818, "target_steps": 10000}