{"final_weight_diff": 0.0019554884638637304, "final_weight_sim": 0.7183064222335815, "final_feature_diff": 0.20188653590660416, "final_feature_sim": 0.7328259509626321, "final_0_weight_diff": 0.0022965131793171167, "final_1_weight_diff": 0.0019707216415554285, "final_2_weight_diff": 0.0015864372253417969, "final_0_weight_sim": 0.6892926096916199, "final_1_weight_sim": 0.7266639471054077, "final_2_weight_sim": 0.7309530377388, "best_weight_diff": 0.00142216170206666, "best_weight_sim": 0.7868935465812683, "best_feature_diff": 0.18807995162821103, "best_feature_sim": 0.7537103991469685, "best_0_weight_diff": 0.001758264726959169, "best_1_weight_diff": 0.001407708041369915, "best_2_weight_diff": 0.0010957227787002921, "best_0_weight_sim": 0.760676920413971, "best_1_weight_sim": 0.7932894229888916, "best_2_weight_sim": 0.8001044392585754, "num_feature_traj": 48, "num_feature_timesteps": "28017", "final_test_returns": 3565.7652335948346, "final_test_normalized_returns": 92.53478309739695, "best_return": 3737.989607594769, "best_return_normalized": 96.63019541042895, "convergence_step": "40000", "convergence_iter": "8", "best_step": "60000", "best_iter": "12", "best_5percent_normalized": 96.63019541042895, "best_10percent_normalized": 96.20026780083228, "best_25percent_normalized": 94.97950466368636, "best_50percent_normalized": 93.3800645103657, "best_100percent_normalized": 88.57847655863351, "best_later_half_normalized": 90.88345638305091, "best_last_four_normalized": 90.53414802569141, "target_steps": 5000}