{
    "final_weight_diff": 0.0012135797878727317,
    "final_weight_sim": 0.790286123752594,
    "final_feature_diff": 0.3838969570653689,
    "final_feature_sim": 0.5965611115075439,
    "final_0_weight_diff": 0.0015413311775773764,
    "final_1_weight_diff": 0.0012370084878057241,
    "final_2_weight_diff": 0.0008603673777543008,
    "final_0_weight_sim": 0.7597011923789978,
    "final_1_weight_sim": 0.7861508727073669,
    "final_2_weight_sim": 0.8128305077552795,
    "best_weight_diff": 0.00019434140995144844,
    "best_weight_sim": 0.9591835141181946,
    "best_feature_diff": 0.13628524365068467,
    "best_feature_sim": 0.8525181285318275,
    "best_0_weight_diff": 0.00024825616856105626,
    "best_1_weight_diff": 0.00018319966329727322,
    "best_2_weight_diff": 0.00015156716108322144,
    "best_0_weight_sim": 0.9515863656997681,
    "best_1_weight_sim": 0.9590012431144714,
    "best_2_weight_sim": 0.9624687433242798,
    "num_feature_traj": 218,
    "num_feature_timesteps": "100692",
    "final_test_returns": 1903.562680085313,
    "final_test_normalized_returns": 59.111760464799794,
    "best_return": 2164.887293832378,
    "best_return_normalized": 67.14122145866345,
    "convergence_step": "10000",
    "convergence_iter": "2",
    "best_step": "10000",
    "best_iter": "2"
}