{
    "final_weight_diff": 0.001168925198726356,
    "final_weight_sim": 0.7691662311553955,
    "final_feature_diff": 0.3643036044985744,
    "final_feature_sim": 0.692586080632168,
    "final_0_weight_diff": 0.0012985779903829098,
    "final_1_weight_diff": 0.0013314713723957539,
    "final_2_weight_diff": 0.0008734174771234393,
    "final_0_weight_sim": 0.7466253638267517,
    "final_1_weight_sim": 0.7369728684425354,
    "final_2_weight_sim": 0.7944180369377136,
    "best_weight_diff": 0.0003555495059117675,
    "best_weight_sim": 0.9154894351959229,
    "best_feature_diff": 0.2747442440029758,
    "best_feature_sim": 0.7903501219875434,
    "best_0_weight_diff": 0.00037082945345900953,
    "best_1_weight_diff": 0.00039395465864799917,
    "best_2_weight_diff": 0.00030181786860339344,
    "best_0_weight_sim": 0.9080724120140076,
    "best_1_weight_sim": 0.8972386717796326,
    "best_2_weight_sim": 0.9221174716949463,
    "num_feature_traj": 200,
    "num_feature_timesteps": "200000",
    "final_test_returns": 5110.647938161384,
    "final_test_normalized_returns": 43.421258054913054,
    "best_return": 6703.547924767158,
    "best_return_normalized": 56.25152004820367,
    "convergence_step": "15000",
    "convergence_iter": "3",
    "best_step": "15000",
    "best_iter": "3"
}