{"final_weight_diff": 0.0011782770743593574, "final_weight_sim": 0.757675290107727, "final_feature_diff": 0.32773650294717827, "final_feature_sim": 0.6979549277359537, "final_0_weight_diff": 0.001259892131201923, "final_1_weight_diff": 0.0012377374805510044, "final_2_weight_diff": 0.0010309383505955338, "final_0_weight_sim": 0.7382317185401917, "final_1_weight_sim": 0.7422929406166077, "final_2_weight_sim": 0.7583507895469666, "best_weight_diff": 0.000417603412643075, "best_weight_sim": 0.9034124612808228, "best_feature_diff": 0.19030814346010408, "best_feature_sim": 0.8645534903835206, "best_0_weight_diff": 0.0004343671025708318, "best_1_weight_diff": 0.0004451405839063227, "best_2_weight_diff": 0.0003734187630470842, "best_0_weight_sim": 0.9019769430160522, "best_1_weight_sim": 0.887819766998291, "best_2_weight_sim": 0.8989906311035156, "num_feature_traj": 20, "num_feature_timesteps": "20000", "final_test_returns": 4693.172462593311, "final_test_normalized_returns": 40.05863656432879, "best_return": 4840.911691455111, "best_return_normalized": 41.24862528234159, "convergence_step": "10000", "convergence_iter": "2", "best_step": "20000", "best_iter": "4", "best_5percent_normalized": 41.24862528234159, "best_10percent_normalized": 41.0334648926747, "best_25percent_normalized": 40.80986059992529, "best_50percent_normalized": 40.50470365400376, "best_100percent_normalized": 38.970829724796836, "best_later_half_normalized": 39.62112053455451, "best_last_four_normalized": 39.54083988812805}