{"final_weight_diff": 0.001138302031904459, "final_weight_sim": 0.7671430706977844, "final_feature_diff": 0.2533211940200704, "final_feature_sim": 0.7117145415298587, "final_0_weight_diff": 0.001337305293418467, "final_1_weight_diff": 0.0010766525520011783, "final_2_weight_diff": 0.0009991041151806712, "final_0_weight_sim": 0.7248902320861816, "final_1_weight_sim": 0.7669526934623718, "final_2_weight_sim": 0.7711537480354309, "best_weight_diff": 0.0006266075652092695, "best_weight_sim": 0.8562536835670471, "best_feature_diff": 0.19562237922903863, "best_feature_sim": 0.7953002675585685, "best_0_weight_diff": 0.0007171922479756176, "best_1_weight_diff": 0.000598869111854583, "best_2_weight_diff": 0.0005636739660985768, "best_0_weight_sim": 0.8317334651947021, "best_1_weight_sim": 0.8519920110702515, "best_2_weight_sim": 0.855040431022644, "num_feature_traj": 119, "num_feature_timesteps": "101758", "final_test_returns": 3310.3110584113506, "final_test_normalized_returns": 72.07404007338522, "best_return": 3664.138593035823, "best_return_normalized": 79.78157422778388, "convergence_step": "20000", "convergence_iter": "4", "best_step": "45000", "best_iter": "9", "best_5percent_normalized": 79.78157422778388, "best_10percent_normalized": 79.33546516657381, "best_25percent_normalized": 76.75988803669898, "best_50percent_normalized": 75.02516633275374, "best_100percent_normalized": 69.83557479599784, "best_later_half_normalized": 68.6578489324526, "best_last_four_normalized": 69.5404027747694, "target_steps": 5000}