{"final_weight_diff": 0.0016045896336436272, "final_weight_sim": 0.7475589513778687, "final_feature_diff": 0.4330541055203886, "final_feature_sim": 0.5639421602854902, "final_0_weight_diff": 0.001970283454284072, "final_1_weight_diff": 0.0016305368626490235, "final_2_weight_diff": 0.0012025006581097841, "final_0_weight_sim": 0.7166463136672974, "final_1_weight_sim": 0.7462995648384094, "final_2_weight_sim": 0.7661694884300232, "best_weight_diff": 0.0010048208059743047, "best_weight_sim": 0.8296027183532715, "best_feature_diff": 0.36585860035477297, "best_feature_sim": 0.64628634724779, "best_0_weight_diff": 0.0013070926070213318, "best_1_weight_diff": 0.0009908833308145404, "best_2_weight_diff": 0.0007136740023270249, "best_0_weight_sim": 0.8022328615188599, "best_1_weight_sim": 0.828234076499939, "best_2_weight_sim": 0.847888171672821, "num_feature_traj": 109, "num_feature_timesteps": "31150", "final_test_returns": 2767.2972928361423, "final_test_normalized_returns": 60.24540398681968, "best_return": 3553.180971883936, "best_return_normalized": 77.3645501947994, "convergence_step": "50000", "convergence_iter": "10", "best_step": "50000", "best_iter": "10", "best_5percent_normalized": 77.3645501947994, "best_10percent_normalized": 75.2739596220051, "best_25percent_normalized": 70.33674424822465, "best_50percent_normalized": 65.1017595764261, "best_100percent_normalized": 48.66269469491594, "best_later_half_normalized": 55.61725002387853}