current_itr_train_time	current_itr_train_loss_mean	current_itr_train_loss_std	current_itr_eval_5000_return_mean	current_itr_eval_5000_return_std	current_itr_eval_5000_length_mean	current_itr_eval_5000_length_std	current_itr_eval_2500_return_mean	current_itr_eval_2500_return_std	current_itr_eval_2500_length_mean	current_itr_eval_2500_length_std	TestEpRet	TestEpNormRet	Iteration	Steps	total_time	current_eval_time
1837.4408569335938	0.2265739530161023	0.20410541327310605	2805.8465675270318	721.3786172996186	879.2	172.15911245124377	3372.985106270582	109.6064947257972	1000.0	0.0	2805.8465675270318	61.08513470936694	1	5000	2319.5991594791412	482.1573956012726
1749.4222211837769	0.05613737964183092	0.007267853364330987	2717.4988049733493	1318.6443607252631	737.6	321.94881580773057	1756.9862092649928	1520.4170551225457	519.9	376.970409979351	2717.4988049733493	59.16062818934747	2	10000	4422.741621017456	353.54784655570984
1591.6225142478943	0.046584470084309576	0.004201507145679521	3070.63991083185	943.2929622757886	883.3	242.66439788316703	2675.980683912937	1294.7545142790805	770.8	319.33236603889685	3070.63991083185	66.85320965453866	3	15000	6531.228593587875	516.7339208126068
1646.4229848384857	0.04322582307159901	0.00345417721992919	3219.427995766924	913.2639484473001	893.5	217.48482705696966	2677.613407065974	1287.6650170773664	774.0	320.9330148177342	3219.427995766924	70.09430633069695	4	20000	8517.99266076088	340.2335960865021
