{
    "final_weight_diff": 0.001349177211523056,
    "final_weight_sim": 0.7716785669326782,
    "final_feature_diff": 0.26776914152021414,
    "final_feature_sim": 0.7473772634835781,
    "final_0_weight_diff": 0.0017639168072491884,
    "final_1_weight_diff": 0.0013601650716736913,
    "final_2_weight_diff": 0.0009179382468573749,
    "final_0_weight_sim": 0.7281984686851501,
    "final_1_weight_sim": 0.7749319076538086,
    "final_2_weight_sim": 0.8026778697967529,
    "best_weight_diff": 0.0009086164645850658,
    "best_weight_sim": 0.8337107300758362,
    "best_feature_diff": 0.2414074525412045,
    "best_feature_sim": 0.7784092319449027,
    "best_0_weight_diff": 0.0012287236750125885,
    "best_1_weight_diff": 0.0008865917916409671,
    "best_2_weight_diff": 0.0006084989872761071,
    "best_0_weight_sim": 0.7938363552093506,
    "best_1_weight_sim": 0.8373728394508362,
    "best_2_weight_sim": 0.8613499402999878,
    "num_feature_traj": 131,
    "num_feature_timesteps": "117332",
    "final_test_returns": 4959.590779828131,
    "final_test_normalized_returns": 108.00080817092308,
    "best_return": 5001.8427907723735,
    "best_return_normalized": 108.9211967376026,
    "convergence_step": "25000",
    "convergence_iter": "5",
    "best_step": "55000",
    "best_iter": "11"
}