{"final_weight_diff": 0.0013623510021716356, "final_weight_sim": 0.7444746494293213, "final_feature_diff": 0.25505301651453516, "final_feature_sim": 0.6920125930653115, "final_0_weight_diff": 0.00139274459797889, "final_1_weight_diff": 0.001382409012876451, "final_2_weight_diff": 0.0012978729791939259, "final_0_weight_sim": 0.7294819355010986, "final_1_weight_sim": 0.7398788928985596, "final_2_weight_sim": 0.7374853491783142, "best_weight_diff": 0.0010180813260376453, "best_weight_sim": 0.797392725944519, "best_feature_diff": 0.23299973301366875, "best_feature_sim": 0.7443449201387575, "best_0_weight_diff": 0.0010845363140106201, "best_1_weight_diff": 0.0010377629660069942, "best_2_weight_diff": 0.0009277173667214811, "best_0_weight_sim": 0.782382607460022, "best_1_weight_sim": 0.7885121703147888, "best_2_weight_sim": 0.7928495407104492, "num_feature_traj": 48, "num_feature_timesteps": "28017", "final_test_returns": 3164.7735120280054, "final_test_normalized_returns": 82.99939390835387, "best_return": 3694.7756252899953, "best_return_normalized": 95.60258781275996, "convergence_step": "10000", "convergence_iter": "2", "best_step": "65000", "best_iter": "13", "best_5percent_normalized": 95.60258781275996, "best_10percent_normalized": 94.73483701303499, "best_25percent_normalized": 92.84846505446659, "best_50percent_normalized": 90.37993951363224, "best_100percent_normalized": 83.49171782822647, "best_later_half_normalized": 85.98165774125094, "best_last_four_normalized": 86.32237508998874, "target_steps": 5000}