{
    "final_weight_diff": 0.0015800697728991508,
    "final_weight_sim": 0.8060377836227417,
    "final_feature_diff": 1.8536489165389978,
    "final_feature_sim": 0.4485803961157652,
    "final_0_weight_diff": 0.002071522641927004,
    "final_1_weight_diff": 0.0015553954290226102,
    "final_2_weight_diff": 0.0011038713855668902,
    "final_0_weight_sim": 0.7649150490760803,
    "final_1_weight_sim": 0.8078760504722595,
    "final_2_weight_sim": 0.8012830018997192,
    "best_weight_diff": 0.0015274073230102658,
    "best_weight_sim": 0.811284065246582,
    "best_feature_diff": 1.8479290302386215,
    "best_feature_sim": 0.4515261470246899,
    "best_0_weight_diff": 0.0020089184399694204,
    "best_1_weight_diff": 0.0014973091892898083,
    "best_2_weight_diff": 0.0010672354837879539,
    "best_0_weight_sim": 0.770350456237793,
    "best_1_weight_sim": 0.8134119510650635,
    "best_2_weight_sim": 0.806739866733551,
    "num_feature_traj": 223,
    "num_feature_timesteps": "196344",
    "final_test_returns": 4736.001654403366,
    "final_test_normalized_returns": 120.36243916969931,
    "best_return": 5280.991373302258,
    "best_return_normalized": 133.32203108701538,
    "convergence_step": "95000",
    "convergence_iter": "19",
    "best_step": "95000",
    "best_iter": "19"
}