{
    "final_weight_diff": 0.001251213368959725,
    "final_weight_sim": 0.7569597363471985,
    "final_feature_diff": 0.20519230915822856,
    "final_feature_sim": 0.7690712876164438,
    "final_0_weight_diff": 0.00143803795799613,
    "final_1_weight_diff": 0.001322571886703372,
    "final_2_weight_diff": 0.0009915614500641823,
    "final_0_weight_sim": 0.73065185546875,
    "final_1_weight_sim": 0.7384579181671143,
    "final_2_weight_sim": 0.7701554298400879,
    "best_weight_diff": 0.0005137649131938815,
    "best_weight_sim": 0.8810608983039856,
    "best_feature_diff": 0.1307432323816105,
    "best_feature_sim": 0.8601760947619478,
    "best_0_weight_diff": 0.0005959373665973544,
    "best_1_weight_diff": 0.0005346567486412823,
    "best_2_weight_diff": 0.000410753971664235,
    "best_0_weight_sim": 0.8638045787811279,
    "best_1_weight_sim": 0.8657076358795166,
    "best_2_weight_sim": 0.891765296459198,
    "num_feature_traj": 64,
    "num_feature_timesteps": "41579",
    "final_test_returns": 3187.0480999079364,
    "final_test_normalized_returns": 98.54813795288952,
    "best_return": 3626.64068670568,
    "best_return_normalized": 112.0550613087602,
    "convergence_step": "30000",
    "convergence_iter": "6",
    "best_step": "30000",
    "best_iter": "6"
}