{
    "final_weight_diff": 0.0010846585500985384,
    "final_weight_sim": 0.837967038154602,
    "final_feature_diff": 1.3253129746969718,
    "final_feature_sim": 0.5704476611670211,
    "final_0_weight_diff": 0.0014776057796552777,
    "final_1_weight_diff": 0.0010638395324349403,
    "final_2_weight_diff": 0.0007102865492925048,
    "final_0_weight_sim": 0.7844319343566895,
    "final_1_weight_sim": 0.831506609916687,
    "final_2_weight_sim": 0.8567996025085449,
    "best_weight_diff": 0.0006340316031128168,
    "best_weight_sim": 0.8972069025039673,
    "best_feature_diff": 0.9784149896614919,
    "best_feature_sim": 0.6818342375549703,
    "best_0_weight_diff": 0.0009098097798414528,
    "best_1_weight_diff": 0.0005794242606498301,
    "best_2_weight_diff": 0.0004119804361835122,
    "best_0_weight_sim": 0.8531537652015686,
    "best_1_weight_sim": 0.8974632024765015,
    "best_2_weight_sim": 0.9115595817565918,
    "num_feature_traj": 218,
    "num_feature_timesteps": "100692",
    "final_test_returns": 1761.8669546535175,
    "final_test_normalized_returns": 54.75801711074653,
    "best_return": 2306.7592862696065,
    "best_return_normalized": 71.50038079334072,
    "convergence_step": "55000",
    "convergence_iter": "11",
    "best_step": "55000",
    "best_iter": "11"
}