{
    "final_weight_diff": 0.0011162785813212395,
    "final_weight_sim": 0.7799314856529236,
    "final_feature_diff": 0.2672001343860082,
    "final_feature_sim": 0.7704892337839943,
    "final_0_weight_diff": 0.001270892913453281,
    "final_1_weight_diff": 0.001095229759812355,
    "final_2_weight_diff": 0.0009812300559133291,
    "final_0_weight_sim": 0.7593455910682678,
    "final_1_weight_sim": 0.7679606080055237,
    "final_2_weight_sim": 0.7780172824859619,
    "best_weight_diff": 0.0007354143308475614,
    "best_weight_sim": 0.8414697647094727,
    "best_feature_diff": 0.22122928970552358,
    "best_feature_sim": 0.8136262404611042,
    "best_0_weight_diff": 0.000856242433656007,
    "best_1_weight_diff": 0.0007271110080182552,
    "best_2_weight_diff": 0.0006225682445801795,
    "best_0_weight_sim": 0.8250165581703186,
    "best_1_weight_sim": 0.8290491104125977,
    "best_2_weight_sim": 0.8417136073112488,
    "num_feature_traj": 219,
    "num_feature_timesteps": "197797",
    "final_test_returns": 4932.4364769575095,
    "final_test_normalized_returns": 107.4092976288271,
    "best_return": 5034.650110048761,
    "best_return_normalized": 109.63584867701536,
    "convergence_step": "40000",
    "convergence_iter": "8",
    "best_step": "55000",
    "best_iter": "11"
}