{"final_weight_diff": 0.0009112520492635667, "final_weight_sim": 0.8172256350517273, "final_feature_diff": 0.9238578288939551, "final_feature_sim": 0.48810411407437215, "final_0_weight_diff": 0.0014165148604661226, "final_1_weight_diff": 0.0008053788333199918, "final_2_weight_diff": 0.0005087420577183366, "final_0_weight_sim": 0.7580670714378357, "final_1_weight_sim": 0.819475531578064, "final_2_weight_sim": 0.8604191541671753, "best_weight_diff": 0.0005337144830264151, "best_weight_sim": 0.8820673823356628, "best_feature_diff": 0.7351401070302158, "best_feature_sim": 0.6063550728115977, "best_0_weight_diff": 0.0008394811884500086, "best_1_weight_diff": 0.00045718273031525314, "best_2_weight_diff": 0.0003036230627913028, "best_0_weight_sim": 0.8327062726020813, "best_1_weight_sim": 0.8859061002731323, "best_2_weight_sim": 0.9126452803611755, "num_feature_traj": 120, "num_feature_timesteps": "106539", "final_test_returns": 2829.7806781387003, "final_test_normalized_returns": 75.0334263462464, "best_return": 3903.60980961663, "best_return_normalized": 100.56856370809764, "convergence_step": "45000", "convergence_iter": "9", "best_step": "45000", "best_iter": "9", "best_5percent_normalized": 100.56856370809764, "best_10percent_normalized": 100.28095720800516, "best_25percent_normalized": 98.73054778878678, "best_50percent_normalized": 96.41454379075728, "best_100percent_normalized": 89.00605730020756, "best_later_half_normalized": 91.83345949232651, "best_last_four_normalized": 90.1383080367564}