{"final_weight_diff": 0.0013059566263109446, "final_weight_sim": 0.7673081159591675, "final_feature_diff": 0.2513360520195814, "final_feature_sim": 0.7551439088902926, "final_0_weight_diff": 0.001690558041445911, "final_1_weight_diff": 0.0014083541464060545, "final_2_weight_diff": 0.0008162250160239637, "final_0_weight_sim": 0.7157770991325378, "final_1_weight_sim": 0.7601911425590515, "final_2_weight_sim": 0.8150342106819153, "best_weight_diff": 0.0004845255461987108, "best_weight_sim": 0.9007576704025269, "best_feature_diff": 0.1665855037746353, "best_feature_sim": 0.8397220567336416, "best_0_weight_diff": 0.0006347991293296218, "best_1_weight_diff": 0.0004909176495857537, "best_2_weight_diff": 0.0003276448987890035, "best_0_weight_sim": 0.8736121654510498, "best_1_weight_sim": 0.8982582688331604, "best_2_weight_sim": 0.9206675887107849, "num_feature_traj": 21, "num_feature_timesteps": "9625", "final_test_returns": 1873.115479830229, "final_test_normalized_returns": 58.176239683519, "best_return": 2095.455341029293, "best_return_normalized": 65.00785503455862, "convergence_step": "30000", "convergence_iter": "6", "best_step": "30000", "best_iter": "6", "best_5percent_normalized": 65.00785503455862, "best_10percent_normalized": 63.98616671870002, "best_25percent_normalized": 61.629734848628345, "best_50percent_normalized": 58.384781480520644, "best_100percent_normalized": 54.137519244959755, "best_later_half_normalized": 53.57988492127854, "best_last_four_normalized": 54.23405265208629, "target_steps": 10000}