{"final_weight_diff": 0.0013170548481866717, "final_weight_sim": 0.7767443060874939, "final_feature_diff": 0.27125301940969265, "final_feature_sim": 0.7403624604753416, "final_0_weight_diff": 0.001662637572735548, "final_1_weight_diff": 0.0013772486709058285, "final_2_weight_diff": 0.0009086410864256322, "final_0_weight_sim": 0.7340307235717773, "final_1_weight_sim": 0.7770324349403381, "final_2_weight_sim": 0.806157112121582, "best_weight_diff": 0.0007945119868963957, "best_weight_sim": 0.8510881662368774, "best_feature_diff": 0.21096321107095403, "best_feature_sim": 0.801602320160901, "best_0_weight_diff": 0.0010443022474646568, "best_1_weight_diff": 0.0008011023746803403, "best_2_weight_diff": 0.0005374163156375289, "best_0_weight_sim": 0.8149412870407104, "best_1_weight_sim": 0.8513235449790955, "best_2_weight_sim": 0.8763415217399597, "num_feature_traj": 1285, "num_feature_timesteps": "789919", "final_test_returns": 2491.748132410943, "final_test_normalized_returns": 77.18434872538322, "best_return": 3654.456458443498, "best_return_normalized": 112.9097288082373, "convergence_step": "50000", "convergence_iter": "10", "best_step": "50000", "best_iter": "10", "best_5percent_normalized": 112.9097288082373, "best_10percent_normalized": 112.82583794214906, "best_25percent_normalized": 110.5568097171079, "best_50percent_normalized": 107.78966863536623, "best_100percent_normalized": 91.0276187252638, "best_later_half_normalized": 98.07954574886489, "best_last_four_normalized": 94.73769290046965, "target_steps": 10000}