{"final_weight_diff": 0.0018120849272236228, "final_weight_sim": 0.7537880539894104, "final_feature_diff": 0.1993540947260232, "final_feature_sim": 0.6766666128417428, "final_0_weight_diff": 0.0022423549089580774, "final_1_weight_diff": 0.001813194015994668, "final_2_weight_diff": 0.001375788007862866, "final_0_weight_sim": 0.729163646697998, "final_1_weight_sim": 0.7610893845558167, "final_2_weight_sim": 0.766548752784729, "best_weight_diff": 0.0013365399790927768, "best_weight_sim": 0.8100279569625854, "best_feature_diff": 0.18494604994233152, "best_feature_sim": 0.7034598932362434, "best_0_weight_diff": 0.0016716507961973548, "best_1_weight_diff": 0.0013261589920148253, "best_2_weight_diff": 0.0010097710182890296, "best_0_weight_sim": 0.7901695370674133, "best_1_weight_sim": 0.8146795034408569, "best_2_weight_sim": 0.8208564519882202, "num_feature_traj": 204, "num_feature_timesteps": "37349", "final_test_returns": 2176.8370746679484, "final_test_normalized_returns": 67.50839046631499, "best_return": 2647.5966118686297, "best_return_normalized": 81.97294964902092, "convergence_step": "20000", "convergence_iter": "4", "best_step": "65000", "best_iter": "13", "best_5percent_normalized": 81.97294964902092, "best_10percent_normalized": 81.95783513691998, "best_25percent_normalized": 78.89707153736308, "best_50percent_normalized": 71.47593010053896, "best_100percent_normalized": 49.0189481816641, "best_later_half_normalized": 50.60143224650865, "best_last_four_normalized": 43.99021162221729, "target_steps": 