{
    "final_weight_diff": 0.001083494396880269,
    "final_weight_sim": 0.7649044990539551,
    "final_feature_diff": 0.24700642430476313,
    "final_feature_sim": 0.7174988104409572,
    "final_0_weight_diff": 0.0013541674707084894,
    "final_1_weight_diff": 0.0010874640429392457,
    "final_2_weight_diff": 0.00080676848301664,
    "final_0_weight_sim": 0.7127393484115601,
    "final_1_weight_sim": 0.7558572292327881,
    "final_2_weight_sim": 0.7918606400489807,
    "best_weight_diff": 0.0006119885365478694,
    "best_weight_sim": 0.8555235266685486,
    "best_feature_diff": 0.1886268088257075,
    "best_feature_sim": 0.7967251508975349,
    "best_0_weight_diff": 0.0007760812877677381,
    "best_1_weight_diff": 0.0006102824700064957,
    "best_2_weight_diff": 0.0004494410241022706,
    "best_0_weight_sim": 0.8214966654777527,
    "best_1_weight_sim": 0.8464660048484802,
    "best_2_weight_sim": 0.8732955455780029,
    "num_feature_traj": 10,
    "num_feature_timesteps": "10000",
    "final_test_returns": 4855.78941376012,
    "final_test_normalized_returns": 41.36846022279095,
    "best_return": 5014.155012220805,
    "best_return_normalized": 42.64404069617928,
    "convergence_step": "10000",
    "convergence_iter": "2",
    "best_step": "45000",
    "best_iter": "9"
}