{"final_weight_diff": 0.001104523311369121, "final_weight_sim": 0.7930028438568115, "final_feature_diff": 1.348906551628381, "final_feature_sim": 0.47647806322976116, "final_0_weight_diff": 0.0013381197350099683, "final_1_weight_diff": 0.0011003863764926791, "final_2_weight_diff": 0.0008727455278858542, "final_0_weight_sim": 0.7487134337425232, "final_1_weight_sim": 0.7729149460792542, "final_2_weight_sim": 0.7920516729354858, "best_weight_diff": 0.0009801749838516116, "best_weight_sim": 0.8111428022384644, "best_feature_diff": 1.3089460887273954, "best_feature_sim": 0.49519616400189925, "best_0_weight_diff": 0.0011984118027612567, "best_1_weight_diff": 0.0009724105475470424, "best_2_weight_diff": 0.0007679220871068537, "best_0_weight_sim": 0.7677968144416809, "best_1_weight_sim": 0.7922471165657043, "best_2_weight_sim": 0.8115969300270081, "num_feature_traj": 119, "num_feature_timesteps": "101758", "final_test_returns": 3609.6814392264178, "final_test_normalized_returns": 78.59531727527508, "best_return": 3716.923151292412, "best_return_normalized": 80.93139651625924, "convergence_step": "85000", "convergence_iter": "17", "best_step": "85000", "best_iter": "17", "best_5percent_normalized": 80.93139651625924, "best_10percent_normalized": 80.252997227164, "best_25percent_normalized": 78.83281661038612, "best_50percent_normalized": 76.12531626671156, "best_100percent_normalized": 62.47018686984753, "best_later_half_normalized": 64.91636780591011, "best_last_four_normalized": 74.66498132093528}