current_itr_train_time	current_itr_train_loss_mean	current_itr_train_loss_std	current_itr_eval_5000_return_mean	current_itr_eval_5000_return_std	current_itr_eval_5000_length_mean	current_itr_eval_5000_length_std	current_itr_eval_2500_return_mean	current_itr_eval_2500_return_std	current_itr_eval_2500_length_mean	current_itr_eval_2500_length_std	TestEpRet	TestEpNormRet	Iteration	Steps	total_time	current_eval_time
1801.0527243614197	0.32697548658549785	0.1913186527043338	48.21577404923832	1.879677427515313	47.7	0.6403124237432849	51.397565285923676	5.46413258379606	48.6	2.2449944320643644	48.21577404923832	1.0148138720989466	1	5000	1826.254923582077	25.20144033432007
1516.9402146339417	0.13747498348802328	0.016345882585581308	1617.2654432603315	1001.458428899863	663.3	296.5151092271691	610.4661276489234	933.307306335114	411.1	353.1326804474488	1617.2654432603315	35.193906034125376	2	10000	3621.201423883438	277.88899087905884
1480.0512363910675	0.12261710419952869	0.01189010223426081	1936.7048220732281	786.361192139721	568.7	194.03971243021363	2463.621923332442	761.7745611318688	735.8	208.58513849265483	1936.7048220732281	42.15235240001769	3	15000	5587.248289346695	485.8635358810425
1361.74649477005	0.11683100089728832	0.011081757939533584	3604.781286314541	517.5332561976339	897.1	120.49435671432916	3000.485458729261	926.5882595886187	758.3	207.39867405554935	3604.781286314541	78.48857573530377	4	20000	7612.680329084396	663.5775856971741
1258.5414593219757	0.112975564417243	0.010851026779535323	1861.4620922531954	1518.4502984085073	544.6	321.8441237617987	2286.9494096577764	1134.8430725285734	648.4	234.16284931645328	1861.4620922531954	40.513316843970316	5	25000	9387.341159582138	516.0275361537933
