{"final_weight_diff": 0.0026080904062837362, "final_weight_sim": 0.6917511820793152, "final_feature_diff": 0.6447073407054379, "final_feature_sim": 0.6956336163148232, "final_0_weight_diff": 0.0026916556525975466, "final_1_weight_diff": 0.0026306957006454468, "final_2_weight_diff": 0.0025002481415867805, "final_0_weight_sim": 0.6737562417984009, "final_1_weight_sim": 0.6649267673492432, "final_2_weight_sim": 0.6770561337471008, "best_weight_diff": 0.002290230942890048, "best_weight_sim": 0.7126370668411255, "best_feature_diff": 0.5984736917404554, "best_feature_sim": 0.7232267855068936, "best_0_weight_diff": 0.002400220837444067, "best_1_weight_diff": 0.0022821943275630474, "best_2_weight_diff": 0.0021856732200831175, "best_0_weight_sim": 0.6929957270622253, "best_1_weight_sim": 0.687344491481781, "best_2_weight_sim": 0.6975634694099426, "num_feature_traj": 20, "num_feature_timesteps": "20000", "final_test_returns": 4462.545950486467, "final_test_normalized_returns": 38.201019263926405, "best_return": 4675.403580055972, "best_return_normalized": 39.91551432175294, "convergence_step": "55000", "convergence_iter": "11", "best_step": "95000", "best_iter": "19", "best_5percent_normalized": 39.91551432175294, "best_10percent_normalized": 39.73712472046378, "best_25percent_normalized": 38.84781016892014, "best_50percent_normalized": 37.9963809016885, "best_100percent_normalized": 35.09368902391713, "best_later_half_normalized": 37.279096425714634, "best_last_four_normalized": 37.270020617232596, "target_steps": 25000}