{"final_weight_diff": 0.0012481983285397291, "final_weight_sim": 0.758061408996582, "final_feature_diff": 0.4814042445355317, "final_feature_sim": 0.572305154205659, "final_0_weight_diff": 0.00151949399150908, "final_1_weight_diff": 0.0013201429974287748, "final_2_weight_diff": 0.0009017124539241195, "final_0_weight_sim": 0.7209210991859436, "final_1_weight_sim": 0.7358148097991943, "final_2_weight_sim": 0.7892646193504333, "best_weight_diff": 0.0005851676687598228, "best_weight_sim": 0.8678282499313354, "best_feature_diff": 0.41746109083944943, "best_feature_sim": 0.6491946354741007, "best_0_weight_diff": 0.0006975588039495051, "best_1_weight_diff": 0.0005992652149870992, "best_2_weight_diff": 0.0004580397508107126, "best_0_weight_sim": 0.845229983329773, "best_1_weight_sim": 0.8516911268234253, "best_2_weight_sim": 0.8829613924026489, "num_feature_traj": 120, "num_feature_timesteps": "106539", "final_test_returns": 2441.24065355374, "final_test_normalized_returns": 65.79413248885311, "best_return": 3833.426738281437, "best_return_normalized": 98.8996442175692, "convergence_step": "30000", "convergence_iter": "6", "best_step": "30000", "best_iter": "6", "best_5percent_normalized": 98.8996442175692, "best_10percent_normalized": 98.58231416439034, "best_25percent_normalized": 96.61620397975355, "best_50percent_normalized": 93.92516957143275, "best_100percent_normalized": 86.77094293032492, "best_later_half_normalized": 84.28106882149675, "best_last_four_normalized": 83.87987903620267, "target_steps": 5000}