current_itr_train_time	current_itr_train_loss_mean	current_itr_train_loss_std	current_itr_eval_12000_return_mean	current_itr_eval_12000_return_std	current_itr_eval_12000_length_mean	current_itr_eval_12000_length_std	current_itr_eval_6000_return_mean	current_itr_eval_6000_return_std	current_itr_eval_6000_length_mean	current_itr_eval_6000_length_std	TestEpRet	TestEpNormRet	Iteration	Steps	total_time	current_eval_time
1824.8404757976532	0.2453428702928126	0.2885872661838433	4820.264938325576	678.657360009579	1000.0	0.0	4768.216639877655	634.2585011671674	1000.0	0.0	4768.216639877655	40.66309162348209	1	5000	1942.952953338623	118.1117205619812
1825.148563861847	0.04525152449309826	0.0062355203494502175	4995.168458844945	114.10266899545793	1000.0	0.0	4826.905260294593	387.59658947661813	1000.0	0.0	4826.905260294593	41.1358082926426	2	10000	3893.049246788025	124.66708970069885
1808.9208323955536	0.03754897427670657	0.0038903232718251832	5012.28000452514	131.13775616403592	1000.0	0.0	5009.521198410554	89.36772606733203	1000.0	0.0	5009.521198410554	42.60671691834415	3	15000	5834.810430288315	132.66748785972595
1785.315498828888	0.035154630971699956	0.0036705382444079445	4973.109481144335	162.25043477046637	1000.0	0.0	4689.209157626887	946.811660195319	1000.0	0.0	4689.209157626887	40.02671350481086	4	20000	7784.255595207214	163.91855192184448
