{"final_weight_diff": 0.0008809628779999912, "final_weight_sim": 0.8218822479248047, "final_feature_diff": 0.661315362229703, "final_feature_sim": 0.6475789169469892, "final_0_weight_diff": 0.0011975497473031282, "final_1_weight_diff": 0.0008066569571383297, "final_2_weight_diff": 0.0006364764994941652, "final_0_weight_sim": 0.7749595046043396, "final_1_weight_sim": 0.8196020126342773, "final_2_weight_sim": 0.837784469127655, "best_weight_diff": 0.0003377864486537874, "best_weight_sim": 0.9209893345832825, "best_feature_diff": 0.31401784100953434, "best_feature_sim": 0.8366881261851375, "best_0_weight_diff": 0.0004304433532524854, "best_1_weight_diff": 0.0003198971098754555, "best_2_weight_diff": 0.00026294117560610175, "best_0_weight_sim": 0.8967337012290955, "best_1_weight_sim": 0.9168926477432251, "best_2_weight_sim": 0.9263718724250793, "num_feature_traj": 119, "num_feature_timesteps": "101758", "final_test_returns": 3418.66453476557, "final_test_normalized_returns": 74.43433721824798, "best_return": 3863.158105077712, "best_return_normalized": 84.11687755029847, "convergence_step": "25000", "convergence_iter": "5", "best_step": "25000", "best_iter": "5", "best_5percent_normalized": 84.11687755029847, "best_10percent_normalized": 80.22627888285164, "best_25percent_normalized": 77.61383986646895, "best_50percent_normalized": 75.72568936495848, "best_100percent_normalized": 66.7656824635956, "best_later_half_normalized": 70.56052318613885, "best_last_four_normalized": 74.03546814665717, "target_steps": 