{"final_weight_diff": 0.0012698499485850334, "final_weight_sim": 0.7741028666496277, "final_feature_diff": 0.17502675931348904, "final_feature_sim": 0.5952611166004297, "final_0_weight_diff": 0.001398327643983066, "final_1_weight_diff": 0.001290763495489955, "final_2_weight_diff": 0.0011176896514371037, "final_0_weight_sim": 0.7607241868972778, "final_1_weight_sim": 0.7613299489021301, "final_2_weight_sim": 0.7740527987480164, "best_weight_diff": 0.0012698499485850334, "best_weight_sim": 0.7741028666496277, "best_feature_diff": 0.17502675931348904, "best_feature_sim": 0.5952611166004297, "best_0_weight_diff": 0.001398327643983066, "best_1_weight_diff": 0.001290763495489955, "best_2_weight_diff": 0.0011176896514371037, "best_0_weight_sim": 0.7607241868972778, "best_1_weight_sim": 0.7613299489021301, "best_2_weight_sim": 0.7740527987480164, "num_feature_traj": 204, "num_feature_timesteps": "37349", "final_test_returns": 2790.630508811467, "final_test_normalized_returns": 86.36780966559189, "best_return": 2790.630508811467, "best_return_normalized": 86.36780966559189, "convergence_step": "100000", "convergence_iter": "20", "best_step": "100000", "best_iter": "20", "best_5percent_normalized": 86.36780966559189, "best_10percent_normalized": 77.4425445579694, "best_25percent_normalized": 68.5918604438198, "best_50percent_normalized": 61.2908399748276, "best_100percent_normalized": 45.53987609843192, "best_later_half_normalized": 57.40681430977772}