{
    "final_weight_diff": 0.001250930828973651,
    "final_weight_sim": 0.783082127571106,
    "final_feature_diff": 0.340861407995677,
    "final_feature_sim": 0.6850231550094273,
    "final_0_weight_diff": 0.0015386209124699235,
    "final_1_weight_diff": 0.0013144451659172773,
    "final_2_weight_diff": 0.0008944716537371278,
    "final_0_weight_sim": 0.7557812333106995,
    "final_1_weight_sim": 0.7739219665527344,
    "final_2_weight_sim": 0.8060539960861206,
    "best_weight_diff": 0.0009323206031695008,
    "best_weight_sim": 0.8299816250801086,
    "best_feature_diff": 0.3132573931749732,
    "best_feature_sim": 0.7176689730817052,
    "best_0_weight_diff": 0.0011740565532818437,
    "best_1_weight_diff": 0.0009708257857710123,
    "best_2_weight_diff": 0.0006495580310001969,
    "best_0_weight_sim": 0.8045556545257568,
    "best_1_weight_sim": 0.8213398456573486,
    "best_2_weight_sim": 0.8525314331054688,
    "num_feature_traj": 200,
    "num_feature_timesteps": "200000",
    "final_test_returns": 8002.454450502153,
    "final_test_normalized_returns": 66.71376574480016,
    "best_return": 9276.559355292258,
    "best_return_normalized": 76.97624290774294,
    "convergence_step": "65000",
    "convergence_iter": "13",
    "best_step": "65000",
    "best_iter": "13"
}