{
    "final_weight_diff": 0.0008908447343856096,
    "final_weight_sim": 0.8165774345397949,
    "final_feature_diff": 0.9475213379007326,
    "final_feature_sim": 0.7194370628312912,
    "final_0_weight_diff": 0.0013383706100285053,
    "final_1_weight_diff": 0.000778806977905333,
    "final_2_weight_diff": 0.0005527540342882276,
    "final_0_weight_sim": 0.7433716058731079,
    "final_1_weight_sim": 0.8036539554595947,
    "final_2_weight_sim": 0.8358235955238342,
    "best_weight_diff": 0.00034802264417521656,
    "best_weight_sim": 0.9166151881217957,
    "best_feature_diff": 0.48835052247664945,
    "best_feature_sim": 0.859473727628164,
    "best_0_weight_diff": 0.0004811687977053225,
    "best_1_weight_diff": 0.00032660935539752245,
    "best_2_weight_diff": 0.00023618842533323914,
    "best_0_weight_sim": 0.8735863566398621,
    "best_1_weight_sim": 0.9043750166893005,
    "best_2_weight_sim": 0.9238849878311157,
    "num_feature_traj": 200,
    "num_feature_timesteps": "200000",
    "final_test_returns": 4844.98671043755,
    "final_test_normalized_returns": 41.28144815986809,
    "best_return": 9817.55243391274,
    "best_return_normalized": 81.33375624418791,
    "convergence_step": "25000",
    "convergence_iter": "5",
    "best_step": "25000",
    "best_iter": "5"
}