{
    "final_weight_diff": 0.001123918453231454,
    "final_weight_sim": 0.7783058881759644,
    "final_feature_diff": 0.37587724300040815,
    "final_feature_sim": 0.6804471350049145,
    "final_0_weight_diff": 0.0013279143022373319,
    "final_1_weight_diff": 0.001212006201967597,
    "final_2_weight_diff": 0.0008304743678309023,
    "final_0_weight_sim": 0.7465732097625732,
    "final_1_weight_sim": 0.7536316514015198,
    "final_2_weight_sim": 0.8047398924827576,
    "best_weight_diff": 0.001123918453231454,
    "best_weight_sim": 0.7783058881759644,
    "best_feature_diff": 0.37587724300040815,
    "best_feature_sim": 0.6804471350049145,
    "best_0_weight_diff": 0.0013279143022373319,
    "best_1_weight_diff": 0.001212006201967597,
    "best_2_weight_diff": 0.0008304743678309023,
    "best_0_weight_sim": 0.7465732097625732,
    "best_1_weight_sim": 0.7536316514015198,
    "best_2_weight_sim": 0.8047398924827576,
    "num_feature_traj": 321,
    "num_feature_timesteps": "203500",
    "final_test_returns": 3629.411333889812,
    "final_test_normalized_returns": 112.14019222380776,
    "best_return": 3629.411333889812,
    "best_return_normalized": 112.14019222380776,
    "convergence_step": "50000",
    "convergence_iter": "10",
    "best_step": "100000",
    "best_iter": "20"
}