{"final_weight_diff": 0.001249599503353238, "final_weight_sim": 0.8341052532196045, "final_feature_diff": 1.1765128503903044, "final_feature_sim": 0.6567094643613406, "final_0_weight_diff": 0.0017031445167958736, "final_1_weight_diff": 0.0011658428702503443, "final_2_weight_diff": 0.0008726085070520639, "final_0_weight_sim": 0.7874858379364014, "final_1_weight_sim": 0.8400644063949585, "final_2_weight_sim": 0.8334274888038635, "best_weight_diff": 0.00030057455296628177, "best_weight_sim": 0.9553821682929993, "best_feature_diff": 0.6096301354318195, "best_feature_sim": 0.8285276122170904, "best_0_weight_diff": 0.000419295160099864, "best_1_weight_diff": 0.0002463921264279634, "best_2_weight_diff": 0.00023547609453089535, "best_0_weight_sim": 0.9382739663124084, "best_1_weight_sim": 0.9610808491706848, "best_2_weight_sim": 0.9514545798301697, "num_feature_traj": 438, "num_feature_timesteps": "392859", "final_test_returns": 4991.8965449438765, "final_test_normalized_returns": 108.70453460159176, "best_return": 4995.265365789177, "best_return_normalized": 108.77791866355508, "convergence_step": "15000", "convergence_iter": "3", "best_step": "15000", "best_iter": "3", "best_5percent_normalized": 108.77791866355508, "best_10percent_normalized": 108.76437620929738, "best_25percent_normalized": 108.56289527693369, "best_50percent_normalized": 108.18750758791366, "best_100percent_normalized": 100.53318243069587, "best_later_half_normalized": 107.56045071345457, "best_last_four_normalized": 107.46722876280651, "target_steps": 15000}