{"final_weight_diff": 0.0014667102368548512, "final_weight_sim": 0.8229550123214722, "final_feature_diff": 2.1684380750451058, "final_feature_sim": 0.3946352379979713, "final_0_weight_diff": 0.0016786754131317139, "final_1_weight_diff": 0.0014115937519818544, "final_2_weight_diff": 0.0013077136827632785, "final_0_weight_sim": 0.7904793620109558, "final_1_weight_sim": 0.8304241895675659, "final_2_weight_sim": 0.7925018072128296, "best_weight_diff": 0.0013432200066745281, "best_weight_sim": 0.8351265788078308, "best_feature_diff": 2.150096327073681, "best_feature_sim": 0.4011523261310586, "best_0_weight_diff": 0.0015514289261773229, "best_1_weight_diff": 0.0012838577385991812, "best_2_weight_diff": 0.0011925935978069901, "best_0_weight_sim": 0.8035634756088257, "best_1_weight_sim": 0.8423451781272888, "best_2_weight_sim": 0.8066775798797607, "num_feature_traj": 321, "num_feature_timesteps": "203500", "final_test_returns": 2248.9730798060045, "final_test_normalized_returns": 69.72484161189973, "best_return": 3564.965140714924, "best_return_normalized": 110.16001826743634, "convergence_step": "55000", "convergence_iter": "11", "best_step": "90000", "best_iter": "18", "best_5percent_normalized": 110.16001826743634, "best_10percent_normalized": 109.54760204510714, "best_25percent_normalized": 108.30819471885843, "best_50percent_normalized": 102.94250086551638, "best_100percent_normalized": 86.3309580544027, "best_later_half_normalized": 91.7217229176571, "best_last_four_normalized": 93.29811552345566, "target_steps": 20000}