{"final_weight_diff": 0.0022225119173526764, "final_weight_sim": 0.7122929692268372, "final_feature_diff": 0.8765749136300255, "final_feature_sim": 0.5577192910022555, "final_0_weight_diff": 0.0026999395340681076, "final_1_weight_diff": 0.0021653638686984777, "final_2_weight_diff": 0.0018033701926469803, "final_0_weight_sim": 0.676981508731842, "final_1_weight_sim": 0.6983770728111267, "final_2_weight_sim": 0.7145026326179504, "best_weight_diff": 0.001719386433251202, "best_weight_sim": 0.7513149976730347, "best_feature_diff": 0.7938125839898538, "best_feature_sim": 0.6036221772297578, "best_0_weight_diff": 0.002096945885568857, "best_1_weight_diff": 0.0016559555660933256, "best_2_weight_diff": 0.0014060165267437696, "best_0_weight_sim": 0.714827299118042, "best_1_weight_sim": 0.7386646866798401, "best_2_weight_sim": 0.753790020942688, "num_feature_traj": 120, "num_feature_timesteps": "106539", "final_test_returns": 3736.1560618265785, "final_test_normalized_returns": 96.5865945789023, "best_return": 4001.669290905702, "best_return_normalized": 102.90037074419666, "convergence_step": "65000", "convergence_iter": "13", "best_step": "65000", "best_iter": "13", "best_5percent_normalized": 102.90037074419666, "best_10percent_normalized": 101.69697128829392, "best_25percent_normalized": 99.3186012534555, "best_50percent_normalized": 94.91539993555162, "best_100percent_normalized": 85.78832118025355, "best_later_half_normalized": 92.78939154328683, "best_last_four_normalized": 91.31550181897653, "target_steps": 15000}