{"final_weight_diff": 0.001687468495219946, "final_weight_sim": 0.7521165609359741, "final_feature_diff": 0.5949853648952856, "final_feature_sim": 0.6974689054789787, "final_0_weight_diff": 0.0020898226648569107, "final_1_weight_diff": 0.0015447682235389948, "final_2_weight_diff": 0.0014277793234214187, "final_0_weight_sim": 0.7166286706924438, "final_1_weight_sim": 0.7405313849449158, "final_2_weight_sim": 0.7491223216056824, "best_weight_diff": 0.0007165136630646884, "best_weight_sim": 0.8603700995445251, "best_feature_diff": 0.37832972219997196, "best_feature_sim": 0.801980463648386, "best_0_weight_diff": 0.0007990305894054472, "best_1_weight_diff": 0.0006657710764557123, "best_2_weight_diff": 0.000684270286001265, "best_0_weight_sim": 0.8378483057022095, "best_1_weight_sim": 0.8524670004844666, "best_2_weight_sim": 0.8493081331253052, "num_feature_traj": 87, "num_feature_timesteps": "41133", "final_test_returns": 1819.549103468028, "final_test_normalized_returns": 56.530359016498416, "best_return": 2210.3111384780077, "best_return_normalized": 68.53691466774794, "convergence_step": "25000", "convergence_iter": "5", "best_step": "25000", "best_iter": "5", "best_5percent_normalized": 68.53691466774794, "best_10percent_normalized": 66.98428737439743, "best_25percent_normalized": 63.74397536808137, "best_50percent_normalized": 61.23633172449629, "best_100percent_normalized": 57.451269897685805, "best_later_half_normalized": 56.63642325558742, "best_last_four_normalized": 57.7548808205848, "target_steps": 10000}