{
    "final_weight_diff": 0.0012431105133146048,
    "final_weight_sim": 0.7666546106338501,
    "final_feature_diff": 0.10233552390756367,
    "final_feature_sim": 0.7702496292053433,
    "final_0_weight_diff": 0.0015110071981325746,
    "final_1_weight_diff": 0.001219558296725154,
    "final_2_weight_diff": 0.0009959120070561767,
    "final_0_weight_sim": 0.7291427850723267,
    "final_1_weight_sim": 0.761949360370636,
    "final_2_weight_sim": 0.7826498746871948,
    "best_weight_diff": 0.0011600138386711478,
    "best_weight_sim": 0.7790719270706177,
    "best_feature_diff": 0.1019662733528491,
    "best_feature_sim": 0.7771122246022476,
    "best_0_weight_diff": 0.001415665028616786,
    "best_1_weight_diff": 0.0011338777840137482,
    "best_2_weight_diff": 0.0009282887913286686,
    "best_0_weight_sim": 0.7432388663291931,
    "best_1_weight_sim": 0.7739424109458923,
    "best_2_weight_sim": 0.7941139340400696,
    "num_feature_traj": 438,
    "num_feature_timesteps": "392859",
    "final_test_returns": 4559.931100161818,
    "final_test_normalized_returns": 99.29489828622896,
    "best_return": 5028.588110677912,
    "best_return_normalized": 109.50379827781636,
    "convergence_step": "10000",
    "convergence_iter": "2",
    "best_step": "90000",
    "best_iter": "18"
}