{
    "final_weight_diff": 0.0014649312943220139,
    "final_weight_sim": 0.7393943667411804,
    "final_feature_diff": 0.27643747773020716,
    "final_feature_sim": 0.6874272268434521,
    "final_0_weight_diff": 0.001515579759143293,
    "final_1_weight_diff": 0.00151540688239038,
    "final_2_weight_diff": 0.0013582195388153195,
    "final_0_weight_sim": 0.725419819355011,
    "final_1_weight_sim": 0.7259141206741333,
    "final_2_weight_sim": 0.7369937300682068,
    "best_weight_diff": 0.0014649312943220139,
    "best_weight_sim": 0.7393943667411804,
    "best_feature_diff": 0.27643747773020716,
    "best_feature_sim": 0.6874272268434521,
    "best_0_weight_diff": 0.001515579759143293,
    "best_1_weight_diff": 0.00151540688239038,
    "best_2_weight_diff": 0.0013582195388153195,
    "best_0_weight_sim": 0.725419819355011,
    "best_1_weight_sim": 0.7259141206741333,
    "best_2_weight_sim": 0.7369937300682068,
    "num_feature_traj": 109,
    "num_feature_timesteps": "31150",
    "final_test_returns": 3725.8301391001633,
    "final_test_normalized_returns": 81.12542017474563,
    "best_return": 3725.8301391001633,
    "best_return_normalized": 81.12542017474563,
    "convergence_step": "100000",
    "convergence_iter": "20",
    "best_step": "100000",
    "best_iter": "20"
}