{"final_weight_diff": 0.001625607255846262, "final_weight_sim": 0.7419542074203491, "final_feature_diff": 0.22794791324653785, "final_feature_sim": 0.7055415175621065, "final_0_weight_diff": 0.001694815349765122, "final_1_weight_diff": 0.0017936078365892172, "final_2_weight_diff": 0.0013830180978402495, "final_0_weight_sim": 0.6968421339988708, "final_1_weight_sim": 0.7346580028533936, "final_2_weight_sim": 0.7748357057571411, "best_weight_diff": 0.0006135928560979664, "best_weight_sim": 0.8902216553688049, "best_feature_diff": 0.17135081549770365, "best_feature_sim": 0.7857945262725461, "best_0_weight_diff": 0.0006750283646397293, "best_1_weight_diff": 0.0006418351549655199, "best_2_weight_diff": 0.000523140886798501, "best_0_weight_sim": 0.856873095035553, "best_1_weight_sim": 0.8879825472831726, "best_2_weight_sim": 0.9103128910064697, "num_feature_traj": 23, "num_feature_timesteps": "19459", "final_test_returns": 3190.305120244838, "final_test_normalized_returns": 69.4599137642761, "best_return": 3542.952376397961, "best_return_normalized": 77.14173754924498, "convergence_step": "25000", "convergence_iter": "5", "best_step": "25000", "best_iter": "5", "best_5percent_normalized": 77.14173754924498, "best_10percent_normalized": 77.10911952250098, "best_25percent_normalized": 75.37680543788302, "best_50percent_normalized": 74.15465209769565, "best_100percent_normalized": 70.88074769603904, "best_later_half_normalized": 70.61588063044901, "best_last_four_normalized": 71.75347411969032, "target_steps": 5000}