{"final_weight_diff": 0.0012987260706722736, "final_weight_sim": 0.7756136655807495, "final_feature_diff": 0.31742553964595055, "final_feature_sim": 0.6993676591611476, "final_0_weight_diff": 0.0017209828365594149, "final_1_weight_diff": 0.0012974831042811275, "final_2_weight_diff": 0.0008719469187781215, "final_0_weight_sim": 0.7384089231491089, "final_1_weight_sim": 0.7751801013946533, "final_2_weight_sim": 0.8054057359695435, "best_weight_diff": 0.0009243941167369485, "best_weight_sim": 0.8291354775428772, "best_feature_diff": 0.27714208384780115, "best_feature_sim": 0.7444537027162996, "best_0_weight_diff": 0.0012585188960656524, "best_1_weight_diff": 0.0009000572026707232, "best_2_weight_diff": 0.000612197385635227, "best_0_weight_sim": 0.794051468372345, "best_1_weight_sim": 0.8296847939491272, "best_2_weight_sim": 0.8562341332435608, "num_feature_traj": 219, "num_feature_timesteps": "197797", "final_test_returns": 4538.184345294033, "final_test_normalized_returns": 98.82118202763228, "best_return": 5008.22312207933, "best_return_normalized": 109.060181459402, "convergence_step": "25000", "convergence_iter": "5", "best_step": "60000", "best_iter": "12", "best_5percent_normalized": 109.060181459402, "best_10percent_normalized": 108.92668617630262, "best_25percent_normalized": 108.7395268473272, "best_50percent_normalized": 108.3954867918309, "best_100percent_normalized": 104.88600065872231, "best_later_half_normalized": 106.68822082517121, "best_last_four_normalized": 105.74799548169959, "target_steps": 10000}