{
    "final_weight_diff": 0.0013757601846009493,
    "final_weight_sim": 0.7729921936988831,
    "final_feature_diff": 0.2083919749114628,
    "final_feature_sim": 0.7658009403975113,
    "final_0_weight_diff": 0.0017712152330204844,
    "final_1_weight_diff": 0.0014242904726415873,
    "final_2_weight_diff": 0.0009279199875891209,
    "final_0_weight_sim": 0.7310019731521606,
    "final_1_weight_sim": 0.7749807834625244,
    "final_2_weight_sim": 0.8073611855506897,
    "best_weight_diff": 0.0011789801064878702,
    "best_weight_sim": 0.8003799915313721,
    "best_feature_diff": 0.2031923629184493,
    "best_feature_sim": 0.7736415211828083,
    "best_0_weight_diff": 0.0015189270488917828,
    "best_1_weight_diff": 0.0012170838890597224,
    "best_2_weight_diff": 0.0007981090457178652,
    "best_0_weight_sim": 0.7624878287315369,
    "best_1_weight_sim": 0.8013104200363159,
    "best_2_weight_sim": 0.8314886093139648,
    "num_feature_traj": 100,
    "num_feature_timesteps": "100000",
    "final_test_returns": 5099.434989594392,
    "final_test_normalized_returns": 43.33094160752684,
    "best_return": 5137.411601624674,
    "best_return_normalized": 43.636830166798106,
    "convergence_step": "5000",
    "convergence_iter": "1",
    "best_step": "80000",
    "best_iter": "16"
}