{
    "final_weight_diff": 0.0026473654434084892,
    "final_weight_sim": 0.6843683123588562,
    "final_feature_diff": 0.27450940427721665,
    "final_feature_sim": 0.599496124830534,
    "final_0_weight_diff": 0.0028107494581490755,
    "final_1_weight_diff": 0.00224537355825305,
    "final_2_weight_diff": 0.00287624797783792,
    "final_0_weight_sim": 0.6524580717086792,
    "final_1_weight_sim": 0.665643036365509,
    "final_2_weight_sim": 0.6833648085594177,
    "best_weight_diff": 0.0019896221347153187,
    "best_weight_sim": 0.7501079440116882,
    "best_feature_diff": 0.2579499906297866,
    "best_feature_sim": 0.6364735277031108,
    "best_0_weight_diff": 0.0022363767493516207,
    "best_1_weight_diff": 0.0016708176117390394,
    "best_2_weight_diff": 0.00205842568539083,
    "best_0_weight_sim": 0.7152420878410339,
    "best_1_weight_sim": 0.733631432056427,
    "best_2_weight_sim": 0.7548611164093018,
    "num_feature_traj": 109,
    "num_feature_timesteps": "31150",
    "final_test_returns": 2974.4484596840816,
    "final_test_normalized_returns": 64.75784165026657,
    "best_return": 3478.5257919447613,
    "best_return_normalized": 75.73831341875352,
    "convergence_step": "65000",
    "convergence_iter": "13",
    "best_step": "65000",
    "best_iter": "13"
}