{"final_weight_diff": 0.0013910633279010653, "final_weight_sim": 0.7668547630310059, "final_feature_diff": 0.2598320384152808, "final_feature_sim": 0.7540629107605766, "final_0_weight_diff": 0.0016979582142084837, "final_1_weight_diff": 0.0014529817271977663, "final_2_weight_diff": 0.0010172405745834112, "final_0_weight_sim": 0.7328715324401855, "final_1_weight_sim": 0.765409529209137, "final_2_weight_sim": 0.7879951000213623, "best_weight_diff": 0.0006892495439387858, "best_weight_sim": 0.8681055307388306, "best_feature_diff": 0.19342060562602892, "best_feature_sim": 0.8243945944589729, "best_0_weight_diff": 0.0008708240929991007, "best_1_weight_diff": 0.0006927929352968931, "best_2_weight_diff": 0.0005032172193750739, "best_0_weight_sim": 0.8408550024032593, "best_1_weight_sim": 0.8671038150787354, "best_2_weight_sim": 0.8845946192741394, "num_feature_traj": 175, "num_feature_timesteps": "161070", "final_test_returns": 4979.781485674616, "final_test_normalized_returns": 108.44062853447494, "best_return": 5019.462961875081, "best_return_normalized": 109.3050223511875, "convergence_step": "20000", "convergence_iter": "4", "best_step": "35000", "best_iter": "7", "best_5percent_normalized": 109.3050223511875, "best_10percent_normalized": 109.14668891329706, "best_25percent_normalized": 108.75709932880054, "best_50percent_normalized": 108.32227840837592, "best_100percent_normalized": 98.41219754173925, "best_later_half_normalized": 104.62897238495425, "best_last_four_normalized": 108.4630476831037, "target_steps": 20000}