{"final_weight_diff": 0.0010899656917899847, "final_weight_sim": 0.7915587425231934, "final_feature_diff": 0.43856982155806634, "final_feature_sim": 0.7092649252965106, "final_0_weight_diff": 0.0013607358559966087, "final_1_weight_diff": 0.0011579989222809672, "final_2_weight_diff": 0.0007471313001587987, "final_0_weight_sim": 0.7552163004875183, "final_1_weight_sim": 0.7783056497573853, "final_2_weight_sim": 0.8174312114715576, "best_weight_diff": 0.0004086622502654791, "best_weight_sim": 0.9079278111457825, "best_feature_diff": 0.26602191876353476, "best_feature_sim": 0.8322592680391389, "best_0_weight_diff": 0.0005350166466087103, "best_1_weight_diff": 0.0004019946791231632, "best_2_weight_diff": 0.0002887966693378985, "best_0_weight_sim": 0.8795846700668335, "best_1_weight_sim": 0.903891384601593, "best_2_weight_sim": 0.922650933265686, "num_feature_traj": 200, "num_feature_timesteps": "200000", "final_test_returns": 4960.034148487833, "final_test_normalized_returns": 42.20811573740215, "best_return": 9365.39208659266, "best_return_normalized": 77.69176003106992, "convergence_step": "25000", "convergence_iter": "5", "best_step": "25000", "best_iter": "5", "best_5percent_normalized": 77.69176003106992, "best_10percent_normalized": 71.37568918335815, "best_25percent_normalized": 59.72317657075926, "best_50percent_normalized": 51.50592685237943, "best_100percent_normalized": 46.53457866253607, "best_later_half_normalized": 42.54451096528444, "best_last_four_normalized": 42.57867643885481}