{
    "final_weight_diff": 0.0011123239528387785,
    "final_weight_sim": 0.784409761428833,
    "final_feature_diff": 0.28571766061983106,
    "final_feature_sim": 0.7059524616921699,
    "final_0_weight_diff": 0.001181095722131431,
    "final_1_weight_diff": 0.0012559815077111125,
    "final_2_weight_diff": 0.0008979143458418548,
    "final_0_weight_sim": 0.7646535038948059,
    "final_1_weight_sim": 0.759895384311676,
    "final_2_weight_sim": 0.792588472366333,
    "best_weight_diff": 0.0007667229510843754,
    "best_weight_sim": 0.8370108604431152,
    "best_feature_diff": 0.23747152517204254,
    "best_feature_sim": 0.7553167016330401,
    "best_0_weight_diff": 0.0008453319896943867,
    "best_1_weight_diff": 0.000844953116029501,
    "best_2_weight_diff": 0.0006093287374824286,
    "best_0_weight_sim": 0.817015528678894,
    "best_1_weight_sim": 0.8163066506385803,
    "best_2_weight_sim": 0.8455209136009216,
    "num_feature_traj": 204,
    "num_feature_timesteps": "37349",
    "final_test_returns": 2064.157090787812,
    "final_test_normalized_returns": 64.04618488842611,
    "best_return": 2615.720554071206,
    "best_return_normalized": 80.99352578590833,
    "convergence_step": "65000",
    "convergence_iter": "13",
    "best_step": "65000",
    "best_iter": "13"
}