{"final_weight_diff": 0.0017392868176102638, "final_weight_sim": 0.7458470463752747, "final_feature_diff": 0.6425597251240612, "final_feature_sim": 0.6829646972197325, "final_0_weight_diff": 0.0020697209984064102, "final_1_weight_diff": 0.0016780999721959233, "final_2_weight_diff": 0.0014696676516905427, "final_0_weight_sim": 0.7112800478935242, "final_1_weight_sim": 0.7306236028671265, "final_2_weight_sim": 0.7419296503067017, "best_weight_diff": 0.0016217981465160847, "best_weight_sim": 0.7561806440353394, "best_feature_diff": 0.6188821814160989, "best_feature_sim": 0.6946532112303654, "best_0_weight_diff": 0.0019253664650022984, "best_1_weight_diff": 0.0015519793378189206, "best_2_weight_diff": 0.0013875605072826147, "best_0_weight_sim": 0.7216790914535522, "best_1_weight_sim": 0.7420884370803833, "best_2_weight_sim": 0.7512664794921875, "num_feature_traj": 257, "num_feature_timesteps": "163679", "final_test_returns": 2524.6580590887083, "final_test_normalized_returns": 78.1955392473208, "best_return": 3488.673480364425, "best_return_normalized": 107.81588044529325, "convergence_step": "90000", "convergence_iter": "18", "best_step": "90000", "best_iter": "18", "best_5percent_normalized": 107.81588044529325, "best_10percent_normalized": 106.5273466609805, "best_25percent_normalized": 103.1116288311443, "best_50percent_normalized": 96.8869776312293, "best_100percent_normalized": 69.37207150833423, "best_later_half_normalized": 82.84381815670767, "best_last_four_normalized": 95.39734007271858, "target_steps": 25000}