{"final_weight_diff": 0.0014592506922781467, "final_weight_sim": 0.7905006408691406, "final_feature_diff": 0.13846059473117117, "final_feature_sim": 0.7899000936662539, "final_0_weight_diff": 0.0018213052535429597, "final_1_weight_diff": 0.0014873093459755182, "final_2_weight_diff": 0.001067338278517127, "final_0_weight_sim": 0.7664781808853149, "final_1_weight_sim": 0.7937084436416626, "final_2_weight_sim": 0.8079144954681396, "best_weight_diff": 0.001174842705950141, "best_weight_sim": 0.8251016139984131, "best_feature_diff": 0.13134367665618857, "best_feature_sim": 0.8020216555456703, "best_0_weight_diff": 0.0014763327781111002, "best_1_weight_diff": 0.001185679342597723, "best_2_weight_diff": 0.0008613897953182459, "best_0_weight_sim": 0.8046634793281555, "best_1_weight_sim": 0.8270262479782104, "best_2_weight_sim": 0.8402236104011536, "num_feature_traj": 218, "num_feature_timesteps": "100692", "final_test_returns": 1929.7899734148457, "final_test_normalized_returns": 59.91762037116104, "best_return": 2123.274627953529, "best_return_normalized": 65.86263054166588, "convergence_step": "75000", "convergence_iter": "15", "best_step": "75000", "best_iter": "15", "best_5percent_normalized": 65.86263054166588, "best_10percent_normalized": 64.26495540050593, "best_25percent_normalized": 62.511378634563656, "best_50percent_normalized": 60.922426747640955, "best_100percent_normalized": 55.82935455360523, "best_later_half_normalized": 58.56604420684289, "best_last_four_normalized": 56.2500449858821, "target_steps": 15000}