{"final_weight_diff": 0.0010195187060162425, "final_weight_sim": 0.7885967493057251, "final_feature_diff": 0.3239385600592033, "final_feature_sim": 0.7139006912142832, "final_0_weight_diff": 0.001139555824920535, "final_1_weight_diff": 0.0011472383048385382, "final_2_weight_diff": 0.0007707485929131508, "final_0_weight_sim": 0.7611520290374756, "final_1_weight_sim": 0.7569345235824585, "final_2_weight_sim": 0.8143162727355957, "best_weight_diff": 0.0004421477497089654, "best_weight_sim": 0.8945204019546509, "best_feature_diff": 0.2479356820372752, "best_feature_sim": 0.7875270151321275, "best_0_weight_diff": 0.00047932573943398893, "best_1_weight_diff": 0.000496296735946089, "best_2_weight_diff": 0.0003507438814267516, "best_0_weight_sim": 0.8810900449752808, "best_1_weight_sim": 0.8724542260169983, "best_2_weight_sim": 0.9073532223701477, "num_feature_traj": 218, "num_feature_timesteps": "100692", "final_test_returns": 1960.2145852517435, "final_test_normalized_returns": 60.852447100625824, "best_return": 2225.3990433086774, "best_return_normalized": 69.00050568422314, "convergence_step": "35000", "convergence_iter": "7", "best_step": "35000", "best_iter": "7", "best_5percent_normalized": 69.00050568422314, "best_10percent_normalized": 68.6222742643263, "best_25percent_normalized": 64.6960708804596, "best_50percent_normalized": 59.982226256921, "best_100percent_normalized": 54.37356072637302, "best_later_half_normalized": 54.22030052188363, "best_last_four_normalized": 58.8923621396442, "target_steps": 5000}