{"final_weight_diff": 0.0010338915744796395, "final_weight_sim": 0.8024494647979736, "final_feature_diff": 0.8602213316902002, "final_feature_sim": 0.5049176049358128, "final_0_weight_diff": 0.0012300291564315557, "final_1_weight_diff": 0.0010482915677130222, "final_2_weight_diff": 0.0008214553818106651, "final_0_weight_sim": 0.7681625485420227, "final_1_weight_sim": 0.7871045470237732, "final_2_weight_sim": 0.8099443316459656, "best_weight_diff": 0.00047029461711645126, "best_weight_sim": 0.8947651386260986, "best_feature_diff": 0.5356750191024283, "best_feature_sim": 0.6867553664855658, "best_0_weight_diff": 0.0005915118963457644, "best_1_weight_diff": 0.0004349403316155076, "best_2_weight_diff": 0.0003843550803139806, "best_0_weight_sim": 0.8668203949928284, "best_1_weight_sim": 0.8907632827758789, "best_2_weight_sim": 0.8975614309310913, "num_feature_traj": 204, "num_feature_timesteps": "37349", "final_test_returns": 1464.0091940551172, "final_test_normalized_returns": 45.60603851924921, "best_return": 2434.5475334589382, "best_return_normalized": 75.426802922387, "convergence_step": "40000", "convergence_iter": "8", "best_step": "40000", "best_iter": "8", "best_5percent_normalized": 75.426802922387, "best_10percent_normalized": 75.11135110282551, "best_25percent_normalized": 68.51741862879081, "best_50percent_normalized": 59.20085098944704, "best_100percent_normalized": 42.09782116075854, "best_later_half_normalized": 43.01449549495752, "best_last_four_normalized": 40.33770639128994, "target_steps": 15000}