{"final_weight_diff": 0.0013145039556548, "final_weight_sim": 0.7645059823989868, "final_feature_diff": 0.2944740457328389, "final_feature_sim": 0.7083300164833588, "final_0_weight_diff": 0.0014108306495472789, "final_1_weight_diff": 0.0014542045537382364, "final_2_weight_diff": 0.001072823884896934, "final_0_weight_sim": 0.7426620721817017, "final_1_weight_sim": 0.7436597347259521, "final_2_weight_sim": 0.7752161622047424, "best_weight_diff": 0.0011079109972342849, "best_weight_sim": 0.7921266555786133, "best_feature_diff": 0.27286672538564516, "best_feature_sim": 0.7308048331766613, "best_0_weight_diff": 0.0011993199586868286, "best_1_weight_diff": 0.00123825971968472, "best_2_weight_diff": 0.0008830108563415706, "best_0_weight_sim": 0.7711904644966125, "best_1_weight_sim": 0.7697070837020874, "best_2_weight_sim": 0.8040565252304077, "num_feature_traj": 109, "num_feature_timesteps": "31150", "final_test_returns": 1843.276444039043, "final_test_normalized_returns": 40.117173268317785, "best_return": 3085.554090052872, "best_return_normalized": 67.178089813605, "convergence_step": "75000", "convergence_iter": "15", "best_step": "80000", "best_iter": "16", "best_5percent_normalized": 67.178089813605, "best_10percent_normalized": 66.45007354598972, "best_25percent_normalized": 64.39414750214685, "best_50percent_normalized": 60.15586245512246, "best_100percent_normalized": 46.333638679914635, "best_later_half_normalized": 55.4340607210563, "best_last_four_normalized": 48.77341570525125, "target_steps": 30000}