{"final_weight_diff": 0.0012536970898509026, "final_weight_sim": 0.7680879831314087, "final_feature_diff": 0.10105657255691652, "final_feature_sim": 0.7795380719509795, "final_0_weight_diff": 0.0015737954527139664, "final_1_weight_diff": 0.0011953853536397219, "final_2_weight_diff": 0.0009893288370221853, "final_0_weight_sim": 0.7294158935546875, "final_1_weight_sim": 0.7654540538787842, "final_2_weight_sim": 0.7843416333198547, "best_weight_diff": 0.0007067504338920116, "best_weight_sim": 0.8531752824783325, "best_feature_diff": 0.1118190756374678, "best_feature_sim": 0.838935025593809, "best_0_weight_diff": 0.0009082413744181395, "best_1_weight_diff": 0.0006468620267696679, "best_2_weight_diff": 0.0005650000530295074, "best_0_weight_sim": 0.825695812702179, "best_1_weight_sim": 0.8509491682052612, "best_2_weight_sim": 0.8617212176322937, "num_feature_traj": 219, "num_feature_timesteps": "197797", "final_test_returns": 4602.9622908130605, "final_test_normalized_returns": 100.23225996442876, "best_return": 4976.69992475212, "best_return_normalized": 108.37350194387705, "convergence_step": "30000", "convergence_iter": "6", "best_step": "40000", "best_iter": "8", "best_5percent_normalized": 108.37350194387705, "best_10percent_normalized": 108.2958155898734, "best_25percent_normalized": 108.12168242488137, "best_50percent_normalized": 107.76362866082279, "best_100percent_normalized": 99.21788434015959, "best_later_half_normalized": 106.0600264870998, "best_last_four_normalized": 105.26753245653647}