{
    "final_weight_diff": 0.0021925128530710936,
    "final_weight_sim": 0.7217134237289429,
    "final_feature_diff": 0.20661163170004967,
    "final_feature_sim": 0.7177250053257136,
    "final_0_weight_diff": 0.002516254084184766,
    "final_1_weight_diff": 0.0018277877243235707,
    "final_2_weight_diff": 0.002229793230071664,
    "final_0_weight_sim": 0.6833202838897705,
    "final_1_weight_sim": 0.7039663195610046,
    "final_2_weight_sim": 0.7260627150535583,
    "best_weight_diff": 0.001435775076970458,
    "best_weight_sim": 0.8026807308197021,
    "best_feature_diff": 0.18493166213490034,
    "best_feature_sim": 0.7576040245734627,
    "best_0_weight_diff": 0.0017522737616673112,
    "best_1_weight_diff": 0.0011825266992673278,
    "best_2_weight_diff": 0.0013714799424633384,
    "best_0_weight_sim": 0.7651482820510864,
    "best_1_weight_sim": 0.7877070307731628,
    "best_2_weight_sim": 0.8137078285217285,
    "num_feature_traj": 219,
    "num_feature_timesteps": "197797",
    "final_test_returns": 4985.116222968931,
    "final_test_normalized_returns": 108.55683675988712,
    "best_return": 4997.851575774263,
    "best_return_normalized": 108.83425487213096,
    "convergence_step": "20000",
    "convergence_iter": "4",
    "best_step": "50000",
    "best_iter": "10"
}