{"final_weight_diff": 0.002644345397129655, "final_weight_sim": 0.690615713596344, "final_feature_diff": 0.606303598681293, "final_feature_sim": 0.7126140481233159, "final_0_weight_diff": 0.002685870975255966, "final_1_weight_diff": 0.0026260444428771734, "final_2_weight_diff": 0.0026189968921244144, "final_0_weight_sim": 0.6727517247200012, "final_1_weight_sim": 0.6677476763725281, "final_2_weight_sim": 0.6717941164970398, "best_weight_diff": 0.0025820238515734673, "best_weight_sim": 0.6945621967315674, "best_feature_diff": 0.5972271623270987, "best_feature_sim": 0.7179597730672215, "best_0_weight_diff": 0.002627857029438019, "best_1_weight_diff": 0.0025597563944756985, "best_2_weight_diff": 0.002556102117523551, "best_0_weight_sim": 0.6764850616455078, "best_1_weight_sim": 0.6717702746391296, "best_2_weight_sim": 0.6756702065467834, "num_feature_traj": 20, "num_feature_timesteps": "20000", "final_test_returns": 4591.864363602836, "final_test_normalized_returns": 39.2426346414085, "best_return": 4689.152649343586, "best_return_normalized": 40.02625835000789, "convergence_step": "30000", "convergence_iter": "6", "best_step": "115000", "best_iter": "23", "best_5percent_normalized": 40.02625835000789, "best_10percent_normalized": 39.92798421989541, "best_25percent_normalized": 39.64704337091829, "best_50percent_normalized": 39.39583713489302, "best_100percent_normalized": 36.77414457742381, "best_later_half_normalized": 38.56814607321069, "best_last_four_normalized": 37.492668729549266, "target_steps": 25000}