{
    "final_weight_diff": 0.001284996047616005,
    "final_weight_sim": 0.7772600054740906,
    "final_feature_diff": 0.35531903513466323,
    "final_feature_sim": 0.6596563030979323,
    "final_0_weight_diff": 0.0015457358676940203,
    "final_1_weight_diff": 0.0013494067825376987,
    "final_2_weight_diff": 0.000957451353315264,
    "final_0_weight_sim": 0.7393885850906372,
    "final_1_weight_sim": 0.7748033404350281,
    "final_2_weight_sim": 0.7993732690811157,
    "best_weight_diff": 0.0008259970345534384,
    "best_weight_sim": 0.8445186614990234,
    "best_feature_diff": 0.301125473434533,
    "best_feature_sim": 0.7189853539624987,
    "best_0_weight_diff": 0.001042814226821065,
    "best_1_weight_diff": 0.0008375128381885588,
    "best_2_weight_diff": 0.0005969675839878619,
    "best_0_weight_sim": 0.8108859658241272,
    "best_1_weight_sim": 0.8429023027420044,
    "best_2_weight_sim": 0.8655368089675903,
    "num_feature_traj": 64,
    "num_feature_timesteps": "41579",
    "final_test_returns": 3250.4825808515284,
    "final_test_normalized_returns": 100.49722603571188,
    "best_return": 3612.8480404117554,
    "best_return_normalized": 111.63126841060472,
    "convergence_step": "55000",
    "convergence_iter": "11",
    "best_step": "55000",
    "best_iter": "11"
}