{"final_weight_diff": 0.001527245040051639, "final_weight_sim": 0.7162548899650574, "final_feature_diff": 0.29911412592179903, "final_feature_sim": 0.6475694688035877, "final_0_weight_diff": 0.00173673452809453, "final_1_weight_diff": 0.00149638787843287, "final_2_weight_diff": 0.001342693343758583, "final_0_weight_sim": 0.6862558722496033, "final_1_weight_sim": 0.7168511152267456, "final_2_weight_sim": 0.7120711207389832, "best_weight_diff": 0.0012887769844383001, "best_weight_sim": 0.7501789331436157, "best_feature_diff": 0.28504948008072656, "best_feature_sim": 0.6679824939712077, "best_0_weight_diff": 0.0015012151561677456, "best_1_weight_diff": 0.0012577506713569164, "best_2_weight_diff": 0.0011040270328521729, "best_0_weight_sim": 0.7211829423904419, "best_1_weight_sim": 0.7483184337615967, "best_2_weight_sim": 0.7492873072624207, "num_feature_traj": 22, "num_feature_timesteps": "18940", "final_test_returns": 4670.221078452237, "final_test_normalized_returns": 118.79820889002536, "best_return": 5349.227021149356, "best_return_normalized": 134.9446417889177, "convergence_step": "75000", "convergence_iter": "15", "best_step": "75000", "best_iter": "15", "best_5percent_normalized": 134.9446417889177, "best_10percent_normalized": 134.20888731200859, "best_25percent_normalized": 129.58798400738561, "best_50percent_normalized": 122.22682821585268, "best_100percent_normalized": 110.28853529316488, "best_later_half_normalized": 118.85100350244336, "best_last_four_normalized": 120.84788754973006, "target_steps": 5000}