{
    "final_weight_diff": 0.0008809877908788621,
    "final_weight_sim": 0.8178930878639221,
    "final_feature_diff": 0.5075960163860224,
    "final_feature_sim": 0.7271222294472077,
    "final_0_weight_diff": 0.0012204002123326063,
    "final_1_weight_diff": 0.0008211133535951376,
    "final_2_weight_diff": 0.0005981315625831485,
    "final_0_weight_sim": 0.7637938857078552,
    "final_1_weight_sim": 0.8141260147094727,
    "final_2_weight_sim": 0.8448069095611572,
    "best_weight_diff": 0.0008809877908788621,
    "best_weight_sim": 0.8178930878639221,
    "best_feature_diff": 0.5075960163860224,
    "best_feature_sim": 0.7271222294472077,
    "best_0_weight_diff": 0.0012204002123326063,
    "best_1_weight_diff": 0.0008211133535951376,
    "best_2_weight_diff": 0.0005981315625831485,
    "best_0_weight_sim": 0.7637938857078552,
    "best_1_weight_sim": 0.8141260147094727,
    "best_2_weight_sim": 0.8448069095611572,
    "num_feature_traj": 100,
    "num_feature_timesteps": "100000",
    "final_test_returns": 5091.366614286945,
    "final_test_normalized_returns": 43.26595361711613,
    "best_return": 5091.366614286945,
    "best_return_normalized": 43.26595361711613,
    "convergence_step": "20000",
    "convergence_iter": "4",
    "best_step": "100000",
    "best_iter": "20"
}