{"final_weight_diff": 0.0011559748090803623, "final_weight_sim": 0.784234881401062, "final_feature_diff": 0.7944520493302555, "final_feature_sim": 0.48887544644896125, "final_0_weight_diff": 0.0012985111679881811, "final_1_weight_diff": 0.0012247548438608646, "final_2_weight_diff": 0.0009423212031833827, "final_0_weight_sim": 0.757054328918457, "final_1_weight_sim": 0.767359733581543, "final_2_weight_sim": 0.7899436950683594, "best_weight_diff": 0.0011559748090803623, "best_weight_sim": 0.784234881401062, "best_feature_diff": 0.7944520493302555, "best_feature_sim": 0.48887544644896125, "best_0_weight_diff": 0.0012985111679881811, "best_1_weight_diff": 0.0012247548438608646, "best_2_weight_diff": 0.0009423212031833827, "best_0_weight_sim": 0.757054328918457, "best_1_weight_sim": 0.767359733581543, "best_2_weight_sim": 0.7899436950683594, "num_feature_traj": 204, "num_feature_timesteps": "37349", "final_test_returns": 2924.2062525227598, "final_test_normalized_returns": 90.47205843296692, "best_return": 2924.2062525227598, "best_return_normalized": 90.47205843296692, "convergence_step": "100000", "convergence_iter": "20", "best_step": "100000", "best_iter": "20", "best_5percent_normalized": 90.47205843296692, "best_10percent_normalized": 82.09587731840367, "best_25percent_normalized": 72.52604714513943, "best_50percent_normalized": 61.15379251139392, "best_100percent_normalized": 43.81327321664814, "best_later_half_normalized": 58.3044973890748, "best_last_four_normalized": 69.58569588290152, "target_steps": 55000}