current_itr_train_time	current_itr_train_loss_mean	current_itr_train_loss_std	current_itr_eval_2000_return_mean	current_itr_eval_2000_return_std	current_itr_eval_2000_length_mean	current_itr_eval_2000_length_std	current_itr_eval_5000_return_mean	current_itr_eval_5000_return_std	current_itr_eval_5000_length_mean	current_itr_eval_5000_length_std	TestEpRet	TestEpNormRet	Iteration	Steps	total_time	current_eval_time
944.3711557388306	0.10960682316832245	0.15572374068642642	3136.156615185557	2154.54921804426	974.0	52.841271748511126	3943.1551513598197	1602.289642748584	832.3	336.7159188396058	3943.1551513598197	101.5089328076432	1	5000	1116.1724424362183	171.79990148544312
941.3147830963135	0.030135300828889013	0.0035361296797637365	3715.4358492844804	1503.9496102519665	812.5	315.20540921754497	4166.056041435457	1283.7473300868833	908.8	241.22926853928817	4166.056041435457	106.80940816197315	2	10000	2213.9405517578125	156.43402767181396
940.1156358718872	0.02594688344113529	0.0025885212373332935	3988.438557174338	460.58039980384694	966.0	102.0	3218.5258413665456	1537.7479777992855	814.6	371.2099675385886	3218.5258413665456	84.277598301347	3	15000	3306.3125338554382	152.2201988697052
937.4961988925934	0.02426938803009689	0.0023709373600261613	2746.924935279597	1261.6546318312649	715.7	323.90864452805204	3509.7955517052433	682.0404416767184	914.4	176.83223688004404	3509.7955517052433	91.20385113321863	4	20000	4376.834306716919	132.97691535949707
