{"final_weight_diff": 0.029841406270861626, "final_weight_sim": 0.3450905382633209, "final_feature_diff": 14.265588650711006, "final_feature_sim": 0.06165013971676216, "final_0_weight_diff": 0.014932104386389256, "final_1_weight_diff": 0.03136327862739563, "final_2_weight_diff": 0.04220137000083923, "final_0_weight_sim": 0.29849526286125183, "final_1_weight_sim": 0.2836079001426697, "final_2_weight_sim": 0.28863197565078735, "best_weight_diff": 0.029714591801166534, "best_weight_sim": 0.3462498188018799, "best_feature_diff": 14.307205001259245, "best_feature_sim": 0.061262150071898155, "best_0_weight_diff": 0.014867101795971394, "best_1_weight_diff": 0.031192908063530922, "best_2_weight_diff": 0.04205642268061638, "best_0_weight_sim": 0.29988887906074524, "best_1_weight_sim": 0.2852046489715576, "best_2_weight_sim": 0.2893404960632324, "num_feature_traj": 218, "num_feature_timesteps": "100692", "final_test_returns": 2181.721717304782, "final_test_normalized_returns": 67.65847601301893, "best_return": 2262.769098618211, "best_return_normalized": 70.1487381340637, "convergence_step": "5000", "convergence_iter": "1", "best_step": "95000", "best_iter": "19", "best_5percent_normalized": 70.1487381340637, "best_10percent_normalized": 69.72271431982435, "best_25percent_normalized": 67.01234084255594, "best_50percent_normalized": 64.9392380537478, "best_100percent_normalized": 57.150309989686036, "best_later_half_normalized": 61.36967474839927, "best_last_four_normalized": 66.30010532306554, "target_steps": 30000}