{"final_weight_diff": 0.0015626989770680666, "final_weight_sim": 0.7421075105667114, "final_feature_diff": 0.4685131354386776, "final_feature_sim": 0.5476250422098983, "final_0_weight_diff": 0.002007176401093602, "final_1_weight_diff": 0.0016070351703092456, "final_2_weight_diff": 0.0010651072952896357, "final_0_weight_sim": 0.7058543562889099, "final_1_weight_sim": 0.7411211729049683, "final_2_weight_sim": 0.7708238959312439, "best_weight_diff": 0.0015626989770680666, "best_weight_sim": 0.7421075105667114, "best_feature_diff": 0.4685131354386776, "best_feature_sim": 0.5476250422098983, "best_0_weight_diff": 0.002007176401093602, "best_1_weight_diff": 0.0016070351703092456, "best_2_weight_diff": 0.0010651072952896357, "best_0_weight_sim": 0.7058543562889099, "best_1_weight_sim": 0.7411211729049683, "best_2_weight_sim": 0.7708238959312439, "num_feature_traj": 223, "num_feature_timesteps": "196344", "final_test_returns": 5322.640984780986, "final_test_normalized_returns": 134.31243870308862, "best_return": 5322.640984780986, "best_return_normalized": 134.31243870308862, "convergence_step": "95000", "convergence_iter": "19", "best_step": "100000", "best_iter": "20", "best_5percent_normalized": 134.31243870308862, "best_10percent_normalized": 134.25577328138286, "best_25percent_normalized": 132.31073826055726, "best_50percent_normalized": 128.94006614822158, "best_100percent_normalized": 116.39172530314093, "best_later_half_normalized": 123.29534408034161, "best_last_four_normalized": 125.9898353585623}