{"final_weight_diff": 0.0011348407715559006, "final_weight_sim": 0.7766284346580505, "final_feature_diff": 0.10428105600600682, "final_feature_sim": 0.7336265434930656, "final_0_weight_diff": 0.0016083655646070838, "final_1_weight_diff": 0.0009476115228608251, "final_2_weight_diff": 0.0008469728636555374, "final_0_weight_sim": 0.7164106965065002, "final_1_weight_sim": 0.7898945212364197, "final_2_weight_sim": 0.8027651309967041, "best_weight_diff": 0.0007690100464969873, "best_weight_sim": 0.8383114337921143, "best_feature_diff": 0.11092770830599388, "best_feature_sim": 0.7735484096497175, "best_0_weight_diff": 0.0010748202912509441, "best_1_weight_diff": 0.0006420593126676977, "best_2_weight_diff": 0.0005897728842683136, "best_0_weight_sim": 0.7954134941101074, "best_1_weight_sim": 0.8465832471847534, "best_2_weight_sim": 0.8535094857215881, "num_feature_traj": 100, "num_feature_timesteps": "100000", "final_test_returns": 5018.496684150295, "final_test_normalized_returns": 42.67901137155919, "best_return": 5073.170769365139, "best_return_normalized": 43.11939233925868, "convergence_step": "5000", "convergence_iter": "1", "best_step": "55000", "best_iter": "11", "best_5percent_normalized": 43.11939233925868, "best_10percent_normalized": 43.11698881935305, "best_25percent_normalized": 43.00441133374353, "best_50percent_normalized": 42.83410502679996, "best_100percent_normalized": 42.44097108879896, "best_later_half_normalized": 42.63279071119769, "best_last_four_normalized": 42.618735065408224}