{"final_weight_diff": 0.0020598340779542923, "final_weight_sim": 0.6988580226898193, "final_feature_diff": 0.29412813558973155, "final_feature_sim": 0.5858075745004941, "final_0_weight_diff": 0.002004279289394617, "final_1_weight_diff": 0.002093423390761018, "final_2_weight_diff": 0.002067454857751727, "final_0_weight_sim": 0.6634632349014282, "final_1_weight_sim": 0.699320912361145, "final_2_weight_sim": 0.7128412127494812, "best_weight_diff": 0.001995447790250182, "best_weight_sim": 0.7062686681747437, "best_feature_diff": 0.2938909674399847, "best_feature_sim": 0.5860193124358065, "best_0_weight_diff": 0.0019523886730894446, "best_1_weight_diff": 0.002029349096119404, "best_2_weight_diff": 0.0019912889692932367, "best_0_weight_sim": 0.6705735921859741, "best_1_weight_sim": 0.706551194190979, "best_2_weight_sim": 0.7208191752433777, "num_feature_traj": 48, "num_feature_timesteps": "28017", "final_test_returns": 3422.1871546866123, "final_test_normalized_returns": 89.12056582613873, "best_return": 3773.861713018544, "best_return_normalized": 97.48321672695272, "convergence_step": "90000", "convergence_iter": "18", "best_step": "95000", "best_iter": "19", "best_5percent_normalized": 97.48321672695272, "best_10percent_normalized": 96.73507726543676, "best_25percent_normalized": 95.22196783050865, "best_50percent_normalized": 93.41520899142984, "best_100percent_normalized": 88.03266911118922, "best_later_half_normalized": 89.80085231434185, "best_last_four_normalized": 93.95819939891642, "target_steps": 5000}