{
    "final_weight_diff": 0.0005653338157571852,
    "final_weight_sim": 0.891974151134491,
    "final_feature_diff": 3.144519407831836,
    "final_feature_sim": 0.10569244614407027,
    "final_0_weight_diff": 0.0005525402957573533,
    "final_1_weight_diff": 0.0005601381417363882,
    "final_2_weight_diff": 0.0007960278890095651,
    "final_3_weight_diff": 0.0008859895751811564,
    "final_4_weight_diff": 0.000902668631169945,
    "final_5_weight_diff": 0.0008558135596103966,
    "final_6_weight_diff": 0.0007316019618883729,
    "final_7_weight_diff": 0.0005670948885381222,
    "final_8_weight_diff": 0.00024064324679784477,
    "final_9_weight_diff": 0.00019608211005106568,
    "final_10_weight_diff": 0.0003184619126841426,
    "final_11_weight_diff": 0.00017658076831139624,
    "final_0_weight_sim": 0.8292566537857056,
    "final_1_weight_sim": 0.8667638301849365,
    "final_2_weight_sim": 0.837296724319458,
    "final_3_weight_sim": 0.8291594982147217,
    "final_4_weight_sim": 0.83548903465271,
    "final_5_weight_sim": 0.8440446853637695,
    "final_6_weight_sim": 0.8668299913406372,
    "final_7_weight_sim": 0.8959448337554932,
    "final_8_weight_sim": 0.9546341300010681,
    "final_9_weight_sim": 0.9644777774810791,
    "final_10_weight_sim": 0.9461853504180908,
    "final_11_weight_sim": 0.9695422053337097,
    "best_weight_diff": 0.00012871884973719716,
    "best_weight_sim": 0.9727016687393188,
    "best_feature_diff": 3.148406997659788,
    "best_feature_sim": 0.10136600020829262,
    "best_0_weight_diff": 0.0001400719629600644,
    "best_1_weight_diff": 0.00014463518164120615,
    "best_2_weight_diff": 0.0001995330530917272,
    "best_3_weight_diff": 0.00022202830587048084,
    "best_4_weight_diff": 0.00020311606931500137,
    "best_5_weight_diff": 0.00015587679808959365,
    "best_6_weight_diff": 0.00010228382598143071,
    "best_7_weight_diff": 6.985259824432433e-05,
    "best_8_weight_diff": 5.533288640435785e-05,
    "best_9_weight_diff": 5.965714808553457e-05,
    "best_10_weight_diff": 0.00011634167458396405,
    "best_11_weight_diff": 7.578634540550411e-05,
    "best_0_weight_sim": 0.9480327367782593,
    "best_1_weight_sim": 0.9618445634841919,
    "best_2_weight_sim": 0.9526283740997314,
    "best_3_weight_sim": 0.9498311281204224,
    "best_4_weight_sim": 0.956810474395752,
    "best_5_weight_sim": 0.9666024446487427,
    "best_6_weight_sim": 0.9786158800125122,
    "best_7_weight_sim": 0.9857122898101807,
    "best_8_weight_sim": 0.9891104698181152,
    "best_9_weight_sim": 0.9887241125106812,
    "best_10_weight_sim": 0.9791096448898315,
    "best_11_weight_sim": 0.9866218566894531,
    "num_feature_traj": 204,
    "num_feature_timesteps": "37349",
    "final_test_returns": 2791.3205237650645,
    "final_test_normalized_returns": 86.38901106746388,
    "best_return": 3042.677825367136,
    "best_return_normalized": 94.11221639358034,
    "convergence_step": "5000",
    "convergence_iter": "1",
    "best_step": "30000",
    "best_iter": "6"
}