{"final_weight_diff": 0.0013332958333194256, "final_weight_sim": 0.7635284662246704, "final_feature_diff": 0.34640317666310627, "final_feature_sim": 0.6693973391349535, "final_0_weight_diff": 0.0016368275973945856, "final_1_weight_diff": 0.0013985999394208193, "final_2_weight_diff": 0.0009583457140251994, "final_0_weight_sim": 0.7221422791481018, "final_1_weight_sim": 0.7597534656524658, "final_2_weight_sim": 0.7930953502655029, "best_weight_diff": 0.0006555786821991205, "best_weight_sim": 0.8721941113471985, "best_feature_diff": 0.26689043550526154, "best_feature_sim": 0.7570375831948336, "best_0_weight_diff": 0.0008219200535677373, "best_1_weight_diff": 0.0006648727576248348, "best_2_weight_diff": 0.0004790420352946967, "best_0_weight_sim": 0.8454012274742126, "best_1_weight_sim": 0.8697519302368164, "best_2_weight_sim": 0.8892174959182739, "num_feature_traj": 23, "num_feature_timesteps": "19459", "final_test_returns": 3026.759758321342, "final_test_normalized_returns": 65.89735477870512, "best_return": 3651.292865342101, "best_return_normalized": 79.50175178535426, "convergence_step": "35000", "convergence_iter": "7", "best_step": "35000", "best_iter": "7", "best_5percent_normalized": 79.50175178535426, "best_10percent_normalized": 78.02645787445829, "best_25percent_normalized": 76.2646616066839, "best_50percent_normalized": 74.132842765493, "best_100percent_normalized": 70.55729109742393, "best_later_half_normalized": 68.57759034053859, "best_last_four_normalized": 71.50119285034731, "target_steps": 5000}