{"final_weight_diff": 0.000980911310762167, "final_weight_sim": 0.8088065385818481, "final_feature_diff": 0.49100621464292815, "final_feature_sim": 0.7033471778598586, "final_0_weight_diff": 0.0013515318278223276, "final_1_weight_diff": 0.0009113547275774181, "final_2_weight_diff": 0.0006764776771888137, "final_0_weight_sim": 0.7624253630638123, "final_1_weight_sim": 0.8080535531044006, "final_2_weight_sim": 0.8327253460884094, "best_weight_diff": 0.0002816177729982883, "best_weight_sim": 0.9339162111282349, "best_feature_diff": 0.2041524410050483, "best_feature_sim": 0.8812101331619427, "best_0_weight_diff": 0.0003658896603155881, "best_1_weight_diff": 0.00027796378708444536, "best_2_weight_diff": 0.0002009933377848938, "best_0_weight_sim": 0.9110026359558105, "best_1_weight_sim": 0.9295969009399414, "best_2_weight_sim": 0.9447599649429321, "num_feature_traj": 219, "num_feature_timesteps": "197797", "final_test_returns": 4961.302209283651, "final_test_normalized_returns": 108.03808876581871, "best_return": 4974.5434288094175, "best_return_normalized": 108.32652632862472, "convergence_step": "15000", "convergence_iter": "3", "best_step": "15000", "best_iter": "3", "best_5percent_normalized": 108.32652632862472, "best_10percent_normalized": 108.24250791721417, "best_25percent_normalized": 108.09724478515912, "best_50percent_normalized": 107.79776399288448, "best_100percent_normalized": 97.6280243360409, "best_later_half_normalized": 105.70197711800526, "best_last_four_normalized": 107.63893266010574, "target_steps": 10000}