{
    "final_weight_diff": 0.0010108805727213621,
    "final_weight_sim": 0.7910778522491455,
    "final_feature_diff": 0.24015795687430766,
    "final_feature_sim": 0.7851486814592192,
    "final_0_weight_diff": 0.0011898073134943843,
    "final_1_weight_diff": 0.0010067193070426583,
    "final_2_weight_diff": 0.0008352596778422594,
    "final_0_weight_sim": 0.7670989036560059,
    "final_1_weight_sim": 0.776516318321228,
    "final_2_weight_sim": 0.7952795624732971,
    "best_weight_diff": 0.0007593663758598268,
    "best_weight_sim": 0.8332166075706482,
    "best_feature_diff": 0.2166401956896744,
    "best_feature_sim": 0.8087363973923164,
    "best_0_weight_diff": 0.000907913432456553,
    "best_1_weight_diff": 0.0007470790296792984,
    "best_2_weight_diff": 0.0006228291895240545,
    "best_0_weight_sim": 0.8121373057365417,
    "best_1_weight_sim": 0.820795476436615,
    "best_2_weight_sim": 0.8366602659225464,
    "num_feature_traj": 321,
    "num_feature_timesteps": "203500",
    "final_test_returns": 3484.132852422602,
    "final_test_normalized_returns": 107.67636509530864,
    "best_return": 3594.0950340194054,
    "best_return_normalized": 111.05506347075628,
    "convergence_step": "70000",
    "convergence_iter": "14",
    "best_step": "70000",
    "best_iter": "14"
}