{
    "final_weight_diff": 0.00043097385787405074,
    "final_weight_sim": 0.8465989828109741,
    "final_feature_diff": 4.0837059143531595,
    "final_feature_sim": 0.14057680723334506,
    "final_0_weight_diff": 0.0005092450301162899,
    "final_1_weight_diff": 0.0005757945473305881,
    "final_2_weight_diff": 0.0006117055309005082,
    "final_3_weight_diff": 0.0003177798062097281,
    "final_4_weight_diff": 0.0003113321727141738,
    "final_5_weight_diff": 0.00025937496684491634,
    "final_0_weight_sim": 0.725494921207428,
    "final_1_weight_sim": 0.7591351270675659,
    "final_2_weight_sim": 0.7748805284500122,
    "final_3_weight_sim": 0.8882157802581787,
    "final_4_weight_sim": 0.8975531458854675,
    "final_5_weight_sim": 0.912247359752655,
    "best_weight_diff": 0.00012664920359384269,
    "best_weight_sim": 0.9474309682846069,
    "best_feature_diff": 4.053323521140457,
    "best_feature_sim": 0.1622263016036766,
    "best_0_weight_diff": 0.0001438382751075551,
    "best_1_weight_diff": 0.0001745375047903508,
    "best_2_weight_diff": 0.00017073136405088007,
    "best_3_weight_diff": 9.97103052213788e-05,
    "best_4_weight_diff": 9.272084571421146e-05,
    "best_5_weight_diff": 7.820866449037567e-05,
    "best_0_weight_sim": 0.9019290208816528,
    "best_1_weight_sim": 0.9066740274429321,
    "best_2_weight_sim": 0.9204182028770447,
    "best_3_weight_sim": 0.9606666564941406,
    "best_4_weight_sim": 0.9653176665306091,
    "best_5_weight_sim": 0.9710217714309692,
    "num_feature_traj": 219,
    "num_feature_timesteps": "197797",
    "final_test_returns": 4944.530041014118,
    "final_test_normalized_returns": 107.67273545910687,
    "best_return": 5008.695355881663,
    "best_return_normalized": 109.07046827375127,
    "convergence_step": "5000",
    "convergence_iter": "1",
    "best_step": "30000",
    "best_iter": "6"
}