{"final_weight_diff": 0.001447676564566791, "final_weight_sim": 0.7419441938400269, "final_feature_diff": 0.13746155457504047, "final_feature_sim": 0.6388533400412795, "final_0_weight_diff": 0.001914596650749445, "final_1_weight_diff": 0.0013766726478934288, "final_2_weight_diff": 0.001044590724632144, "final_0_weight_sim": 0.6952649354934692, "final_1_weight_sim": 0.7389039397239685, "final_2_weight_sim": 0.773417055606842, "best_weight_diff": 0.0013560764491558075, "best_weight_sim": 0.7539834380149841, "best_feature_diff": 0.13521290279551118, "best_feature_sim": 0.6509340327701331, "best_0_weight_diff": 0.0018025935860350728, "best_1_weight_diff": 0.0012859839480370283, "best_2_weight_diff": 0.000973816029727459, "best_0_weight_sim": 0.7081435918807983, "best_1_weight_sim": 0.750451385974884, "best_2_weight_sim": 0.7848153114318848, "num_feature_traj": 223, "num_feature_timesteps": "196344", "final_test_returns": 4210.611746038039, "final_test_normalized_returns": 107.868921266926, "best_return": 5275.931228549411, "best_return_normalized": 133.20170329226002, "convergence_step": "90000", "convergence_iter": "18", "best_step": "90000", "best_iter": "18", "best_5percent_normalized": 133.20170329226002, "best_10percent_normalized": 128.86092205858307, "best_25percent_normalized": 122.86054778320127, "best_50percent_normalized": 114.83943672035873, "best_100percent_normalized": 105.24577216957925, "best_later_half_normalized": 104.3846745012457, "best_last_four_normalized": 112.84121581878222, "target_steps": 5000}