{"final_weight_diff": 0.0012354502687230706, "final_weight_sim": 0.7764809131622314, "final_feature_diff": 1.1459560737332233, "final_feature_sim": 0.5583111192594286, "final_0_weight_diff": 0.0016695958329364657, "final_1_weight_diff": 0.0011410708539187908, "final_2_weight_diff": 0.0008890582248568535, "final_0_weight_sim": 0.7313346266746521, "final_1_weight_sim": 0.7666412591934204, "final_2_weight_sim": 0.7805906534194946, "best_weight_diff": 0.0011576944962143898, "best_weight_sim": 0.787126898765564, "best_feature_diff": 1.1310737737263354, "best_feature_sim": 0.5660151282413185, "best_0_weight_diff": 0.0015750754391774535, "best_1_weight_diff": 0.0010614260099828243, "best_2_weight_diff": 0.0008310172706842422, "best_0_weight_sim": 0.7415623664855957, "best_1_weight_sim": 0.7781944274902344, "best_2_weight_sim": 0.7917869091033936, "num_feature_traj": 223, "num_feature_timesteps": "196344", "final_test_returns": 4766.547058701301, "final_test_normalized_returns": 121.08879410984474, "best_return": 5196.61598293997, "best_return_normalized": 131.3156251144977, "convergence_step": "65000", "convergence_iter": "13", "best_step": "90000", "best_iter": "18", "best_5percent_normalized": 131.3156251144977, "best_10percent_normalized": 130.66257515036324, "best_25percent_normalized": 126.74246515950429, "best_50percent_normalized": 122.03676656082253, "best_100percent_normalized": 111.29893839876836, "best_later_half_normalized": 115.79840466865741, "best_last_four_normalized": 119.64747952435773}