{"final_weight_diff": 0.0020564706064760685, "final_weight_sim": 0.7387071847915649, "final_feature_diff": 0.207193532491717, "final_feature_sim": 0.701922201367755, "final_0_weight_diff": 0.0024669531267136335, "final_1_weight_diff": 0.00174417975358665, "final_2_weight_diff": 0.0019559457432478666, "final_0_weight_sim": 0.701367974281311, "final_1_weight_sim": 0.7205015420913696, "final_2_weight_sim": 0.7478468418121338, "best_weight_diff": 0.0010675742523744702, "best_weight_sim": 0.849385142326355, "best_feature_diff": 0.17213766344378753, "best_feature_sim": 0.7631516754732558, "best_0_weight_diff": 0.0013541908701881766, "best_1_weight_diff": 0.0008324447553604841, "best_2_weight_diff": 0.0010154374176636338, "best_0_weight_sim": 0.8181273341178894, "best_1_weight_sim": 0.8434290289878845, "best_2_weight_sim": 0.8570429086685181, "num_feature_traj": 100, "num_feature_timesteps": "100000", "final_test_returns": 4967.371888698878, "final_test_normalized_returns": 42.26721871319351, "best_return": 5098.411682295764, "best_return_normalized": 43.32269921889513, "convergence_step": "5000", "convergence_iter": "1", "best_step": "35000", "best_iter": "7", "best_5percent_normalized": 43.32269921889513, "best_10percent_normalized": 43.10416476947388, "best_25percent_normalized": 42.95551658368695, "best_50percent_normalized": 42.804004687440084, "best_100percent_normalized": 42.26934143813776, "best_later_half_normalized": 42.560010947509895, "best_last_four_normalized": 42.424888377881004, "target_steps": 5000}