{"final_weight_diff": 0.0009170830599032342, "final_weight_sim": 0.8069863319396973, "final_feature_diff": 0.30821910132451374, "final_feature_sim": 0.733266975551666, "final_0_weight_diff": 0.0010897094616666436, "final_1_weight_diff": 0.0008957816171459854, "final_2_weight_diff": 0.0007648715400137007, "final_0_weight_sim": 0.7722514867782593, "final_1_weight_sim": 0.7988696098327637, "final_2_weight_sim": 0.811726987361908, "best_weight_diff": 0.0004872228018939495, "best_weight_sim": 0.8846578598022461, "best_feature_diff": 0.23605408897298724, "best_feature_sim": 0.8028997157746449, "best_0_weight_diff": 0.0006000509019941092, "best_1_weight_diff": 0.0004499684146139771, "best_2_weight_diff": 0.0004116525815334171, "best_0_weight_sim": 0.8563827276229858, "best_1_weight_sim": 0.882667601108551, "best_2_weight_sim": 0.8874406814575195, "num_feature_traj": 321, "num_feature_timesteps": "203500", "final_test_returns": 1862.8528463635453, "final_test_normalized_returns": 57.86090997181104, "best_return": 3590.821441742848, "best_return_normalized": 110.95447906304382, "convergence_step": "45000", "convergence_iter": "9", "best_step": "45000", "best_iter": "9", "best_5percent_normalized": 110.95447906304382, "best_10percent_normalized": 108.31717165590968, "best_25percent_normalized": 105.42056785219647, "best_50percent_normalized": 100.72670822454589, "best_100percent_normalized": 81.96548100152165, "best_later_half_normalized": 91.26019608787817, "best_last_four_normalized": 92.78864695429463, "target_steps": 20000}