{
    "final_weight_diff": 0.0019849815871566534,
    "final_weight_sim": 0.7082042694091797,
    "final_feature_diff": 0.24240875572043652,
    "final_feature_sim": 0.6685441900839496,
    "final_0_weight_diff": 0.0019696331582963467,
    "final_1_weight_diff": 0.0022205596324056387,
    "final_2_weight_diff": 0.001751153962686658,
    "final_0_weight_sim": 0.6729904413223267,
    "final_1_weight_sim": 0.6988723874092102,
    "final_2_weight_sim": 0.7368611097335815,
    "best_weight_diff": 0.0017850716831162572,
    "best_weight_sim": 0.7322225570678711,
    "best_feature_diff": 0.23602607549715382,
    "best_feature_sim": 0.677495001401121,
    "best_0_weight_diff": 0.0017789084231480956,
    "best_1_weight_diff": 0.002010246040299535,
    "best_2_weight_diff": 0.0015556507278233767,
    "best_0_weight_sim": 0.6974588632583618,
    "best_1_weight_sim": 0.7220478653907776,
    "best_2_weight_sim": 0.7614075541496277,
    "num_feature_traj": 87,
    "num_feature_timesteps": "23573",
    "final_test_returns": 2653.6739880149826,
    "final_test_normalized_returns": 57.77031254552129,
    "best_return": 3408.3297593626025,
    "best_return_normalized": 74.20921162286164,
    "convergence_step": "60000",
    "convergence_iter": "12",
    "best_step": "85000",
    "best_iter": "17"
}