{"final_weight_diff": 0.0013091391883790493, "final_weight_sim": 0.7496120929718018, "final_feature_diff": 0.2652352925410276, "final_feature_sim": 0.6694200191377107, "final_0_weight_diff": 0.001531341578811407, "final_1_weight_diff": 0.0011729722609743476, "final_2_weight_diff": 0.0012182749342173338, "final_0_weight_sim": 0.7194586992263794, "final_1_weight_sim": 0.7534736394882202, "final_2_weight_sim": 0.7435500621795654, "best_weight_diff": 0.0012274140026420355, "best_weight_sim": 0.7612254619598389, "best_feature_diff": 0.25994999429805243, "best_feature_sim": 0.6794280405513874, "best_0_weight_diff": 0.001451365533284843, "best_1_weight_diff": 0.0010986177949234843, "best_2_weight_diff": 0.0011282963678240776, "best_0_weight_sim": 0.7309324741363525, "best_1_weight_sim": 0.7645123600959778, "best_2_weight_sim": 0.7563471794128418, "num_feature_traj": 223, "num_feature_timesteps": "196344", "final_test_returns": 3847.1816550893295, "final_test_normalized_returns": 99.2267294863465, "best_return": 4478.696865438547, "best_return_normalized": 114.2438557401029, "convergence_step": "80000", "convergence_iter": "16", "best_step": "90000", "best_iter": "18", "best_5percent_normalized": 114.2438557401029, "best_10percent_normalized": 113.98378797020814, "best_25percent_normalized": 112.48046472505969, "best_50percent_normalized": 108.5779986885315, "best_100percent_normalized": 97.72125429951947, "best_later_half_normalized": 104.59430417235876, "best_last_four_normalized": 110.0215852027693, "target_steps": 20000}