{
    "final_weight_diff": 0.001210553920827806,
    "final_weight_sim": 0.7814090847969055,
    "final_feature_diff": 0.6913444077589542,
    "final_feature_sim": 0.4925345348474173,
    "final_0_weight_diff": 0.001380763715133071,
    "final_1_weight_diff": 0.0012069757794961333,
    "final_2_weight_diff": 0.0010408416856080294,
    "final_0_weight_sim": 0.7515215873718262,
    "final_1_weight_sim": 0.7782201170921326,
    "final_2_weight_sim": 0.7809288501739502,
    "best_weight_diff": 0.001210553920827806,
    "best_weight_sim": 0.7814090847969055,
    "best_feature_diff": 0.6913444077589542,
    "best_feature_sim": 0.4925345348474173,
    "best_0_weight_diff": 0.001380763715133071,
    "best_1_weight_diff": 0.0012069757794961333,
    "best_2_weight_diff": 0.0010408416856080294,
    "best_0_weight_sim": 0.7515215873718262,
    "best_1_weight_sim": 0.7782201170921326,
    "best_2_weight_sim": 0.7809288501739502,
    "num_feature_traj": 204,
    "num_feature_timesteps": "37349",
    "final_test_returns": 2716.632304487958,
    "final_test_normalized_returns": 84.09414058133694,
    "best_return": 2716.632304487958,
    "best_return_normalized": 84.09414058133694,
    "convergence_step": "100000",
    "convergence_iter": "20",
    "best_step": "100000",
    "best_iter": "20"
}