{"final_weight_diff": 0.0011126601602882147, "final_weight_sim": 0.7778633832931519, "final_feature_diff": 0.26137640334934986, "final_feature_sim": 0.7501050761562962, "final_0_weight_diff": 0.0014480540994554758, "final_1_weight_diff": 0.001042224932461977, "final_2_weight_diff": 0.0008450624882243574, "final_0_weight_sim": 0.7372453808784485, "final_1_weight_sim": 0.7785584926605225, "final_2_weight_sim": 0.7939959764480591, "best_weight_diff": 0.0004585741844493896, "best_weight_sim": 0.8938732147216797, "best_feature_diff": 0.1783384343210548, "best_feature_sim": 0.8444895372417994, "best_0_weight_diff": 0.0006030838121660054, "best_1_weight_diff": 0.0004236377135384828, "best_2_weight_diff": 0.0003489737573545426, "best_0_weight_sim": 0.8684453368186951, "best_1_weight_sim": 0.8935254812240601, "best_2_weight_sim": 0.9034125208854675, "num_feature_traj": 200, "num_feature_timesteps": "200000", "final_test_returns": 5027.656222545369, "final_test_normalized_returns": 42.7527883056634, "best_return": 7575.103557912444, "best_return_normalized": 63.27160116378584, "convergence_step": "25000", "convergence_iter": "5", "best_step": "25000", "best_iter": "5", "best_5percent_normalized": 63.27160116378584, "best_10percent_normalized": 57.90677358800131, "best_25percent_normalized": 51.20686920691488, "best_50percent_normalized": 47.1306316296373, "best_100percent_normalized": 44.474100342777426, "best_later_half_normalized": 42.41617139381807, "best_last_four_normalized": 42.06556300936994}