{"final_weight_diff": 0.0015135537832975388, "final_weight_sim": 0.7305917739868164, "final_feature_diff": 0.3042536257268129, "final_feature_sim": 0.7082645291032587, "final_0_weight_diff": 0.0015633321600034833, "final_1_weight_diff": 0.0016539710341021419, "final_2_weight_diff": 0.0013154230546206236, "final_0_weight_sim": 0.7099254727363586, "final_1_weight_sim": 0.7070869207382202, "final_2_weight_sim": 0.7423450946807861, "best_weight_diff": 0.0014551696367561817, "best_weight_sim": 0.7376550436019897, "best_feature_diff": 0.29836820502771794, "best_feature_sim": 0.7140662349558823, "best_0_weight_diff": 0.0015022106235846877, "best_1_weight_diff": 0.0015943851321935654, "best_2_weight_diff": 0.0012619143817573786, "best_0_weight_sim": 0.7174622416496277, "best_1_weight_sim": 0.7134480476379395, "best_2_weight_sim": 0.7493754625320435, "num_feature_traj": 43, "num_feature_timesteps": "11328", "final_test_returns": 1923.2464617594148, "final_test_normalized_returns": 41.85918479255319, "best_return": 3159.5099841579986, "best_return_normalized": 68.78909383096993, "convergence_step": "95000", "convergence_iter": "19", "best_step": "95000", "best_iter": "19", "best_5percent_normalized": 68.78909383096993, "best_10percent_normalized": 66.86010001768715, "best_25percent_normalized": 64.1259676276122, "best_50percent_normalized": 60.57771757287755, "best_100percent_normalized": 45.8665390383171, "best_later_half_normalized": 48.81857980480372, "best_last_four_normalized": 56.33936439855598, "target_steps": 25000}