{"final_weight_diff": 0.0014320930931717157, "final_weight_sim": 0.7798688411712646, "final_feature_diff": 0.5629067009811859, "final_feature_sim": 0.49425305574557793, "final_0_weight_diff": 0.0015696604968979955, "final_1_weight_diff": 0.0015407290775328875, "final_2_weight_diff": 0.0011807387927547097, "final_0_weight_sim": 0.7608572244644165, "final_1_weight_sim": 0.765407919883728, "final_2_weight_sim": 0.793107807636261, "best_weight_diff": 0.0006837872206233442, "best_weight_sim": 0.8821595907211304, "best_feature_diff": 0.4632464860821645, "best_feature_sim": 0.5956730067336787, "best_0_weight_diff": 0.0008388304268009961, "best_1_weight_diff": 0.0007023381185717881, "best_2_weight_diff": 0.0005094793159514666, "best_0_weight_sim": 0.8598477244377136, "best_1_weight_sim": 0.8741083145141602, "best_2_weight_sim": 0.900080144405365, "num_feature_traj": 204, "num_feature_timesteps": "37349", "final_test_returns": 1987.3956105029797, "final_test_normalized_returns": 61.687611377341305, "best_return": 2298.884823554757, "best_return_normalized": 71.25843002448694, "convergence_step": "40000", "convergence_iter": "8", "best_step": "40000", "best_iter": "8", "best_5percent_normalized": 71.25843002448694, "best_10percent_normalized": 68.866016952904, "best_25percent_normalized": 64.15503769482507, "best_50percent_normalized": 57.68860250702377, "best_100percent_normalized": 40.324081545928095, "best_later_half_normalized": 50.30750081943469, "best_last_four_normalized": 59.1366547949977, "target_steps": 30000}