{
    "final_weight_diff": 0.001431053038686514,
    "final_weight_sim": 0.7840923070907593,
    "final_feature_diff": 0.156243007126018,
    "final_feature_sim": 0.7878994766585631,
    "final_0_weight_diff": 0.001824639388360083,
    "final_1_weight_diff": 0.00144340586848557,
    "final_2_weight_diff": 0.0010233566863462329,
    "final_0_weight_sim": 0.7496408224105835,
    "final_1_weight_sim": 0.790081799030304,
    "final_2_weight_sim": 0.8075180053710938,
    "best_weight_diff": 0.00097039679531008,
    "best_weight_sim": 0.8435125350952148,
    "best_feature_diff": 0.13455328190213342,
    "best_feature_sim": 0.8182632038862714,
    "best_0_weight_diff": 0.001266784151084721,
    "best_1_weight_diff": 0.0009472097153775394,
    "best_2_weight_diff": 0.0006964156054891646,
    "best_0_weight_sim": 0.8156757354736328,
    "best_1_weight_sim": 0.8486270308494568,
    "best_2_weight_sim": 0.8618651628494263,
    "num_feature_traj": 218,
    "num_feature_timesteps": "100692",
    "final_test_returns": 1924.8603520311356,
    "final_test_normalized_returns": 59.76615280732364,
    "best_return": 2180.305407293301,
    "best_return_normalized": 67.61495846666405,
    "convergence_step": "60000",
    "convergence_iter": "12",
    "best_step": "60000",
    "best_iter": "12"
}