{
    "final_weight_diff": 0.0014955735532566905,
    "final_weight_sim": 0.7528285980224609,
    "final_feature_diff": 0.4192534773194509,
    "final_feature_sim": 0.5735087345746611,
    "final_0_weight_diff": 0.0016525737009942532,
    "final_1_weight_diff": 0.0016187512082979083,
    "final_2_weight_diff": 0.0012107841903343797,
    "final_0_weight_sim": 0.7240047454833984,
    "final_1_weight_sim": 0.7487151622772217,
    "final_2_weight_sim": 0.7649728655815125,
    "best_weight_diff": 0.0014955735532566905,
    "best_weight_sim": 0.7528285980224609,
    "best_feature_diff": 0.4192534773194509,
    "best_feature_sim": 0.5735087345746611,
    "best_0_weight_diff": 0.0016525737009942532,
    "best_1_weight_diff": 0.0016187512082979083,
    "best_2_weight_diff": 0.0012107841903343797,
    "best_0_weight_sim": 0.7240047454833984,
    "best_1_weight_sim": 0.7487151622772217,
    "best_2_weight_sim": 0.7649728655815125,
    "num_feature_traj": 1224,
    "num_feature_timesteps": "238480",
    "final_test_returns": 1332.0739105004664,
    "final_test_normalized_returns": 41.55219453637139,
    "best_return": 1332.0739105004664,
    "best_return_normalized": 41.55219453637139,
    "convergence_step": "80000",
    "convergence_iter": "16",
    "best_step": "100000",
    "best_iter": "20"
}