{
    "final_weight_diff": 0.0017661112360656261,
    "final_weight_sim": 0.7430912256240845,
    "final_feature_diff": 0.6372436636495032,
    "final_feature_sim": 0.6873348556578136,
    "final_0_weight_diff": 0.0020954518113285303,
    "final_1_weight_diff": 0.0017157230759039521,
    "final_2_weight_diff": 0.001486605266109109,
    "final_0_weight_sim": 0.7083994150161743,
    "final_1_weight_sim": 0.7278807163238525,
    "final_2_weight_sim": 0.738338053226471,
    "best_weight_diff": 0.0016524768434464931,
    "best_weight_sim": 0.7530917525291443,
    "best_feature_diff": 0.6201022654051818,
    "best_feature_sim": 0.6958854467347074,
    "best_0_weight_diff": 0.001953178085386753,
    "best_1_weight_diff": 0.0015962885227054358,
    "best_2_weight_diff": 0.0014072819612920284,
    "best_0_weight_sim": 0.7187579870223999,
    "best_1_weight_sim": 0.7384591102600098,
    "best_2_weight_sim": 0.7475647926330566,
    "num_feature_traj": 192,
    "num_feature_timesteps": "120258",
    "final_test_returns": 2805.688115456764,
    "final_test_normalized_returns": 86.8304697399176,
    "best_return": 3622.520936684749,
    "best_return_normalized": 111.92847785524154,
    "convergence_step": "90000",
    "convergence_iter": "18",
    "best_step": "90000",
    "best_iter": "18"
}