{
    "final_weight_diff": 0.0008770421845838428,
    "final_weight_sim": 0.8289521932601929,
    "final_feature_diff": 0.8970985268905699,
    "final_feature_sim": 0.7424177208555269,
    "final_0_weight_diff": 0.0013107361737638712,
    "final_1_weight_diff": 0.0007863551727496088,
    "final_2_weight_diff": 0.0005317697650752962,
    "final_0_weight_sim": 0.7696595191955566,
    "final_1_weight_sim": 0.8065433502197266,
    "final_2_weight_sim": 0.8501030802726746,
    "best_weight_diff": 0.0008770421845838428,
    "best_weight_sim": 0.8289521932601929,
    "best_feature_diff": 0.8970985268905699,
    "best_feature_sim": 0.7424177208555269,
    "best_0_weight_diff": 0.0013107361737638712,
    "best_1_weight_diff": 0.0007863551727496088,
    "best_2_weight_diff": 0.0005317697650752962,
    "best_0_weight_sim": 0.7696595191955566,
    "best_1_weight_sim": 0.8065433502197266,
    "best_2_weight_sim": 0.8501030802726746,
    "num_feature_traj": 200,
    "num_feature_timesteps": "200000",
    "final_test_returns": 11167.049094083408,
    "final_test_normalized_returns": 92.2034880884041,
    "best_return": 11167.049094083408,
    "best_return_normalized": 92.2034880884041,
    "convergence_step": "100000",
    "convergence_iter": "20",
    "best_step": "100000",
    "best_iter": "20"
}