{
    "final_weight_diff": 0.0020676988642662764,
    "final_weight_sim": 0.7616747617721558,
    "final_feature_diff": 0.3031118191890615,
    "final_feature_sim": 0.6346209858572653,
    "final_0_weight_diff": 0.0023577490355819464,
    "final_1_weight_diff": 0.001766631961800158,
    "final_2_weight_diff": 0.002074676100164652,
    "final_0_weight_sim": 0.6775838136672974,
    "final_1_weight_sim": 0.7698544263839722,
    "final_2_weight_sim": 0.8005862236022949,
    "best_weight_diff": 0.0018489548237994313,
    "best_weight_sim": 0.7825775146484375,
    "best_feature_diff": 0.2872788229729351,
    "best_feature_sim": 0.6716212675020572,
    "best_0_weight_diff": 0.0021260895300656557,
    "best_1_weight_diff": 0.0015740651870146394,
    "best_2_weight_diff": 0.0018433978548273444,
    "best_0_weight_sim": 0.7017773985862732,
    "best_1_weight_sim": 0.7895188331604004,
    "best_2_weight_sim": 0.8203833103179932,
    "num_feature_traj": 218,
    "num_feature_timesteps": "100692",
    "final_test_returns": 2031.3915200669376,
    "final_test_normalized_returns": 63.039429848123696,
    "best_return": 2169.3766445406213,
    "best_return_normalized": 67.27916126419017,
    "convergence_step": "10000",
    "convergence_iter": "2",
    "best_step": "85000",
    "best_iter": "17"
}