{"final_weight_diff": 58.413917541503906, "final_feature_diff": 28.322790632379757, "best_weight_diff": 38.93301010131836, "best_feature_diff": 27.85622357135269, "num_feature_traj": 59, "num_feature_timesteps": "47580", "final_test_returns": 3436.3541105205018, "final_test_normalized_returns": 74.81967469474671, "best_return": 3766.212968577478, "best_return_normalized": 82.0050917858824, "convergence_step": "5000", "convergence_iter": "1", "best_step": "45000", "best_iter": "9", "best_5percent_normalized": 82.0050917858824, "best_10percent_normalized": 81.8351117104993, "best_25percent_normalized": 79.27283520267265, "best_50percent_normalized": 76.9649606530729, "best_100percent_normalized": 71.92419594700915, "best_later_half_normalized": 71.47822871067987, "best_last_four_normalized": 75.10866025868927}