current_itr_train_time	current_itr_train_loss_mean	current_itr_train_loss_std	current_itr_eval_2000_return_mean	current_itr_eval_2000_return_std	current_itr_eval_2000_length_mean	current_itr_eval_2000_length_std	current_itr_eval_5000_return_mean	current_itr_eval_5000_return_std	current_itr_eval_5000_length_mean	current_itr_eval_5000_length_std	TestEpRet	TestEpNormRet	Iteration	Steps	total_time	current_eval_time
578.2284140586853	0.09389108775183558	0.17550889690015734	2367.153720576031	1229.4630723227529	709.4	323.4990571856431	2895.3107794865346	1025.0157037849408	764.8	254.71741204715474	2895.3107794865346	76.5917004610024	1	5000	670.7980227470398	92.56893229484558
573.909793138504	0.018882941926829516	0.002227558854979173	3817.38589942596	91.29219865304698	1000.0	0.0	3177.5780581072427	1112.624443264021	854.2	291.7110899503137	3177.5780581072427	83.30387982087467	2	10000	1358.6859393119812	113.95782518386841
573.0646812915802	0.01695068081729114	0.0017566321763668035	3759.5448365682337	114.461351763416	1000.0	0.0	3619.3248510412313	915.4994459875618	925.7	222.9	3619.3248510412313	93.80840489480492	3	15000	2050.9484515190125	119.183176279068
576.7082045078278	0.016132828938402236	0.0015724256401160222	3345.3522427541407	1045.8113554084941	882.5	272.2797274862747	3427.0765909233824	1016.4675243451326	883.2	241.97264308181616	3427.0765909233824	89.23683425494929	4	20000	2737.332213640213	109.66130208969116
575.9038262367249	0.015631856176629662	0.001436949835122233	2966.9918145008132	1267.509530846146	764.7	313.347426988	3536.5366262308935	873.289353094191	897.9	213.0016197121515	3536.5366262308935	91.83974095143968	5	25000	3418.2040255069733	104.95077419281006
574.219518661499	0.015293081863410772	0.001406047473523172	3591.200083153132	529.3012384094922	927.7	146.4486599460712	3840.8816916797427	170.6415119148426	989.9	30.299999999999997	3840.8816916797427	99.07691940360361	6	30000	4110.708441257477	118.2708158493042
