current_itr_train_time	current_itr_train_loss_mean	current_itr_train_loss_std	current_itr_eval_2000_return_mean	current_itr_eval_2000_return_std	current_itr_eval_2000_length_mean	current_itr_eval_2000_length_std	current_itr_eval_5000_return_mean	current_itr_eval_5000_return_std	current_itr_eval_5000_length_mean	current_itr_eval_5000_length_std	TestEpRet	TestEpNormRet	Iteration	Steps	total_time	current_eval_time
550.27614569664	0.10365205363631248	0.10820497165348006	2879.1406627478464	834.1674602437344	884.4	242.69000803494154	2880.5901828034557	1269.1964456037915	868.0	264.02424131128566	2880.5901828034557	76.24165179186872	1	5000	657.5095944404602	107.23264694213867
544.5992028713226	0.051897615630552174	0.008984457226757525	2719.0711478517105	1359.1708178656013	908.0	270.05332806688386	3112.210643295778	1015.6953516138019	944.6	166.2	3112.210643295778	81.74947431326606	2	10000	1312.1324899196625	110.00867414474487
542.6688723564148	0.04828708808012307	0.008426314817551414	2722.0703016262114	1170.8580731647576	913.1	260.7	2974.1866134954885	1043.4283642480711	909.3	272.1	2974.1866134954885	78.46732964343776	3	15000	1962.1090013980865	107.29307317733765
539.9701883792877	0.046124571724236015	0.007995609062357172	3342.348456431133	332.7989641405485	1000.0	0.0	3266.7480493947833	897.9929696361326	893.4	238.09250303190987	3266.7480493947833	85.42429908436458	4	20000	2609.4510593414307	107.35591912269592
536.0759117603302	0.0445684521291405	0.0077652788326218105	2582.1026406524343	761.328798256063	795.1	223.09928283165772	3118.5187404184144	961.6072410392975	940.0	157.4699971423128	3118.5187404184144	81.89947781177119	5	25000	3244.0895149707794	98.52695870399475
533.9463064670563	0.04313935888521373	0.00726151320622022	2513.221681555705	944.9735385897029	860.0	240.16286140866993	2061.7646659225657	1614.1409969050035	570.4	434.3473725027009	2061.7646659225657	56.770377046169486	6	30000	3860.0176565647125	81.96155071258545
534.3072431087494	0.04185199819505215	0.006993280612736006	1963.2073209705427	901.6386596361432	604.9	296.2119005036766	2723.890302598297	1306.3185577541512	771.9	354.1814365547692	2723.890302598297	72.51540443246134	7	35000	4471.063258647919	76.721186876297
