{
    "final_weight_diff": 0.0011654734844341874,
    "final_weight_sim": 0.7896490693092346,
    "final_feature_diff": 0.3916697192195972,
    "final_feature_sim": 0.617984579688174,
    "final_0_weight_diff": 0.00144485873170197,
    "final_1_weight_diff": 0.0012098995503038168,
    "final_2_weight_diff": 0.0008395471377298236,
    "final_0_weight_sim": 0.7539455890655518,
    "final_1_weight_sim": 0.7843623161315918,
    "final_2_weight_sim": 0.814216673374176,
    "best_weight_diff": 0.0003283048572484404,
    "best_weight_sim": 0.9296430349349976,
    "best_feature_diff": 0.2010332450440508,
    "best_feature_sim": 0.8048234930850746,
    "best_0_weight_diff": 0.0004275808169040829,
    "best_1_weight_diff": 0.00031884905183687806,
    "best_2_weight_diff": 0.00023838704510126263,
    "best_0_weight_sim": 0.9116394519805908,
    "best_1_weight_sim": 0.9290372729301453,
    "best_2_weight_sim": 0.9401487112045288,
    "num_feature_traj": 218,
    "num_feature_timesteps": "100692",
    "final_test_returns": 1580.788892879781,
    "final_test_normalized_returns": 49.19421195282927,
    "best_return": 2347.398178882508,
    "best_return_normalized": 72.74905154957091,
    "convergence_step": "20000",
    "convergence_iter": "4",
    "best_step": "20000",
    "best_iter": "4"
}