{"final_weight_diff": 0.0013992611784487963, "final_weight_sim": 0.7471120357513428, "final_feature_diff": 0.4119695223409077, "final_feature_sim": 0.5896796356124961, "final_0_weight_diff": 0.0015172429848462343, "final_1_weight_diff": 0.0014885435812175274, "final_2_weight_diff": 0.0011863006511703134, "final_0_weight_sim": 0.7331104278564453, "final_1_weight_sim": 0.7289178371429443, "final_2_weight_sim": 0.7498049736022949, "best_weight_diff": 0.00134632911067456, "best_weight_sim": 0.7540379166603088, "best_feature_diff": 0.41146483554247704, "best_feature_sim": 0.5924662969341662, "best_0_weight_diff": 0.0014572872314602137, "best_1_weight_diff": 0.0014367649564519525, "best_2_weight_diff": 0.0011399254435673356, "best_0_weight_sim": 0.7408578991889954, "best_1_weight_sim": 0.7352840304374695, "best_2_weight_sim": 0.7563574910163879, "num_feature_traj": 109, "num_feature_timesteps": "31150", "final_test_returns": 1843.366537426234, "final_test_normalized_returns": 40.11913580031688, "best_return": 3449.79747397086, "best_return_normalized": 75.112515620916, "convergence_step": "65000", "convergence_iter": "13", "best_step": "95000", "best_iter": "19", "best_5percent_normalized": 75.112515620916, "best_10percent_normalized": 74.13504221663071, "best_25percent_normalized": 71.224161807101, "best_50percent_normalized": 67.58708104833039, "best_100percent_normalized": 52.10846006615934, "best_later_half_normalized": 53.71511545828762, "best_last_four_normalized": 51.33844257390682, "target_steps": 10000}