{
    "final_weight_diff": 0.0013066671090200543,
    "final_weight_sim": 0.7375411987304688,
    "final_feature_diff": 0.4120706134591477,
    "final_feature_sim": 0.6451784841175306,
    "final_0_weight_diff": 0.001342802424915135,
    "final_1_weight_diff": 0.0014261752367019653,
    "final_2_weight_diff": 0.0011410056613385677,
    "final_0_weight_sim": 0.7168328166007996,
    "final_1_weight_sim": 0.7118236422538757,
    "final_2_weight_sim": 0.7481513023376465,
    "best_weight_diff": 0.0011330562410876155,
    "best_weight_sim": 0.7658442258834839,
    "best_feature_diff": 0.3965045987959155,
    "best_feature_sim": 0.6653897151015757,
    "best_0_weight_diff": 0.0011758756591007113,
    "best_1_weight_diff": 0.0012442219303920865,
    "best_2_weight_diff": 0.0009730280726216733,
    "best_0_weight_sim": 0.7466269731521606,
    "best_1_weight_sim": 0.738593578338623,
    "best_2_weight_sim": 0.7770484089851379,
    "num_feature_traj": 12,
    "num_feature_timesteps": "12000",
    "final_test_returns": 3897.992262322092,
    "final_test_normalized_returns": 33.653733314190205,
    "best_return": 4692.341151622007,
    "best_return_normalized": 40.05194064013429,
    "convergence_step": "15000",
    "convergence_iter": "3",
    "best_step": "80000",
    "best_iter": "16"
}