{
    "final_weight_diff": 0.0016122959787026048,
    "final_weight_sim": 0.7510387897491455,
    "final_feature_diff": 0.23305743194575693,
    "final_feature_sim": 0.6921750008392584,
    "final_0_weight_diff": 0.001577892922796309,
    "final_1_weight_diff": 0.00176961999386549,
    "final_2_weight_diff": 0.0014854491455480456,
    "final_0_weight_sim": 0.7157332301139832,
    "final_1_weight_sim": 0.7435730695724487,
    "final_2_weight_sim": 0.7724013924598694,
    "best_weight_diff": 0.0015538644511252642,
    "best_weight_sim": 0.7580649852752686,
    "best_feature_diff": 0.23053383567198527,
    "best_feature_sim": 0.6960110120903513,
    "best_0_weight_diff": 0.001525588915683329,
    "best_1_weight_diff": 0.001705497968941927,
    "best_2_weight_diff": 0.001426895847544074,
    "best_0_weight_sim": 0.7229039669036865,
    "best_1_weight_sim": 0.7504400610923767,
    "best_2_weight_sim": 0.7796767354011536,
    "num_feature_traj": 321,
    "num_feature_timesteps": "203500",
    "final_test_returns": 3404.224251223476,
    "final_test_normalized_returns": 105.22109313602962,
    "best_return": 3609.739503068431,
    "best_return_normalized": 111.53575548134675,
    "convergence_step": "95000",
    "convergence_iter": "19",
    "best_step": "95000",
    "best_iter": "19"
}