{"final_weight_diff": 0.0013036653399467468, "final_weight_sim": 0.7902160882949829, "final_feature_diff": 0.6810149097412818, "final_feature_sim": 0.41705183898597736, "final_0_weight_diff": 0.0018087971257045865, "final_1_weight_diff": 0.0013163533294573426, "final_2_weight_diff": 0.0007810068200342357, "final_0_weight_sim": 0.7399255037307739, "final_1_weight_sim": 0.7844573855400085, "final_2_weight_sim": 0.8426709175109863, "best_weight_diff": 0.00034341661375947297, "best_weight_sim": 0.9356316328048706, "best_feature_diff": 0.46510329618591856, "best_feature_sim": 0.6304832247053834, "best_0_weight_diff": 0.0004996724310331047, "best_1_weight_diff": 0.0003245200787205249, "best_2_weight_diff": 0.00020548484462779015, "best_0_weight_sim": 0.9107019305229187, "best_1_weight_sim": 0.9354155659675598, "best_2_weight_sim": 0.9562472701072693, "num_feature_traj": 120, "num_feature_timesteps": "106539", "final_test_returns": 3050.301990279459, "final_test_normalized_returns": 80.27731648822815, "best_return": 3833.904954445913, "best_return_normalized": 98.91101596665904, "convergence_step": "15000", "convergence_iter": "3", "best_step": "15000", "best_iter": "3", "best_5percent_normalized": 98.91101596665904, "best_10percent_normalized": 97.61628292473279, "best_25percent_normalized": 96.25195189876413, "best_50percent_normalized": 94.62269737427704, "best_100percent_normalized": 87.07096653498635, "best_later_half_normalized": 88.02703663220515, "best_last_four_normalized": 88.15602483502362}