current_itr_train_time	current_itr_train_loss_mean	current_itr_train_loss_std	current_itr_eval_5000_return_mean	current_itr_eval_5000_return_std	current_itr_eval_5000_length_mean	current_itr_eval_5000_length_std	current_itr_eval_2500_return_mean	current_itr_eval_2500_return_std	current_itr_eval_2500_length_mean	current_itr_eval_2500_length_std	TestEpRet	TestEpNormRet	Iteration	Steps	total_time	current_eval_time
1837.960631608963	0.1997637558221817	0.1785850198366277	3325.9185585614287	546.8087625608956	957.5	127.5	3304.860869864848	281.04256910575333	960.8	80.12714895714186	3325.9185585614287	72.41402305577007	1	5000	2469.3024575710297	631.3411340713501
1557.233090877533	0.05457141958922148	0.006320444262643021	1967.7941230035951	1587.116098368402	564.9	393.52241359292356	1969.3992939514142	1320.7044394193647	568.2	328.4691157475844	1967.7941230035951	42.82958021670386	2	10000	4451.41063284874	424.7653388977051
1614.1839292049408	0.04658001646399498	0.0041390315387324576	3472.848164735765	565.2096848680588	924.6	149.88742442246448	3530.973511158707	366.1674905554425	951.3	109.83264542020282	3472.848164735765	75.61463591673059	3	15000	6677.637588500977	611.8877413272858
1526.6893281936646	0.04350749295800924	0.003600992889618953	3199.2188665126964	749.7400328922555	881.2	188.83315386869967	3517.234630089525	515.0365551730425	956.6	128.54197757931064	3199.2188665126964	69.65408464438039	4	20000	8693.377406835556	488.94097781181335
