{"final_weight_diff": 0.002294651698321104, "final_weight_sim": 0.7283833622932434, "final_feature_diff": 1.1774603408818465, "final_feature_sim": 0.13870633264188303, "final_0_weight_diff": 0.001641809823922813, "final_1_weight_diff": 0.0021950930822640657, "final_2_weight_diff": 0.003046848578378558, "final_0_weight_sim": 0.7830314636230469, "final_1_weight_sim": 0.7373030185699463, "final_2_weight_sim": 0.641160786151886, "best_weight_diff": 0.001815433264710009, "best_weight_sim": 0.7726911306381226, "best_feature_diff": 1.1860995178177656, "best_feature_sim": 0.14263176283664766, "best_0_weight_diff": 0.001297689275816083, "best_1_weight_diff": 0.0018112929537892342, "best_2_weight_diff": 0.0023373074363917112, "best_0_weight_sim": 0.8211772441864014, "best_1_weight_sim": 0.7738566994667053, "best_2_weight_sim": 0.6990566253662109, "num_feature_traj": 321, "num_feature_timesteps": "203500", "final_test_returns": 3280.437987034581, "final_test_normalized_returns": 101.41763595061936, "best_return": 3606.970077615998, "best_return_normalized": 111.4506621052316, "convergence_step": "45000", "convergence_iter": "9", "best_step": "70000", "best_iter": "14", "best_5percent_normalized": 111.4506621052316, "best_10percent_normalized": 111.43404986128694, "best_25percent_normalized": 109.65806122106487, "best_50percent_normalized": 106.81335531234421, "best_100percent_normalized": 94.80058832740754, "best_later_half_normalized": 104.49222928530506, "best_last_four_normalized": 101.92096257534746}