{
    "final_weight_diff": 0.001365409349091351,
    "final_weight_sim": 0.7561581134796143,
    "final_feature_diff": 0.1766551958015757,
    "final_feature_sim": 0.5923581342037412,
    "final_0_weight_diff": 0.0015320148086175323,
    "final_1_weight_diff": 0.001350804348476231,
    "final_2_weight_diff": 0.0012106928043067455,
    "final_0_weight_sim": 0.7338979244232178,
    "final_1_weight_sim": 0.7484048008918762,
    "final_2_weight_sim": 0.7567592263221741,
    "best_weight_diff": 0.0011069471947848797,
    "best_weight_sim": 0.7924033999443054,
    "best_feature_diff": 0.15007973839535538,
    "best_feature_sim": 0.654316740694726,
    "best_0_weight_diff": 0.0012708451831713319,
    "best_1_weight_diff": 0.0010773584945127368,
    "best_2_weight_diff": 0.0009714119369164109,
    "best_0_weight_sim": 0.7726203203201294,
    "best_1_weight_sim": 0.7834532856941223,
    "best_2_weight_sim": 0.7927113771438599,
    "num_feature_traj": 204,
    "num_feature_timesteps": "37349",
    "final_test_returns": 2213.6405823917,
    "final_test_normalized_returns": 68.63921517305786,
    "best_return": 2881.681012458324,
    "best_return_normalized": 89.16542775835867,
    "convergence_step": "75000",
    "convergence_iter": "15",
    "best_step": "75000",
    "best_iter": "15"
}