{
    "final_weight_diff": 0.0016338462010025978,
    "final_weight_sim": 0.7549839019775391,
    "final_feature_diff": 0.6634317626321266,
    "final_feature_sim": 0.4310616718621404,
    "final_0_weight_diff": 0.0018473449163138866,
    "final_1_weight_diff": 0.0017546863527968526,
    "final_2_weight_diff": 0.0012886276235803962,
    "final_0_weight_sim": 0.7341190576553345,
    "final_1_weight_sim": 0.7406052350997925,
    "final_2_weight_sim": 0.7735694646835327,
    "best_weight_diff": 0.0010667141759768128,
    "best_weight_sim": 0.8284251689910889,
    "best_feature_diff": 0.6298419710140829,
    "best_feature_sim": 0.4756553050286041,
    "best_0_weight_diff": 0.0012522385222837329,
    "best_1_weight_diff": 0.0011537346290424466,
    "best_2_weight_diff": 0.0007914337329566479,
    "best_0_weight_sim": 0.8070850372314453,
    "best_1_weight_sim": 0.8136997818946838,
    "best_2_weight_sim": 0.8503783941268921,
    "num_feature_traj": 109,
    "num_feature_timesteps": "31150",
    "final_test_returns": 3232.028055227879,
    "final_test_normalized_returns": 70.36877730635415,
    "best_return": 3385.855027728834,
    "best_return_normalized": 73.71963762217779,
    "convergence_step": "55000",
    "convergence_iter": "11",
    "best_step": "55000",
    "best_iter": "11"
}