{"final_weight_diff": 0.0011336964089423418, "final_weight_sim": 0.7773345112800598, "final_feature_diff": 0.3412741922712055, "final_feature_sim": 0.5643462942742723, "final_0_weight_diff": 0.0012804509606212378, "final_1_weight_diff": 0.0010943328961730003, "final_2_weight_diff": 0.0010247009340673685, "final_0_weight_sim": 0.7608628273010254, "final_1_weight_sim": 0.7678513526916504, "final_2_weight_sim": 0.770006537437439, "best_weight_diff": 0.0008813294116407633, "best_weight_sim": 0.8172982335090637, "best_feature_diff": 0.2769162408619138, "best_feature_sim": 0.6497103125764319, "best_0_weight_diff": 0.0010047745890915394, "best_1_weight_diff": 0.0008503941353410482, "best_2_weight_diff": 0.0007880937773734331, "best_0_weight_sim": 0.8035942316055298, "best_1_weight_sim": 0.8074637651443481, "best_2_weight_sim": 0.8107407093048096, "num_feature_traj": 119, "num_feature_timesteps": "101758", "final_test_returns": 3214.5216586593074, "final_test_normalized_returns": 69.98743007848529, "best_return": 3712.257281509844, "best_return_normalized": 80.82975843784546, "convergence_step": "70000", "convergence_iter": "14", "best_step": "70000", "best_iter": "14", "best_5percent_normalized": 80.82975843784546, "best_10percent_normalized": 79.52763821444833, "best_25percent_normalized": 77.84536720067446, "best_50percent_normalized": 76.06135302771574, "best_100percent_normalized": 71.33518566929195, "best_later_half_normalized": 70.40528436620784, "best_last_four_normalized": 71.84564647287692, "target_steps": 5000}