{"final_weight_diff": 0.0014995664823800325, "final_weight_sim": 0.7640607357025146, "final_feature_diff": 0.2466770373331112, "final_feature_sim": 0.6614562424454864, "final_0_weight_diff": 0.0014849877916276455, "final_1_weight_diff": 0.001665662624873221, "final_2_weight_diff": 0.0013450983678922057, "final_0_weight_sim": 0.7202352285385132, "final_1_weight_sim": 0.7563733458518982, "final_2_weight_sim": 0.7911896109580994, "best_weight_diff": 0.0014995664823800325, "best_weight_sim": 0.7640607357025146, "best_feature_diff": 0.2466770373331112, "best_feature_sim": 0.6614562424454864, "best_0_weight_diff": 0.0014849877916276455, "best_1_weight_diff": 0.001665662624873221, "best_2_weight_diff": 0.0013450983678922057, "best_0_weight_sim": 0.7202352285385132, "best_1_weight_sim": 0.7563733458518982, "best_2_weight_sim": 0.7911896109580994, "num_feature_traj": 87, "num_feature_timesteps": "41133", "final_test_returns": 2272.0011382221264, "final_test_normalized_returns": 70.43240181514807, "best_return": 2272.0011382221264, "best_return_normalized": 70.43240181514807, "convergence_step": "100000", "convergence_iter": "20", "best_step": "100000", "best_iter": "20", "best_5percent_normalized": 70.43240181514807, "best_10percent_normalized": 68.25952607822605, "best_25percent_normalized": 65.29016305569613, "best_50percent_normalized": 62.680940910140166, "best_100percent_normalized": 57.87608330852294, "best_later_half_normalized": 61.34646755741714, "best_last_four_normalized": 65.64675798316827, "target_steps": 10000}