{
    "final_weight_diff": 0.001987107563763857,
    "final_weight_sim": 0.7268744707107544,
    "final_feature_diff": 0.6809335745736291,
    "final_feature_sim": 0.6732072623689762,
    "final_0_weight_diff": 0.002367031527683139,
    "final_1_weight_diff": 0.0019163445103913546,
    "final_2_weight_diff": 0.0016778492135927081,
    "final_0_weight_sim": 0.6928023099899292,
    "final_1_weight_sim": 0.7086963653564453,
    "final_2_weight_sim": 0.725300133228302,
    "best_weight_diff": 0.0011351385619491339,
    "best_weight_sim": 0.8089118599891663,
    "best_feature_diff": 0.5204429946337369,
    "best_feature_sim": 0.7507771129060451,
    "best_0_weight_diff": 0.0013378101866692305,
    "best_1_weight_diff": 0.001063839765265584,
    "best_2_weight_diff": 0.0010029779514297843,
    "best_0_weight_sim": 0.7771129608154297,
    "best_1_weight_sim": 0.7972652912139893,
    "best_2_weight_sim": 0.8043136596679688,
    "num_feature_traj": 219,
    "num_feature_timesteps": "197797",
    "final_test_returns": 4998.549923821678,
    "final_test_normalized_returns": 108.8494672027169,
    "best_return": 5015.949640300666,
    "best_return_normalized": 109.22849058534024,
    "convergence_step": "25000",
    "convergence_iter": "5",
    "best_step": "35000",
    "best_iter": "7"
}