{
    "final_weight_diff": 0.0007759810541756451,
    "final_weight_sim": 0.839256763458252,
    "final_feature_diff": 1.2717703916983178,
    "final_feature_sim": 0.6190290242644738,
    "final_0_weight_diff": 0.0010907683754339814,
    "final_1_weight_diff": 0.0007128381985239685,
    "final_2_weight_diff": 0.0005237401346676052,
    "final_0_weight_sim": 0.7703229784965515,
    "final_1_weight_sim": 0.8182895183563232,
    "final_2_weight_sim": 0.8542996048927307,
    "best_weight_diff": 0.0006955012795515358,
    "best_weight_sim": 0.852929949760437,
    "best_feature_diff": 1.1870261515183143,
    "best_feature_sim": 0.6440529858303632,
    "best_0_weight_diff": 0.0009870362700894475,
    "best_1_weight_diff": 0.0006316535291261971,
    "best_2_weight_diff": 0.0004673462244682014,
    "best_0_weight_sim": 0.7863482236862183,
    "best_1_weight_sim": 0.8346028923988342,
    "best_2_weight_sim": 0.8674501776695251,
    "num_feature_traj": 218,
    "num_feature_timesteps": "100692",
    "final_test_returns": 1836.5406907574743,
    "final_test_normalized_returns": 57.052442586844734,
    "best_return": 2067.7059270058794,
    "best_return_normalized": 64.15522644244585,
    "convergence_step": "50000",
    "convergence_iter": "10",
    "best_step": "90000",
    "best_iter": "18"
}