current_itr_train_time	current_itr_train_loss_mean	current_itr_train_loss_std	current_itr_eval_2000_return_mean	current_itr_eval_2000_return_std	current_itr_eval_2000_length_mean	current_itr_eval_2000_length_std	current_itr_eval_5000_return_mean	current_itr_eval_5000_return_std	current_itr_eval_5000_length_mean	current_itr_eval_5000_length_std	TestEpRet	TestEpNormRet	Iteration	Steps	total_time	current_eval_time
573.8354167938232	0.1074460607200861	0.1559096021735651	3935.109666906902	1731.7163765528664	956.8	129.6	3877.3195548612953	1649.9416813155967	887.7	264.2945515896989	3877.3195548612953	99.94339416596425	1	5000	687.9383912086487	114.10216879844666
572.5929312705994	0.030037777937576175	0.00357260449389043	3447.6546495769994	1509.7534337301267	855.3	265.8518572438417	4464.347416697369	1238.7963372930965	922.0	214.43926879188894	4464.347416697369	113.90263278951251	2	10000	1371.609117269516	111.06375646591187
572.7469391822815	0.025812239281460644	0.0025543844861731523	3163.56514385305	1452.7398923278374	805.4	311.5741324307909	3615.081544071215	1460.4627255280368	850.8	302.42777650209314	3615.081544071215	93.70750110744096	3	15000	2045.0390186309814	100.6488287448883
571.1344747543335	0.024171759090572596	0.0023559029386236593	3573.9480233705135	1377.7797503104039	886.3	274.9269175617404	3965.4554341037206	1536.0422357120312	853.0	286.1202544385839	3965.4554341037206	102.03922274519583	4	20000	2723.9998874664307	107.80378103256226
571.5824184417725	0.023212872271984816	0.0022540105191854445	4078.803268220062	129.053769856756	1000.0	0.0	3515.361362109771	933.9927524157266	893.2	228.87192925302134	3515.361362109771	91.33620341259294	5	25000	3411.733485221863	116.13707304000854
570.494964838028	0.022510153802484275	0.0021504882156704835	3437.7173270689163	1097.5939314085551	879.4	267.54857502890945	3452.2384656094555	1261.4258009383725	869.6	273.473655038287	3452.2384656094555	89.83517146480526	6	30000	4090.5182342529297	108.27582120895386
