{"final_weight_diff": 0.001959457527846098, "final_weight_sim": 0.713119626045227, "final_feature_diff": 0.23277917638197984, "final_feature_sim": 0.6866914345376525, "final_0_weight_diff": 0.0020488062873482704, "final_1_weight_diff": 0.0019729766063392162, "final_2_weight_diff": 0.0018421111162751913, "final_0_weight_sim": 0.669830322265625, "final_1_weight_sim": 0.7168416380882263, "final_2_weight_sim": 0.7349182963371277, "best_weight_diff": 0.0018946757772937417, "best_weight_sim": 0.7207621932029724, "best_feature_diff": 0.22988979034563747, "best_feature_sim": 0.6903477325571404, "best_0_weight_diff": 0.0019846796058118343, "best_1_weight_diff": 0.001904703094623983, "best_2_weight_diff": 0.001781360013410449, "best_0_weight_sim": 0.6775807738304138, "best_1_weight_sim": 0.7245272397994995, "best_2_weight_sim": 0.7422734498977661, "num_feature_traj": 109, "num_feature_timesteps": "31150", "final_test_returns": 3078.6762993714738, "final_test_normalized_returns": 67.02826878105041, "best_return": 3422.0947023571257, "best_return_normalized": 74.50905761527781, "convergence_step": "95000", "convergence_iter": "19", "best_step": "95000", "best_iter": "19", "best_5percent_normalized": 74.50905761527781, "best_10percent_normalized": 72.63009287053944, "best_25percent_normalized": 68.48117203506274, "best_50percent_normalized": 64.30896879120675, "best_100percent_normalized": 49.50757019772099, "best_later_half_normalized": 52.47387199207945, "best_last_four_normalized": 54.06085936495555}