current_itr_train_time	current_itr_train_loss_mean	current_itr_train_loss_std	current_itr_eval_2000_return_mean	current_itr_eval_2000_return_std	current_itr_eval_2000_length_mean	current_itr_eval_2000_length_std	current_itr_eval_5000_return_mean	current_itr_eval_5000_return_std	current_itr_eval_5000_length_mean	current_itr_eval_5000_length_std	TestEpRet	TestEpNormRet	Iteration	Steps	total_time	current_eval_time
948.3912887573242	0.09926069909892976	0.12110877863134886	3561.8516165167675	1843.3430816663288	907.1	278.70000000000005	4515.5936091373305	953.4811759269907	936.4	190.8	4515.5936091373305	115.1212424592141	1	5000	1121.2596156597137	172.86686086654663
936.5367603302002	0.03011741103976965	0.003610915960563907	3825.5614571517785	1310.6183501851144	904.8	285.6	3938.3589822871486	1325.4604632309783	910.4	268.8	3938.3589822871486	101.39488222688388	2	10000	2219.297299385071	161.45458459854126
930.687597990036	0.025903921111673115	0.002628643918149905	4034.5065261265727	216.87660715315633	1000.0	0.0	3500.317591555761	1458.6038167033093	984.2	47.400000000000006	3500.317591555761	90.97846982511975	3	15000	3316.8357059955597	166.787828207016
933.5982484817505	0.024204253812506796	0.0024131582365568187	2508.3388254741176	1485.297506330765	749.4	324.0978864479063	3482.044500286034	1286.0523978530741	815.0	257.74716293297973	3482.044500286034	90.54394455296968	4	20000	4378.65797996521	128.20631647109985
