{"final_weight_diff": 0.0010891378624364734, "final_weight_sim": 0.7803706526756287, "final_feature_diff": 0.20185851046331355, "final_feature_sim": 0.7790033180958255, "final_0_weight_diff": 0.0012680821819230914, "final_1_weight_diff": 0.0010525427060201764, "final_2_weight_diff": 0.0009454194805584848, "final_0_weight_sim": 0.746077299118042, "final_1_weight_sim": 0.7759621739387512, "final_2_weight_sim": 0.7831932902336121, "best_weight_diff": 0.0005468805320560932, "best_weight_sim": 0.8738206028938293, "best_feature_diff": 0.1427742074731032, "best_feature_sim": 0.8505147954157671, "best_0_weight_diff": 0.0006677546189166605, "best_1_weight_diff": 0.0005289128748700023, "best_2_weight_diff": 0.0004439837939571589, "best_0_weight_sim": 0.8477779030799866, "best_1_weight_sim": 0.8681722283363342, "best_2_weight_sim": 0.8806689381599426, "num_feature_traj": 876, "num_feature_timesteps": "796163", "final_test_returns": 4965.082431339285, "final_test_normalized_returns": 108.12043450704526, "best_return": 4998.760782631471, "best_return_normalized": 108.85406040510844, "convergence_step": "15000", "convergence_iter": "3", "best_step": "35000", "best_iter": "7", "best_5percent_normalized": 108.85406040510844, "best_10percent_normalized": 108.78471221901478, "best_25percent_normalized": 108.45963475766511, "best_50percent_normalized": 108.04922029550141, "best_100percent_normalized": 101.7692522633587, "best_later_half_normalized": 105.41108717333182, "best_last_four_normalized": 107.44478977010431, "target_steps": 15000}