{"final_weight_diff": 0.0013187465956434608, "final_weight_sim": 0.773957371711731, "final_feature_diff": 0.32230837286370195, "final_feature_sim": 0.6914844111603432, "final_0_weight_diff": 0.0016789063811302185, "final_1_weight_diff": 0.0013302150182425976, "final_2_weight_diff": 0.0009433389059267938, "final_0_weight_sim": 0.7302060127258301, "final_1_weight_sim": 0.7759577631950378, "final_2_weight_sim": 0.8014637231826782, "best_weight_diff": 0.0010882476344704628, "best_weight_sim": 0.8059428930282593, "best_feature_diff": 0.3121053246279284, "best_feature_sim": 0.7047899945596581, "best_0_weight_diff": 0.0014053526101633906, "best_1_weight_diff": 0.0010843652999028563, "best_2_weight_diff": 0.0007726396434009075, "best_0_weight_sim": 0.7647031545639038, "best_1_weight_sim": 0.8079394698143005, "best_2_weight_sim": 0.8318418264389038, "num_feature_traj": 119, "num_feature_timesteps": "101758", "final_test_returns": 2893.239674464009, "final_test_normalized_returns": 62.988845672084025, "best_return": 3668.916468725211, "best_return_normalized": 79.8856521653602, "convergence_step": "15000", "convergence_iter": "3", "best_step": "75000", "best_iter": "15", "best_5percent_normalized": 79.8856521653602, "best_10percent_normalized": 79.66719054987009, "best_25percent_normalized": 79.06403464545133, "best_50percent_normalized": 76.65689187740273, "best_100percent_normalized": 73.19021107739563, "best_later_half_normalized": 73.9568418784767, "best_last_four_normalized": 70.69847604996387}