{"final_weight_diff": 0.0012805305887013674, "final_weight_sim": 0.775272011756897, "final_feature_diff": 0.8713882733359368, "final_feature_sim": 0.4831664452884834, "final_0_weight_diff": 0.001306011457927525, "final_1_weight_diff": 0.0013537408085539937, "final_2_weight_diff": 0.0011756628518924117, "final_0_weight_sim": 0.7613275647163391, "final_1_weight_sim": 0.7615223526954651, "final_2_weight_sim": 0.7620450258255005, "best_weight_diff": 0.0007292101508937776, "best_weight_sim": 0.8543022871017456, "best_feature_diff": 0.6840680531309564, "best_feature_sim": 0.6096957199397504, "best_0_weight_diff": 0.000756675552111119, "best_1_weight_diff": 0.0007460807682946324, "best_2_weight_diff": 0.0006841187714599073, "best_0_weight_sim": 0.8428733944892883, "best_1_weight_sim": 0.8426520824432373, "best_2_weight_sim": 0.8411359786987305, "num_feature_traj": 109, "num_feature_timesteps": "31150", "final_test_returns": 898.1886660103603, "final_test_normalized_returns": 19.53003514241737, "best_return": 2869.9462436478134, "best_return_normalized": 62.48143769497593, "convergence_step": "45000", "convergence_iter": "9", "best_step": "45000", "best_iter": "9", "best_5percent_normalized": 62.48143769497593, "best_10percent_normalized": 61.716079123994916, "best_25percent_normalized": 60.1126112743611, "best_50percent_normalized": 54.85550564232941, "best_100percent_normalized": 36.08657955591943, "best_later_half_normalized": 46.04902175033264, "best_last_four_normalized": 45.30809543402127, "target_steps": 35000}