{"final_weight_diff": 0.0012612785212695599, "final_weight_sim": 0.7585891485214233, "final_feature_diff": 0.2578064942368382, "final_feature_sim": 0.6763530385958126, "final_0_weight_diff": 0.0015855154488235712, "final_1_weight_diff": 0.001177777536213398, "final_2_weight_diff": 0.001015196437947452, "final_0_weight_sim": 0.724722683429718, "final_1_weight_sim": 0.7567768096923828, "final_2_weight_sim": 0.7677286863327026, "best_weight_diff": 0.0006635058089159429, "best_weight_sim": 0.8531213998794556, "best_feature_diff": 0.20796623322125232, "best_feature_sim": 0.7538349892383914, "best_0_weight_diff": 0.0008638809667900205, "best_1_weight_diff": 0.000617467041593045, "best_2_weight_diff": 0.000508639495819807, "best_0_weight_sim": 0.8232685327529907, "best_1_weight_sim": 0.8490265607833862, "best_2_weight_sim": 0.8649799227714539, "num_feature_traj": 223, "num_feature_timesteps": "196344", "final_test_returns": 3904.904772587107, "final_test_normalized_returns": 100.59935730119388, "best_return": 4850.009638898909, "best_return_normalized": 123.07349389815016, "convergence_step": "35000", "convergence_iter": "7", "best_step": "35000", "best_iter": "7", "best_5percent_normalized": 123.07349389815016, "best_10percent_normalized": 122.8908553700984, "best_25percent_normalized": 118.3461132021699, "best_50percent_normalized": 112.42747766656908, "best_100percent_normalized": 102.47038921856263, "best_later_half_normalized": 104.47861605350633, "best_last_four_normalized": 106.93046227180741}