{"final_weight_diff": 0.0012408844195306301, "final_weight_sim": 0.7593443989753723, "final_feature_diff": 0.30130214482736567, "final_feature_sim": 0.737119663390578, "final_0_weight_diff": 0.0014982714783400297, "final_1_weight_diff": 0.0013137103524059057, "final_2_weight_diff": 0.0009074601111933589, "final_0_weight_sim": 0.7209848165512085, "final_1_weight_sim": 0.739246666431427, "final_2_weight_sim": 0.7888436317443848, "best_weight_diff": 0.0003921007155440748, "best_weight_sim": 0.9073181748390198, "best_feature_diff": 0.25303312260364913, "best_feature_sim": 0.7942876417737488, "best_0_weight_diff": 0.0004274546226952225, "best_1_weight_diff": 0.00040653403266333044, "best_2_weight_diff": 0.00034202818642370403, "best_0_weight_sim": 0.8959832787513733, "best_1_weight_sim": 0.8943124413490295, "best_2_weight_sim": 0.9118990898132324, "num_feature_traj": 120, "num_feature_timesteps": "106539", "final_test_returns": 3427.741026978697, "final_test_normalized_returns": 89.25263422297331, "best_return": 3693.237134196735, "best_return_normalized": 95.56600323869247, "convergence_step": "10000", "convergence_iter": "2", "best_step": "15000", "best_iter": "3", "best_5percent_normalized": 95.56600323869247, "best_10percent_normalized": 95.28760249282911, "best_25percent_normalized": 94.82207223992563, "best_50percent_normalized": 93.25390404530583, "best_100percent_normalized": 88.25869693546615, "best_later_half_normalized": 89.6675914395884, "best_last_four_normalized": 88.98214445417017}