{
    "final_weight_diff": 0.0013450636761263013,
    "final_weight_sim": 0.758090078830719,
    "final_feature_diff": 0.28597552153456773,
    "final_feature_sim": 0.7315687677662495,
    "final_0_weight_diff": 0.0016525788232684135,
    "final_1_weight_diff": 0.0014510286273434758,
    "final_2_weight_diff": 0.0009252735762856901,
    "final_0_weight_sim": 0.7146175503730774,
    "final_1_weight_sim": 0.750741183757782,
    "final_2_weight_sim": 0.7945554256439209,
    "best_weight_diff": 0.00027540817973203957,
    "best_weight_sim": 0.9419659376144409,
    "best_feature_diff": 0.1558068583294859,
    "best_feature_sim": 0.8648871538177852,
    "best_0_weight_diff": 0.0003347356687299907,
    "best_1_weight_diff": 0.00026584090664982796,
    "best_2_weight_diff": 0.00022556103067472577,
    "best_0_weight_sim": 0.9297717809677124,
    "best_1_weight_sim": 0.9419795870780945,
    "best_2_weight_sim": 0.9461841583251953,
    "num_feature_traj": 20,
    "num_feature_timesteps": "20000",
    "final_test_returns": 4932.0316436223175,
    "final_test_normalized_returns": 41.982565183749045,
    "best_return": 5505.97878753512,
    "best_return_normalized": 46.6055121914852,
    "convergence_step": "10000",
    "convergence_iter": "2",
    "best_step": "10000",
    "best_iter": "2"
}