{
    "final_weight_diff": 0.001150445663370192,
    "final_weight_sim": 0.7813394069671631,
    "final_feature_diff": 0.38592353414286673,
    "final_feature_sim": 0.6665106908918341,
    "final_0_weight_diff": 0.0015231302240863442,
    "final_1_weight_diff": 0.0011143357260152698,
    "final_2_weight_diff": 0.0008092253119684756,
    "final_0_weight_sim": 0.7419471740722656,
    "final_1_weight_sim": 0.7740718126296997,
    "final_2_weight_sim": 0.8023516535758972,
    "best_weight_diff": 0.0010375520214438438,
    "best_weight_sim": 0.797536313533783,
    "best_feature_diff": 0.37404328229478395,
    "best_feature_sim": 0.6803097567489246,
    "best_0_weight_diff": 0.0013899601763114333,
    "best_1_weight_diff": 0.0009978781454265118,
    "best_2_weight_diff": 0.0007215572404675186,
    "best_0_weight_sim": 0.7576901912689209,
    "best_1_weight_sim": 0.7907273769378662,
    "best_2_weight_sim": 0.8190671801567078,
    "num_feature_traj": 223,
    "num_feature_timesteps": "196344",
    "final_test_returns": 4619.884396182734,
    "final_test_normalized_returns": 117.60122693226964,
    "best_return": 4895.20894090679,
    "best_return_normalized": 124.14831143810882,
    "convergence_step": "85000",
    "convergence_iter": "17",
    "best_step": "85000",
    "best_iter": "17"
}