{"final_weight_diff": 0.0013040932826697826, "final_weight_sim": 0.7681292295455933, "final_feature_diff": 1.2856636188089268, "final_feature_sim": 0.4762713323820266, "final_0_weight_diff": 0.0016660194378346205, "final_1_weight_diff": 0.0013123214012011886, "final_2_weight_diff": 0.0009274493786506355, "final_0_weight_sim": 0.7247419357299805, "final_1_weight_sim": 0.7461079955101013, "final_2_weight_sim": 0.7778204679489136, "best_weight_diff": 0.0010455072624608874, "best_weight_sim": 0.8035475015640259, "best_feature_diff": 1.225130269691632, "best_feature_sim": 0.508541381983348, "best_0_weight_diff": 0.0013609783491119742, "best_1_weight_diff": 0.0010397994192317128, "best_2_weight_diff": 0.000732302840333432, "best_0_weight_sim": 0.7598046064376831, "best_1_weight_sim": 0.7834681868553162, "best_2_weight_sim": 0.8150790333747864, "num_feature_traj": 223, "num_feature_timesteps": "196344", "final_test_returns": 5150.836399431995, "final_test_normalized_returns": 130.22700876113464, "best_return": 5301.3399075514735, "best_return_normalized": 133.80590938937706, "convergence_step": "50000", "convergence_iter": "10", "best_step": "70000", "best_iter": "14", "best_5percent_normalized": 133.80590938937706, "best_10percent_normalized": 133.14449123264268, "best_25percent_normalized": 130.70251604964307, "best_50percent_normalized": 126.12268490551985, "best_100percent_normalized": 114.10470517434631, "best_later_half_normalized": 119.07633103608342, "best_last_four_normalized": 125.65096092615164}