{"final_weight_diff": 0.0011389813153073192, "final_weight_sim": 0.7727800011634827, "final_feature_diff": 0.20764394257041083, "final_feature_sim": 0.7794882208747248, "final_0_weight_diff": 0.001285069971345365, "final_1_weight_diff": 0.0011112072970718145, "final_2_weight_diff": 0.0010191465262323618, "final_0_weight_sim": 0.7473312020301819, "final_1_weight_sim": 0.7639182806015015, "final_2_weight_sim": 0.7715054750442505, "best_weight_diff": 0.0005178119754418731, "best_weight_sim": 0.8792693614959717, "best_feature_diff": 0.1344712196941214, "best_feature_sim": 0.8649405091143266, "best_0_weight_diff": 0.0006045275367796421, "best_1_weight_diff": 0.0005070339539088309, "best_2_weight_diff": 0.0004418694297783077, "best_0_weight_sim": 0.8615152835845947, "best_1_weight_sim": 0.8711831569671631, "best_2_weight_sim": 0.8812171816825867, "num_feature_traj": 175, "num_feature_timesteps": "161070", "final_test_returns": 4911.922658245455, "final_test_normalized_returns": 106.96243879821598, "best_return": 4970.626306365219, "best_return_normalized": 108.24119844407308, "convergence_step": "20000", "convergence_iter": "4", "best_step": "30000", "best_iter": "6", "best_5percent_normalized": 108.24119844407308, "best_10percent_normalized": 108.21605275756971, "best_25percent_normalized": 107.89692070192737, "best_50percent_normalized": 107.53998174674064, "best_100percent_normalized": 94.36857272973572, "best_later_half_normalized": 102.09526743983272, "best_last_four_normalized": 104.1018207088737, "target_steps": 20000}