{"final_weight_diff": 0.00145132711622864, "final_weight_sim": 0.764164924621582, "final_feature_diff": 0.5208853751930311, "final_feature_sim": 0.5169247158884176, "final_0_weight_diff": 0.0019027580274268985, "final_1_weight_diff": 0.0014808900887146592, "final_2_weight_diff": 0.0009619573247618973, "final_0_weight_sim": 0.7281042337417603, "final_1_weight_sim": 0.7597154974937439, "final_2_weight_sim": 0.7985609173774719, "best_weight_diff": 0.000762301089707762, "best_weight_sim": 0.862456202507019, "best_feature_diff": 0.4301290842299031, "best_feature_sim": 0.6236330152633318, "best_0_weight_diff": 0.0010730515932664275, "best_1_weight_diff": 0.0007295499090105295, "best_2_weight_diff": 0.0004827025986742228, "best_0_weight_sim": 0.83048415184021, "best_1_weight_sim": 0.8620906472206116, "best_2_weight_sim": 0.8908808827400208, "num_feature_traj": 223, "num_feature_timesteps": "196344", "final_test_returns": 3597.668139831441, "final_test_normalized_returns": 93.29341877705372, "best_return": 4716.017139177862, "best_return_normalized": 119.88721706365448, "convergence_step": "35000", "convergence_iter": "7", "best_step": "35000", "best_iter": "7", "best_5percent_normalized": 119.88721706365448, "best_10percent_normalized": 116.22510193994137, "best_25percent_normalized": 112.29999357004522, "best_50percent_normalized": 106.41046820944898, "best_100percent_normalized": 96.06243842284371, "best_later_half_normalized": 96.68412000366364, "best_last_four_normalized": 90.78558777672072}