{
    "final_weight_diff": 0.001047100406140089,
    "final_weight_sim": 0.780838668346405,
    "final_feature_diff": 0.24517619916762637,
    "final_feature_sim": 0.7420702845885686,
    "final_0_weight_diff": 0.0013191726757213473,
    "final_1_weight_diff": 0.0010125236585736275,
    "final_2_weight_diff": 0.0008072605705820024,
    "final_0_weight_sim": 0.7413435578346252,
    "final_1_weight_sim": 0.7760599255561829,
    "final_2_weight_sim": 0.7954419851303101,
    "best_weight_diff": 0.00039472751086577773,
    "best_weight_sim": 0.9036567807197571,
    "best_feature_diff": 0.15990047707514748,
    "best_feature_sim": 0.8615537659310238,
    "best_0_weight_diff": 0.00046017402200959623,
    "best_1_weight_diff": 0.00038464489625766873,
    "best_2_weight_diff": 0.0003393944934941828,
    "best_0_weight_sim": 0.8893078565597534,
    "best_1_weight_sim": 0.897288978099823,
    "best_2_weight_sim": 0.903944194316864,
    "num_feature_traj": 160,
    "num_feature_timesteps": "160000",
    "final_test_returns": 5009.805950449148,
    "final_test_normalized_returns": 42.609010498160224,
    "best_return": 5140.75008000792,
    "best_return_normalized": 43.6637204629097,
    "convergence_step": "5000",
    "convergence_iter": "1",
    "best_step": "20000",
    "best_iter": "4"
}