{
    "final_weight_diff": 0.0016539731295779347,
    "final_weight_sim": 0.7286791801452637,
    "final_feature_diff": 0.2768628308482073,
    "final_feature_sim": 0.6340061341245109,
    "final_0_weight_diff": 0.00186335074249655,
    "final_1_weight_diff": 0.0017450182931497693,
    "final_2_weight_diff": 0.0013474782463163137,
    "final_0_weight_sim": 0.671177327632904,
    "final_1_weight_sim": 0.7296900749206543,
    "final_2_weight_sim": 0.7681122422218323,
    "best_weight_diff": 0.0012240427313372493,
    "best_weight_sim": 0.7918053865432739,
    "best_feature_diff": 0.2718926729136579,
    "best_feature_sim": 0.6419060857320954,
    "best_0_weight_diff": 0.0013916085008531809,
    "best_1_weight_diff": 0.0012751640751957893,
    "best_2_weight_diff": 0.0010019214823842049,
    "best_0_weight_sim": 0.7411472201347351,
    "best_1_weight_sim": 0.7929722666740417,
    "best_2_weight_sim": 0.8253538012504578,
    "num_feature_traj": 24,
    "num_feature_timesteps": "20987",
    "final_test_returns": 3223.929093402426,
    "final_test_normalized_returns": 84.40608502134036,
    "best_return": 3960.9350826548166,
    "best_return_normalized": 101.93173097412352,
    "convergence_step": "60000",
    "convergence_iter": "12",
    "best_step": "60000",
    "best_iter": "12"
}