{"final_weight_diff": 0.0010166408028453588, "final_weight_sim": 0.7959914207458496, "final_feature_diff": 0.6212304203043971, "final_feature_sim": 0.6578096376407299, "final_0_weight_diff": 0.0011719763278961182, "final_1_weight_diff": 0.00102032080758363, "final_2_weight_diff": 0.0008499246323481202, "final_0_weight_sim": 0.7613034248352051, "final_1_weight_sim": 0.7844141721725464, "final_2_weight_sim": 0.8012193441390991, "best_weight_diff": 0.0007077576592564583, "best_weight_sim": 0.8507273197174072, "best_feature_diff": 0.5634669222470564, "best_feature_sim": 0.7028590972892773, "best_0_weight_diff": 0.0008532106294296682, "best_1_weight_diff": 0.0006926921778358519, "best_2_weight_diff": 0.0005757012404501438, "best_0_weight_sim": 0.8195196986198425, "best_1_weight_sim": 0.8413655161857605, "best_2_weight_sim": 0.8556578159332275, "num_feature_traj": 20, "num_feature_timesteps": "20000", "final_test_returns": 4765.758545821926, "final_test_normalized_returns": 40.64329252058527, "best_return": 4835.157456823015, "best_return_normalized": 41.20227689981824, "convergence_step": "15000", "convergence_iter": "3", "best_step": "60000", "best_iter": "12", "best_5percent_normalized": 41.20227689981824, "best_10percent_normalized": 41.112305502747745, "best_25percent_normalized": 40.818958357712475, "best_50percent_normalized": 40.40652356020095, "best_100percent_normalized": 38.84615033654809, "best_later_half_normalized": 40.193694034906144, "best_last_four_normalized": 40.39642654967606, "target_steps": 5000}