{"final_weight_diff": 0.0012563855852931738, "final_weight_sim": 0.7756304740905762, "final_feature_diff": 0.9438003629831125, "final_feature_sim": 0.38080907037766604, "final_0_weight_diff": 0.0015360144898295403, "final_1_weight_diff": 0.0011727750534191728, "final_2_weight_diff": 0.0010517002083361149, "final_0_weight_sim": 0.74139803647995, "final_1_weight_sim": 0.776532769203186, "final_2_weight_sim": 0.7797375917434692, "best_weight_diff": 0.0012110009556636214, "best_weight_sim": 0.781902015209198, "best_feature_diff": 0.935675040609071, "best_feature_sim": 0.3904441386411623, "best_0_weight_diff": 0.0014922170666977763, "best_1_weight_diff": 0.0011243377812206745, "best_2_weight_diff": 0.001008859951980412, "best_0_weight_sim": 0.7473275661468506, "best_1_weight_sim": 0.7830848097801208, "best_2_weight_sim": 0.7862326502799988, "num_feature_traj": 48, "num_feature_timesteps": "28017", "final_test_returns": 3563.785683611387, "final_test_normalized_returns": 92.48771035625012, "best_return": 3725.37888775558, "best_return_normalized": 96.33031859214752, "convergence_step": "70000", "convergence_iter": "14", "best_step": "95000", "best_iter": "19", "best_5percent_normalized": 96.33031859214752, "best_10percent_normalized": 95.91159461275687, "best_25percent_normalized": 93.97361805087392, "best_50percent_normalized": 91.7657472496347, "best_100percent_normalized": 79.793436311834, "best_later_half_normalized": 86.31485378588552, "best_last_four_normalized": 93.59380490525083, "target_steps": 10000}