{"final_weight_diff": 0.0013724673772230744, "final_weight_sim": 0.744023859500885, "final_feature_diff": 0.2144567098838644, "final_feature_sim": 0.7640824324052109, "final_0_weight_diff": 0.0015663572121411562, "final_1_weight_diff": 0.0014150980859994888, "final_2_weight_diff": 0.0011334785958752036, "final_0_weight_sim": 0.7187144160270691, "final_1_weight_sim": 0.7317408919334412, "final_2_weight_sim": 0.7498572468757629, "best_weight_diff": 0.0012784600257873535, "best_weight_sim": 0.756882905960083, "best_feature_diff": 0.2090906231112311, "best_feature_sim": 0.7704074914118773, "best_0_weight_diff": 0.001468824571929872, "best_1_weight_diff": 0.0013125358382239938, "best_2_weight_diff": 0.001052002189680934, "best_0_weight_sim": 0.7316945195198059, "best_1_weight_sim": 0.7446847558021545, "best_2_weight_sim": 0.7632156610488892, "num_feature_traj": 87, "num_feature_timesteps": "79976", "final_test_returns": 4915.689422558063, "final_test_normalized_returns": 107.04449138528165, "best_return": 4994.72229750577, "best_return_normalized": 108.7660888398898, "convergence_step": "25000", "convergence_iter": "5", "best_step": "90000", "best_iter": "18", "best_5percent_normalized": 108.7660888398898, "best_10percent_normalized": 108.67274487079858, "best_25percent_normalized": 108.46496308753392, "best_50percent_normalized": 108.01794877201787, "best_100percent_normalized": 100.35056971744845, "best_later_half_normalized": 106.6621424453617, "best_last_four_normalized": 107.69327369678172, "target_steps": 10000}