{"final_weight_diff": 0.00126138876657933, "final_weight_sim": 0.7487421035766602, "final_feature_diff": 0.29547385556092887, "final_feature_sim": 0.6744700215513436, "final_0_weight_diff": 0.0014234979171305895, "final_1_weight_diff": 0.0012320865644142032, "final_2_weight_diff": 0.0011155797401443124, "final_0_weight_sim": 0.7139817476272583, "final_1_weight_sim": 0.750250518321991, "final_2_weight_sim": 0.752544105052948, "best_weight_diff": 0.0007895357557572424, "best_weight_sim": 0.8252398371696472, "best_feature_diff": 0.2669723416390583, "best_feature_sim": 0.7257771083119167, "best_0_weight_diff": 0.000906204164493829, "best_1_weight_diff": 0.000763291958719492, "best_2_weight_diff": 0.0006970632821321487, "best_0_weight_sim": 0.7961694002151489, "best_1_weight_sim": 0.8221526145935059, "best_2_weight_sim": 0.826461672782898, "num_feature_traj": 48, "num_feature_timesteps": "28017", "final_test_returns": 2925.2449487069707, "final_test_normalized_returns": 77.30352052664425, "best_return": 3338.2865818749065, "best_return_normalized": 87.1254507853163, "convergence_step": "40000", "convergence_iter": "8", "best_step": "45000", "best_iter": "9", "best_5percent_normalized": 87.1254507853163, "best_10percent_normalized": 86.8817331290762, "best_25percent_normalized": 84.2547234200534, "best_50percent_normalized": 81.5385276986947, "best_100percent_normalized": 75.65757941701223, "best_later_half_normalized": 74.87469959118944, "best_last_four_normalized": 70.26046140770575, "target_steps": 5000}