{
    "final_weight_diff": 0.0014489891473203897,
    "final_weight_sim": 0.7602576017379761,
    "final_feature_diff": 0.4629420934442035,
    "final_feature_sim": 0.5310041126667383,
    "final_0_weight_diff": 0.0015885274624451995,
    "final_1_weight_diff": 0.0015598118770867586,
    "final_2_weight_diff": 0.0011943243443965912,
    "final_0_weight_sim": 0.7445269823074341,
    "final_1_weight_sim": 0.7494758367538452,
    "final_2_weight_sim": 0.7656647562980652,
    "best_weight_diff": 0.0002175519912270829,
    "best_weight_sim": 0.9532895088195801,
    "best_feature_diff": 0.2657571058074976,
    "best_feature_sim": 0.7275937791381887,
    "best_0_weight_diff": 0.0002490024780854583,
    "best_1_weight_diff": 0.00022794638061895967,
    "best_2_weight_diff": 0.00017571386706549674,
    "best_0_weight_sim": 0.9475598335266113,
    "best_1_weight_sim": 0.9484567046165466,
    "best_2_weight_sim": 0.9569665789604187,
    "num_feature_traj": 204,
    "num_feature_timesteps": "37349",
    "final_test_returns": 2013.6396790588308,
    "final_test_normalized_returns": 62.493986719364976,
    "best_return": 2404.433877340293,
    "best_return_normalized": 74.50153061940631,
    "convergence_step": "5000",
    "convergence_iter": "1",
    "best_step": "10000",
    "best_iter": "2"
}