{
    "final_weight_diff": 0.0009281567763537169,
    "final_weight_sim": 0.8144711256027222,
    "final_feature_diff": 0.9312979240500937,
    "final_feature_sim": 0.631086582367401,
    "final_0_weight_diff": 0.001180842169560492,
    "final_1_weight_diff": 0.0009246424306184053,
    "final_2_weight_diff": 0.0006773417699150741,
    "final_0_weight_sim": 0.7617642879486084,
    "final_1_weight_sim": 0.7944003939628601,
    "final_2_weight_sim": 0.8254373073577881,
    "best_weight_diff": 0.0007201110129244626,
    "best_weight_sim": 0.8489052057266235,
    "best_feature_diff": 0.8439881521545063,
    "best_feature_sim": 0.6686323906081231,
    "best_0_weight_diff": 0.0009280754020437598,
    "best_1_weight_diff": 0.0007053775480017066,
    "best_2_weight_diff": 0.0005259113386273384,
    "best_0_weight_sim": 0.8001829385757446,
    "best_1_weight_sim": 0.8332075476646423,
    "best_2_weight_sim": 0.8589432239532471,
    "num_feature_traj": 218,
    "num_feature_timesteps": "100692",
    "final_test_returns": 1730.9054451560205,
    "final_test_normalized_returns": 53.80669366188871,
    "best_return": 2179.4819991172844,
    "best_return_normalized": 67.58965842417456,
    "convergence_step": "75000",
    "convergence_iter": "15",
    "best_step": "75000",
    "best_iter": "15"
}