{"final_weight_diff": 0.001201242790557444, "final_weight_sim": 0.7650960683822632, "final_feature_diff": 0.32677250738535546, "final_feature_sim": 0.7269050777329401, "final_0_weight_diff": 0.0014357233885675669, "final_1_weight_diff": 0.0013294464442878962, "final_2_weight_diff": 0.000835159735288471, "final_0_weight_sim": 0.732582688331604, "final_1_weight_sim": 0.7367116808891296, "final_2_weight_sim": 0.8001085519790649, "best_weight_diff": 0.0006698071374557912, "best_weight_sim": 0.8532463908195496, "best_feature_diff": 0.3376683629083578, "best_feature_sim": 0.7336870683814384, "best_0_weight_diff": 0.0008103505824692547, "best_1_weight_diff": 0.0007218809332698584, "best_2_weight_diff": 0.0004765681514982134, "best_0_weight_sim": 0.8282632231712341, "best_1_weight_sim": 0.8306127786636353, "best_2_weight_sim": 0.8778690695762634, "num_feature_traj": 80, "num_feature_timesteps": "80000", "final_test_returns": 4960.507444894005, "final_test_normalized_returns": 42.211927977305926, "best_return": 8892.38369922455, "best_return_normalized": 73.88184001977753, "convergence_step": "40000", "convergence_iter": "8", "best_step": "40000", "best_iter": "8", "best_5percent_normalized": 73.88184001977753, "best_10percent_normalized": 62.32532284856764, "best_25percent_normalized": 50.933819831584955, "best_50percent_normalized": 46.98074971822102, "best_100percent_normalized": 44.364390370205385, "best_later_half_normalized": 42.781369574855326, "best_last_four_normalized": 42.53196379031626, "target_steps": 5000}