{"final_weight_diff": 0.00132559344638139, "final_weight_sim": 0.7894761562347412, "final_feature_diff": 0.9966808481997089, "final_feature_sim": 0.46277781889176706, "final_0_weight_diff": 0.0016374516999348998, "final_1_weight_diff": 0.0013764940667897463, "final_2_weight_diff": 0.000958463700953871, "final_0_weight_sim": 0.7446566224098206, "final_1_weight_sim": 0.7877839803695679, "final_2_weight_sim": 0.8042036890983582, "best_weight_diff": 0.0009738022345118225, "best_weight_sim": 0.8371310234069824, "best_feature_diff": 0.920198414742938, "best_feature_sim": 0.5104262646814599, "best_0_weight_diff": 0.0012274265754967928, "best_1_weight_diff": 0.0009876025142148137, "best_2_weight_diff": 0.0007038565818220377, "best_0_weight_sim": 0.7986719012260437, "best_1_weight_sim": 0.8364617228507996, "best_2_weight_sim": 0.8493993282318115, "num_feature_traj": 100, "num_feature_timesteps": "100000", "final_test_returns": 4960.221308165988, "final_test_normalized_returns": 42.209623244292416, "best_return": 5062.8413154735335, "best_return_normalized": 43.03619213787045, "convergence_step": "15000", "convergence_iter": "3", "best_step": "65000", "best_iter": "13", "best_5percent_normalized": 43.03619213787045, "best_10percent_normalized": 42.957876256037, "best_25percent_normalized": 42.82580147622377, "best_50percent_normalized": 42.656738494628094, "best_100percent_normalized": 42.1268875628087, "best_later_half_normalized": 42.48115200801704, "best_last_four_normalized": 42.51898983297242, "target_steps": 5000}