{"final_weight_diff": 0.0014101279666647315, "final_weight_sim": 0.744071364402771, "final_feature_diff": 0.24831800042849278, "final_feature_sim": 0.6948562091485467, "final_0_weight_diff": 0.0014472820330411196, "final_1_weight_diff": 0.0014824643731117249, "final_2_weight_diff": 0.0012962068431079388, "final_0_weight_sim": 0.7296375036239624, "final_1_weight_sim": 0.7282229065895081, "final_2_weight_sim": 0.7417802214622498, "best_weight_diff": 0.0013010029215365648, "best_weight_sim": 0.7582314014434814, "best_feature_diff": 0.24400439897081466, "best_feature_sim": 0.7010235463376254, "best_0_weight_diff": 0.001337986788712442, "best_1_weight_diff": 0.001371738500893116, "best_2_weight_diff": 0.001189938629977405, "best_0_weight_sim": 0.744640052318573, "best_1_weight_sim": 0.7414390444755554, "best_2_weight_sim": 0.7559906244277954, "num_feature_traj": 109, "num_feature_timesteps": "31150", "final_test_returns": 1478.0510634906552, "final_test_normalized_returns": 32.16135632598292, "best_return": 3293.6937781725305, "best_return_normalized": 71.712060740347, "convergence_step": "90000", "convergence_iter": "18", "best_step": "90000", "best_iter": "18", "best_5percent_normalized": 71.712060740347, "best_10percent_normalized": 67.19918629638084, "best_25percent_normalized": 63.07004910238528, "best_50percent_normalized": 56.14930032546397, "best_100percent_normalized": 40.58406194638836, "best_later_half_normalized": 46.7078397667339, "best_last_four_normalized": 53.37042230018309}