{"final_weight_diff": 0.0015323256375268102, "final_weight_sim": 0.7873836159706116, "final_feature_diff": 2.0780286383123303, "final_feature_sim": 0.3415869243310688, "final_0_weight_diff": 0.002027764217928052, "final_1_weight_diff": 0.0015369490720331669, "final_2_weight_diff": 0.0010253303917124867, "final_0_weight_sim": 0.7388874888420105, "final_1_weight_sim": 0.7732043862342834, "final_2_weight_sim": 0.8050370812416077, "best_weight_diff": 0.0010831475956365466, "best_weight_sim": 0.8382885456085205, "best_feature_diff": 1.9440784779788431, "best_feature_sim": 0.39287526518506466, "best_0_weight_diff": 0.0014758838806301355, "best_1_weight_diff": 0.0010578813962638378, "best_2_weight_diff": 0.000712541223037988, "best_0_weight_sim": 0.7921097278594971, "best_1_weight_sim": 0.8280752301216125, "best_2_weight_sim": 0.8559316992759705, "num_feature_traj": 223, "num_feature_timesteps": "196344", "final_test_returns": 4639.662086931301, "final_test_normalized_returns": 118.0715308522888, "best_return": 5179.750834517213, "best_return_normalized": 130.91458004226126, "convergence_step": "60000", "convergence_iter": "12", "best_step": "60000", "best_iter": "12", "best_5percent_normalized": 130.91458004226126, "best_10percent_normalized": 128.81843510655938, "best_25percent_normalized": 124.43162593493173, "best_50percent_normalized": 120.73598822986528, "best_100percent_normalized": 110.39483707841343, "best_later_half_normalized": 120.53369678804172, "best_last_four_normalized": 120.37446016075025, "target_steps": 10000}