{
    "final_weight_diff": 0.001590193947777152,
    "final_weight_sim": 0.8520326018333435,
    "final_feature_diff": 9.69939273022874,
    "final_feature_sim": 0.3126978836964026,
    "final_0_weight_diff": 0.0013556835474446416,
    "final_1_weight_diff": 0.0017748242244124413,
    "final_2_weight_diff": 0.0016374554252251983,
    "final_0_weight_sim": 0.7595030665397644,
    "final_1_weight_sim": 0.7913095951080322,
    "final_2_weight_sim": 0.8289745450019836,
    "best_weight_diff": 0.0009475629194639623,
    "best_weight_sim": 0.9055219292640686,
    "best_feature_diff": 9.243718720109351,
    "best_feature_sim": 0.34085593323659996,
    "best_0_weight_diff": 0.0008903059642761946,
    "best_1_weight_diff": 0.0010373101104050875,
    "best_2_weight_diff": 0.0009141340851783752,
    "best_0_weight_sim": 0.8270692825317383,
    "best_1_weight_sim": 0.8626461625099182,
    "best_2_weight_sim": 0.8959470391273499,
    "num_feature_traj": 128,
    "num_feature_timesteps": "81102",
    "final_test_returns": 3318.0069282405493,
    "final_test_normalized_returns": 102.57197936920775,
    "best_return": 3468.8026394145163,
    "best_return_normalized": 107.20532891692864,
    "convergence_step": "55000",
    "convergence_iter": "11",
    "best_step": "55000",
    "best_iter": "11"
}