{
    "final_weight_diff": 0.0011289870599284768,
    "final_weight_sim": 0.7690771818161011,
    "final_feature_diff": 0.26920543672206093,
    "final_feature_sim": 0.6702248708287044,
    "final_0_weight_diff": 0.001349748927168548,
    "final_1_weight_diff": 0.0009908289648592472,
    "final_2_weight_diff": 0.0010443545179441571,
    "final_0_weight_sim": 0.7274731397628784,
    "final_1_weight_sim": 0.7790401577949524,
    "final_2_weight_sim": 0.766011118888855,
    "best_weight_diff": 0.0010176798095926642,
    "best_weight_sim": 0.7869280576705933,
    "best_feature_diff": 0.25965684493367225,
    "best_feature_sim": 0.6848194683065505,
    "best_0_weight_diff": 0.001233491231687367,
    "best_1_weight_diff": 0.0008818430360406637,
    "best_2_weight_diff": 0.0009361437405459583,
    "best_0_weight_sim": 0.7471703886985779,
    "best_1_weight_sim": 0.796921968460083,
    "best_2_weight_sim": 0.7836943864822388,
    "num_feature_traj": 72,
    "num_feature_timesteps": "58362",
    "final_test_returns": 3299.984456774268,
    "final_test_normalized_returns": 86.21464477621733,
    "best_return": 3814.135374936336,
    "best_return_normalized": 98.44090492797984,
    "convergence_step": "5000",
    "convergence_iter": "1",
    "best_step": "85000",
    "best_iter": "17"
}