{"final_weight_diff": 0.0012575893197208643, "final_weight_sim": 0.8310801386833191, "final_feature_diff": 1.306808791567836, "final_feature_sim": 0.6229661950300807, "final_0_weight_diff": 0.0016505805542692542, "final_1_weight_diff": 0.0012038330314680934, "final_2_weight_diff": 0.0009104427299462259, "final_0_weight_sim": 0.7848507761955261, "final_1_weight_sim": 0.8350574970245361, "final_2_weight_sim": 0.8280335068702698, "best_weight_diff": 0.0007771478849463165, "best_weight_sim": 0.8902701139450073, "best_feature_diff": 1.0428976364124445, "best_feature_sim": 0.7052857185377075, "best_0_weight_diff": 0.0010435411240905523, "best_1_weight_diff": 0.0007129458244889975, "best_2_weight_diff": 0.0005718338652513921, "best_0_weight_sim": 0.8551718592643738, "best_1_weight_sim": 0.8959337472915649, "best_2_weight_sim": 0.8864613771438599, "num_feature_traj": 200, "num_feature_timesteps": "200000", "final_test_returns": 5002.616096625019, "final_test_normalized_returns": 42.551098696394426, "best_return": 5096.460177550942, "best_return_normalized": 43.30698051880865, "convergence_step": "10000", "convergence_iter": "2", "best_step": "55000", "best_iter": "11", "best_5percent_normalized": 43.30698051880865, "best_10percent_normalized": 43.292766443939115, "best_25percent_normalized": 43.261939172005135, "best_50percent_normalized": 43.137990669825854, "best_100percent_normalized": 42.28121829609344, "best_later_half_normalized": 42.742868553754754, "best_last_four_normalized": 42.45399572678435, "target_steps": 10000}