{
    "final_weight_diff": 0.0015197457978501916,
    "final_weight_sim": 0.7356846928596497,
    "final_feature_diff": 0.11776709285311425,
    "final_feature_sim": 0.6784585167051037,
    "final_0_weight_diff": 0.0016943860100582242,
    "final_1_weight_diff": 0.0014816795010119677,
    "final_2_weight_diff": 0.0013728339690715075,
    "final_0_weight_sim": 0.7101316452026367,
    "final_1_weight_sim": 0.7310475707054138,
    "final_2_weight_sim": 0.7417806386947632,
    "best_weight_diff": 0.0012780226534232497,
    "best_weight_sim": 0.7700929641723633,
    "best_feature_diff": 0.11374154291776734,
    "best_feature_sim": 0.7063150031096626,
    "best_0_weight_diff": 0.0014303023926913738,
    "best_1_weight_diff": 0.0012194784358143806,
    "best_2_weight_diff": 0.0011789960553869605,
    "best_0_weight_sim": 0.7497636675834656,
    "best_1_weight_sim": 0.7651764750480652,
    "best_2_weight_sim": 0.7696983218193054,
    "num_feature_traj": 109,
    "num_feature_timesteps": "31150",
    "final_test_returns": 3321.3635446983,
    "final_test_normalized_returns": 72.31479978598954,
    "best_return": 3572.625397198351,
    "best_return_normalized": 77.78811409969043,
    "convergence_step": "25000",
    "convergence_iter": "5",
    "best_step": "75000",
    "best_iter": "15"
}