{
    "final_weight_diff": 0.0015260427026078105,
    "final_weight_sim": 0.7330406904220581,
    "final_feature_diff": 0.3125132152748246,
    "final_feature_sim": 0.6385116789647541,
    "final_0_weight_diff": 0.001759397448040545,
    "final_1_weight_diff": 0.0015942053869366646,
    "final_2_weight_diff": 0.0012143499916419387,
    "final_0_weight_sim": 0.7109642028808594,
    "final_1_weight_sim": 0.723529577255249,
    "final_2_weight_sim": 0.7489949464797974,
    "best_weight_diff": 0.0013149486621841788,
    "best_weight_sim": 0.7655482292175293,
    "best_feature_diff": 0.30243099121537487,
    "best_feature_sim": 0.6581248922031492,
    "best_0_weight_diff": 0.0015303705586120486,
    "best_1_weight_diff": 0.001376739819534123,
    "best_2_weight_diff": 0.0010312381200492382,
    "best_0_weight_sim": 0.7457229495048523,
    "best_1_weight_sim": 0.7553468346595764,
    "best_2_weight_sim": 0.7804835438728333,
    "num_feature_traj": 20,
    "num_feature_timesteps": "20000",
    "final_test_returns": 4040.649923225032,
    "final_test_normalized_returns": 34.802791748571195,
    "best_return": 4857.832329993455,
    "best_return_normalized": 41.38491521100392,
    "convergence_step": "15000",
    "convergence_iter": "3",
    "best_step": "80000",
    "best_iter": "16"
}