{"final_weight_diff": 0.0018393577774986625, "final_weight_sim": 0.7096079587936401, "final_feature_diff": 0.17122698845475728, "final_feature_sim": 0.6828257770988886, "final_0_weight_diff": 0.0018205998931080103, "final_1_weight_diff": 0.0017959729302674532, "final_2_weight_diff": 0.0018878104165196419, "final_0_weight_sim": 0.6989271640777588, "final_1_weight_sim": 0.7075489163398743, "final_2_weight_sim": 0.6985194683074951, "best_weight_diff": 0.0009588297107256949, "best_weight_sim": 0.8302735090255737, "best_feature_diff": 0.13134235684046347, "best_feature_sim": 0.7794658700875953, "best_0_weight_diff": 0.001009818515740335, "best_1_weight_diff": 0.0008408002322539687, "best_2_weight_diff": 0.001024284865707159, "best_0_weight_sim": 0.8185170888900757, "best_1_weight_sim": 0.8368616104125977, "best_2_weight_sim": 0.8155998587608337, "num_feature_traj": 109, "num_feature_timesteps": "31150", "final_test_returns": 1923.7725281531136, "final_test_normalized_returns": 41.87064425881892, "best_return": 3726.935308571455, "best_return_normalized": 81.14949442169596, "convergence_step": "35000", "convergence_iter": "7", "best_step": "35000", "best_iter": "7", "best_5percent_normalized": 81.14949442169596, "best_10percent_normalized": 78.7166149309001, "best_25percent_normalized": 74.98548104353532, "best_50percent_normalized": 70.72473696391756, "best_100percent_normalized": 58.74383674034969, "best_later_half_normalized": 60.513820097826354, "best_last_four_normalized": 52.25563069416722}