{
    "final_weight_diff": 0.0015443997690454125,
    "final_weight_sim": 0.7499258518218994,
    "final_feature_diff": 0.4289221652379814,
    "final_feature_sim": 0.5513940784900416,
    "final_0_weight_diff": 0.0017994659719988704,
    "final_1_weight_diff": 0.0016100709326565266,
    "final_2_weight_diff": 0.0012140512699261308,
    "final_0_weight_sim": 0.7258167862892151,
    "final_1_weight_sim": 0.743098258972168,
    "final_2_weight_sim": 0.765220046043396,
    "best_weight_diff": 0.0004899082123301923,
    "best_weight_sim": 0.904937207698822,
    "best_feature_diff": 0.2611255848031704,
    "best_feature_sim": 0.739365068704905,
    "best_0_weight_diff": 0.0006201569922268391,
    "best_1_weight_diff": 0.00048039067769423127,
    "best_2_weight_diff": 0.00036871881457045674,
    "best_0_weight_sim": 0.8887737393379211,
    "best_1_weight_sim": 0.9018558263778687,
    "best_2_weight_sim": 0.915012001991272,
    "num_feature_traj": 109,
    "num_feature_timesteps": "31150",
    "final_test_returns": 2931.886307700378,
    "final_test_normalized_returns": 63.83069718581083,
    "best_return": 3614.929996404364,
    "best_return_normalized": 78.70964821267165,
    "convergence_step": "20000",
    "convergence_iter": "4",
    "best_step": "20000",
    "best_iter": "4"
}