{
    "final_weight_diff": 0.0011505610309541225,
    "final_weight_sim": 0.7752052545547485,
    "final_feature_diff": 0.22961228993978952,
    "final_feature_sim": 0.78205976066332,
    "final_0_weight_diff": 0.0013050781562924385,
    "final_1_weight_diff": 0.0011139150010421872,
    "final_2_weight_diff": 0.0010311229852959514,
    "final_0_weight_sim": 0.7561746835708618,
    "final_1_weight_sim": 0.7658835053443909,
    "final_2_weight_sim": 0.769071638584137,
    "best_weight_diff": 0.0005226269131526351,
    "best_weight_sim": 0.8818249702453613,
    "best_feature_diff": 0.15621425842689696,
    "best_feature_sim": 0.8564802150094645,
    "best_0_weight_diff": 0.0006035991245880723,
    "best_1_weight_diff": 0.0005030226893723011,
    "best_2_weight_diff": 0.0004612669872585684,
    "best_0_weight_sim": 0.8710455298423767,
    "best_1_weight_sim": 0.8734238147735596,
    "best_2_weight_sim": 0.8776480555534363,
    "num_feature_traj": 219,
    "num_feature_timesteps": "197797",
    "final_test_returns": 4660.569550158118,
    "final_test_normalized_returns": 101.4871366359534,
    "best_return": 5066.270396071493,
    "best_return_normalized": 110.32464310549514,
    "convergence_step": "30000",
    "convergence_iter": "6",
    "best_step": "30000",
    "best_iter": "6"
}