{"final_weight_diff": 0.001995023339986801, "final_weight_sim": 0.7278568148612976, "final_feature_diff": 0.6811551722582854, "final_feature_sim": 0.6717921816994429, "final_0_weight_diff": 0.0023703777696937323, "final_1_weight_diff": 0.0019677982199937105, "final_2_weight_diff": 0.0016469527035951614, "final_0_weight_sim": 0.6955211758613586, "final_1_weight_sim": 0.707145094871521, "final_2_weight_sim": 0.7284830212593079, "best_weight_diff": 0.001937836641445756, "best_weight_sim": 0.7324680685997009, "best_feature_diff": 0.6729877512713297, "best_feature_sim": 0.6760499510466011, "best_0_weight_diff": 0.0023025416303426027, "best_1_weight_diff": 0.0019084159284830093, "best_2_weight_diff": 0.0016025258228182793, "best_0_weight_sim": 0.7000214457511902, "best_1_weight_sim": 0.7120354771614075, "best_2_weight_sim": 0.7329896092414856, "num_feature_traj": 219, "num_feature_timesteps": "197797", "final_test_returns": 4956.934247146224, "final_test_normalized_returns": 107.94294010138516, "best_return": 4992.6788087526575, "best_return_normalized": 108.72157489505092, "convergence_step": "35000", "convergence_iter": "7", "best_step": "95000", "best_iter": "19", "best_5percent_normalized": 108.72157489505092, "best_10percent_normalized": 108.54302745847502, "best_25percent_normalized": 108.24568470228012, "best_50percent_normalized": 107.96042558938004, "best_100percent_normalized": 97.90090606092403, "best_later_half_normalized": 106.26717261836839, "best_last_four_normalized": 107.99345714835098, "target_steps": 20000}