{"final_weight_diff": 1191.3946533203125, "final_feature_diff": 47.06439279096769, "best_weight_diff": 1191.6126708984375, "best_feature_diff": 47.07327833094319, "num_feature_traj": 200, "num_feature_timesteps": "200000", "final_test_returns": 6594.35132003222, "final_test_normalized_returns": 55.37197892239048, "best_return": 7540.116564392467, "best_return_normalized": 62.98979295423505, "convergence_step": "5000", "convergence_iter": "1", "best_step": "75000", "best_iter": "15", "best_5percent_normalized": 62.98979295423505, "best_10percent_normalized": 59.18088593831277, "best_25percent_normalized": 55.782887913242384, "best_50percent_normalized": 52.375455828531656, "best_100percent_normalized": 45.58912043631743, "best_later_half_normalized": 51.95934401045438, "best_last_four_normalized": 50.21362560720992}