{
    "final_weight_diff": 0.0011796335456892848,
    "final_weight_sim": 0.8254950046539307,
    "final_feature_diff": 1.085294657259985,
    "final_feature_sim": 0.6575701375834058,
    "final_0_weight_diff": 0.0016428838716819882,
    "final_1_weight_diff": 0.0011150705395266414,
    "final_2_weight_diff": 0.0007753506070002913,
    "final_0_weight_sim": 0.7753115892410278,
    "final_1_weight_sim": 0.8205780386924744,
    "final_2_weight_sim": 0.8427021503448486,
    "best_weight_diff": 0.000703127239830792,
    "best_weight_sim": 0.8872954845428467,
    "best_feature_diff": 0.8611593086819173,
    "best_feature_sim": 0.7329101575699147,
    "best_0_weight_diff": 0.0010180191602557898,
    "best_1_weight_diff": 0.000628781330306083,
    "best_2_weight_diff": 0.00046062274486757815,
    "best_0_weight_sim": 0.8445496559143066,
    "best_1_weight_sim": 0.8877041339874268,
    "best_2_weight_sim": 0.9010753035545349,
    "num_feature_traj": 219,
    "num_feature_timesteps": "197797",
    "final_test_returns": 4973.1953525943045,
    "final_test_normalized_returns": 108.29716076926611,
    "best_return": 5015.515818129502,
    "best_return_normalized": 109.21904050338227,
    "convergence_step": "40000",
    "convergence_iter": "8",
    "best_step": "50000",
    "best_iter": "10"
}