{
    "final_weight_diff": 0.0017620717408135533,
    "final_weight_sim": 0.7434929609298706,
    "final_feature_diff": 0.37188080525920847,
    "final_feature_sim": 0.6715101122702746,
    "final_0_weight_diff": 0.002130701206624508,
    "final_1_weight_diff": 0.0015204647788777947,
    "final_2_weight_diff": 0.0016293661901727319,
    "final_0_weight_sim": 0.6627107858657837,
    "final_1_weight_sim": 0.7554737329483032,
    "final_2_weight_sim": 0.7832967042922974,
    "best_weight_diff": 0.0011498002568259835,
    "best_weight_sim": 0.8218936920166016,
    "best_feature_diff": 0.3388242886257596,
    "best_feature_sim": 0.7107802435849478,
    "best_0_weight_diff": 0.0013869546819478273,
    "best_1_weight_diff": 0.0009827595204114914,
    "best_2_weight_diff": 0.0010769882937893271,
    "best_0_weight_sim": 0.7555674910545349,
    "best_1_weight_sim": 0.8269734978675842,
    "best_2_weight_sim": 0.8544262647628784,
    "num_feature_traj": 100,
    "num_feature_timesteps": "100000",
    "final_test_returns": 4971.322429127761,
    "final_test_normalized_returns": 42.29903895874806,
    "best_return": 5059.12333221076,
    "best_return_normalized": 43.00624506037081,
    "convergence_step": "10000",
    "convergence_iter": "2",
    "best_step": "50000",
    "best_iter": "10"
}