{
    "final_weight_diff": 0.0021623631473630667,
    "final_weight_sim": 0.678077220916748,
    "final_feature_diff": 0.37160857519164214,
    "final_feature_sim": 0.6270064177310903,
    "final_0_weight_diff": 0.0027765375562012196,
    "final_1_weight_diff": 0.002134139183908701,
    "final_2_weight_diff": 0.0015598115278407931,
    "final_0_weight_sim": 0.631784975528717,
    "final_1_weight_sim": 0.6887304186820984,
    "final_2_weight_sim": 0.7048743367195129,
    "best_weight_diff": 0.001943866373039782,
    "best_weight_sim": 0.7006450891494751,
    "best_feature_diff": 0.36727284037827024,
    "best_feature_sim": 0.6356698068016178,
    "best_0_weight_diff": 0.002525116316974163,
    "best_1_weight_diff": 0.001920809387229383,
    "best_2_weight_diff": 0.0013725260505452752,
    "best_0_weight_sim": 0.6545470952987671,
    "best_1_weight_sim": 0.7097065448760986,
    "best_2_weight_sim": 0.7292964458465576,
    "num_feature_traj": 223,
    "num_feature_timesteps": "196344",
    "final_test_returns": 4900.230833653348,
    "final_test_normalized_returns": 124.26772961865618,
    "best_return": 5374.413757098479,
    "best_return_normalized": 135.5435701875842,
    "convergence_step": "40000",
    "convergence_iter": "8",
    "best_step": "135000",
    "best_iter": "27"
}