{"final_weight_diff": 32.70643615722656, "final_feature_diff": 9.247458854407466, "best_weight_diff": 29.74185562133789, "best_feature_diff": 8.881543632345892, "num_feature_traj": 321, "num_feature_timesteps": "203500", "final_test_returns": 3100.1813026263994, "final_test_normalized_returns": 95.87906843650228, "best_return": 3388.4533340217868, "best_return_normalized": 104.73651587905916, "convergence_step": "5000", "convergence_iter": "1", "best_step": "75000", "best_iter": "15", "best_5percent_normalized": 104.73651587905916, "best_10percent_normalized": 100.86849446930472, "best_25percent_normalized": 95.8073119172757, "best_50percent_normalized": 85.70568639695715, "best_100percent_normalized": 66.15525270063368, "best_later_half_normalized": 73.93049922060035, "best_last_four_normalized": 77.53805392484952, "target_steps": 35000}