{
    "final_weight_diff": 0.0015586103545501828,
    "final_weight_sim": 0.7165955305099487,
    "final_feature_diff": 0.17077955029071665,
    "final_feature_sim": 0.6617658250464249,
    "final_0_weight_diff": 0.0017381202196702361,
    "final_1_weight_diff": 0.001426767441444099,
    "final_2_weight_diff": 0.0014993255026638508,
    "final_0_weight_sim": 0.679028332233429,
    "final_1_weight_sim": 0.7231705188751221,
    "final_2_weight_sim": 0.7224221229553223,
    "best_weight_diff": 0.0007308498024940491,
    "best_weight_sim": 0.8494428992271423,
    "best_feature_diff": 0.13405094000340526,
    "best_feature_sim": 0.789307023946163,
    "best_0_weight_diff": 0.0008183064055629075,
    "best_1_weight_diff": 0.0006474660476669669,
    "best_2_weight_diff": 0.0007268706103786826,
    "best_0_weight_sim": 0.8360081911087036,
    "best_1_weight_sim": 0.84894198179245,
    "best_2_weight_sim": 0.838360071182251,
    "num_feature_traj": 21,
    "num_feature_timesteps": "5525",
    "final_test_returns": 2280.007195181858,
    "final_test_normalized_returns": 49.63061371970039,
    "best_return": 3167.5590389922427,
    "best_return_normalized": 68.96442887127823,
    "convergence_step": "30000",
    "convergence_iter": "6",
    "best_step": "30000",
    "best_iter": "6"
}