{"final_weight_diff": 0.0012488672509789467, "final_weight_sim": 0.7676020860671997, "final_feature_diff": 0.37021165088305347, "final_feature_sim": 0.6216768018236277, "final_0_weight_diff": 0.0013000903418287635, "final_1_weight_diff": 0.0012047382770106196, "final_2_weight_diff": 0.0012352231424301863, "final_0_weight_sim": 0.752422571182251, "final_1_weight_sim": 0.7621321678161621, "final_2_weight_sim": 0.7524517774581909, "best_weight_diff": 0.0010261153802275658, "best_weight_sim": 0.8002049922943115, "best_feature_diff": 0.3379943018299953, "best_feature_sim": 0.6592752226079358, "best_0_weight_diff": 0.0010650516487658024, "best_1_weight_diff": 0.000978602096438408, "best_2_weight_diff": 0.0010314318351447582, "best_0_weight_sim": 0.7873775362968445, "best_1_weight_sim": 0.7955651879310608, "best_2_weight_sim": 0.7824375033378601, "num_feature_traj": 109, "num_feature_timesteps": "31150", "final_test_returns": 3123.7797441415714, "final_test_normalized_returns": 68.01077100890987, "best_return": 3420.6363908260246, "best_return_normalized": 74.47729076608208, "convergence_step": "75000", "convergence_iter": "15", "best_step": "75000", "best_iter": "15", "best_5percent_normalized": 74.47729076608208, "best_10percent_normalized": 73.29170166730165, "best_25percent_normalized": 69.78585822991468, "best_50percent_normalized": 64.77926877504225, "best_100percent_normalized": 51.386615938191525, "best_later_half_normalized": 60.79181564593616, "best_last_four_normalized": 59.64846039526051, "target_steps": 10000}