{
    "final_weight_diff": 0.0015544678317382932,
    "final_weight_sim": 0.7698971033096313,
    "final_feature_diff": 0.15287481584103835,
    "final_feature_sim": 0.7907864607975821,
    "final_0_weight_diff": 0.0022223135456442833,
    "final_1_weight_diff": 0.0014428007416427135,
    "final_2_weight_diff": 0.0009950509993359447,
    "final_0_weight_sim": 0.7191951274871826,
    "final_1_weight_sim": 0.7849376797676086,
    "final_2_weight_sim": 0.8116964101791382,
    "best_weight_diff": 0.0008920188993215561,
    "best_weight_sim": 0.8587002158164978,
    "best_feature_diff": 0.13830301335448814,
    "best_feature_sim": 0.815699868927834,
    "best_0_weight_diff": 0.0012611320707947016,
    "best_1_weight_diff": 0.0008309854310937226,
    "best_2_weight_diff": 0.0005828721332363784,
    "best_0_weight_sim": 0.8275133371353149,
    "best_1_weight_sim": 0.8653174638748169,
    "best_2_weight_sim": 0.885077953338623,
    "num_feature_traj": 100,
    "num_feature_timesteps": "100000",
    "final_test_returns": 4932.032756209416,
    "final_test_normalized_returns": 41.98257414525578,
    "best_return": 5085.821984399221,
    "best_return_normalized": 43.22129352877818,
    "convergence_step": "5000",
    "convergence_iter": "1",
    "best_step": "45000",
    "best_iter": "9"
}