{"final_weight_diff": 0.0008814784814603627, "final_weight_sim": 0.820783793926239, "final_feature_diff": 0.8734834350236834, "final_feature_sim": 0.5321712474323606, "final_0_weight_diff": 0.0013266617897897959, "final_1_weight_diff": 0.0008196274284273386, "final_2_weight_diff": 0.0004952125018462539, "final_0_weight_sim": 0.7640638947486877, "final_1_weight_sim": 0.8175088167190552, "final_2_weight_sim": 0.8621474504470825, "best_weight_diff": 0.0005473571945913136, "best_weight_sim": 0.8782952427864075, "best_feature_diff": 0.7101274970032878, "best_feature_sim": 0.6281567609496296, "best_0_weight_diff": 0.0008298808825202286, "best_1_weight_diff": 0.0005109480698592961, "best_2_weight_diff": 0.0003003817982971668, "best_0_weight_sim": 0.8308019638061523, "best_1_weight_sim": 0.8744315505027771, "best_2_weight_sim": 0.9116306304931641, "num_feature_traj": 120, "num_feature_timesteps": "106539", "final_test_returns": 3838.794690058125, "final_test_normalized_returns": 99.0272915144728, "best_return": 3925.60054739825, "best_return_normalized": 101.0914928161665, "convergence_step": "50000", "convergence_iter": "10", "best_step": "50000", "best_iter": "10", "best_5percent_normalized": 101.0914928161665, "best_10percent_normalized": 100.05939216531965, "best_25percent_normalized": 97.1973376115764, "best_50percent_normalized": 94.78354060058699, "best_100percent_normalized": 87.96722004798069, "best_later_half_normalized": 90.51417120558126, "best_last_four_normalized": 92.6996157323385, "target_steps": 10000}