{"final_weight_diff": 0.0009558397578075528, "final_weight_sim": 0.7939580082893372, "final_feature_diff": 0.18244280274078103, "final_feature_sim": 0.7894241015724361, "final_0_weight_diff": 0.0010518246563151479, "final_1_weight_diff": 0.0009710186277516186, "final_2_weight_diff": 0.000844260270241648, "final_0_weight_sim": 0.7679194808006287, "final_1_weight_sim": 0.7818975448608398, "final_2_weight_sim": 0.7951639890670776, "best_weight_diff": 0.00028269612812437117, "best_weight_sim": 0.926949143409729, "best_feature_diff": 0.0888706705604587, "best_feature_sim": 0.8970258236239662, "best_0_weight_diff": 0.0003087517980020493, "best_1_weight_diff": 0.0002962005091831088, "best_2_weight_diff": 0.00024322603712789714, "best_0_weight_sim": 0.9189438819885254, "best_1_weight_sim": 0.91690593957901, "best_2_weight_sim": 0.9279054999351501, "num_feature_traj": 218, "num_feature_timesteps": "100692", "final_test_returns": 1803.3211468870252, "final_test_normalized_returns": 56.03173876596438, "best_return": 2194.1429969296505, "best_return_normalized": 68.0401322941157, "convergence_step": "15000", "convergence_iter": "3", "best_step": "20000", "best_iter": "4", "best_5percent_normalized": 68.0401322941157, "best_10percent_normalized": 67.35372877934536, "best_25percent_normalized": 66.3500529314133, "best_50percent_normalized": 63.704086931215215, "best_100percent_normalized": 57.34260105555778, "best_later_half_normalized": 57.44523581139659, "best_last_four_normalized": 58.360019293461484, "target_steps": 10000}