{"final_weight_diff": 0.0015256734332069755, "final_weight_sim": 0.7457692623138428, "final_feature_diff": 0.37971159617429334, "final_feature_sim": 0.6296975658440489, "final_0_weight_diff": 0.001875992980785668, "final_1_weight_diff": 0.001589585212059319, "final_2_weight_diff": 0.0011038697557523847, "final_0_weight_sim": 0.7170634269714355, "final_1_weight_sim": 0.7395464181900024, "final_2_weight_sim": 0.7668551206588745, "best_weight_diff": 0.0008629835210740566, "best_weight_sim": 0.8382181525230408, "best_feature_diff": 0.33805894143490955, "best_feature_sim": 0.6858151733958282, "best_0_weight_diff": 0.0011211413657292724, "best_1_weight_diff": 0.0008924028952606022, "best_2_weight_diff": 0.000573589582927525, "best_0_weight_sim": 0.8111324906349182, "best_1_weight_sim": 0.8301764130592346, "best_2_weight_sim": 0.8640193939208984, "num_feature_traj": 223, "num_feature_timesteps": "196344", "final_test_returns": 5186.885007533062, "final_test_normalized_returns": 131.08422722595444, "best_return": 5240.035122051152, "best_return_normalized": 132.34811124179376, "convergence_step": "40000", "convergence_iter": "8", "best_step": "40000", "best_iter": "8", "best_5percent_normalized": 132.34811124179376, "best_10percent_normalized": 131.7161692338741, "best_25percent_normalized": 127.57755335389906, "best_50percent_normalized": 124.4154204093988, "best_100percent_normalized": 114.90376605240552, "best_later_half_normalized": 121.24252802508772, "best_last_four_normalized": 121.06336069104515, "target_steps": 15000}