{
    "final_weight_diff": 0.001261152676306665,
    "final_weight_sim": 0.7630838751792908,
    "final_feature_diff": 0.2470155805453063,
    "final_feature_sim": 0.7400698325650834,
    "final_0_weight_diff": 0.0013589350273832679,
    "final_1_weight_diff": 0.0013497937470674515,
    "final_2_weight_diff": 0.0010718018747866154,
    "final_0_weight_sim": 0.7406896948814392,
    "final_1_weight_sim": 0.7434279918670654,
    "final_2_weight_sim": 0.7718546986579895,
    "best_weight_diff": 0.001261152676306665,
    "best_weight_sim": 0.7630838751792908,
    "best_feature_diff": 0.2470155805453063,
    "best_feature_sim": 0.7400698325650834,
    "best_0_weight_diff": 0.0013589350273832679,
    "best_1_weight_diff": 0.0013497937470674515,
    "best_2_weight_diff": 0.0010718018747866154,
    "best_0_weight_sim": 0.7406896948814392,
    "best_1_weight_sim": 0.7434279918670654,
    "best_2_weight_sim": 0.7718546986579895,
    "num_feature_traj": 122,
    "num_feature_timesteps": "19420",
    "final_test_returns": 2334.0513800627004,
    "final_test_normalized_returns": 72.33895776246091,
    "best_return": 2334.0513800627004,
    "best_return_normalized": 72.33895776246091,
    "convergence_step": "100000",
    "convergence_iter": "20",
    "best_step": "100000",
    "best_iter": "20"
}