{"final_weight_diff": 0.0009669632418081164, "final_weight_sim": 0.7956138253211975, "final_feature_diff": 0.16420993396199093, "final_feature_sim": 0.7781226463063129, "final_0_weight_diff": 0.0011949690524488688, "final_1_weight_diff": 0.000963658734690398, "final_2_weight_diff": 0.000741328694857657, "final_0_weight_sim": 0.7604895234107971, "final_1_weight_sim": 0.7858819961547852, "final_2_weight_sim": 0.8095722198486328, "best_weight_diff": 0.0003967034863308072, "best_weight_sim": 0.9018353223800659, "best_feature_diff": 0.14635736035631747, "best_feature_sim": 0.8362253967099601, "best_0_weight_diff": 0.0004844435316044837, "best_1_weight_diff": 0.000381326797651127, "best_2_weight_diff": 0.0003243900428060442, "best_0_weight_sim": 0.8829346299171448, "best_1_weight_sim": 0.8965181708335876, "best_2_weight_sim": 0.9055975079536438, "num_feature_traj": 321, "num_feature_timesteps": "203500", "final_test_returns": 2121.377950166533, "final_test_normalized_returns": 65.80435321336434, "best_return": 3633.128843589036, "best_return_normalized": 112.25441643979808, "convergence_step": "30000", "convergence_iter": "6", "best_step": "30000", "best_iter": "6", "best_5percent_normalized": 112.25441643979808, "best_10percent_normalized": 111.14228802253496, "best_25percent_normalized": 107.84419925594622, "best_50percent_normalized": 99.40566507951891, "best_100percent_normalized": 82.06865072058392, "best_later_half_normalized": 84.16044722249978, "best_last_four_normalized": 72.29416788641433}