{"final_weight_diff": 0.0021235705353319645, "final_weight_sim": 0.6917476654052734, "final_feature_diff": 0.4147949916577797, "final_feature_sim": 0.5932445580840994, "final_0_weight_diff": 0.0023074198979884386, "final_1_weight_diff": 0.0018848446197807789, "final_2_weight_diff": 0.0021616718731820583, "final_0_weight_sim": 0.6298671960830688, "final_1_weight_sim": 0.692781388759613, "final_2_weight_sim": 0.7206189036369324, "best_weight_diff": 0.0012034893734380603, "best_weight_sim": 0.818143367767334, "best_feature_diff": 0.3635043163317492, "best_feature_sim": 0.6625524422293974, "best_0_weight_diff": 0.0014347454998642206, "best_1_weight_diff": 0.001050623133778572, "best_2_weight_diff": 0.0011220879387110472, "best_0_weight_sim": 0.7555021047592163, "best_1_weight_sim": 0.8167141675949097, "best_2_weight_sim": 0.8522085547447205, "num_feature_traj": 20, "num_feature_timesteps": "20000", "final_test_returns": 4758.274466432908, "final_test_normalized_returns": 40.583010833004685, "best_return": 4825.3892037690775, "best_return_normalized": 41.1235969783212, "convergence_step": "30000", "convergence_iter": "6", "best_step": "40000", "best_iter": "8", "best_5percent_normalized": 41.1235969783212, "best_10percent_normalized": 41.02415173319707, "best_25percent_normalized": 40.72192727298021, "best_50percent_normalized": 40.08731757463203, "best_100percent_normalized": 38.44673048125571, "best_later_half_normalized": 39.2670213834664, "best_last_four_normalized": 39.79818527408802, "target_steps": 10000}