{"final_weight_diff": 0.0016057537868618965, "final_weight_sim": 0.8489647507667542, "final_feature_diff": 7.318016607322786, "final_feature_sim": 0.39221891732911507, "final_0_weight_diff": 0.001683924114331603, "final_1_weight_diff": 0.0017630539368838072, "final_2_weight_diff": 0.0013641419354826212, "final_0_weight_sim": 0.7431371808052063, "final_1_weight_sim": 0.7899075746536255, "final_2_weight_sim": 0.843994140625, "best_weight_diff": 0.0013582224491983652, "best_weight_sim": 0.8690302968025208, "best_feature_diff": 7.197222180091466, "best_feature_sim": 0.40474661423573205, "best_0_weight_diff": 0.0014400100335478783, "best_1_weight_diff": 0.0014839500654488802, "best_2_weight_diff": 0.0011458878871053457, "best_0_weight_sim": 0.769001305103302, "best_1_weight_sim": 0.8155589699745178, "best_2_weight_sim": 0.8663914203643799, "num_feature_traj": 219, "num_feature_timesteps": "197797", "final_test_returns": 5002.856172139456, "final_test_normalized_returns": 108.94327153601114, "best_return": 5042.48600235778, "best_return_normalized": 109.8065403323894, "convergence_step": "5000", "convergence_iter": "1", "best_step": "80000", "best_iter": "16", "best_5percent_normalized": 109.8065403323894, "best_10percent_normalized": 109.56962750307454, "best_25percent_normalized": 109.13916382593086, "best_50percent_normalized": 108.70684570589131, "best_100percent_normalized": 97.82882650683132, "best_later_half_normalized": 106.15217092250433, "best_last_four_normalized": 107.2101514206345}