{"final_weight_diff": 0.0011270171962678432, "final_weight_sim": 0.7780259847640991, "final_feature_diff": 0.11836235498098728, "final_feature_sim": 0.7287899850318846, "final_0_weight_diff": 0.001603005570359528, "final_1_weight_diff": 0.000974771159235388, "final_2_weight_diff": 0.0008015113417059183, "final_0_weight_sim": 0.7185900211334229, "final_1_weight_sim": 0.7868770360946655, "final_2_weight_sim": 0.8090280890464783, "best_weight_diff": 0.00034165100078098476, "best_weight_sim": 0.9206539392471313, "best_feature_diff": 0.1425505193869148, "best_feature_sim": 0.8567005230724322, "best_0_weight_diff": 0.0004469040432013571, "best_1_weight_diff": 0.0002946533204521984, "best_2_weight_diff": 0.0002834372571669519, "best_0_weight_sim": 0.9034830927848816, "best_1_weight_sim": 0.921505331993103, "best_2_weight_sim": 0.923356294631958, "num_feature_traj": 100, "num_feature_timesteps": "100000", "final_test_returns": 5043.365820256262, "final_test_normalized_returns": 42.87932371663384, "best_return": 5109.001350089019, "best_return_normalized": 43.40799535383885, "convergence_step": "5000", "convergence_iter": "1", "best_step": "15000", "best_iter": "3", "best_5percent_normalized": 43.40799535383885, "best_10percent_normalized": 43.34260205016069, "best_25percent_normalized": 43.08522694816473, "best_50percent_normalized": 42.966926241123126, "best_100percent_normalized": 42.670474137467146, "best_later_half_normalized": 42.61942998099717, "best_last_four_normalized": 42.66167953827644, "target_steps": 5000}