{"final_weight_diff": 0.0019770271610468626, "final_weight_sim": 0.7045597434043884, "final_feature_diff": 0.25400324469672303, "final_feature_sim": 0.6703082011319188, "final_0_weight_diff": 0.002079987432807684, "final_1_weight_diff": 0.0022002854384481907, "final_2_weight_diff": 0.0016390986274927855, "final_0_weight_sim": 0.6768982410430908, "final_1_weight_sim": 0.6972602009773254, "final_2_weight_sim": 0.7329734563827515, "best_weight_diff": 0.0014725528890267015, "best_weight_sim": 0.7655649781227112, "best_feature_diff": 0.24273526596274342, "best_feature_sim": 0.687191475231922, "best_0_weight_diff": 0.0015780096873641014, "best_1_weight_diff": 0.0016319897258654237, "best_2_weight_diff": 0.0012015748070552945, "best_0_weight_sim": 0.7347232699394226, "best_1_weight_sim": 0.7570421695709229, "best_2_weight_sim": 0.7966106534004211, "num_feature_traj": 89, "num_feature_timesteps": "79322", "final_test_returns": 5093.875055525322, "final_test_normalized_returns": 128.8724955538326, "best_return": 5396.705013971443, "best_return_normalized": 136.07364549429155, "convergence_step": "60000", "convergence_iter": "12", "best_step": "60000", "best_iter": "12", "best_5percent_normalized": 136.07364549429155, "best_10percent_normalized": 135.71258503831544, "best_25percent_normalized": 133.60686788776053, "best_50percent_normalized": 129.96490457389137, "best_100percent_normalized": 120.4614799406532, "best_later_half_normalized": 127.7988902972219, "best_last_four_normalized": 130.30743618763745, "target_steps": 5000}