{"final_weight_diff": 0.001597787020727992, "final_weight_sim": 0.7581446766853333, "final_feature_diff": 0.5862227829026686, "final_feature_sim": 0.6984226353236521, "final_0_weight_diff": 0.001938522094860673, "final_1_weight_diff": 0.0015512483660131693, "final_2_weight_diff": 0.0013036151649430394, "final_0_weight_sim": 0.7220133543014526, "final_1_weight_sim": 0.74237060546875, "final_2_weight_sim": 0.7594600319862366, "best_weight_diff": 0.001545787788927555, "best_weight_sim": 0.7630628347396851, "best_feature_diff": 0.5786291098125187, "best_feature_sim": 0.7022287973656094, "best_0_weight_diff": 0.001874258159659803, "best_1_weight_diff": 0.0014950715703889728, "best_2_weight_diff": 0.0012680045329034328, "best_0_weight_sim": 0.7270925641059875, "best_1_weight_sim": 0.747748851776123, "best_2_weight_sim": 0.7638963460922241, "num_feature_traj": 109, "num_feature_timesteps": "50468", "final_test_returns": 2218.555433960633, "final_test_normalized_returns": 68.7902289195149, "best_return": 2243.490500646192, "best_return_normalized": 69.5563838655043, "convergence_step": "5000", "convergence_iter": "1", "best_step": "95000", "best_iter": "19", "best_5percent_normalized": 69.5563838655043, "best_10percent_normalized": 69.1733063925096, "best_25percent_normalized": 64.37343656677712, "best_50percent_normalized": 60.933391922647004, "best_100percent_normalized": 56.43156574817162, "best_later_half_normalized": 59.12090870408697, "best_last_four_normalized": 61.77137595519344}