{
    "final_weight_diff": 0.0009115586872212589,
    "final_weight_sim": 0.813851535320282,
    "final_feature_diff": 0.48906307021226525,
    "final_feature_sim": 0.7407110802052143,
    "final_0_weight_diff": 0.001227741944603622,
    "final_1_weight_diff": 0.0008579397108405828,
    "final_2_weight_diff": 0.000646090367808938,
    "final_0_weight_sim": 0.7660641670227051,
    "final_1_weight_sim": 0.8076849579811096,
    "final_2_weight_sim": 0.8335780501365662,
    "best_weight_diff": 0.00035902499803341925,
    "best_weight_sim": 0.9156481623649597,
    "best_feature_diff": 0.27129846464703705,
    "best_feature_sim": 0.8620846043753064,
    "best_0_weight_diff": 0.0004727778141386807,
    "best_1_weight_diff": 0.00034741638228297234,
    "best_2_weight_diff": 0.0002568538475316018,
    "best_0_weight_sim": 0.8876442313194275,
    "best_1_weight_sim": 0.9093508124351501,
    "best_2_weight_sim": 0.9266347885131836,
    "num_feature_traj": 200,
    "num_feature_timesteps": "200000",
    "final_test_returns": 5040.5452509501165,
    "final_test_normalized_returns": 42.85660500015925,
    "best_return": 5098.89923594811,
    "best_return_normalized": 43.32662629601735,
    "convergence_step": "10000",
    "convergence_iter": "2",
    "best_step": "25000",
    "best_iter": "5"
}