{"final_weight_diff": 0.0010219120886176825, "final_weight_sim": 0.7895896434783936, "final_feature_diff": 0.24531109245752444, "final_feature_sim": 0.7823026865749257, "final_0_weight_diff": 0.001220101141370833, "final_1_weight_diff": 0.0010331301018595695, "final_2_weight_diff": 0.0008113810326904058, "final_0_weight_sim": 0.7637435793876648, "final_1_weight_sim": 0.7731525897979736, "final_2_weight_sim": 0.799168586730957, "best_weight_diff": 0.0010219120886176825, "best_weight_sim": 0.7895896434783936, "best_feature_diff": 0.24531109245752444, "best_feature_sim": 0.7823026865749257, "best_0_weight_diff": 0.001220101141370833, "best_1_weight_diff": 0.0010331301018595695, "best_2_weight_diff": 0.0008113810326904058, "best_0_weight_sim": 0.7637435793876648, "best_1_weight_sim": 0.7731525897979736, "best_2_weight_sim": 0.799168586730957, "num_feature_traj": 321, "num_feature_timesteps": "203500", "final_test_returns": 3636.3923030469705, "final_test_normalized_returns": 112.35468950649016, "best_return": 3636.3923030469705, "best_return_normalized": 112.35468950649016, "convergence_step": "75000", "convergence_iter": "15", "best_step": "100000", "best_iter": "20", "best_5percent_normalized": 112.35468950649016, "best_10percent_normalized": 111.726700175073, "best_25percent_normalized": 109.59775868634217, "best_50percent_normalized": 104.6995958716171, "best_100percent_normalized": 85.45758852085842, "best_later_half_normalized": 96.60150922601531, "best_last_four_normalized": 108.2612709533053, "target_steps": 20000}