{"final_weight_diff": 0.0013970700092613697, "final_weight_sim": 0.7397722005844116, "final_feature_diff": 0.16988400041019439, "final_feature_sim": 0.6801960713040754, "final_0_weight_diff": 0.0016368032665923238, "final_1_weight_diff": 0.0013951811706647277, "final_2_weight_diff": 0.0011512662749737501, "final_0_weight_sim": 0.7056726217269897, "final_1_weight_sim": 0.7316872477531433, "final_2_weight_sim": 0.7571754455566406, "best_weight_diff": 0.0008332414436154068, "best_weight_sim": 0.8373589515686035, "best_feature_diff": 0.15511794528486464, "best_feature_sim": 0.7604281626599343, "best_0_weight_diff": 0.0009837249526754022, "best_1_weight_diff": 0.0008302615606226027, "best_2_weight_diff": 0.0006850190693512559, "best_0_weight_sim": 0.820815920829773, "best_1_weight_sim": 0.8255199790000916, "best_2_weight_sim": 0.8438849449157715, "num_feature_traj": 20, "num_feature_timesteps": "20000", "final_test_returns": 4763.24759713702, "final_test_normalized_returns": 40.62306769181387, "best_return": 4811.907117067589, "best_return_normalized": 41.01500340304912, "convergence_step": "10000", "convergence_iter": "2", "best_step": "45000", "best_iter": "9", "best_5percent_normalized": 41.01500340304912, "best_10percent_normalized": 40.916075458737865, "best_25percent_normalized": 40.510090599781556, "best_50percent_normalized": 40.14066259877628, "best_100percent_normalized": 38.83477531463224, "best_later_half_normalized": 39.06853847355586, "best_last_four_normalized": 39.317135288529926, "target_steps": 5000}