{
    "final_weight_diff": 0.0015005666064098477,
    "final_weight_sim": 0.7128561735153198,
    "final_feature_diff": 0.3573797058803191,
    "final_feature_sim": 0.6506632051830966,
    "final_0_weight_diff": 0.0018296221969649196,
    "final_1_weight_diff": 0.001471672672778368,
    "final_2_weight_diff": 0.0011843842221423984,
    "final_0_weight_sim": 0.6658024787902832,
    "final_1_weight_sim": 0.716132640838623,
    "final_2_weight_sim": 0.7351257801055908,
    "best_weight_diff": 0.0008087507449090481,
    "best_weight_sim": 0.8347845077514648,
    "best_feature_diff": 0.3106794932712279,
    "best_feature_sim": 0.7166396802445332,
    "best_0_weight_diff": 0.0010098227066919208,
    "best_1_weight_diff": 0.0007971321465447545,
    "best_2_weight_diff": 0.0006159476470202208,
    "best_0_weight_sim": 0.7975867986679077,
    "best_1_weight_sim": 0.8353694677352905,
    "best_2_weight_sim": 0.8542518019676208,
    "num_feature_traj": 2,
    "num_feature_timesteps": "2000",
    "final_test_returns": 3720.1156179094505,
    "final_test_normalized_returns": 32.220998070614364,
    "best_return": 4262.315589674588,
    "best_return_normalized": 36.588232516591646,
    "convergence_step": "10000",
    "convergence_iter": "2",
    "best_step": "35000",
    "best_iter": "7"
}