{"final_weight_diff": 0.0023994792718440294, "final_weight_sim": 0.7167069315910339, "final_feature_diff": 0.8406212819322871, "final_feature_sim": 0.18374422986575786, "final_0_weight_diff": 0.0017506551230326295, "final_1_weight_diff": 0.0025265745352953672, "final_2_weight_diff": 0.002912340220063925, "final_0_weight_sim": 0.754896879196167, "final_1_weight_sim": 0.7094913125038147, "final_2_weight_sim": 0.6717163920402527, "best_weight_diff": 0.0018246680265292525, "best_weight_sim": 0.7799952030181885, "best_feature_diff": 0.8492488100231985, "best_feature_sim": 0.19274210495631236, "best_0_weight_diff": 0.0012884062016382813, "best_1_weight_diff": 0.001972043886780739, "best_2_weight_diff": 0.0022089239209890366, "best_0_weight_sim": 0.8196868300437927, "best_1_weight_sim": 0.7685319781303406, "best_2_weight_sim": 0.739526629447937, "num_feature_traj": 20, "num_feature_timesteps": "20000", "final_test_returns": 4606.909970717674, "final_test_normalized_returns": 39.36382183630755, "best_return": 4873.237720418678, "best_return_normalized": 41.50900033682887, "convergence_step": "25000", "convergence_iter": "5", "best_step": "60000", "best_iter": "12", "best_5percent_normalized": 41.50900033682887, "best_10percent_normalized": 41.30574340462601, "best_25percent_normalized": 40.50825378776611, "best_50percent_normalized": 38.99398054905866, "best_100percent_normalized": 33.07954662322838, "best_later_half_normalized": 36.95607161249351, "best_last_four_normalized": 39.06201483602497}