{
    "final_weight_diff": 0.0013356414856389165,
    "final_weight_sim": 0.8295304179191589,
    "final_feature_diff": 1.736966198662678,
    "final_feature_sim": 0.4961924394149246,
    "final_0_weight_diff": 0.0017498034285381436,
    "final_1_weight_diff": 0.0012919945875182748,
    "final_2_weight_diff": 0.0009596263989806175,
    "final_0_weight_sim": 0.7894828915596008,
    "final_1_weight_sim": 0.8303493857383728,
    "final_2_weight_sim": 0.8254663348197937,
    "best_weight_diff": 0.00037928257370367646,
    "best_weight_sim": 0.9443033337593079,
    "best_feature_diff": 0.9574652367532608,
    "best_feature_sim": 0.7305877863934173,
    "best_0_weight_diff": 0.0005126169417053461,
    "best_1_weight_diff": 0.0003279800293967128,
    "best_2_weight_diff": 0.00029651648947037756,
    "best_0_weight_sim": 0.92528235912323,
    "best_1_weight_sim": 0.9486368894577026,
    "best_2_weight_sim": 0.9400195479393005,
    "num_feature_traj": 219,
    "num_feature_timesteps": "197797",
    "final_test_returns": 4980.403588644707,
    "final_test_normalized_returns": 108.45417999506044,
    "best_return": 5023.779274943977,
    "best_return_normalized": 109.39904592805496,
    "convergence_step": "15000",
    "convergence_iter": "3",
    "best_step": "20000",
    "best_iter": "4"
}