{"final_weight_diff": 0.001798822544515133, "final_weight_sim": 0.7442750930786133, "final_feature_diff": 0.5928054336525634, "final_feature_sim": 0.7088522195621665, "final_0_weight_diff": 0.0020162388682365417, "final_1_weight_diff": 0.0017766999080777168, "final_2_weight_diff": 0.0016030058031901717, "final_0_weight_sim": 0.7135735750198364, "final_1_weight_sim": 0.7285711765289307, "final_2_weight_sim": 0.7353545427322388, "best_weight_diff": 0.0009368543396703899, "best_weight_sim": 0.830932080745697, "best_feature_diff": 0.43944707810861394, "best_feature_sim": 0.7820399202347772, "best_0_weight_diff": 0.001035782741382718, "best_1_weight_diff": 0.0008641942404210567, "best_2_weight_diff": 0.0009096792782656848, "best_0_weight_sim": 0.8053998947143555, "best_1_weight_sim": 0.823377788066864, "best_2_weight_sim": 0.816465437412262, "num_feature_traj": 64, "num_feature_timesteps": "41579", "final_test_returns": 3232.1845423061286, "final_test_normalized_returns": 99.93500043951636, "best_return": 3489.31165538477, "best_return_normalized": 107.8354890131952, "convergence_step": "35000", "convergence_iter": "7", "best_step": "35000", "best_iter": "7", "best_5percent_normalized": 107.8354890131952, "best_10percent_normalized": 103.88524472635578, "best_25percent_normalized": 97.1305785851437, "best_50percent_normalized": 89.01539619978361, "best_100percent_normalized": 73.78635999069276, "best_later_half_normalized": 77.13889259635177, "best_last_four_normalized": 88.37577587837703, "target_steps": 30000}