{
    "final_weight_diff": 0.0010097359772771597,
    "final_weight_sim": 0.7812308669090271,
    "final_feature_diff": 0.18777237546903874,
    "final_feature_sim": 0.7661536636252736,
    "final_0_weight_diff": 0.0010968712158501148,
    "final_1_weight_diff": 0.0010109380818903446,
    "final_2_weight_diff": 0.0009209023555740714,
    "final_0_weight_sim": 0.7524706125259399,
    "final_1_weight_sim": 0.7725327014923096,
    "final_2_weight_sim": 0.7788520455360413,
    "best_weight_diff": 0.00011054964852519333,
    "best_weight_sim": 0.9697234630584717,
    "best_feature_diff": 0.03711226728725812,
    "best_feature_sim": 0.9557566676805941,
    "best_0_weight_diff": 0.00011836843623314053,
    "best_1_weight_diff": 0.00012310325109865516,
    "best_2_weight_diff": 9.022079757414758e-05,
    "best_0_weight_sim": 0.966722309589386,
    "best_1_weight_sim": 0.9630126357078552,
    "best_2_weight_sim": 0.9717614650726318,
    "num_feature_traj": 21,
    "num_feature_timesteps": "9625",
    "final_test_returns": 1968.4123687570504,
    "final_test_normalized_returns": 61.104332225215394,
    "best_return": 2071.3303172998994,
    "best_return_normalized": 64.26658947126693,
    "convergence_step": "5000",
    "convergence_iter": "1",
    "best_step": "5000",
    "best_iter": "1"
}