{"final_weight_diff": 0.0011888896115124226, "final_weight_sim": 0.8460828065872192, "final_feature_diff": 1.3605277219918286, "final_feature_sim": 0.6091613804240683, "final_0_weight_diff": 0.001552500412799418, "final_1_weight_diff": 0.0011512734927237034, "final_2_weight_diff": 0.0008564271265640855, "final_0_weight_sim": 0.8103477358818054, "final_1_weight_sim": 0.8470050096511841, "final_2_weight_sim": 0.8418198227882385, "best_weight_diff": 0.0010435517178848386, "best_weight_sim": 0.8620994091033936, "best_feature_diff": 1.2963855071608816, "best_feature_sim": 0.6296153270863096, "best_0_weight_diff": 0.0013755732215940952, "best_1_weight_diff": 0.000985129619948566, "best_2_weight_diff": 0.000764711294323206, "best_0_weight_sim": 0.8277574181556702, "best_1_weight_sim": 0.8652034401893616, "best_2_weight_sim": 0.8566390872001648, "num_feature_traj": 100, "num_feature_timesteps": "100000", "final_test_returns": 4979.856170700409, "final_test_normalized_returns": 42.36777531450222, "best_return": 5086.774950071709, "best_return_normalized": 43.228969339784186, "convergence_step": "10000", "convergence_iter": "2", "best_step": "85000", "best_iter": "17", "best_5percent_normalized": 43.228969339784186, "best_10percent_normalized": 43.20179798823923, "best_25percent_normalized": 43.13113977277407, "best_50percent_normalized": 42.96545024867372, "best_100percent_normalized": 42.43880662608073, "best_later_half_normalized": 42.55867313109475, "best_last_four_normalized": 42.71076085924793, "target_steps": 5000}