{"final_weight_diff": 0.001653477200306952, "final_weight_sim": 0.7715219259262085, "final_feature_diff": 0.16208133186233045, "final_feature_sim": 0.7629019096476233, "final_0_weight_diff": 0.002037825994193554, "final_1_weight_diff": 0.0017116307280957699, "final_2_weight_diff": 0.001207923050969839, "final_0_weight_sim": 0.7487225532531738, "final_1_weight_sim": 0.7741470336914062, "final_2_weight_sim": 0.7886454463005066, "best_weight_diff": 0.0015938392607495189, "best_weight_sim": 0.7781062126159668, "best_feature_diff": 0.16302359506544, "best_feature_sim": 0.7620080137615374, "best_0_weight_diff": 0.0019647616427391768, "best_1_weight_diff": 0.0016482998616993427, "best_2_weight_diff": 0.0011656753486022353, "best_0_weight_sim": 0.7559967041015625, "best_1_weight_sim": 0.7804200649261475, "best_2_weight_sim": 0.79474276304245, "num_feature_traj": 321, "num_feature_timesteps": "203500", "final_test_returns": 2148.5752935778028, "final_test_normalized_returns": 66.64001888192196, "best_return": 3483.8556246932576, "best_return_normalized": 107.66784699512944, "convergence_step": "45000", "convergence_iter": "9", "best_step": "95000", "best_iter": "19", "best_5percent_normalized": 107.66784699512944, "best_10percent_normalized": 107.53852806013941, "best_25percent_normalized": 106.75323689346502, "best_50percent_normalized": 103.49385668241825, "best_100percent_normalized": 85.54293328696434, "best_later_half_normalized": 93.44559973497374, "best_last_four_normalized": 92.92249950167869, "target_steps": 20000}