{"final_weight_diff": 0.0013710764469578862, "final_weight_sim": 0.7420842051506042, "final_feature_diff": 0.32095980769341154, "final_feature_sim": 0.7008714131949616, "final_0_weight_diff": 0.0013614472700282931, "final_1_weight_diff": 0.001393125276081264, "final_2_weight_diff": 0.00134757359046489, "final_0_weight_sim": 0.7252968549728394, "final_1_weight_sim": 0.7353955507278442, "final_2_weight_sim": 0.7349507808685303, "best_weight_diff": 0.001277667353861034, "best_weight_sim": 0.7558146715164185, "best_feature_diff": 0.3154068674558603, "best_feature_sim": 0.7095726846118529, "best_0_weight_diff": 0.0012832413194701076, "best_1_weight_diff": 0.0012916220584884286, "best_2_weight_diff": 0.0012496556155383587, "best_0_weight_sim": 0.7388014793395996, "best_1_weight_sim": 0.748924195766449, "best_2_weight_sim": 0.7484233379364014, "num_feature_traj": 48, "num_feature_timesteps": "28017", "final_test_returns": 2829.054954241447, "final_test_normalized_returns": 75.01616898298448, "best_return": 3607.392754951061, "best_return_normalized": 93.52466542104152, "convergence_step": "30000", "convergence_iter": "6", "best_step": "90000", "best_iter": "18", "best_5percent_normalized": 93.52466542104152, "best_10percent_normalized": 93.47691102299694, "best_25percent_normalized": 93.18858660825086, "best_50percent_normalized": 90.77732813007853, "best_100percent_normalized": 83.58601506457929, "best_later_half_normalized": 85.31395262136405, "best_last_four_normalized": 83.12901091601029, "target_steps": 15000}