{
    "final_weight_diff": 0.0009287113789469004,
    "final_weight_sim": 0.8127764463424683,
    "final_feature_diff": 0.8493237102710572,
    "final_feature_sim": 0.5386534153031957,
    "final_0_weight_diff": 0.0011425827397033572,
    "final_1_weight_diff": 0.0009496929123997688,
    "final_2_weight_diff": 0.0006919608567841351,
    "final_0_weight_sim": 0.7756608128547668,
    "final_1_weight_sim": 0.7971217632293701,
    "final_2_weight_sim": 0.8259844779968262,
    "best_weight_diff": 0.0008928622119128704,
    "best_weight_sim": 0.8185210824012756,
    "best_feature_diff": 0.8291063706582,
    "best_feature_sim": 0.5506758558890731,
    "best_0_weight_diff": 0.0011020745150744915,
    "best_1_weight_diff": 0.0009104001219384372,
    "best_2_weight_diff": 0.0006644148379564285,
    "best_0_weight_sim": 0.7817107439041138,
    "best_1_weight_sim": 0.8033186197280884,
    "best_2_weight_sim": 0.8316353559494019,
    "num_feature_traj": 119,
    "num_feature_timesteps": "101758",
    "final_test_returns": 3110.44048644564,
    "final_test_normalized_returns": 67.72019785045052,
    "best_return": 3537.925201776968,
    "best_return_normalized": 77.03222905626532,
    "convergence_step": "50000",
    "convergence_iter": "10",
    "best_step": "95000",
    "best_iter": "19"
}