{"final_weight_diff": 0.001482362044043839, "final_weight_sim": 0.8003095388412476, "final_feature_diff": 1.6592461531895382, "final_feature_sim": 0.5063936278397088, "final_0_weight_diff": 0.0016809642547741532, "final_1_weight_diff": 0.0015119027812033892, "final_2_weight_diff": 0.0012420722050592303, "final_0_weight_sim": 0.7695481777191162, "final_1_weight_sim": 0.7932908535003662, "final_2_weight_sim": 0.7788607478141785, "best_weight_diff": 0.0013119549257680774, "best_weight_sim": 0.821530282497406, "best_feature_diff": 1.6679942584611114, "best_feature_sim": 0.5091233344069122, "best_0_weight_diff": 0.0015042334562167525, "best_1_weight_diff": 0.0013298713602125645, "best_2_weight_diff": 0.001093155238777399, "best_0_weight_sim": 0.7923752665519714, "best_1_weight_sim": 0.8155360221862793, "best_2_weight_sim": 0.801689088344574, "num_feature_traj": 20, "num_feature_timesteps": "20000", "final_test_returns": 4758.73905304105, "final_test_normalized_returns": 40.58675291847845, "best_return": 4825.724211614976, "best_return_normalized": 41.12629535139473, "convergence_step": "15000", "convergence_iter": "3", "best_step": "85000", "best_iter": "17", "best_5percent_normalized": 41.12629535139473, "best_10percent_normalized": 41.06426422097083, "best_25percent_normalized": 40.88219175651439, "best_50percent_normalized": 40.66638763922792, "best_100percent_normalized": 37.6764151413631, "best_later_half_normalized": 40.32892454173048, "best_last_four_normalized": 40.68090767483652, "target_steps": 10000}