{
    "final_weight_diff": 0.0010348974028602242,
    "final_weight_sim": 0.7819931507110596,
    "final_feature_diff": 0.18592068808115755,
    "final_feature_sim": 0.7396287694444202,
    "final_0_weight_diff": 0.0012138931779190898,
    "final_1_weight_diff": 0.0010425234213471413,
    "final_2_weight_diff": 0.0008469913154840469,
    "final_0_weight_sim": 0.7449696063995361,
    "final_1_weight_sim": 0.7727740406990051,
    "final_2_weight_sim": 0.7934714555740356,
    "best_weight_diff": 0.0005060294643044472,
    "best_weight_sim": 0.8793560862541199,
    "best_feature_diff": 0.14436989090051439,
    "best_feature_sim": 0.8172142347314297,
    "best_0_weight_diff": 0.0006112444098107517,
    "best_1_weight_diff": 0.00048230847460217774,
    "best_2_weight_diff": 0.0004243956063874066,
    "best_0_weight_sim": 0.8562315702438354,
    "best_1_weight_sim": 0.8749165534973145,
    "best_2_weight_sim": 0.8832505345344543,
    "num_feature_traj": 100,
    "num_feature_timesteps": "100000",
    "final_test_returns": 5089.25453296024,
    "final_test_normalized_returns": 43.2489415278446,
    "best_return": 5124.595885686601,
    "best_return_normalized": 43.53360397902756,
    "convergence_step": "5000",
    "convergence_iter": "1",
    "best_step": "35000",
    "best_iter": "7"
}