{"final_weight_diff": 0.001538797514513135, "final_weight_sim": 0.7195953130722046, "final_feature_diff": 0.31008281739105104, "final_feature_sim": 0.701002259138523, "final_0_weight_diff": 0.0017117701936513186, "final_1_weight_diff": 0.0015302470419555902, "final_2_weight_diff": 0.001360156456939876, "final_0_weight_sim": 0.6849115490913391, "final_1_weight_sim": 0.7216532826423645, "final_2_weight_sim": 0.7272012233734131, "best_weight_diff": 0.001538797514513135, "best_weight_sim": 0.7195953130722046, "best_feature_diff": 0.31008281739105104, "best_feature_sim": 0.701002259138523, "best_0_weight_diff": 0.0017117701936513186, "best_1_weight_diff": 0.0015302470419555902, "best_2_weight_diff": 0.001360156456939876, "best_0_weight_sim": 0.6849115490913391, "best_1_weight_sim": 0.7216532826423645, "best_2_weight_sim": 0.7272012233734131, "num_feature_traj": 80, "num_feature_timesteps": "80000", "final_test_returns": 4591.132919425723, "final_test_normalized_returns": 39.23674310992208, "best_return": 4591.132919425723, "best_return_normalized": 39.23674310992208, "convergence_step": "20000", "convergence_iter": "4", "best_step": "100000", "best_iter": "20", "best_5percent_normalized": 39.23674310992208, "best_10percent_normalized": 39.081873093626896, "best_25percent_normalized": 38.68153348084451, "best_50percent_normalized": 38.11821893163763, "best_100percent_normalized": 35.972995381017796, "best_later_half_normalized": 36.9517744979648, "best_last_four_normalized": 37.18481484054522, "target_steps": 15000}