{"final_weight_diff": 0.002300436142832041, "final_weight_sim": 0.68758225440979, "final_feature_diff": 0.5466611941900297, "final_feature_sim": 0.4054904223283829, "final_0_weight_diff": 0.002631973009556532, "final_1_weight_diff": 0.0021284872200340033, "final_2_weight_diff": 0.002125810831785202, "final_0_weight_sim": 0.61298006772995, "final_1_weight_sim": 0.7039213180541992, "final_2_weight_sim": 0.7244389653205872, "best_weight_diff": 0.001649391488172114, "best_weight_sim": 0.7608204483985901, "best_feature_diff": 0.47356441440524605, "best_feature_sim": 0.4914777973771079, "best_0_weight_diff": 0.001984926173463464, "best_1_weight_diff": 0.0014838804490864277, "best_2_weight_diff": 0.0014717341400682926, "best_0_weight_sim": 0.6858439445495605, "best_1_weight_sim": 0.7702416777610779, "best_2_weight_sim": 0.8026864528656006, "num_feature_traj": 223, "num_feature_timesteps": "196344", "final_test_returns": 4408.546386248576, "final_test_normalized_returns": 112.5757112750238, "best_return": 5362.555930650817, "best_return_normalized": 135.26159680999731, "convergence_step": "55000", "convergence_iter": "11", "best_step": "55000", "best_iter": "11", "best_5percent_normalized": 135.26159680999731, "best_10percent_normalized": 133.95212901873106, "best_25percent_normalized": 127.42603207301659, "best_50percent_normalized": 122.86933535941944, "best_100percent_normalized": 108.64882177515001, "best_later_half_normalized": 118.2436794673147, "best_last_four_normalized": 113.48980972739544}