{"final_weight_diff": 0.0010833564447239041, "final_weight_sim": 0.7807872295379639, "final_feature_diff": 0.2800049723089101, "final_feature_sim": 0.7456185162555647, "final_0_weight_diff": 0.001312659471295774, "final_1_weight_diff": 0.001074045430868864, "final_2_weight_diff": 0.0008611503872089088, "final_0_weight_sim": 0.7567477822303772, "final_1_weight_sim": 0.7675619721412659, "final_2_weight_sim": 0.7877442836761475, "best_weight_diff": 0.0010833564447239041, "best_weight_sim": 0.7807872295379639, "best_feature_diff": 0.2800049723089101, "best_feature_sim": 0.7456185162555647, "best_0_weight_diff": 0.001312659471295774, "best_1_weight_diff": 0.001074045430868864, "best_2_weight_diff": 0.0008611503872089088, "best_0_weight_sim": 0.7567477822303772, "best_1_weight_sim": 0.7675619721412659, "best_2_weight_sim": 0.7877442836761475, "num_feature_traj": 200, "num_feature_timesteps": "200000", "final_test_returns": 7926.185065724098, "final_test_normalized_returns": 66.09944206032661, "best_return": 7926.185065724098, "best_return_normalized": 66.09944206032661, "convergence_step": "100000", "convergence_iter": "20", "best_step": "100000", "best_iter": "20", "best_5percent_normalized": 66.09944206032661, "best_10percent_normalized": 61.086437023245594, "best_25percent_normalized": 50.342044296513095, "best_50percent_normalized": 46.64278599686595, "best_100percent_normalized": 44.41858754191309, "best_later_half_normalized": 44.920450701991605, "best_last_four_normalized": 48.2646927762988, "target_steps": 5000}