{
    "final_weight_diff": 0.00020308447710704058,
    "final_weight_sim": 0.8587355017662048,
    "final_feature_diff": 0.5279913464354686,
    "final_feature_sim": 0.755891661492086,
    "final_0_weight_diff": 0.002497394336387515,
    "final_1_weight_diff": 0.0023587695322930813,
    "final_2_weight_diff": 0.002518813591450453,
    "final_0_weight_sim": 0.9999999403953552,
    "final_1_weight_sim": 1.0,
    "final_2_weight_sim": 1.0,
    "best_weight_diff": 0.00013341408339329064,
    "best_weight_sim": 0.8986387848854065,
    "best_feature_diff": 0.464341682756707,
    "best_feature_sim": 0.7917245367380682,
    "best_0_weight_diff": 0.0016395733691751957,
    "best_1_weight_diff": 0.0015102018369361758,
    "best_2_weight_diff": 0.0016904546646401286,
    "best_0_weight_sim": 1.0,
    "best_1_weight_sim": 0.9999999403953552,
    "best_2_weight_sim": 1.0,
    "num_feature_traj": 10,
    "num_feature_timesteps": "10000",
    "final_test_returns": 3842.233440589586,
    "final_test_normalized_returns": 33.20461516660979,
    "best_return": 4568.593191950659,
    "best_return_normalized": 39.05519335086993,
    "convergence_step": "5000",
    "convergence_iter": "1",
    "best_step": "45000",
    "best_iter": "9"
}