{
    "final_weight_diff": 0.0015831534983590245,
    "final_weight_sim": 0.7722282409667969,
    "final_feature_diff": 0.17081289550361425,
    "final_feature_sim": 0.7559267590202432,
    "final_0_weight_diff": 0.0020585008896887302,
    "final_1_weight_diff": 0.001572084380313754,
    "final_2_weight_diff": 0.0011149592464789748,
    "final_0_weight_sim": 0.7413089275360107,
    "final_1_weight_sim": 0.7790828347206116,
    "final_2_weight_sim": 0.7957580089569092,
    "best_weight_diff": 0.0005197134451009333,
    "best_weight_sim": 0.9160423278808594,
    "best_feature_diff": 0.13395471318037486,
    "best_feature_sim": 0.8176598296166394,
    "best_0_weight_diff": 0.0006748318555764854,
    "best_1_weight_diff": 0.0004865917144343257,
    "best_2_weight_diff": 0.0003974258725065738,
    "best_0_weight_sim": 0.9049811959266663,
    "best_1_weight_sim": 0.9180501699447632,
    "best_2_weight_sim": 0.9223387241363525,
    "num_feature_traj": 119,
    "num_feature_timesteps": "101758",
    "final_test_returns": 2910.3414586510653,
    "final_test_normalized_returns": 63.36137910383854,
    "best_return": 3638.313827677426,
    "best_return_normalized": 79.21902541077215,
    "convergence_step": "20000",
    "convergence_iter": "4",
    "best_step": "20000",
    "best_iter": "4"
}