{
    "final_weight_diff": 0.0024701240472495556,
    "final_weight_sim": 0.6570952534675598,
    "final_feature_diff": 0.6139662111441584,
    "final_feature_sim": 0.307792618488254,
    "final_0_weight_diff": 0.002481370000168681,
    "final_1_weight_diff": 0.002277243183925748,
    "final_2_weight_diff": 0.0026299254968762398,
    "final_0_weight_sim": 0.5970780253410339,
    "final_1_weight_sim": 0.6667417287826538,
    "final_2_weight_sim": 0.675342857837677,
    "best_weight_diff": 0.0004819376044906676,
    "best_weight_sim": 0.9216939210891724,
    "best_feature_diff": 0.3948052308001879,
    "best_feature_sim": 0.6219263919315003,
    "best_0_weight_diff": 0.0007291067740879953,
    "best_1_weight_diff": 0.0003392212383914739,
    "best_2_weight_diff": 0.0003767061571124941,
    "best_0_weight_sim": 0.8580777645111084,
    "best_1_weight_sim": 0.9321165084838867,
    "best_2_weight_sim": 0.9498773813247681,
    "num_feature_traj": 19,
    "num_feature_timesteps": "10344",
    "final_test_returns": 3424.245649601909,
    "final_test_normalized_returns": 89.16951583958121,
    "best_return": 3598.2694224227685,
    "best_return_normalized": 93.30771698624991,
    "convergence_step": "10000",
    "convergence_iter": "2",
    "best_step": "10000",
    "best_iter": "2"
}