{
    "final_weight_diff": 0.0014600390568375587,
    "final_weight_sim": 0.7574059367179871,
    "final_feature_diff": 0.48772551125456587,
    "final_feature_sim": 0.5300951778450176,
    "final_0_weight_diff": 0.002000541193410754,
    "final_1_weight_diff": 0.0014220107113942504,
    "final_2_weight_diff": 0.0009493881952948868,
    "final_0_weight_sim": 0.7192652225494385,
    "final_1_weight_sim": 0.7569143176078796,
    "final_2_weight_sim": 0.792140007019043,
    "best_weight_diff": 0.0010674111545085907,
    "best_weight_sim": 0.8114439845085144,
    "best_feature_diff": 0.46016861857284863,
    "best_feature_sim": 0.571325980562764,
    "best_0_weight_diff": 0.0015199118060991168,
    "best_1_weight_diff": 0.0010032212594524026,
    "best_2_weight_diff": 0.0006754322675988078,
    "best_0_weight_sim": 0.7742646336555481,
    "best_1_weight_sim": 0.8131694793701172,
    "best_2_weight_sim": 0.8443266153335571,
    "num_feature_traj": 223,
    "num_feature_timesteps": "196344",
    "final_test_returns": 3818.337351540125,
    "final_test_normalized_returns": 98.5408258992254,
    "best_return": 4673.603172226736,
    "best_return_normalized": 118.87863344414754,
    "convergence_step": "60000",
    "convergence_iter": "12",
    "best_step": "60000",
    "best_iter": "12"
}