{
    "final_weight_diff": 0.0013124190736562014,
    "final_weight_sim": 0.7508243322372437,
    "final_feature_diff": 0.23567168948104247,
    "final_feature_sim": 0.7341757353074436,
    "final_0_weight_diff": 0.0014842123491689563,
    "final_1_weight_diff": 0.0013446869561448693,
    "final_2_weight_diff": 0.0011068377643823624,
    "final_0_weight_sim": 0.7221802473068237,
    "final_1_weight_sim": 0.7403995394706726,
    "final_2_weight_sim": 0.756005048751831,
    "best_weight_diff": 0.0008258071611635387,
    "best_weight_sim": 0.8254534602165222,
    "best_feature_diff": 0.196357218809034,
    "best_feature_sim": 0.7826361781480765,
    "best_0_weight_diff": 0.0009633579174987972,
    "best_1_weight_diff": 0.0008202280150726438,
    "best_2_weight_diff": 0.0006934892735444009,
    "best_0_weight_sim": 0.8011171221733093,
    "best_1_weight_sim": 0.8161664605140686,
    "best_2_weight_sim": 0.8312215805053711,
    "num_feature_traj": 119,
    "num_feature_timesteps": "101758",
    "final_test_returns": 3472.181733973231,
    "final_test_normalized_returns": 75.60011885019075,
    "best_return": 3589.2897449277634,
    "best_return_normalized": 78.15111871837152,
    "convergence_step": "50000",
    "convergence_iter": "10",
    "best_step": "50000",
    "best_iter": "10"
}