current_itr_train_time	current_itr_train_loss_mean	current_itr_train_loss_std	current_itr_eval_5000_return_mean	current_itr_eval_5000_return_std	current_itr_eval_5000_length_mean	current_itr_eval_5000_length_std	current_itr_eval_2500_return_mean	current_itr_eval_2500_return_std	current_itr_eval_2500_length_mean	current_itr_eval_2500_length_std	TestEpRet	TestEpNormRet	Iteration	Steps	total_time	current_eval_time
1785.0571417808533	0.3337182431444526	0.2498566121842172	310.7438956225117	11.551996982060405	138.8	3.4871191548325386	270.36582637338853	9.128941885746766	120.9	3.6999999999999997	310.7438956225117	6.733544794675882	1	5000	1848.4855592250824	63.42745399475098
1530.2411708831787	0.13805267732590437	0.014289556631423554	2413.305707878083	1194.33449022261	613.3	258.3528788304864	2907.5022882824833	1145.4754584881118	749.4	253.39029184244606	2413.305707878083	52.53429627348217	2	10000	3814.915739774704	436.09051036834717
1321.4281845092773	0.12401148851662874	0.01173562324902244	121.03458367608941	6.681299969555857	93.4	1.907878402833891	108.60036761533215	2.45320917067575	89.9	0.30000000000000004	121.03458367608941	2.601048428087599	3	15000	5199.661754846573	63.16148805618286
1441.1899962425232	0.11724926227778196	0.011110266501786478	1183.8709300945907	1103.163438630638	512.3	309.7347413513699	922.820407774977	1038.4873112062821	413.7	303.9046067436293	1183.8709300945907	25.75313988205301	4	20000	6919.614946603775	278.66459941864014
1523.8672442436218	0.11253165712505579	0.010646715268625984	3048.3590693199335	1132.5096036764705	739.6	239.92090363284314	2395.983741565441	736.899399736372	595.2	161.74968315270357	3048.3590693199335	66.36785922209111	5	25000	8686.506529569626	242.9382197856903
