{
    "final_weight_diff": 0.001441029366105795,
    "final_weight_sim": 0.7414533495903015,
    "final_feature_diff": 0.22674836568839357,
    "final_feature_sim": 0.697579464550642,
    "final_0_weight_diff": 0.0014485014835372567,
    "final_1_weight_diff": 0.0015375884249806404,
    "final_2_weight_diff": 0.0013328474014997482,
    "final_0_weight_sim": 0.7275848984718323,
    "final_1_weight_sim": 0.7235561013221741,
    "final_2_weight_sim": 0.740709125995636,
    "best_weight_diff": 0.0012748820008710027,
    "best_weight_sim": 0.7631075382232666,
    "best_feature_diff": 0.21755702028198037,
    "best_feature_sim": 0.7125032829001228,
    "best_0_weight_diff": 0.0012923750327900052,
    "best_1_weight_diff": 0.0013689325423911214,
    "best_2_weight_diff": 0.0011607002234086394,
    "best_0_weight_sim": 0.7504560947418213,
    "best_1_weight_sim": 0.743414580821991,
    "best_2_weight_sim": 0.7630316615104675,
    "num_feature_traj": 109,
    "num_feature_timesteps": "31150",
    "final_test_returns": 3253.276196398925,
    "final_test_normalized_returns": 70.83163210923753,
    "best_return": 3610.154130593654,
    "best_return_normalized": 78.60561405690154,
    "convergence_step": "85000",
    "convergence_iter": "17",
    "best_step": "85000",
    "best_iter": "17"
}