{"final_weight_diff": 0.0022635331843048334, "final_weight_sim": 0.7019893527030945, "final_feature_diff": 0.787635531349744, "final_feature_sim": 0.6283310654186528, "final_0_weight_diff": 0.002430286258459091, "final_1_weight_diff": 0.0023357400204986334, "final_2_weight_diff": 0.0020238584838807583, "final_0_weight_sim": 0.6766431927680969, "final_1_weight_sim": 0.6779634952545166, "final_2_weight_sim": 0.6897905468940735, "best_weight_diff": 0.0019151348387822509, "best_weight_sim": 0.729823648929596, "best_feature_diff": 0.736284620089623, "best_feature_sim": 0.6544983474010343, "best_0_weight_diff": 0.0020403859671205282, "best_1_weight_diff": 0.0019586284179240465, "best_2_weight_diff": 0.0017451619496569037, "best_0_weight_sim": 0.706079363822937, "best_1_weight_sim": 0.7066856026649475, "best_2_weight_sim": 0.7159408330917358, "num_feature_traj": 200, "num_feature_timesteps": "200000", "final_test_returns": 4988.642025231546, "final_test_normalized_returns": 42.43854235349857, "best_return": 10902.46802723088, "best_return_normalized": 90.07237851798108, "convergence_step": "90000", "convergence_iter": "18", "best_step": "90000", "best_iter": "18", "best_5percent_normalized": 90.07237851798108, "best_10percent_normalized": 84.22350852628786, "best_25percent_normalized": 68.75436602394126, "best_50percent_normalized": 58.518363621632766, "best_100percent_normalized": 50.63781409608027, "best_later_half_normalized": 54.75375461195247, "best_last_four_normalized": 49.20283905846906, "target_steps": 15000}