{
    "final_weight_diff": 0.0009389872429892421,
    "final_weight_sim": 0.8126040697097778,
    "final_feature_diff": 0.6324216361900251,
    "final_feature_sim": 0.66312858592301,
    "final_0_weight_diff": 0.0012227143160998821,
    "final_1_weight_diff": 0.0008996857795864344,
    "final_2_weight_diff": 0.0006920029409229755,
    "final_0_weight_sim": 0.7729341983795166,
    "final_1_weight_sim": 0.8045655488967896,
    "final_2_weight_sim": 0.8245260119438171,
    "best_weight_diff": 0.0004475185414776206,
    "best_weight_sim": 0.8988598585128784,
    "best_feature_diff": 0.37124465353339503,
    "best_feature_sim": 0.8083518530207235,
    "best_0_weight_diff": 0.0005721678608097136,
    "best_1_weight_diff": 0.0004283069574739784,
    "best_2_weight_diff": 0.0003418816195335239,
    "best_0_weight_sim": 0.870978832244873,
    "best_1_weight_sim": 0.8927047252655029,
    "best_2_weight_sim": 0.9059244394302368,
    "num_feature_traj": 219,
    "num_feature_timesteps": "197797",
    "final_test_returns": 4841.664665882563,
    "final_test_normalized_returns": 105.43198731333877,
    "best_return": 5012.391765842661,
    "best_return_normalized": 109.15098831030888,
    "convergence_step": "35000",
    "convergence_iter": "7",
    "best_step": "35000",
    "best_iter": "7"
}