{
    "final_weight_diff": 0.0009526157518848777,
    "final_weight_sim": 0.808766782283783,
    "final_feature_diff": 0.4798037502200624,
    "final_feature_sim": 0.7461693632947382,
    "final_0_weight_diff": 0.0012882761657238007,
    "final_1_weight_diff": 0.0009333758498542011,
    "final_2_weight_diff": 0.0006332648918032646,
    "final_0_weight_sim": 0.7610428929328918,
    "final_1_weight_sim": 0.7984977960586548,
    "final_2_weight_sim": 0.8347779512405396,
    "best_weight_diff": 0.0006660054204985499,
    "best_weight_sim": 0.8570200800895691,
    "best_feature_diff": 0.4072115859756632,
    "best_feature_sim": 0.7889339382168362,
    "best_0_weight_diff": 0.0008998861303552985,
    "best_1_weight_diff": 0.0006504182238131762,
    "best_2_weight_diff": 0.0004467902472242713,
    "best_0_weight_sim": 0.8157673478126526,
    "best_1_weight_sim": 0.8478462100028992,
    "best_2_weight_sim": 0.8780081868171692,
    "num_feature_traj": 200,
    "num_feature_timesteps": "200000",
    "final_test_returns": 7549.744603304871,
    "final_test_normalized_returns": 63.06734349900651,
    "best_return": 9916.25931470727,
    "best_return_normalized": 82.12880624844642,
    "convergence_step": "60000",
    "convergence_iter": "12",
    "best_step": "60000",
    "best_iter": "12"
}