{"final_weight_diff": 0.001014607260003686, "final_weight_sim": 0.7968716025352478, "final_feature_diff": 0.08172203672850839, "final_feature_sim": 0.7352120376223632, "final_0_weight_diff": 0.0012479323195293546, "final_1_weight_diff": 0.0009018998825922608, "final_2_weight_diff": 0.0008935585501603782, "final_0_weight_sim": 0.7617285251617432, "final_1_weight_sim": 0.8010232448577881, "final_2_weight_sim": 0.7989261150360107, "best_weight_diff": 0.0008908809977583587, "best_weight_sim": 0.8168354630470276, "best_feature_diff": 0.08264230875909087, "best_feature_sim": 0.7471933862319933, "best_0_weight_diff": 0.0011076778173446655, "best_1_weight_diff": 0.0007818337180651724, "best_2_weight_diff": 0.0007829038077034056, "best_0_weight_sim": 0.7840523719787598, "best_1_weight_sim": 0.8211089372634888, "best_2_weight_sim": 0.8182147741317749, "num_feature_traj": 131, "num_feature_timesteps": "59763", "final_test_returns": 1549.0812420227633, "final_test_normalized_returns": 48.21996256195522, "best_return": 2155.19450320785, "best_return_normalized": 66.843400740112, "convergence_step": "85000", "convergence_iter": "17", "best_step": "85000", "best_iter": "17", "best_5percent_normalized": 66.843400740112, "best_10percent_normalized": 63.98983104071016, "best_25percent_normalized": 60.28019524809979, "best_50percent_normalized": 57.21241021827607, "best_100percent_normalized": 52.57559309805339, "best_later_half_normalized": 53.02394577004503, "best_last_four_normalized": 54.77288607396773, "target_steps": 5000}