{"final_weight_diff": 0.0008716691518202424, "final_weight_sim": 0.8187417387962341, "final_feature_diff": 0.545643452104312, "final_feature_sim": 0.7143799968576601, "final_0_weight_diff": 0.0012352586491033435, "final_1_weight_diff": 0.0007882457575760782, "final_2_weight_diff": 0.000588240975048393, "final_0_weight_sim": 0.7632092833518982, "final_1_weight_sim": 0.8172644376754761, "final_2_weight_sim": 0.8446206450462341, "best_weight_diff": 0.0005602012388408184, "best_weight_sim": 0.8745694756507874, "best_feature_diff": 0.44064933924624017, "best_feature_sim": 0.7741827012937385, "best_0_weight_diff": 0.0007804701454006135, "best_1_weight_diff": 0.0005100490525364876, "best_2_weight_diff": 0.00038905214751139283, "best_0_weight_sim": 0.8315353393554688, "best_1_weight_sim": 0.8721061944961548, "best_2_weight_sim": 0.8920372724533081, "num_feature_traj": 100, "num_feature_timesteps": "100000", "final_test_returns": 5028.663875932924, "final_test_normalized_returns": 42.76090460742086, "best_return": 5110.694406549355, "best_return_normalized": 43.42163234180935, "convergence_step": "10000", "convergence_iter": "2", "best_step": "55000", "best_iter": "11", "best_5percent_normalized": 43.42163234180935, "best_10percent_normalized": 43.23762805540433, "best_25percent_normalized": 43.03047961638515, "best_50percent_normalized": 42.85832531613585, "best_100percent_normalized": 42.26515941786264, "best_later_half_normalized": 42.596510618080025, "best_last_four_normalized": 42.367545892100885, "target_steps": 5000}