{"final_weight_diff": 0.0016047091921791434, "final_weight_sim": 0.7104629874229431, "final_feature_diff": 0.15662560433413997, "final_feature_sim": 0.6836356031202311, "final_0_weight_diff": 0.001796773518435657, "final_1_weight_diff": 0.0014867631252855062, "final_2_weight_diff": 0.0015184805961325765, "final_0_weight_sim": 0.6723908185958862, "final_1_weight_sim": 0.7162337899208069, "final_2_weight_sim": 0.7164238691329956, "best_weight_diff": 0.0008295397856272757, "best_weight_sim": 0.8290502429008484, "best_feature_diff": 0.1447280110662094, "best_feature_sim": 0.7695357187130285, "best_0_weight_diff": 0.0009594029397703707, "best_1_weight_diff": 0.000746899691876024, "best_2_weight_diff": 0.0007819328457117081, "best_0_weight_sim": 0.8056791424751282, "best_1_weight_sim": 0.8296555876731873, "best_2_weight_sim": 0.8256396651268005, "num_feature_traj": 109, "num_feature_timesteps": "31150", "final_test_returns": 2419.720653613633, "final_test_normalized_returns": 52.67403501203977, "best_return": 2547.234870286002, "best_return_normalized": 55.451716464153925, "convergence_step": "20000", "convergence_iter": "4", "best_step": "35000", "best_iter": "7", "best_5percent_normalized": 55.451716464153925, "best_10percent_normalized": 54.68861469916601, "best_25percent_normalized": 53.8689686066442, "best_50percent_normalized": 52.41978250046809, "best_100percent_normalized": 44.98970650347841, "best_later_half_normalized": 47.66492838261176, "best_last_four_normalized": 48.61529608102215, "target_steps": 10000}