{
    "final_weight_diff": 0.0014306441880762577,
    "final_weight_sim": 0.7403104901313782,
    "final_feature_diff": 0.3328375011795634,
    "final_feature_sim": 0.6838844621996634,
    "final_0_weight_diff": 0.00189101358409971,
    "final_1_weight_diff": 0.0014201001031324267,
    "final_2_weight_diff": 0.0009739041561260819,
    "final_0_weight_sim": 0.6836458444595337,
    "final_1_weight_sim": 0.7417520880699158,
    "final_2_weight_sim": 0.7819612622261047,
    "best_weight_diff": 0.00034001533640548587,
    "best_weight_sim": 0.9287109375,
    "best_feature_diff": 0.20528548857648185,
    "best_feature_sim": 0.8199043924717284,
    "best_0_weight_diff": 0.0004427639942150563,
    "best_1_weight_diff": 0.0003278282529208809,
    "best_2_weight_diff": 0.00024927788763307035,
    "best_0_weight_sim": 0.9089603424072266,
    "best_1_weight_sim": 0.9291283488273621,
    "best_2_weight_sim": 0.9397187829017639,
    "num_feature_traj": 10,
    "num_feature_timesteps": "10000",
    "final_test_returns": 4819.505926937374,
    "final_test_normalized_returns": 41.07620920522525,
    "best_return": 5029.290740083104,
    "best_return_normalized": 42.7659537827292,
    "convergence_step": "10000",
    "convergence_iter": "2",
    "best_step": "15000",
    "best_iter": "3"
}