{"final_weight_diff": 0.001338368747383356, "final_weight_sim": 0.7303229570388794, "final_feature_diff": 0.19384787582120544, "final_feature_sim": 0.6935066368371935, "final_0_weight_diff": 0.0016670096665620804, "final_1_weight_diff": 0.0012575204018503428, "final_2_weight_diff": 0.0010807340731844306, "final_0_weight_sim": 0.6741810441017151, "final_1_weight_sim": 0.7328009605407715, "final_2_weight_sim": 0.7571055889129639, "best_weight_diff": 0.00108578079380095, "best_weight_sim": 0.7738268971443176, "best_feature_diff": 0.19004129522774144, "best_feature_sim": 0.723057764339401, "best_0_weight_diff": 0.0013752380618825555, "best_1_weight_diff": 0.0010228034807369113, "best_2_weight_diff": 0.0008552964427508414, "best_0_weight_sim": 0.7233614921569824, "best_1_weight_sim": 0.7734289169311523, "best_2_weight_sim": 0.7980606555938721, "num_feature_traj": 80, "num_feature_timesteps": "80000", "final_test_returns": 4170.728570073768, "final_test_normalized_returns": 35.850530547513785, "best_return": 4616.204650837726, "best_return_normalized": 39.43868729056511, "convergence_step": "60000", "convergence_iter": "12", "best_step": "70000", "best_iter": "14", "best_5percent_normalized": 39.43868729056511, "best_10percent_normalized": 39.27358183638574, "best_25percent_normalized": 38.902088425113675, "best_50percent_normalized": 38.03290469714706, "best_100percent_normalized": 35.685993101437596, "best_later_half_normalized": 37.738408621349585, "best_last_four_normalized": 38.05862806579526, "target_steps": 10000}