{"final_weight_diff": 0.0017020836239680648, "final_weight_sim": 0.726775586605072, "final_feature_diff": 0.46427612219480413, "final_feature_sim": 0.5185708325054095, "final_0_weight_diff": 0.0020091489423066378, "final_1_weight_diff": 0.0017262229230254889, "final_2_weight_diff": 0.0013600311940535903, "final_0_weight_sim": 0.6904779672622681, "final_1_weight_sim": 0.7273472547531128, "final_2_weight_sim": 0.7448742389678955, "best_weight_diff": 0.0012731013121083379, "best_weight_sim": 0.7838158011436462, "best_feature_diff": 0.43350441399178546, "best_feature_sim": 0.5661483763225873, "best_0_weight_diff": 0.0015435463283210993, "best_1_weight_diff": 0.0012906364863738418, "best_2_weight_diff": 0.0009805813897401094, "best_0_weight_sim": 0.7505004405975342, "best_1_weight_sim": 0.7827675342559814, "best_2_weight_sim": 0.8020540475845337, "num_feature_traj": 65, "num_feature_timesteps": "17588", "final_test_returns": 2480.665804050785, "final_test_normalized_returns": 54.00162199318826, "best_return": 3116.8908573772346, "best_return_normalized": 67.86070826696339, "convergence_step": "35000", "convergence_iter": "7", "best_step": "65000", "best_iter": "13", "best_5percent_normalized": 67.86070826696339, "best_10percent_normalized": 66.91272324290604, "best_25percent_normalized": 64.60762842174526, "best_50percent_normalized": 60.521740319927325, "best_100percent_normalized": 39.62108368593749, "best_later_half_normalized": 46.37307733571315, "best_last_four_normalized": 56.75300342120652, "target_steps": 15000}