{
    "final_weight_diff": 0.0033391881734132767,
    "final_weight_sim": 0.6511644721031189,
    "final_feature_diff": 0.683402491480341,
    "final_feature_sim": 0.6697973106815108,
    "final_0_weight_diff": 0.0034691558685153723,
    "final_1_weight_diff": 0.003337583504617214,
    "final_2_weight_diff": 0.003211040049791336,
    "final_0_weight_sim": 0.6351721286773682,
    "final_1_weight_sim": 0.6244540214538574,
    "final_2_weight_sim": 0.6374717950820923,
    "best_weight_diff": 0.002960795536637306,
    "best_weight_sim": 0.6727539300918579,
    "best_feature_diff": 0.6412380904904127,
    "best_feature_sim": 0.696300679884488,
    "best_0_weight_diff": 0.0031467846129089594,
    "best_1_weight_diff": 0.00293418625369668,
    "best_2_weight_diff": 0.0028006252832710743,
    "best_0_weight_sim": 0.6547741293907166,
    "best_1_weight_sim": 0.6457273960113525,
    "best_2_weight_sim": 0.6603497266769409,
    "num_feature_traj": 20,
    "num_feature_timesteps": "20000",
    "final_test_returns": 4605.086041988327,
    "final_test_normalized_returns": 39.34913071718432,
    "best_return": 4746.372353623334,
    "best_return_normalized": 40.487143404475205,
    "convergence_step": "25000",
    "convergence_iter": "5",
    "best_step": "145000",
    "best_iter": "29"
}