{
    "final_weight_diff": 0.0010773495305329561,
    "final_weight_sim": 0.7954549193382263,
    "final_feature_diff": 0.924297204270077,
    "final_feature_sim": 0.4608189890074061,
    "final_0_weight_diff": 0.0012205909006297588,
    "final_1_weight_diff": 0.0011003552936017513,
    "final_2_weight_diff": 0.0009096640860661864,
    "final_0_weight_sim": 0.7677993774414062,
    "final_1_weight_sim": 0.7784598469734192,
    "final_2_weight_sim": 0.7946251630783081,
    "best_weight_diff": 0.0010279439156875014,
    "best_weight_sim": 0.8024492859840393,
    "best_feature_diff": 0.9105192783832887,
    "best_feature_sim": 0.4698642594026877,
    "best_0_weight_diff": 0.0011758115142583847,
    "best_1_weight_diff": 0.0010439833858981729,
    "best_2_weight_diff": 0.0008628015057183802,
    "best_0_weight_sim": 0.7743701934814453,
    "best_1_weight_sim": 0.7861176133155823,
    "best_2_weight_sim": 0.8022849559783936,
    "num_feature_traj": 204,
    "num_feature_timesteps": "37349",
    "final_test_returns": 1306.983286380335,
    "final_test_normalized_returns": 40.7812599321045,
    "best_return": 2699.337316653514,
    "best_return_normalized": 83.56273472478632,
    "convergence_step": "95000",
    "convergence_iter": "19",
    "best_step": "95000",
    "best_iter": "19"
}