{
    "final_weight_diff": 0.002305003348737955,
    "final_weight_sim": 0.7117590308189392,
    "final_feature_diff": 0.7752149336779884,
    "final_feature_sim": 0.6133711324520268,
    "final_0_weight_diff": 0.002703165402635932,
    "final_1_weight_diff": 0.002291066339239478,
    "final_2_weight_diff": 0.0019218839006498456,
    "final_0_weight_sim": 0.6856884956359863,
    "final_1_weight_sim": 0.6937651038169861,
    "final_2_weight_sim": 0.7084285020828247,
    "best_weight_diff": 0.000924302265048027,
    "best_weight_sim": 0.8351215720176697,
    "best_feature_diff": 0.5396276731236915,
    "best_feature_sim": 0.7333560193678088,
    "best_0_weight_diff": 0.0010653020581230521,
    "best_1_weight_diff": 0.0008963330183178186,
    "best_2_weight_diff": 0.0008114802767522633,
    "best_0_weight_sim": 0.8099960684776306,
    "best_1_weight_sim": 0.822621762752533,
    "best_2_weight_sim": 0.8309893608093262,
    "num_feature_traj": 24,
    "num_feature_timesteps": "20987",
    "final_test_returns": 3661.576304125551,
    "final_test_normalized_returns": 94.81312401316316,
    "best_return": 3816.155659537503,
    "best_return_normalized": 98.4889463186337,
    "convergence_step": "20000",
    "convergence_iter": "4",
    "best_step": "20000",
    "best_iter": "4"
}