{"final_weight_diff": 0.0013922554207965732, "final_weight_sim": 0.7878986597061157, "final_feature_diff": 0.16870166993029062, "final_feature_sim": 0.7750437414381744, "final_0_weight_diff": 0.001845309161581099, "final_1_weight_diff": 0.0013709746999666095, "final_2_weight_diff": 0.0009584579383954406, "final_0_weight_sim": 0.7476019859313965, "final_1_weight_sim": 0.7960101366043091, "final_2_weight_sim": 0.8174712657928467, "best_weight_diff": 0.0013922554207965732, "best_weight_sim": 0.7878986597061157, "best_feature_diff": 0.16870166993029062, "best_feature_sim": 0.7750437414381744, "best_0_weight_diff": 0.001845309161581099, "best_1_weight_diff": 0.0013709746999666095, "best_2_weight_diff": 0.0009584579383954406, "best_0_weight_sim": 0.7476019859313965, "best_1_weight_sim": 0.7960101366043091, "best_2_weight_sim": 0.8174712657928467, "num_feature_traj": 218, "num_feature_timesteps": "100692", "final_test_returns": 2306.428107301886, "final_test_normalized_returns": 71.49020498722292, "best_return": 2306.428107301886, "best_return_normalized": 71.49020498722292, "convergence_step": "100000", "convergence_iter": "20", "best_step": "100000", "best_iter": "20", "best_5percent_normalized": 71.49020498722292, "best_10percent_normalized": 69.15468732624211, "best_25percent_normalized": 66.49225776794904, "best_50percent_normalized": 63.4089583932487, "best_100percent_normalized": 59.663608294900385, "best_later_half_normalized": 60.328777032604805, "best_last_four_normalized": 62.91229575757309, "target_steps": 10000}