{"final_weight_diff": 58.301490783691406, "final_feature_diff": 28.024587371537947, "best_weight_diff": 50.9737663269043, "best_feature_diff": 27.836847848506576, "num_feature_traj": 50, "num_feature_timesteps": "50000", "final_test_returns": 8584.96115487148, "final_test_normalized_returns": 71.40565707052744, "best_return": 9176.482600390522, "best_return_normalized": 76.17015903830703, "convergence_step": "5000", "convergence_iter": "1", "best_step": "75000", "best_iter": "15", "best_5percent_normalized": 76.17015903830703, "best_10percent_normalized": 75.87429353448663, "best_25percent_normalized": 72.52278835229703, "best_50percent_normalized": 68.50213683152637, "best_100percent_normalized": 60.04425954935532, "best_later_half_normalized": 63.74004978707692}