{"final_weight_diff": 0.0012209664564579725, "final_weight_sim": 0.7611058950424194, "final_feature_diff": 0.27425743688331833, "final_feature_sim": 0.7512727151198401, "final_0_weight_diff": 0.0013899414334446192, "final_1_weight_diff": 0.001369423815049231, "final_2_weight_diff": 0.0009002075530588627, "final_0_weight_sim": 0.7390053272247314, "final_1_weight_sim": 0.7302336692810059, "final_2_weight_sim": 0.786474883556366, "best_weight_diff": 0.0012209664564579725, "best_weight_sim": 0.7611058950424194, "best_feature_diff": 0.27425743688331833, "best_feature_sim": 0.7512727151198401, "best_0_weight_diff": 0.0013899414334446192, "best_1_weight_diff": 0.001369423815049231, "best_2_weight_diff": 0.0009002075530588627, "best_0_weight_sim": 0.7390053272247314, "best_1_weight_sim": 0.7302336692810059, "best_2_weight_sim": 0.786474883556366, "num_feature_traj": 200, "num_feature_timesteps": "200000", "final_test_returns": 6702.759556703692, "final_test_normalized_returns": 56.2451700143745, "best_return": 6702.759556703692, "best_return_normalized": 56.2451700143745, "convergence_step": "100000", "convergence_iter": "20", "best_step": "100000", "best_iter": "20", "best_5percent_normalized": 56.2451700143745, "best_10percent_normalized": 54.22781772575299, "best_25percent_normalized": 49.59283250877991, "best_50percent_normalized": 46.48897955882435, "best_100percent_normalized": 44.55909350322251, "best_later_half_normalized": 45.59448116217828, "best_last_four_normalized": 46.44203202032697}