{
    "final_weight_diff": 0.0016784376930445433,
    "final_weight_sim": 0.7638226747512817,
    "final_feature_diff": 0.17031866892075048,
    "final_feature_sim": 0.7582024095850274,
    "final_0_weight_diff": 0.0021857907995581627,
    "final_1_weight_diff": 0.0016675477381795645,
    "final_2_weight_diff": 0.0011771838180720806,
    "final_0_weight_sim": 0.7327207922935486,
    "final_1_weight_sim": 0.7712393403053284,
    "final_2_weight_sim": 0.7876755595207214,
    "best_weight_diff": 0.0006581221823580563,
    "best_weight_sim": 0.8960712552070618,
    "best_feature_diff": 0.14204483043961705,
    "best_feature_sim": 0.8078610242661968,
    "best_0_weight_diff": 0.0008642977336421609,
    "best_1_weight_diff": 0.0006358405807986856,
    "best_2_weight_diff": 0.00047373384586535394,
    "best_0_weight_sim": 0.8817495107650757,
    "best_1_weight_sim": 0.896540641784668,
    "best_2_weight_sim": 0.9079703092575073,
    "num_feature_traj": 219,
    "num_feature_timesteps": "197797",
    "final_test_returns": 4893.587290855545,
    "final_test_normalized_returns": 106.56303384364917,
    "best_return": 5016.703598696474,
    "best_return_normalized": 109.24491429327144,
    "convergence_step": "25000",
    "convergence_iter": "5",
    "best_step": "25000",
    "best_iter": "5"
}