{
    "final_weight_diff": 0.001259518670849502,
    "final_weight_sim": 0.7776414155960083,
    "final_feature_diff": 0.3407108128260923,
    "final_feature_sim": 0.6812718751063905,
    "final_0_weight_diff": 0.0016627901932224631,
    "final_1_weight_diff": 0.0012667234987020493,
    "final_2_weight_diff": 0.0008434529881924391,
    "final_0_weight_sim": 0.7376609444618225,
    "final_1_weight_sim": 0.7762649059295654,
    "final_2_weight_sim": 0.8098053336143494,
    "best_weight_diff": 0.0002600442967377603,
    "best_weight_sim": 0.9446410536766052,
    "best_feature_diff": 0.18801545126787694,
    "best_feature_sim": 0.8376693977936868,
    "best_0_weight_diff": 0.00031241451506502926,
    "best_1_weight_diff": 0.0002561624569352716,
    "best_2_weight_diff": 0.00021146306244190782,
    "best_0_weight_sim": 0.9352269172668457,
    "best_1_weight_sim": 0.9426237344741821,
    "best_2_weight_sim": 0.9483997821807861,
    "num_feature_traj": 200,
    "num_feature_timesteps": "200000",
    "final_test_returns": 5080.064063013748,
    "final_test_normalized_returns": 43.174915450723326,
    "best_return": 5112.444957664307,
    "best_return_normalized": 43.43573242946478,
    "convergence_step": "5000",
    "convergence_iter": "1",
    "best_step": "10000",
    "best_iter": "2"
}