{"final_weight_diff": 38.55852127075195, "final_feature_diff": 9.31089197785618, "best_weight_diff": 33.97138214111328, "best_feature_diff": 9.056725558338306, "num_feature_traj": 81, "num_feature_timesteps": "22074", "final_test_returns": 2954.7407367723017, "final_test_normalized_returns": 64.32854225272482, "best_return": 3221.0011995018726, "best_return_normalized": 70.12857591215224, "convergence_step": "5000", "convergence_iter": "1", "best_step": "65000", "best_iter": "13", "best_5percent_normalized": 70.12857591215224, "best_10percent_normalized": 69.55001909413443, "best_25percent_normalized": 67.15764540311078, "best_50percent_normalized": 61.74459314369365, "best_100percent_normalized": 42.52037923346252, "best_later_half_normalized": 55.62551584014309, "best_last_four_normalized": 55.985217927191506}