{"final_weight_diff": 0.0019987281411886215, "final_weight_sim": 0.7278646230697632, "final_feature_diff": 0.19401632984065315, "final_feature_sim": 0.690487450508675, "final_0_weight_diff": 0.0023854898754507303, "final_1_weight_diff": 0.0020021076779812574, "final_2_weight_diff": 0.0016006978694349527, "final_0_weight_sim": 0.704837441444397, "final_1_weight_sim": 0.732202410697937, "final_2_weight_sim": 0.7402026057243347, "best_weight_diff": 0.0013306220062077045, "best_weight_sim": 0.809455394744873, "best_feature_diff": 0.16961635540525585, "best_feature_sim": 0.7347590774975729, "best_0_weight_diff": 0.0016236633528023958, "best_1_weight_diff": 0.0013271622592583299, "best_2_weight_diff": 0.0010382473701611161, "best_0_weight_sim": 0.7938970327377319, "best_1_weight_sim": 0.8098369836807251, "best_2_weight_sim": 0.8188895583152771, "num_feature_traj": 109, "num_feature_timesteps": "31150", "final_test_returns": 2936.852239687355, "final_test_normalized_returns": 63.938871611632905, "best_return": 3390.310805358748, "best_return_normalized": 73.81669919852858, "convergence_step": "55000", "convergence_iter": "11", "best_step": "55000", "best_iter": "11", "best_5percent_normalized": 73.81669919852858, "best_10percent_normalized": 72.11279432107206, "best_25percent_normalized": 69.91337537970314, "best_50percent_normalized": 66.74826543525042, "best_100percent_normalized": 55.13879488367708, "best_later_half_normalized": 60.08018769016171, "best_last_four_normalized": 63.43224114595142}