current_itr_train_time	current_itr_train_loss_mean	current_itr_train_loss_std	current_itr_eval_5000_return_mean	current_itr_eval_5000_return_std	current_itr_eval_5000_length_mean	current_itr_eval_5000_length_std	current_itr_eval_2500_return_mean	current_itr_eval_2500_return_std	current_itr_eval_2500_length_mean	current_itr_eval_2500_length_std	TestEpRet	TestEpNormRet	Iteration	Steps	total_time	current_eval_time
1836.3590035438538	0.23208660633563996	0.22261604289893902	2040.9957915720956	1082.935595660206	1000.0	0.0	966.3700453782847	5.983046638883566	1000.0	0.0	2040.9957915720956	44.42415470692689	1	5000	2376.098386526108	539.7384419441223
1736.799390077591	0.07375859885066748	0.0165535561788895	3649.765298083141	263.1204853657244	979.3	62.10000000000001	3076.1438881531544	857.1204734404606	840.0	220.91219975365777	3649.765298083141	79.46847631731002	2	10000	4695.103721857071	582.0635757446289
1569.3454682826996	0.04695102201327681	0.004227867451725293	3026.0840166255575	1217.0794031192002	854.0	293.9714271829832	2623.338580602473	1479.0756868421022	747.5	381.8877452864912	3026.0840166255575	65.88263488923882	3	15000	6661.520206689835	396.9279041290283
1686.9059324264526	0.04356044544950127	0.0036831096126640497	3496.045001101929	539.6292695830331	940.1	134.05256431713644	3497.626481594969	419.90881128048056	946.4	111.3087597631022	3496.045001101929	76.11993974718563	4	20000	8775.11473441124	426.55750012397766
