{"final_weight_diff": 0.0013233835343271494, "final_weight_sim": 0.7469426989555359, "final_feature_diff": 0.1650393069771512, "final_feature_sim": 0.7520580228529962, "final_0_weight_diff": 0.0014359207125380635, "final_1_weight_diff": 0.0014262227341532707, "final_2_weight_diff": 0.0010965624824166298, "final_0_weight_sim": 0.7240459322929382, "final_1_weight_sim": 0.7327122688293457, "final_2_weight_sim": 0.7577680349349976, "best_weight_diff": 0.0013233835343271494, "best_weight_sim": 0.7469426989555359, "best_feature_diff": 0.1650393069771512, "best_feature_sim": 0.7520580228529962, "best_0_weight_diff": 0.0014359207125380635, "best_1_weight_diff": 0.0014262227341532707, "best_2_weight_diff": 0.0010965624824166298, "best_0_weight_sim": 0.7240459322929382, "best_1_weight_sim": 0.7327122688293457, "best_2_weight_sim": 0.7577680349349976, "num_feature_traj": 48, "num_feature_timesteps": "28017", "final_test_returns": 3719.937020424893, "final_test_normalized_returns": 96.20091361912094, "best_return": 3719.937020424893, "best_return_normalized": 96.20091361912094, "convergence_step": "25000", "convergence_iter": "5", "best_step": "100000", "best_iter": "20", "best_5percent_normalized": 96.20091361912094, "best_10percent_normalized": 95.95242336973023, "best_25percent_normalized": 95.15599872317507, "best_50percent_normalized": 92.46193108358639, "best_100percent_normalized": 83.78188523671614, "best_later_half_normalized": 87.07015913783717, "best_last_four_normalized": 86.05445939318749}