{
    "final_weight_diff": 0.001527029904536903,
    "final_weight_sim": 0.8546318411827087,
    "final_feature_diff": 7.513617479477591,
    "final_feature_sim": 0.41940570554233303,
    "final_0_weight_diff": 0.0018290570005774498,
    "final_1_weight_diff": 0.0016959502827376127,
    "final_2_weight_diff": 0.0010512598091736436,
    "final_0_weight_sim": 0.7320073246955872,
    "final_1_weight_sim": 0.796431303024292,
    "final_2_weight_sim": 0.8722479939460754,
    "best_weight_diff": 0.0009045827318914235,
    "best_weight_sim": 0.9082648754119873,
    "best_feature_diff": 6.418950070993736,
    "best_feature_sim": 0.5035697459787389,
    "best_0_weight_diff": 0.0011589364148676395,
    "best_1_weight_diff": 0.0009562420309521258,
    "best_2_weight_diff": 0.0005962825962342322,
    "best_0_weight_sim": 0.8066279888153076,
    "best_1_weight_sim": 0.8711344003677368,
    "best_2_weight_sim": 0.9251995086669922,
    "num_feature_traj": 200,
    "num_feature_timesteps": "200000",
    "final_test_returns": 5020.788450405462,
    "final_test_normalized_returns": 42.69747076118091,
    "best_return": 6719.5096239389095,
    "best_return_normalized": 56.38008604980685,
    "convergence_step": "15000",
    "convergence_iter": "3",
    "best_step": "50000",
    "best_iter": "10"
}