{
    "final_weight_diff": 0.0008680028258822858,
    "final_weight_sim": 0.8222446441650391,
    "final_feature_diff": 0.6287859578740534,
    "final_feature_sim": 0.6623169612690903,
    "final_0_weight_diff": 0.00115684000775218,
    "final_1_weight_diff": 0.0008178169373422861,
    "final_2_weight_diff": 0.0006283855764195323,
    "final_0_weight_sim": 0.7770380973815918,
    "final_1_weight_sim": 0.8146383762359619,
    "final_2_weight_sim": 0.8384466171264648,
    "best_weight_diff": 0.0004972830647602677,
    "best_weight_sim": 0.8874478936195374,
    "best_feature_diff": 0.4225350917906073,
    "best_feature_sim": 0.772814744893824,
    "best_0_weight_diff": 0.0006821006536483765,
    "best_1_weight_diff": 0.0004391969705466181,
    "best_2_weight_diff": 0.0003704863484017551,
    "best_0_weight_sim": 0.8492835760116577,
    "best_1_weight_sim": 0.8873881101608276,
    "best_2_weight_sim": 0.8974888920783997,
    "num_feature_traj": 321,
    "num_feature_timesteps": "203500",
    "final_test_returns": 3448.59992183351,
    "final_test_normalized_returns": 106.58458014603887,
    "best_return": 3629.667227518688,
    "best_return_normalized": 112.14805481234154,
    "convergence_step": "35000",
    "convergence_iter": "7",
    "best_step": "50000",
    "best_iter": "10"
}