{
    "final_weight_diff": 0.0010270560160279274,
    "final_weight_sim": 0.8018956184387207,
    "final_feature_diff": 0.7710869324142197,
    "final_feature_sim": 0.5545275848581641,
    "final_0_weight_diff": 0.001191013609059155,
    "final_1_weight_diff": 0.0011023124679923058,
    "final_2_weight_diff": 0.0007858730386942625,
    "final_0_weight_sim": 0.7722716331481934,
    "final_1_weight_sim": 0.7778064012527466,
    "final_2_weight_sim": 0.8136383891105652,
    "best_weight_diff": 0.0004588518349919468,
    "best_weight_sim": 0.8962898254394531,
    "best_feature_diff": 0.4565314473432263,
    "best_feature_sim": 0.727200027229488,
    "best_0_weight_diff": 0.0005568217602558434,
    "best_1_weight_diff": 0.0004686799948103726,
    "best_2_weight_diff": 0.0003509540983941406,
    "best_0_weight_sim": 0.8720697164535522,
    "best_1_weight_sim": 0.883590817451477,
    "best_2_weight_sim": 0.9042391777038574,
    "num_feature_traj": 204,
    "num_feature_timesteps": "37349",
    "final_test_returns": 1881.6272905136636,
    "final_test_normalized_returns": 58.437773608279485,
    "best_return": 2832.857127067645,
    "best_return_normalized": 87.66526488547761,
    "convergence_step": "40000",
    "convergence_iter": "8",
    "best_step": "40000",
    "best_iter": "8"
}