{"final_weight_diff": 0.0023821948561817408, "final_weight_sim": 0.7046571373939514, "final_feature_diff": 0.8932285825156673, "final_feature_sim": 0.5595118165954205, "final_0_weight_diff": 0.002875769045203924, "final_1_weight_diff": 0.0023230367805808783, "final_2_weight_diff": 0.0019485332304611802, "final_0_weight_sim": 0.6712830066680908, "final_1_weight_sim": 0.6844157576560974, "final_2_weight_sim": 0.7097434997558594, "best_weight_diff": 0.002091629197821021, "best_weight_sim": 0.7245608568191528, "best_feature_diff": 0.8487902358961938, "best_feature_sim": 0.5840395821335352, "best_0_weight_diff": 0.002542553236708045, "best_1_weight_diff": 0.002008770126849413, "best_2_weight_diff": 0.001723971450701356, "best_0_weight_sim": 0.6897944211959839, "best_1_weight_sim": 0.7063368558883667, "best_2_weight_sim": 0.728674590587616, "num_feature_traj": 223, "num_feature_timesteps": "196344", "final_test_returns": 4341.303533205262, "final_test_normalized_returns": 110.97670875336507, "best_return": 4689.364978865282, "best_return_normalized": 119.25344158241462, "convergence_step": "20000", "convergence_iter": "4", "best_step": "80000", "best_iter": "16", "best_5percent_normalized": 119.25344158241462, "best_10percent_normalized": 118.28777358878921, "best_25percent_normalized": 114.46234212340016, "best_50percent_normalized": 110.13821617519127, "best_100percent_normalized": 103.25129394547992, "best_later_half_normalized": 105.66715764626683, "best_last_four_normalized": 107.7608817569909}