{"final_weight_diff": 0.001580303069204092, "final_weight_sim": 0.7647010087966919, "final_feature_diff": 0.17912001463128022, "final_feature_sim": 0.7683507070499976, "final_0_weight_diff": 0.0019167091231793165, "final_1_weight_diff": 0.001681326306425035, "final_2_weight_diff": 0.0011393744498491287, "final_0_weight_sim": 0.7356541752815247, "final_1_weight_sim": 0.7626278400421143, "final_2_weight_sim": 0.7901927828788757, "best_weight_diff": 0.001580303069204092, "best_weight_sim": 0.7647010087966919, "best_feature_diff": 0.17912001463128022, "best_feature_sim": 0.7683507070499976, "best_0_weight_diff": 0.0019167091231793165, "best_1_weight_diff": 0.001681326306425035, "best_2_weight_diff": 0.0011393744498491287, "best_0_weight_sim": 0.7356541752815247, "best_1_weight_sim": 0.7626278400421143, "best_2_weight_sim": 0.7901927828788757, "num_feature_traj": 119, "num_feature_timesteps": "101758", "final_test_returns": 3585.916506828203, "final_test_normalized_returns": 78.0776384339983, "best_return": 3585.916506828203, "best_return_normalized": 78.0776384339983, "convergence_step": "90000", "convergence_iter": "18", "best_step": "100000", "best_iter": "20", "best_5percent_normalized": 78.0776384339983, "best_10percent_normalized": 78.01225570723908, "best_25percent_normalized": 76.45182206880023, "best_50percent_normalized": 74.62336409831951, "best_100percent_normalized": 71.37574210757718, "best_later_half_normalized": 71.05949455131055, "best_last_four_normalized": 74.21895331921314, "target_steps": 5000}