{"final_weight_diff": 0.0010756934061646461, "final_weight_sim": 0.7810415029525757, "final_feature_diff": 0.3117354574556629, "final_feature_sim": 0.7228149210193588, "final_0_weight_diff": 0.0011484775459393859, "final_1_weight_diff": 0.0012230727588757873, "final_2_weight_diff": 0.0008546594763174653, "final_0_weight_sim": 0.7565616369247437, "final_1_weight_sim": 0.7484542727470398, "final_2_weight_sim": 0.8019475936889648, "best_weight_diff": 0.0005583738093264401, "best_weight_sim": 0.8714840412139893, "best_feature_diff": 0.2695867852221192, "best_feature_sim": 0.7687734234686883, "best_0_weight_diff": 0.0006117032608017325, "best_1_weight_diff": 0.0006155450828373432, "best_2_weight_diff": 0.0004477642651181668, "best_0_weight_sim": 0.8547016382217407, "best_1_weight_sim": 0.8484737873077393, "best_2_weight_sim": 0.8850417137145996, "num_feature_traj": 87, "num_feature_timesteps": "41133", "final_test_returns": 2266.289367626442, "final_test_normalized_returns": 70.2569019318943, "best_return": 2388.729608168079, "best_return_normalized": 74.01900119002207, "convergence_step": "45000", "convergence_iter": "9", "best_step": "45000", "best_iter": "9", "best_5percent_normalized": 74.01900119002207, "best_10percent_normalized": 72.13795156095819, "best_25percent_normalized": 68.6486523970211, "best_50percent_normalized": 64.75411427435237, "best_100percent_normalized": 59.28350973269035, "best_later_half_normalized": 60.45424513863962, "best_last_four_normalized": 62.97164672469951, "target_steps": 5000}