{"final_weight_diff": 0.0009352018823847175, "final_weight_sim": 0.8130258917808533, "final_feature_diff": 0.4390877500841505, "final_feature_sim": 0.733105526880279, "final_0_weight_diff": 0.0012584285577759147, "final_1_weight_diff": 0.0008957113022916019, "final_2_weight_diff": 0.0006482999306172132, "final_0_weight_sim": 0.7659852504730225, "final_1_weight_sim": 0.8085510730743408, "final_2_weight_sim": 0.8381549119949341, "best_weight_diff": 0.00041724269976839423, "best_weight_sim": 0.9054179191589355, "best_feature_diff": 0.2715311791113754, "best_feature_sim": 0.8391308309296831, "best_0_weight_diff": 0.0005573814851231873, "best_1_weight_diff": 0.00039643383934162557, "best_2_weight_diff": 0.0002977036638185382, "best_0_weight_sim": 0.873655378818512, "best_1_weight_sim": 0.9024059176445007, "best_2_weight_sim": 0.9196264147758484, "num_feature_traj": 119, "num_feature_timesteps": "101758", "final_test_returns": 3166.0200462578705, "final_test_normalized_returns": 68.93090451858438, "best_return": 3600.854499307165, "best_return_normalized": 78.40303732459608, "convergence_step": "30000", "convergence_iter": "6", "best_step": "30000", "best_iter": "6", "best_5percent_normalized": 78.40303732459608, "best_10percent_normalized": 77.56290136385562, "best_25percent_normalized": 76.63098378685326, "best_50percent_normalized": 75.18015923042213, "best_100percent_normalized": 70.47505401985975, "best_later_half_normalized": 70.49499722619376, "best_last_four_normalized": 70.31075681498527, "target_steps": 5000}