{"final_weight_diff": 0.0015301783569157124, "final_weight_sim": 0.7422797083854675, "final_feature_diff": 1.7371564055094781, "final_feature_sim": 0.2506744526226466, "final_0_weight_diff": 0.001530520967207849, "final_1_weight_diff": 0.0015889288624748588, "final_2_weight_diff": 0.0014616691041737795, "final_0_weight_sim": 0.7178999185562134, "final_1_weight_sim": 0.7140548825263977, "final_2_weight_sim": 0.7214785814285278, "best_weight_diff": 0.0015301783569157124, "best_weight_sim": 0.7422797083854675, "best_feature_diff": 1.7371564055094781, "best_feature_sim": 0.2506744526226466, "best_0_weight_diff": 0.001530520967207849, "best_1_weight_diff": 0.0015889288624748588, "best_2_weight_diff": 0.0014616691041737795, "best_0_weight_sim": 0.7178999185562134, "best_1_weight_sim": 0.7140548825263977, "best_2_weight_sim": 0.7214785814285278, "num_feature_traj": 48, "num_feature_timesteps": "28017", "final_test_returns": 3676.520871891864, "final_test_normalized_returns": 95.16849860632688, "best_return": 3676.520871891864, "best_return_normalized": 95.16849860632688, "convergence_step": "70000", "convergence_iter": "14", "best_step": "100000", "best_iter": "20", "best_5percent_normalized": 95.16849860632688, "best_10percent_normalized": 94.28960942505576, "best_25percent_normalized": 92.15322177506513, "best_50percent_normalized": 88.84251961229285, "best_100percent_normalized": 77.29810897421007, "best_later_half_normalized": 83.93920360835295, "best_last_four_normalized": 81.87707226698646, "target_steps": 10000}