{
    "final_weight_diff": 0.003331403713673353,
    "final_weight_sim": 0.6510617136955261,
    "final_feature_diff": 0.6752759772135091,
    "final_feature_sim": 0.6706204624846742,
    "final_0_weight_diff": 0.003298615338280797,
    "final_1_weight_diff": 0.0033382675610482693,
    "final_2_weight_diff": 0.003357360139489174,
    "final_0_weight_sim": 0.6344087719917297,
    "final_1_weight_sim": 0.6317140460014343,
    "final_2_weight_sim": 0.6302037835121155,
    "best_weight_diff": 0.0023278628941625357,
    "best_weight_sim": 0.7120867371559143,
    "best_feature_diff": 0.5894783405601591,
    "best_feature_sim": 0.7263088090749306,
    "best_0_weight_diff": 0.0024333030451089144,
    "best_1_weight_diff": 0.0022852288093417883,
    "best_2_weight_diff": 0.0022620842792093754,
    "best_0_weight_sim": 0.6902640461921692,
    "best_1_weight_sim": 0.6918669939041138,
    "best_2_weight_sim": 0.6944535970687866,
    "num_feature_traj": 20,
    "num_feature_timesteps": "20000",
    "final_test_returns": 4439.057101780285,
    "final_test_normalized_returns": 38.01182465952237,
    "best_return": 4771.664341252079,
    "best_return_normalized": 40.69086167325323,
    "convergence_step": "25000",
    "convergence_iter": "5",
    "best_step": "95000",
    "best_iter": "19"
}