{"final_weight_diff": 0.0023071670439094305, "final_weight_sim": 0.7329484224319458, "final_feature_diff": 1.0329320762630696, "final_feature_sim": 0.1599290786339841, "final_0_weight_diff": 0.001497597899287939, "final_1_weight_diff": 0.0022248472087085247, "final_2_weight_diff": 0.0031918000895529985, "final_0_weight_sim": 0.7976819276809692, "final_1_weight_sim": 0.7378193140029907, "final_2_weight_sim": 0.6544985771179199, "best_weight_diff": 0.0007093053427524865, "best_weight_sim": 0.9033693671226501, "best_feature_diff": 1.0520402355081933, "best_feature_sim": 0.16134613091508604, "best_0_weight_diff": 0.00048506236635148525, "best_1_weight_diff": 0.0008124002488330007, "best_2_weight_diff": 0.0008298616157844663, "best_0_weight_sim": 0.9271647930145264, "best_1_weight_sim": 0.8909875154495239, "best_2_weight_sim": 0.8823198080062866, "num_feature_traj": 204, "num_feature_timesteps": "37349", "final_test_returns": 607.4107661653953, "final_test_normalized_returns": 19.286192234877856, "best_return": 2969.6772853438565, "best_return_normalized": 91.86920154609552, "convergence_step": "20000", "convergence_iter": "4", "best_step": "20000", "best_iter": "4", "best_5percent_normalized": 91.86920154609552, "best_10percent_normalized": 88.65114922059263, "best_25percent_normalized": 82.05384751313213, "best_50percent_normalized": 73.25206041625786, "best_100percent_normalized": 51.26814063831529, "best_later_half_normalized": 46.19852816694289}