{
    "final_weight_diff": 0.001071921200491488,
    "final_weight_sim": 0.7807496786117554,
    "final_feature_diff": 0.19709512450074182,
    "final_feature_sim": 0.760922524499607,
    "final_0_weight_diff": 0.00125057902187109,
    "final_1_weight_diff": 0.0010173997143283486,
    "final_2_weight_diff": 0.000946611282415688,
    "final_0_weight_sim": 0.7472723722457886,
    "final_1_weight_sim": 0.77730792760849,
    "final_2_weight_sim": 0.7827169299125671,
    "best_weight_diff": 0.0005810303846374154,
    "best_weight_sim": 0.8662108778953552,
    "best_feature_diff": 0.14808437631328367,
    "best_feature_sim": 0.8252080505611845,
    "best_0_weight_diff": 0.0007098265923559666,
    "best_1_weight_diff": 0.0005455835489556193,
    "best_2_weight_diff": 0.0004876253951806575,
    "best_0_weight_sim": 0.8404262065887451,
    "best_1_weight_sim": 0.86271071434021,
    "best_2_weight_sim": 0.8704548478126526,
    "num_feature_traj": 119,
    "num_feature_timesteps": "101758",
    "final_test_returns": 3119.530326560857,
    "final_test_normalized_returns": 67.91820463706316,
    "best_return": 3688.33787425376,
    "best_return_normalized": 80.30871462316635,
    "convergence_step": "10000",
    "convergence_iter": "2",
    "best_step": "40000",
    "best_iter": "8"
}