{"final_weight_diff": 0.0012013186933472753, "final_weight_sim": 0.7677313089370728, "final_feature_diff": 0.38445472168748424, "final_feature_sim": 0.6238508072503259, "final_0_weight_diff": 0.001402963069267571, "final_1_weight_diff": 0.0011951607884839177, "final_2_weight_diff": 0.0010034492006525397, "final_0_weight_sim": 0.7446714043617249, "final_1_weight_sim": 0.7604244947433472, "final_2_weight_sim": 0.7661631107330322, "best_weight_diff": 0.0012013186933472753, "best_weight_sim": 0.7677313089370728, "best_feature_diff": 0.38445472168748424, "best_feature_sim": 0.6238508072503259, "best_0_weight_diff": 0.001402963069267571, "best_1_weight_diff": 0.0011951607884839177, "best_2_weight_diff": 0.0010034492006525397, "best_0_weight_sim": 0.7446714043617249, "best_1_weight_sim": 0.7604244947433472, "best_2_weight_sim": 0.7661631107330322, "num_feature_traj": 204, "num_feature_timesteps": "37349", "final_test_returns": 2783.1454979083237, "final_test_normalized_returns": 86.13782519446356, "best_return": 2783.1454979083237, "best_return_normalized": 86.13782519446356, "convergence_step": "100000", "convergence_iter": "20", "best_step": "100000", "best_iter": "20", "best_5percent_normalized": 86.13782519446356, "best_10percent_normalized": 82.17730717123993, "best_25percent_normalized": 75.17374266963586, "best_50percent_normalized": 62.27744193595144, "best_100percent_normalized": 44.31600871369211, "best_later_half_normalized": 59.39433020925337, "best_last_four_normalized": 69.10895383034476}