{
    "final_weight_diff": 0.0013968657003715634,
    "final_weight_sim": 0.7479403018951416,
    "final_feature_diff": 0.27817639658072063,
    "final_feature_sim": 0.691338808500585,
    "final_0_weight_diff": 0.0014896552311256528,
    "final_1_weight_diff": 0.0014830214204266667,
    "final_2_weight_diff": 0.001212969538755715,
    "final_0_weight_sim": 0.7266877889633179,
    "final_1_weight_sim": 0.7309051156044006,
    "final_2_weight_sim": 0.7541614770889282,
    "best_weight_diff": 0.000610321993008256,
    "best_weight_sim": 0.8668755292892456,
    "best_feature_diff": 0.18010806733168344,
    "best_feature_sim": 0.8113606098954513,
    "best_0_weight_diff": 0.0007063285447657108,
    "best_1_weight_diff": 0.0006582970963791013,
    "best_2_weight_diff": 0.0004662539577111602,
    "best_0_weight_sim": 0.8477852940559387,
    "best_1_weight_sim": 0.8493084907531738,
    "best_2_weight_sim": 0.8798967003822327,
    "num_feature_traj": 109,
    "num_feature_timesteps": "31150",
    "final_test_returns": 2415.694386721473,
    "final_test_normalized_returns": 52.58632960036517,
    "best_return": 3426.696755462418,
    "best_return_normalized": 74.60930555535698,
    "convergence_step": "30000",
    "convergence_iter": "6",
    "best_step": "30000",
    "best_iter": "6"
}