{"final_weight_diff": 0.0012435303069651127, "final_weight_sim": 0.8013007640838623, "final_feature_diff": 0.48526321064774763, "final_feature_sim": 0.6124933254746571, "final_0_weight_diff": 0.001532972906716168, "final_1_weight_diff": 0.0013549894792959094, "final_2_weight_diff": 0.0008398079662583768, "final_0_weight_sim": 0.7678159475326538, "final_1_weight_sim": 0.7859716415405273, "final_2_weight_sim": 0.8374335169792175, "best_weight_diff": 0.0011946120066568255, "best_weight_sim": 0.8076158165931702, "best_feature_diff": 0.4833524469813404, "best_feature_sim": 0.6147658054397445, "best_0_weight_diff": 0.001480376929976046, "best_1_weight_diff": 0.0012969902018085122, "best_2_weight_diff": 0.0008038906962610781, "best_0_weight_sim": 0.7741400003433228, "best_1_weight_sim": 0.7927466630935669, "best_2_weight_sim": 0.8435059189796448, "num_feature_traj": 321, "num_feature_timesteps": "203500", "final_test_returns": 3507.4741719647245, "final_test_normalized_returns": 108.39355056100756, "best_return": 3617.65131790636, "best_return_normalized": 111.7788539316646, "convergence_step": "10000", "convergence_iter": "2", "best_step": "95000", "best_iter": "19", "best_5percent_normalized": 111.7788539316646, "best_10percent_normalized": 111.11540229481578, "best_25percent_normalized": 108.69028425042522, "best_50percent_normalized": 100.93311333368372, "best_100percent_normalized": 80.07989538300833, "best_later_half_normalized": 95.31366708842451, "best_last_four_normalized": 96.1692595328917}