{"final_weight_diff": 1193.16748046875, "final_feature_diff": 49.64220435746087, "best_weight_diff": 1193.9376220703125, "best_feature_diff": 50.0569148804031, "num_feature_traj": 218, "num_feature_timesteps": "100692", "final_test_returns": 2001.470815915872, "final_test_normalized_returns": 62.12008618797216, "best_return": 2283.240947821449, "best_return_normalized": 70.77775624411727, "convergence_step": "10000", "convergence_iter": "2", "best_step": "15000", "best_iter": "3", "best_5percent_normalized": 70.77775624411727, "best_10percent_normalized": 69.78915591564683, "best_25percent_normalized": 68.0150168385288, "best_50percent_normalized": 65.38246786174462, "best_100percent_normalized": 54.046771389557136, "best_later_half_normalized": 60.74935566648535, "best_last_four_normalized": 58.1420195995308, "target_steps": 15000}