{
    "final_weight_diff": 0.0019981081131845713,
    "final_weight_sim": 0.7034180760383606,
    "final_feature_diff": 0.22890260723940742,
    "final_feature_sim": 0.6840112110121636,
    "final_0_weight_diff": 0.0020093279890716076,
    "final_1_weight_diff": 0.0020577581599354744,
    "final_2_weight_diff": 0.0019122821977362037,
    "final_0_weight_sim": 0.6641876697540283,
    "final_1_weight_sim": 0.7053059935569763,
    "final_2_weight_sim": 0.7216272354125977,
    "best_weight_diff": 0.0010471395216882229,
    "best_weight_sim": 0.8290296792984009,
    "best_feature_diff": 0.19255999757101022,
    "best_feature_sim": 0.7333207078928687,
    "best_0_weight_diff": 0.001088991411961615,
    "best_1_weight_diff": 0.0010544777614995837,
    "best_2_weight_diff": 0.0009953085100278258,
    "best_0_weight_sim": 0.7958300113677979,
    "best_1_weight_sim": 0.8301790952682495,
    "best_2_weight_sim": 0.8438888788223267,
    "num_feature_traj": 65,
    "num_feature_timesteps": "17588",
    "final_test_returns": 2989.431696395102,
    "final_test_normalized_returns": 65.08422610990506,
    "best_return": 3418.142147993038,
    "best_return_normalized": 74.42295790630335,
    "convergence_step": "40000",
    "convergence_iter": "8",
    "best_step": "40000",
    "best_iter": "8"
}