{"final_weight_diff": 0.0007856226293370128, "final_weight_sim": 0.8324863314628601, "final_feature_diff": 0.41829698079590594, "final_feature_sim": 0.7375648945821173, "final_0_weight_diff": 0.0011213944526389241, "final_1_weight_diff": 0.0007093523163348436, "final_2_weight_diff": 0.0005247057415544987, "final_0_weight_sim": 0.7747176885604858, "final_1_weight_sim": 0.8346432447433472, "final_2_weight_sim": 0.8616185188293457, "best_weight_diff": 0.00021177688904572278, "best_weight_sim": 0.9473667144775391, "best_feature_diff": 0.16395700226191884, "best_feature_sim": 0.8888213402801484, "best_0_weight_diff": 0.0002940011618193239, "best_1_weight_diff": 0.0002066903398372233, "best_2_weight_diff": 0.00013465034135151654, "best_0_weight_sim": 0.9230196475982666, "best_1_weight_sim": 0.9442321062088013, "best_2_weight_sim": 0.9609431028366089, "num_feature_traj": 218, "num_feature_timesteps": "100692", "final_test_returns": 2309.2866729737475, "final_test_normalized_returns": 71.57803728603128, "best_return": 2388.7156000134337, "best_return_normalized": 74.01857077541356, "convergence_step": "20000", "convergence_iter": "4", "best_step": "20000", "best_iter": "4", "best_5percent_normalized": 74.01857077541356, "best_10percent_normalized": 72.79830403072242, "best_25percent_normalized": 67.09240634266355, "best_50percent_normalized": 62.41629429556444, "best_100percent_normalized": 56.283240233977736, "best_later_half_normalized": 57.97987100017207, "best_last_four_normalized": 60.683479129665976, "target_steps": 5000}