{
    "final_weight_diff": 0.0009540793253108859,
    "final_weight_sim": 0.793004035949707,
    "final_feature_diff": 0.19059633801501516,
    "final_feature_sim": 0.7836754404661179,
    "final_0_weight_diff": 0.0011247671209275723,
    "final_1_weight_diff": 0.0009296678472310305,
    "final_2_weight_diff": 0.0008068287279456854,
    "final_0_weight_sim": 0.7596388459205627,
    "final_1_weight_sim": 0.7862491011619568,
    "final_2_weight_sim": 0.7981686592102051,
    "best_weight_diff": 0.0008376493351534009,
    "best_weight_sim": 0.8132643103599548,
    "best_feature_diff": 0.17798211373945094,
    "best_feature_sim": 0.8014816628467409,
    "best_0_weight_diff": 0.0009993636049330235,
    "best_1_weight_diff": 0.0008085828158073127,
    "best_2_weight_diff": 0.0007043882505968213,
    "best_0_weight_sim": 0.7817188501358032,
    "best_1_weight_sim": 0.8072565793991089,
    "best_2_weight_sim": 0.8180222511291504,
    "num_feature_traj": 64,
    "num_feature_timesteps": "41579",
    "final_test_returns": 2777.401174749624,
    "final_test_normalized_returns": 85.96132510104499,
    "best_return": 3471.706239296605,
    "best_return_normalized": 107.29454493703756,
    "convergence_step": "70000",
    "convergence_iter": "14",
    "best_step": "85000",
    "best_iter": "17"
}