{"final_weight_diff": 0.001464705914258957, "final_weight_sim": 0.7164742946624756, "final_feature_diff": 0.2944732615552724, "final_feature_sim": 0.6709867846166814, "final_0_weight_diff": 0.0015804216964170337, "final_1_weight_diff": 0.0014641962479799986, "final_2_weight_diff": 0.0013414027635008097, "final_0_weight_sim": 0.687857985496521, "final_1_weight_sim": 0.7076478600502014, "final_2_weight_sim": 0.7173118591308594, "best_weight_diff": 0.0008573056547902524, "best_weight_sim": 0.8191521763801575, "best_feature_diff": 0.2577361857871475, "best_feature_sim": 0.7428486476141308, "best_0_weight_diff": 0.0009727547294460237, "best_1_weight_diff": 0.000856780621688813, "best_2_weight_diff": 0.0007414097199216485, "best_0_weight_sim": 0.798169732093811, "best_1_weight_sim": 0.8076164722442627, "best_2_weight_sim": 0.8227559328079224, "num_feature_traj": 20, "num_feature_timesteps": "20000", "final_test_returns": 4526.351051858524, "final_test_normalized_returns": 38.71494742890576, "best_return": 4813.214471184979, "best_return_normalized": 41.02553369119349, "convergence_step": "20000", "convergence_iter": "4", "best_step": "45000", "best_iter": "9", "best_5percent_normalized": 41.02553369119349, "best_10percent_normalized": 41.02485689523569, "best_25percent_normalized": 40.934203027766756, "best_50percent_normalized": 40.64278355373044, "best_100percent_normalized": 38.744878212754074, "best_later_half_normalized": 39.679840406690644, "best_last_four_normalized": 39.26565780749794, "target_steps": 15000}