{"final_weight_diff": 0.0022824949119240046, "final_weight_sim": 0.7984005212783813, "final_feature_diff": 7.10418089881215, "final_feature_sim": 0.2709463887444953, "final_0_weight_diff": 0.001692713936790824, "final_1_weight_diff": 0.0023282920010387897, "final_2_weight_diff": 0.0028165201656520367, "final_0_weight_sim": 0.709883987903595, "final_1_weight_sim": 0.7334042191505432, "final_2_weight_sim": 0.7466716766357422, "best_weight_diff": 0.00044580354006029665, "best_weight_sim": 0.9532657265663147, "best_feature_diff": 5.574860814991398, "best_feature_sim": 0.5190335482390211, "best_0_weight_diff": 0.0005080417613498867, "best_1_weight_diff": 0.00050782086327672, "best_2_weight_diff": 0.00032041320810094476, "best_0_weight_sim": 0.8940001130104065, "best_1_weight_sim": 0.9266321063041687, "best_2_weight_sim": 0.9615430235862732, "num_feature_traj": 38, "num_feature_timesteps": "22985", "final_test_returns": 3489.9927012643298, "final_test_normalized_returns": 90.73294892788456, "best_return": 3671.275572147036, "best_return_normalized": 95.0437679154171, "convergence_step": "15000", "convergence_iter": "3", "best_step": "15000", "best_iter": "3", "best_5percent_normalized": 95.0437679154171, "best_10percent_normalized": 92.88835842165084, "best_25percent_normalized": 89.3700703908717, "best_50percent_normalized": 83.07273179866839, "best_100percent_normalized": 72.72222331668021, "best_later_half_normalized": 73.45090567520577, "best_last_four_normalized": 78.1156176262707, "target_steps": 5000}