{"final_weight_diff": 0.0014971971977502108, "final_weight_sim": 0.7445648908615112, "final_feature_diff": 0.299104608611241, "final_feature_sim": 0.6814723237364995, "final_0_weight_diff": 0.001716448343358934, "final_1_weight_diff": 0.001500788377597928, "final_2_weight_diff": 0.0012680975487455726, "final_0_weight_sim": 0.7099238634109497, "final_1_weight_sim": 0.7496086955070496, "final_2_weight_sim": 0.75110924243927, "best_weight_diff": 0.0007265613530762494, "best_weight_sim": 0.860735297203064, "best_feature_diff": 0.24708038559221945, "best_feature_sim": 0.7401518732542078, "best_0_weight_diff": 0.000897564459592104, "best_1_weight_diff": 0.0007021033670753241, "best_2_weight_diff": 0.0005794410244561732, "best_0_weight_sim": 0.8326395153999329, "best_1_weight_sim": 0.8637558817863464, "best_2_weight_sim": 0.8704560399055481, "num_feature_traj": 40, "num_feature_timesteps": "7375", "final_test_returns": 962.4297667308024, "final_test_normalized_returns": 30.19450728506099, "best_return": 2268.0126635642, "best_return_normalized": 70.30985192889116, "convergence_step": "40000", "convergence_iter": "8", "best_step": "40000", "best_iter": "8", "best_5percent_normalized": 70.30985192889116, "best_10percent_normalized": 69.09384978238359, "best_25percent_normalized": 59.98950820704283, "best_50percent_normalized": 52.54154427296229, "best_100percent_normalized": 38.52015628722554, "best_later_half_normalized": 41.33713341206227, "best_last_four_normalized": 34.89486928030326, "target_steps": 25000}