{"final_weight_diff": 0.0020283374469727278, "final_weight_sim": 0.757611870765686, "final_feature_diff": 0.16867378875374417, "final_feature_sim": 0.6284500281630828, "final_0_weight_diff": 0.0019816444255411625, "final_1_weight_diff": 0.0017324606887996197, "final_2_weight_diff": 0.002369434107095003, "final_0_weight_sim": 0.6939792037010193, "final_1_weight_sim": 0.7589141130447388, "final_2_weight_sim": 0.782407283782959, "best_weight_diff": 0.0006646817200817168, "best_weight_sim": 0.9076128602027893, "best_feature_diff": 0.13295155400346825, "best_feature_sim": 0.7209090088221637, "best_0_weight_diff": 0.0007088567945174873, "best_1_weight_diff": 0.0005387126584537327, "best_2_weight_diff": 0.000746195437386632, "best_0_weight_sim": 0.8688761591911316, "best_1_weight_sim": 0.908480703830719, "best_2_weight_sim": 0.9232519865036011, "num_feature_traj": 218, "num_feature_timesteps": "100692", "final_test_returns": 1758.57128885687, "final_test_normalized_returns": 54.65675447197877, "best_return": 2192.374535188841, "best_return_normalized": 67.98579453249668, "convergence_step": "20000", "convergence_iter": "4", "best_step": "20000", "best_iter": "4", "best_5percent_normalized": 67.98579453249668, "best_10percent_normalized": 67.72535970732004, "best_25percent_normalized": 64.66857104028347, "best_50percent_normalized": 62.08924569514621, "best_100percent_normalized": 58.57329146519423, "best_later_half_normalized": 55.773552758586064, "best_last_four_normalized": 54.42088306600456, "target_steps": 5000}