{"final_weight_diff": 0.0010616560466587543, "final_weight_sim": 0.7806318998336792, "final_feature_diff": 0.2180835302405156, "final_feature_sim": 0.7450149394436665, "final_0_weight_diff": 0.0011775798629969358, "final_1_weight_diff": 0.0009359787800349295, "final_2_weight_diff": 0.0010707643814384937, "final_0_weight_sim": 0.7583266496658325, "final_1_weight_sim": 0.786873996257782, "final_2_weight_sim": 0.7590985298156738, "best_weight_diff": 0.0007848970126360655, "best_weight_sim": 0.8261264562606812, "best_feature_diff": 0.19944070915481885, "best_feature_sim": 0.7739793020733053, "best_0_weight_diff": 0.0009107425576075912, "best_1_weight_diff": 0.0006855765823274851, "best_2_weight_diff": 0.0007582155521959066, "best_0_weight_sim": 0.8024846315383911, "best_1_weight_sim": 0.8311606645584106, "best_2_weight_sim": 0.8123242855072021, "num_feature_traj": 321, "num_feature_timesteps": "203500", "final_test_returns": 3442.8738877558594, "final_test_normalized_returns": 106.40864200298844, "best_return": 3594.7902933615974, "best_return_normalized": 111.07642601173052, "convergence_step": "70000", "convergence_iter": "14", "best_step": "70000", "best_iter": "14", "best_5percent_normalized": 111.07642601173052, "best_10percent_normalized": 111.02996215350845, "best_25percent_normalized": 108.01081034860131, "best_50percent_normalized": 103.67688778046013, "best_100percent_normalized": 86.52622856494469, "best_later_half_normalized": 99.5589846048867, "best_last_four_normalized": 106.7408262269638}