current_itr_train_time	current_itr_train_loss_mean	current_itr_train_loss_std	current_itr_eval_2000_return_mean	current_itr_eval_2000_return_std	current_itr_eval_2000_length_mean	current_itr_eval_2000_length_std	current_itr_eval_5000_return_mean	current_itr_eval_5000_return_std	current_itr_eval_5000_length_mean	current_itr_eval_5000_length_std	TestEpRet	TestEpNormRet	Iteration	Steps	total_time	current_eval_time
914.8450753688812	0.07840302783735097	0.11697952109201777	3245.4283376022113	1180.1172025794	980.3	59.1	2596.958482484125	1402.2648677405782	679.7	361.3040409405906	2596.958482484125	69.49702714394037	1	5000	1072.052005290985	157.20581674575806
907.6279611587524	0.018539392482303085	0.0021875800708713016	3451.7092382923233	653.5283722008498	948.8	137.74236820963984	3791.4288192901063	464.2241802887312	966.2	101.4	3791.4288192901063	97.900954017314	2	10000	2147.6316101551056	167.63984441757202
900.3876459598541	0.016699972563795747	0.001723942879134461	2503.9171977439864	1393.0345216129886	736.8	337.5025333238256	3247.6483657303143	1138.691738931135	868.5	280.5663023244238	3247.6483657303143	84.9701178448699	3	15000	3183.245965719223	135.1891314983368
895.1994302272797	0.015956477175466718	0.0015502966759360867	2774.171951960161	1383.9664217291124	721.7	348.7325766257004	3662.951422242279	738.3898487196901	940.5	178.5	3662.951422242279	94.8458236568682	4	20000	4210.039291381836	131.56345558166504
