{"final_weight_diff": 0.001732415403239429, "final_weight_sim": 0.7780042290687561, "final_feature_diff": 0.09430084688196547, "final_feature_sim": 0.7633820420289188, "final_0_weight_diff": 0.0017573394579812884, "final_1_weight_diff": 0.0020139196421951056, "final_2_weight_diff": 0.0014197533018887043, "final_0_weight_sim": 0.7291761636734009, "final_1_weight_sim": 0.771169900894165, "final_2_weight_sim": 0.824344277381897, "best_weight_diff": 0.0004260483547113836, "best_weight_sim": 0.9390687942504883, "best_feature_diff": 0.05633898401048589, "best_feature_sim": 0.8585798161761791, "best_0_weight_diff": 0.0004626559093594551, "best_1_weight_diff": 0.00047716934932395816, "best_2_weight_diff": 0.00033790056477300823, "best_0_weight_sim": 0.9145549535751343, "best_1_weight_sim": 0.936018705368042, "best_2_weight_sim": 0.9574027061462402, "num_feature_traj": 218, "num_feature_timesteps": "100692", "final_test_returns": 1962.3070463457852, "final_test_normalized_returns": 60.91674006750283, "best_return": 2259.69921501732, "best_return_normalized": 70.05441287983061, "convergence_step": "15000", "convergence_iter": "3", "best_step": "15000", "best_iter": "3", "best_5percent_normalized": 70.05441287983061, "best_10percent_normalized": 68.73116520870904, "best_25percent_normalized": 66.19557139253318, "best_50percent_normalized": 63.98249995002014, "best_100percent_normalized": 59.7497085849559, "best_later_half_normalized": 59.30960037167777, "best_last_four_normalized": 59.432969622820366, "target_steps": 5000}