{
    "final_weight_diff": 0.002031893003731966,
    "final_weight_sim": 0.7245302796363831,
    "final_feature_diff": 0.6795808077916194,
    "final_feature_sim": 0.6727300008570113,
    "final_0_weight_diff": 0.002357565565034747,
    "final_1_weight_diff": 0.0019882130436599255,
    "final_2_weight_diff": 0.0017500149551779032,
    "final_0_weight_sim": 0.6940234899520874,
    "final_1_weight_sim": 0.7056649923324585,
    "final_2_weight_sim": 0.719615638256073,
    "best_weight_diff": 0.0009690148290246725,
    "best_weight_sim": 0.8288641571998596,
    "best_feature_diff": 0.474516054130804,
    "best_feature_sim": 0.7711340994247879,
    "best_0_weight_diff": 0.0011052462505176663,
    "best_1_weight_diff": 0.0009169009863398969,
    "best_2_weight_diff": 0.0008843555697239935,
    "best_0_weight_sim": 0.8018368482589722,
    "best_1_weight_sim": 0.8180490136146545,
    "best_2_weight_sim": 0.8210039734840393,
    "num_feature_traj": 131,
    "num_feature_timesteps": "117332",
    "final_test_returns": 4753.83837587904,
    "final_test_normalized_returns": 103.51884019047644,
    "best_return": 5010.644500371288,
    "best_return_normalized": 109.11292708844354,
    "convergence_step": "25000",
    "convergence_iter": "5",
    "best_step": "25000",
    "best_iter": "5"
}