{"final_weight_diff": 0.0023574125953018665, "final_weight_sim": 0.7082200646400452, "final_feature_diff": 0.5694759093680073, "final_feature_sim": 0.7380747235652751, "final_0_weight_diff": 0.0024431354831904173, "final_1_weight_diff": 0.0023604342713952065, "final_2_weight_diff": 0.002265897346660495, "final_0_weight_sim": 0.6872316598892212, "final_1_weight_sim": 0.6848291754722595, "final_2_weight_sim": 0.6922469139099121, "best_weight_diff": 0.0023574125953018665, "best_weight_sim": 0.7082200646400452, "best_feature_diff": 0.5694759093680073, "best_feature_sim": 0.7380747235652751, "best_0_weight_diff": 0.0024431354831904173, "best_1_weight_diff": 0.0023604342713952065, "best_2_weight_diff": 0.002265897346660495, "best_0_weight_sim": 0.6872316598892212, "best_1_weight_sim": 0.6848291754722595, "best_2_weight_sim": 0.6922469139099121, "num_feature_traj": 20, "num_feature_timesteps": "20000", "final_test_returns": 4712.413772566286, "final_test_normalized_returns": 40.213618703900174, "best_return": 4712.413772566286, "best_return_normalized": 40.213618703900174, "convergence_step": "35000", "convergence_iter": "7", "best_step": "100000", "best_iter": "20", "best_5percent_normalized": 40.213618703900174, "best_10percent_normalized": 39.52732428586431, "best_25percent_normalized": 38.86986471803431, "best_50percent_normalized": 38.250062258175, "best_100percent_normalized": 35.02974441914426, "best_later_half_normalized": 35.922122942771274, "best_last_four_normalized": 36.27805871481441, "target_steps": 20000}