{"final_weight_diff": 0.0011983074946328998, "final_weight_sim": 0.784442663192749, "final_feature_diff": 1.0720251521537252, "final_feature_sim": 0.3876104194904897, "final_0_weight_diff": 0.0014319145120680332, "final_1_weight_diff": 0.0011298049939796329, "final_2_weight_diff": 0.0010258402908220887, "final_0_weight_sim": 0.7534101605415344, "final_1_weight_sim": 0.780031144618988, "final_2_weight_sim": 0.7831360101699829, "best_weight_diff": 0.0011983074946328998, "best_weight_sim": 0.784442663192749, "best_feature_diff": 1.0720251521537252, "best_feature_sim": 0.3876104194904897, "best_0_weight_diff": 0.0014319145120680332, "best_1_weight_diff": 0.0011298049939796329, "best_2_weight_diff": 0.0010258402908220887, "best_0_weight_sim": 0.7534101605415344, "best_1_weight_sim": 0.780031144618988, "best_2_weight_sim": 0.7831360101699829, "num_feature_traj": 48, "num_feature_timesteps": "28017", "final_test_returns": 3656.41116804783, "final_test_normalized_returns": 94.69029957548403, "best_return": 3656.41116804783, "best_return_normalized": 94.69029957548403, "convergence_step": "55000", "convergence_iter": "11", "best_step": "100000", "best_iter": "20", "best_5percent_normalized": 94.69029957548403, "best_10percent_normalized": 94.51674873665993, "best_25percent_normalized": 94.12345479869691, "best_50percent_normalized": 90.16575001714497, "best_100percent_normalized": 78.41911875026719, "best_later_half_normalized": 86.59157137163064, "best_last_four_normalized": 91.3521093228216}