{"final_weight_diff": 0.0012694534379988909, "final_weight_sim": 0.7850793600082397, "final_feature_diff": 0.28600041405417553, "final_feature_sim": 0.7077787376480206, "final_0_weight_diff": 0.0016687983879819512, "final_1_weight_diff": 0.0013162660179659724, "final_2_weight_diff": 0.0008183770696632564, "final_0_weight_sim": 0.7507129907608032, "final_1_weight_sim": 0.7784797549247742, "final_2_weight_sim": 0.8208746910095215, "best_weight_diff": 0.00034252472687512636, "best_weight_sim": 0.9326235055923462, "best_feature_diff": 0.17106791397984605, "best_feature_sim": 0.8339192212018012, "best_0_weight_diff": 0.00044823711505159736, "best_1_weight_diff": 0.0003484971821308136, "best_2_weight_diff": 0.0002306812530150637, "best_0_weight_sim": 0.919495701789856, "best_1_weight_sim": 0.9281042814254761, "best_2_weight_sim": 0.9452883005142212, "num_feature_traj": 119, "num_feature_timesteps": "101758", "final_test_returns": 2798.752839859483, "final_test_normalized_returns": 60.93060985494129, "best_return": 3677.165915805348, "best_return_normalized": 80.06535241167525, "convergence_step": "15000", "convergence_iter": "3", "best_step": "15000", "best_iter": "3", "best_5percent_normalized": 80.06535241167525, "best_10percent_normalized": 79.79846216795966, "best_25percent_normalized": 77.99095541765853, "best_50percent_normalized": 76.9757758714642, "best_100percent_normalized": 72.19086357386529, "best_later_half_normalized": 70.98368536192321, "best_last_four_normalized": 66.78861445293866, "target_steps": 5000}