{
    "final_weight_diff": 0.0012825189623981714,
    "final_weight_sim": 0.776586651802063,
    "final_feature_diff": 0.3377743730809545,
    "final_feature_sim": 0.6799425948687391,
    "final_0_weight_diff": 0.0016504619270563126,
    "final_1_weight_diff": 0.0012339457171037793,
    "final_2_weight_diff": 0.0009574128780514002,
    "final_0_weight_sim": 0.7412947416305542,
    "final_1_weight_sim": 0.7810571193695068,
    "final_2_weight_sim": 0.7940452098846436,
    "best_weight_diff": 0.0008102376013994217,
    "best_weight_sim": 0.8472588062286377,
    "best_feature_diff": 0.29808511315886543,
    "best_feature_sim": 0.7276751486772041,
    "best_0_weight_diff": 0.0010435633594170213,
    "best_1_weight_diff": 0.0007838781457394361,
    "best_2_weight_diff": 0.0006014661630615592,
    "best_0_weight_sim": 0.8204753994941711,
    "best_1_weight_sim": 0.8476500511169434,
    "best_2_weight_sim": 0.8616525530815125,
    "num_feature_traj": 200,
    "num_feature_timesteps": "200000",
    "final_test_returns": 5639.689891216286,
    "final_test_normalized_returns": 47.6825091819221,
    "best_return": 10960.768369956751,
    "best_return_normalized": 90.54196774377138,
    "convergence_step": "50000",
    "convergence_iter": "10",
    "best_step": "50000",
    "best_iter": "10"
}