{
    "final_weight_diff": 0.00107660167850554,
    "final_weight_sim": 0.7954431772232056,
    "final_feature_diff": 0.848734037095345,
    "final_feature_sim": 0.514326625997939,
    "final_0_weight_diff": 0.0012716862838715315,
    "final_1_weight_diff": 0.0010831201216205955,
    "final_2_weight_diff": 0.0008730902336537838,
    "final_0_weight_sim": 0.7628046274185181,
    "final_1_weight_sim": 0.7817214131355286,
    "final_2_weight_sim": 0.7986822724342346,
    "best_weight_diff": 0.0006390615599229932,
    "best_weight_sim": 0.8637905120849609,
    "best_feature_diff": 0.634612258556021,
    "best_feature_sim": 0.6296880299143244,
    "best_0_weight_diff": 0.0008067134185694158,
    "best_1_weight_diff": 0.0006173450383357704,
    "best_2_weight_diff": 0.0004928168491460383,
    "best_0_weight_sim": 0.831055223941803,
    "best_1_weight_sim": 0.8552588820457458,
    "best_2_weight_sim": 0.871791660785675,
    "num_feature_traj": 204,
    "num_feature_timesteps": "37349",
    "final_test_returns": 956.3406766977854,
    "final_test_normalized_returns": 30.00741388345911,
    "best_return": 2175.0338348549403,
    "best_return_normalized": 67.45298411352826,
    "convergence_step": "55000",
    "convergence_iter": "11",
    "best_step": "55000",
    "best_iter": "11"
}