{
    "final_weight_diff": 0.0013448226964101195,
    "final_weight_sim": 0.7369869947433472,
    "final_feature_diff": 0.28915584501147235,
    "final_feature_sim": 0.6659637604876913,
    "final_0_weight_diff": 0.0014882219256833196,
    "final_1_weight_diff": 0.0013173071201890707,
    "final_2_weight_diff": 0.0012155743315815926,
    "final_0_weight_sim": 0.7055822014808655,
    "final_1_weight_sim": 0.7387728095054626,
    "final_2_weight_sim": 0.7380354404449463,
    "best_weight_diff": 0.0004378556914161891,
    "best_weight_sim": 0.8957687020301819,
    "best_feature_diff": 0.19413566616684622,
    "best_feature_sim": 0.8340086489512647,
    "best_0_weight_diff": 0.0005116427782922983,
    "best_1_weight_diff": 0.00040054242708720267,
    "best_2_weight_diff": 0.0004013852740172297,
    "best_0_weight_sim": 0.8784390091896057,
    "best_1_weight_sim": 0.8950843214988708,
    "best_2_weight_sim": 0.89244145154953,
    "num_feature_traj": 4,
    "num_feature_timesteps": "1277",
    "final_test_returns": 2673.222575020619,
    "final_test_normalized_returns": 71.31055037739564,
    "best_return": 3456.306635899281,
    "best_return_normalized": 89.93191058662356,
    "convergence_step": "15000",
    "convergence_iter": "3",
    "best_step": "15000",
    "best_iter": "3"
}