{"final_weight_diff": 0.001508716493844986, "final_weight_sim": 0.7984259724617004, "final_feature_diff": 1.4957089152697656, "final_feature_sim": 0.5611998412066765, "final_0_weight_diff": 0.001743776141665876, "final_1_weight_diff": 0.0015172752318903804, "final_2_weight_diff": 0.0012529264204204082, "final_0_weight_sim": 0.7650194764137268, "final_1_weight_sim": 0.7929725646972656, "final_2_weight_sim": 0.7785788774490356, "best_weight_diff": 0.0012066381750628352, "best_weight_sim": 0.8356054425239563, "best_feature_diff": 1.4355221220238896, "best_feature_sim": 0.5866780532513026, "best_0_weight_diff": 0.0014201814774423838, "best_1_weight_diff": 0.001194423995912075, "best_2_weight_diff": 0.0009986223885789514, "best_0_weight_sim": 0.8053522706031799, "best_1_weight_sim": 0.8324685096740723, "best_2_weight_sim": 0.8177582025527954, "num_feature_traj": 20, "num_feature_timesteps": "20000", "final_test_returns": 4755.158150769306, "final_test_normalized_returns": 40.55790998125378, "best_return": 4898.088074767948, "best_return_normalized": 41.70916140130765, "convergence_step": "30000", "convergence_iter": "6", "best_step": "75000", "best_iter": "15", "best_5percent_normalized": 41.70916140130765, "best_10percent_normalized": 41.70861546000816, "best_25percent_normalized": 41.64316872813745, "best_50percent_normalized": 41.36660187892896, "best_100percent_normalized": 38.642477948460645, "best_later_half_normalized": 40.8550440835106, "best_last_four_normalized": 41.15986590772652}