{"final_weight_diff": 0.0010516492184251547, "final_weight_sim": 0.793199896812439, "final_feature_diff": 0.2403550509812613, "final_feature_sim": 0.8072691440444806, "final_0_weight_diff": 0.001250574248842895, "final_1_weight_diff": 0.001090561505407095, "final_2_weight_diff": 0.0008117881952784956, "final_0_weight_sim": 0.7604742050170898, "final_1_weight_sim": 0.777728259563446, "final_2_weight_sim": 0.8055923581123352, "best_weight_diff": 0.0004150742315687239, "best_weight_sim": 0.9029541015625, "best_feature_diff": 0.15454834051973723, "best_feature_sim": 0.8839044788289581, "best_0_weight_diff": 0.0004989404696971178, "best_1_weight_diff": 0.0004149929736740887, "best_2_weight_diff": 0.0003312544140499085, "best_0_weight_sim": 0.8809996843338013, "best_1_weight_sim": 0.8951656818389893, "best_2_weight_sim": 0.9088737368583679, "num_feature_traj": 219, "num_feature_timesteps": "197797", "final_test_returns": 4953.157212867609, "final_test_normalized_returns": 107.86066380048716, "best_return": 4998.451658560256, "best_return_normalized": 108.84732666026471, "convergence_step": "25000", "convergence_iter": "5", "best_step": "25000", "best_iter": "5", "best_5percent_normalized": 108.84732666026471, "best_10percent_normalized": 108.59561079127072, "best_25percent_normalized": 108.1911722319887, "best_50percent_normalized": 107.65476534080179, "best_100percent_normalized": 99.8921564469693, "best_later_half_normalized": 103.56020129525434, "best_last_four_normalized": 107.64104580466986}