{
    "final_weight_diff": 0.00218188320286572,
    "final_weight_sim": 0.6839450597763062,
    "final_feature_diff": 0.43118233264449013,
    "final_feature_sim": 0.5661915101412762,
    "final_0_weight_diff": 0.00229011126793921,
    "final_1_weight_diff": 0.0018842252902686596,
    "final_2_weight_diff": 0.002356399782001972,
    "final_0_weight_sim": 0.6260327696800232,
    "final_1_weight_sim": 0.6942376494407654,
    "final_2_weight_sim": 0.6995766758918762,
    "best_weight_diff": 0.0008959638071246445,
    "best_weight_sim": 0.8606768250465393,
    "best_feature_diff": 0.30594142987011536,
    "best_feature_sim": 0.7179026819445732,
    "best_0_weight_diff": 0.0010721416911110282,
    "best_1_weight_diff": 0.0007682889117859304,
    "best_2_weight_diff": 0.0008460659882985055,
    "best_0_weight_sim": 0.8064777851104736,
    "best_1_weight_sim": 0.8600416779518127,
    "best_2_weight_sim": 0.8879969716072083,
    "num_feature_traj": 20,
    "num_feature_timesteps": "20000",
    "final_test_returns": 4522.920136581053,
    "final_test_normalized_returns": 38.68731258537706,
    "best_return": 4830.757554278864,
    "best_return_normalized": 41.16683719684812,
    "convergence_step": "10000",
    "convergence_iter": "2",
    "best_step": "25000",
    "best_iter": "5"
}