{"final_weight_diff": 0.001071009086444974, "final_weight_sim": 0.7952166199684143, "final_feature_diff": 1.3964058674042783, "final_feature_sim": 0.44012646808021033, "final_0_weight_diff": 0.0016099392669275403, "final_1_weight_diff": 0.0009462517336942255, "final_2_weight_diff": 0.0006530635873787105, "final_0_weight_sim": 0.7307758927345276, "final_1_weight_sim": 0.7877313494682312, "final_2_weight_sim": 0.8253623247146606, "best_weight_diff": 0.00042393230251036584, "best_weight_sim": 0.9047200083732605, "best_feature_diff": 1.0379516794313322, "best_feature_sim": 0.6055263157135251, "best_0_weight_diff": 0.0006002805894240737, "best_1_weight_diff": 0.00038150991895236075, "best_2_weight_diff": 0.00028931035194545984, "best_0_weight_sim": 0.8640393018722534, "best_1_weight_sim": 0.8999456167221069, "best_2_weight_sim": 0.9165199398994446, "num_feature_traj": 120, "num_feature_timesteps": "106539", "final_test_returns": 3367.124645231569, "final_test_normalized_returns": 87.811205983677, "best_return": 3782.562145985589, "best_return_normalized": 97.690108814724, "convergence_step": "25000", "convergence_iter": "5", "best_step": "25000", "best_iter": "5", "best_5percent_normalized": 97.690108814724, "best_10percent_normalized": 96.27979665085482, "best_25percent_normalized": 94.52303271293371, "best_50percent_normalized": 92.15484348394602, "best_100percent_normalized": 87.0796505530932, "best_later_half_normalized": 87.56857238857262, "best_last_four_normalized": 88.4211836466569, "target_steps": 10000}