{"final_weight_diff": 0.002425213810056448, "final_weight_sim": 0.6951550245285034, "final_feature_diff": 0.8958696168281713, "final_feature_sim": 0.5491273967092233, "final_0_weight_diff": 0.0030176453292369843, "final_1_weight_diff": 0.002354868920519948, "final_2_weight_diff": 0.001904287957586348, "final_0_weight_sim": 0.6606283187866211, "final_1_weight_sim": 0.6798609495162964, "final_2_weight_sim": 0.6980313062667847, "best_weight_diff": 0.00127436185721308, "best_weight_sim": 0.7924045920372009, "best_feature_diff": 0.7030071986067823, "best_feature_sim": 0.6529115458330421, "best_0_weight_diff": 0.0015809880569577217, "best_1_weight_diff": 0.001221223152242601, "best_2_weight_diff": 0.0010212172055616975, "best_0_weight_sim": 0.7566512823104858, "best_1_weight_sim": 0.7802259922027588, "best_2_weight_sim": 0.7961422801017761, "num_feature_traj": 120, "num_feature_timesteps": "106539", "final_test_returns": 2857.969371971489, "final_test_normalized_returns": 75.70373985141343, "best_return": 3923.2001646892086, "best_return_normalized": 101.03441287635148, "convergence_step": "40000", "convergence_iter": "8", "best_step": "40000", "best_iter": "8", "best_5percent_normalized": 101.03441287635148, "best_10percent_normalized": 100.46174943390577, "best_25percent_normalized": 96.5472435768425, "best_50percent_normalized": 93.83028195021477, "best_100percent_normalized": 85.03176747771715, "best_later_half_normalized": 83.04242800085014, "best_last_four_normalized": 87.23772009590682, "target_steps": 10000}