{"final_weight_diff": 0.0015534358099102974, "final_weight_sim": 0.7245279550552368, "final_feature_diff": 0.12088538392877984, "final_feature_sim": 0.6872468831413867, "final_0_weight_diff": 0.0017467598663643003, "final_1_weight_diff": 0.001450505806133151, "final_2_weight_diff": 0.0014530462212860584, "final_0_weight_sim": 0.6909579634666443, "final_1_weight_sim": 0.726677417755127, "final_2_weight_sim": 0.7303862571716309, "best_weight_diff": 0.0005760742351412773, "best_weight_sim": 0.8797435760498047, "best_feature_diff": 0.10749441205139981, "best_feature_sim": 0.8325605198077546, "best_0_weight_diff": 0.0006159149343147874, "best_1_weight_diff": 0.0005199579172767699, "best_2_weight_diff": 0.0005923964199610054, "best_0_weight_sim": 0.8753836154937744, "best_1_weight_sim": 0.877126157283783, "best_2_weight_sim": 0.8651819229125977, "num_feature_traj": 437, "num_feature_timesteps": "121445", "final_test_returns": 2699.6406281110526, "final_test_normalized_returns": 58.77161802300322, "best_return": 3255.895677606573, "best_return_normalized": 70.88869307510096, "convergence_step": "20000", "convergence_iter": "4", "best_step": "20000", "best_iter": "4", "best_5percent_normalized": 70.88869307510096, "best_10percent_normalized": 69.9621031749646, "best_25percent_normalized": 68.21752018421685, "best_50percent_normalized": 65.59361020078305, "best_100percent_normalized": 57.74701240511441, "best_later_half_normalized": 59.816156533588774, "best_last_four_normalized": 62.788071817484706, "target_steps": 10000}