{"final_weight_diff": 0.0021941985469311476, "final_weight_sim": 0.6846182346343994, "final_feature_diff": 0.38421200001972766, "final_feature_sim": 0.6260817825164205, "final_0_weight_diff": 0.0023588244803249836, "final_1_weight_diff": 0.0019097357289865613, "final_2_weight_diff": 0.00229508220218122, "final_0_weight_sim": 0.6288799047470093, "final_1_weight_sim": 0.6900017857551575, "final_2_weight_sim": 0.7062755823135376, "best_weight_diff": 0.0018412121571600437, "best_weight_sim": 0.7309024930000305, "best_feature_diff": 0.36444121701732457, "best_feature_sim": 0.6500352620662745, "best_0_weight_diff": 0.0020261819008737803, "best_1_weight_diff": 0.001601741067133844, "best_2_weight_diff": 0.001884122146293521, "best_0_weight_sim": 0.6744778156280518, "best_1_weight_sim": 0.7340085506439209, "best_2_weight_sim": 0.7557776570320129, "num_feature_traj": 20, "num_feature_timesteps": "20000", "final_test_returns": 4303.619061331063, "final_test_normalized_returns": 36.92091778687922, "best_return": 4837.015885763804, "best_return_normalized": 41.21724590628866, "convergence_step": "30000", "convergence_iter": "6", "best_step": "75000", "best_iter": "15", "best_5percent_normalized": 41.21724590628866, "best_10percent_normalized": 41.15329190568728, "best_25percent_normalized": 40.92186346028943, "best_50percent_normalized": 40.46101174437915, "best_100percent_normalized": 38.8564516711449, "best_later_half_normalized": 39.468731708549925, "best_last_four_normalized": 38.603564891161916, "target_steps": 5000}