{
    "final_weight_diff": 0.0007457836181856692,
    "final_weight_sim": 0.8380564451217651,
    "final_feature_diff": 0.5256487400974656,
    "final_feature_sim": 0.7083470768579928,
    "final_0_weight_diff": 0.0010320403380319476,
    "final_1_weight_diff": 0.0006795453373342752,
    "final_2_weight_diff": 0.0005247018416412175,
    "final_0_weight_sim": 0.7864568829536438,
    "final_1_weight_sim": 0.8358022570610046,
    "final_2_weight_sim": 0.8573528528213501,
    "best_weight_diff": 0.00038104478153400123,
    "best_weight_sim": 0.9090276956558228,
    "best_feature_diff": 0.338463589965853,
    "best_feature_sim": 0.8091661371258614,
    "best_0_weight_diff": 0.0005128580960445106,
    "best_1_weight_diff": 0.0003413743688724935,
    "best_2_weight_diff": 0.00028877294971607625,
    "best_0_weight_sim": 0.875868558883667,
    "best_1_weight_sim": 0.9083975553512573,
    "best_2_weight_sim": 0.91712486743927,
    "num_feature_traj": 218,
    "num_feature_timesteps": "100692",
    "final_test_returns": 1532.8177088400153,
    "final_test_normalized_returns": 47.72024918463181,
    "best_return": 2612.3088158799064,
    "best_return_normalized": 80.88869670633746,
    "convergence_step": "45000",
    "convergence_iter": "9",
    "best_step": "45000",
    "best_iter": "9"
}