{"final_weight_diff": 0.0015582023188471794, "final_weight_sim": 0.7417336702346802, "final_feature_diff": 0.528967647243152, "final_feature_sim": 0.47827021575760853, "final_0_weight_diff": 0.002050874289125204, "final_1_weight_diff": 0.0015620586927980185, "final_2_weight_diff": 0.0010528481798246503, "final_0_weight_sim": 0.7007437944412231, "final_1_weight_sim": 0.7414810061454773, "final_2_weight_sim": 0.7752498388290405, "best_weight_diff": 0.001024740980938077, "best_weight_sim": 0.814055323600769, "best_feature_diff": 0.49280909448938964, "best_feature_sim": 0.5333771902453193, "best_0_weight_diff": 0.0014394047902897, "best_1_weight_diff": 0.0009930855594575405, "best_2_weight_diff": 0.0006388268084265292, "best_0_weight_sim": 0.7726439237594604, "best_1_weight_sim": 0.8146015405654907, "best_2_weight_sim": 0.8505272269248962, "num_feature_traj": 223, "num_feature_timesteps": "196344", "final_test_returns": 5181.009534924912, "final_test_normalized_returns": 130.94451132915398, "best_return": 5310.132220413545, "best_return_normalized": 134.014986336612, "convergence_step": "50000", "convergence_iter": "10", "best_step": "50000", "best_iter": "10", "best_5percent_normalized": 134.014986336612, "best_10percent_normalized": 133.52340814142534, "best_25percent_normalized": 130.15394130556086, "best_50percent_normalized": 126.15785995245764, "best_100percent_normalized": 113.87539972452771, "best_later_half_normalized": 121.70819304248907, "best_last_four_normalized": 125.95675294980003, "target_steps": 15000}