{
    "final_weight_diff": 0.001824533916078508,
    "final_weight_sim": 0.684249758720398,
    "final_feature_diff": 0.23826480453987622,
    "final_feature_sim": 0.692098997702721,
    "final_0_weight_diff": 0.0018198827747255564,
    "final_1_weight_diff": 0.0019557017367333174,
    "final_2_weight_diff": 0.0016797505086287856,
    "final_0_weight_sim": 0.6417461037635803,
    "final_1_weight_sim": 0.6781176924705505,
    "final_2_weight_sim": 0.711155116558075,
    "best_weight_diff": 0.0003536244621500373,
    "best_weight_sim": 0.9345186948776245,
    "best_feature_diff": 0.12719447829731592,
    "best_feature_sim": 0.8523352066390654,
    "best_0_weight_diff": 0.00039884253055788577,
    "best_1_weight_diff": 0.00037452401011250913,
    "best_2_weight_diff": 0.0002874633064493537,
    "best_0_weight_sim": 0.9091352224349976,
    "best_1_weight_sim": 0.9319828748703003,
    "best_2_weight_sim": 0.9501051306724548,
    "num_feature_traj": 4,
    "num_feature_timesteps": "4000",
    "final_test_returns": 4265.998157462775,
    "final_test_normalized_returns": 36.61789433461399,
    "best_return": 4280.356466549183,
    "best_return_normalized": 36.73354558008345,
    "convergence_step": "10000",
    "convergence_iter": "2",
    "best_step": "10000",
    "best_iter": "2"
}