{"final_weight_diff": 0.001349177211523056, "final_weight_sim": 0.7716785669326782, "final_feature_diff": 0.26646252947356625, "final_feature_sim": 0.749059413991753, "final_0_weight_diff": 0.0017639168072491884, "final_1_weight_diff": 0.0013601650716736913, "final_2_weight_diff": 0.0009179382468573749, "final_0_weight_sim": 0.7281984686851501, "final_1_weight_sim": 0.7749319076538086, "final_2_weight_sim": 0.8026778697967529, "best_weight_diff": 0.0007980467635206878, "best_weight_sim": 0.8509122729301453, "best_feature_diff": 0.2309459629044405, "best_feature_sim": 0.7899022382611551, "best_0_weight_diff": 0.0010884074727073312, "best_1_weight_diff": 0.0007719142595306039, "best_2_weight_diff": 0.0005323836230672896, "best_0_weight_sim": 0.8127282857894897, "best_1_weight_sim": 0.8545453548431396, "best_2_weight_sim": 0.8771460056304932, "num_feature_traj": 1314, "num_feature_timesteps": "1198183", "final_test_returns": 4949.78614693913, "final_test_normalized_returns": 107.78723083318556, "best_return": 4994.428299720485, "best_return_normalized": 108.75968459559093, "convergence_step": "25000", "convergence_iter": "5", "best_step": "45000", "best_iter": "9", "best_5percent_normalized": 108.75968459559093, "best_10percent_normalized": 108.75937458497208, "best_25percent_normalized": 108.66654125180591, "best_50percent_normalized": 108.2881457270951, "best_100percent_normalized": 100.41410230673237, "best_later_half_normalized": 107.95055813768845, "best_last_four_normalized": 107.82422749915938, "target_steps": 20000}