{
    "final_weight_diff": 0.0011523276334628463,
    "final_weight_sim": 0.7879839539527893,
    "final_feature_diff": 0.9398387261442931,
    "final_feature_sim": 0.4689109739235512,
    "final_0_weight_diff": 0.0014189711073413491,
    "final_1_weight_diff": 0.0011013365583494306,
    "final_2_weight_diff": 0.0009290666785091162,
    "final_0_weight_sim": 0.752516508102417,
    "final_1_weight_sim": 0.782346785068512,
    "final_2_weight_sim": 0.7940574884414673,
    "best_weight_diff": 0.0009765454451553524,
    "best_weight_sim": 0.8136926293373108,
    "best_feature_diff": 0.9153551597484477,
    "best_feature_sim": 0.4966811916580918,
    "best_0_weight_diff": 0.001231672242283821,
    "best_1_weight_diff": 0.000927354150917381,
    "best_2_weight_diff": 0.0007665101438760757,
    "best_0_weight_sim": 0.7783341407775879,
    "best_1_weight_sim": 0.8077260255813599,
    "best_2_weight_sim": 0.8212471604347229,
    "num_feature_traj": 48,
    "num_feature_timesteps": "28017",
    "final_test_returns": 3124.132327669367,
    "final_test_normalized_returns": 82.032966201445,
    "best_return": 3744.328998818418,
    "best_return_normalized": 96.78094306751998,
    "convergence_step": "80000",
    "convergence_iter": "16",
    "best_step": "80000",
    "best_iter": "16"
}