{"final_weight_diff": 0.0012864251621067524, "final_weight_sim": 0.7532685995101929, "final_feature_diff": 0.19866277423863146, "final_feature_sim": 0.7632879775428935, "final_0_weight_diff": 0.0013975240290164948, "final_1_weight_diff": 0.001329402206465602, "final_2_weight_diff": 0.0011313928989693522, "final_0_weight_sim": 0.7330635786056519, "final_1_weight_sim": 0.7393702268600464, "final_2_weight_sim": 0.7512196898460388, "best_weight_diff": 0.0010828636586666107, "best_weight_sim": 0.7824099659919739, "best_feature_diff": 0.18551565920893026, "best_feature_sim": 0.7800303204250246, "best_0_weight_diff": 0.0011929417960345745, "best_1_weight_diff": 0.0011038159718737006, "best_2_weight_diff": 0.0009512981632724404, "best_0_weight_sim": 0.7628251910209656, "best_1_weight_sim": 0.7691618800163269, "best_2_weight_sim": 0.7811759114265442, "num_feature_traj": 321, "num_feature_timesteps": "203500", "final_test_returns": 3140.837660280715, "final_test_normalized_returns": 97.12827582365588, "best_return": 3612.177331465703, "best_return_normalized": 111.61066020518793, "convergence_step": "25000", "convergence_iter": "5", "best_step": "80000", "best_iter": "16", "best_5percent_normalized": 111.61066020518793, "best_10percent_normalized": 111.32642350074536, "best_25percent_normalized": 109.58075520140987, "best_50percent_normalized": 105.51031697796887, "best_100percent_normalized": 90.84963830038757, "best_later_half_normalized": 94.33676041511055, "best_last_four_normalized": 100.581718249077}