{
    "final_weight_diff": 0.000923448649700731,
    "final_weight_sim": 0.8166881203651428,
    "final_feature_diff": 0.6633585412318028,
    "final_feature_sim": 0.6382931736941482,
    "final_0_weight_diff": 0.0012323675910010934,
    "final_1_weight_diff": 0.0008697914890944958,
    "final_2_weight_diff": 0.000665687199216336,
    "final_0_weight_sim": 0.7707825899124146,
    "final_1_weight_sim": 0.8110335469245911,
    "final_2_weight_sim": 0.835788369178772,
    "best_weight_diff": 0.00011429131700424477,
    "best_weight_sim": 0.9712507724761963,
    "best_feature_diff": 0.13563156163957898,
    "best_feature_sim": 0.9254433558504082,
    "best_0_weight_diff": 0.00014283237396739423,
    "best_1_weight_diff": 0.000113801630504895,
    "best_2_weight_diff": 8.62337474245578e-05,
    "best_0_weight_sim": 0.9607880115509033,
    "best_1_weight_sim": 0.9681860208511353,
    "best_2_weight_sim": 0.9751660227775574,
    "num_feature_traj": 119,
    "num_feature_timesteps": "101758",
    "final_test_returns": 3560.448441006381,
    "final_test_normalized_returns": 77.52285971284394,
    "best_return": 3582.398347216966,
    "best_return_normalized": 78.001001279705,
    "convergence_step": "5000",
    "convergence_iter": "1",
    "best_step": "5000",
    "best_iter": "1"
}