{"final_weight_diff": 0.002527562901377678, "final_weight_sim": 0.6870577931404114, "final_feature_diff": 0.7249410491557006, "final_feature_sim": 0.6260601271478115, "final_0_weight_diff": 0.002602537628263235, "final_1_weight_diff": 0.002775327069684863, "final_2_weight_diff": 0.0022059946786612272, "final_0_weight_sim": 0.6604414582252502, "final_1_weight_sim": 0.6635017991065979, "final_2_weight_sim": 0.6822388172149658, "best_weight_diff": 0.0016348323551937938, "best_weight_sim": 0.7564948797225952, "best_feature_diff": 0.6127285444121625, "best_feature_sim": 0.6853440250240974, "best_0_weight_diff": 0.0016931734280660748, "best_1_weight_diff": 0.001752377487719059, "best_2_weight_diff": 0.0014591454528272152, "best_0_weight_sim": 0.7333891987800598, "best_1_weight_sim": 0.7330647706985474, "best_2_weight_sim": 0.7491022944450378, "num_feature_traj": 218, "num_feature_timesteps": "100692", "final_test_returns": 1873.671941803418, "final_test_normalized_returns": 58.19333753604893, "best_return": 2134.421832266684, "best_return_normalized": 66.20513958028914, "convergence_step": "20000", "convergence_iter": "4", "best_step": "95000", "best_iter": "19", "best_5percent_normalized": 66.20513958028914, "best_10percent_normalized": 65.79152095273612, "best_25percent_normalized": 62.73695346886588, "best_50percent_normalized": 60.36094463458616, "best_100percent_normalized": 56.43089224126181, "best_later_half_normalized": 57.71708665452219, "best_last_four_normalized": 59.913258258123136, "target_steps": 10000}