{"final_weight_diff": 0.0021216082386672497, "final_weight_sim": 0.6819480061531067, "final_feature_diff": 0.26980185417080954, "final_feature_sim": 0.649302458839748, "final_0_weight_diff": 0.0021364472340792418, "final_1_weight_diff": 0.002341761952266097, "final_2_weight_diff": 0.0018675770843401551, "final_0_weight_sim": 0.6412149667739868, "final_1_weight_sim": 0.6751024127006531, "final_2_weight_sim": 0.7130836248397827, "best_weight_diff": 0.00128940271679312, "best_weight_sim": 0.7898799777030945, "best_feature_diff": 0.2580121187008666, "best_feature_sim": 0.6554093388719016, "best_0_weight_diff": 0.0013796502025797963, "best_1_weight_diff": 0.0014258722076192498, "best_2_weight_diff": 0.001058007008396089, "best_0_weight_sim": 0.7473150491714478, "best_1_weight_sim": 0.7813028693199158, "best_2_weight_sim": 0.8245707154273987, "num_feature_traj": 19, "num_feature_timesteps": "10344", "final_test_returns": 3069.0910093653483, "final_test_normalized_returns": 80.72411027430499, "best_return": 3675.036477487497, "best_return_normalized": 95.13320042535602, "convergence_step": "45000", "convergence_iter": "9", "best_step": "45000", "best_iter": "9", "best_5percent_normalized": 95.13320042535602, "best_10percent_normalized": 93.95620650988917, "best_25percent_normalized": 91.75792457029495, "best_50percent_normalized": 89.86017197406781, "best_100percent_normalized": 83.37398597033344, "best_later_half_normalized": 84.40017302118879, "best_last_four_normalized": 84.442298165055, "target_steps": 15000}