{"final_weight_diff": 0.0012310604797676206, "final_weight_sim": 0.765352189540863, "final_feature_diff": 0.13917102937632245, "final_feature_sim": 0.7351485855394924, "final_0_weight_diff": 0.0016163465334102511, "final_1_weight_diff": 0.0011671996908262372, "final_2_weight_diff": 0.0009076924761757255, "final_0_weight_sim": 0.7180818915367126, "final_1_weight_sim": 0.7634854316711426, "final_2_weight_sim": 0.790178656578064, "best_weight_diff": 0.0003927812213078141, "best_weight_sim": 0.9104655981063843, "best_feature_diff": 0.1955519216334283, "best_feature_sim": 0.8629440491352164, "best_0_weight_diff": 0.000506546173710376, "best_1_weight_diff": 0.00035083122202195227, "best_2_weight_diff": 0.0003210677532479167, "best_0_weight_sim": 0.8932358622550964, "best_1_weight_sim": 0.9086242318153381, "best_2_weight_sim": 0.9139937162399292, "num_feature_traj": 80, "num_feature_timesteps": "80000", "final_test_returns": 4751.466292458905, "final_test_normalized_returns": 40.52817333126768, "best_return": 6209.636374009044, "best_return_normalized": 52.27323223916032, "convergence_step": "15000", "convergence_iter": "3", "best_step": "15000", "best_iter": "3", "best_5percent_normalized": 52.27323223916032, "best_10percent_normalized": 50.56560913718594, "best_25percent_normalized": 46.202274037665156, "best_50percent_normalized": 44.539286235500875, "best_100percent_normalized": 42.48680800396083, "best_later_half_normalized": 42.37000797576175, "best_last_four_normalized": 42.00442819386505, "target_steps": 10000}