{
    "final_weight_diff": 0.001200985279865563,
    "final_weight_sim": 0.8428980112075806,
    "final_feature_diff": 1.2247284786978097,
    "final_feature_sim": 0.651105747082755,
    "final_0_weight_diff": 0.0016368188662454486,
    "final_1_weight_diff": 0.0011419526999816298,
    "final_2_weight_diff": 0.0008208349463529885,
    "final_0_weight_sim": 0.7925399541854858,
    "final_1_weight_sim": 0.8492215275764465,
    "final_2_weight_sim": 0.8459968566894531,
    "best_weight_diff": 0.0010960249928757548,
    "best_weight_sim": 0.8545841574668884,
    "best_feature_diff": 1.170769884632276,
    "best_feature_sim": 0.6667903917622597,
    "best_0_weight_diff": 0.0015037712873890996,
    "best_1_weight_diff": 0.0010313852690160275,
    "best_2_weight_diff": 0.000750105595216155,
    "best_0_weight_sim": 0.8062715530395508,
    "best_1_weight_sim": 0.8612196445465088,
    "best_2_weight_sim": 0.8574734926223755,
    "num_feature_traj": 642,
    "num_feature_timesteps": "398148",
    "final_test_returns": 3142.7473359173405,
    "final_test_normalized_returns": 97.18695252393049,
    "best_return": 3607.815285813305,
    "best_return_normalized": 111.47663197525137,
    "convergence_step": "30000",
    "convergence_iter": "6",
    "best_step": "90000",
    "best_iter": "18"
}