{
    "final_weight_diff": 0.0020371428690850735,
    "final_weight_sim": 0.7202485203742981,
    "final_feature_diff": 0.1947613702328945,
    "final_feature_sim": 0.7043215908036009,
    "final_0_weight_diff": 0.0024292110465466976,
    "final_1_weight_diff": 0.0020447850693017244,
    "final_2_weight_diff": 0.0016282874858006835,
    "final_0_weight_sim": 0.6954275965690613,
    "final_1_weight_sim": 0.7251579165458679,
    "final_2_weight_sim": 0.7330729365348816,
    "best_weight_diff": 0.0019024698995053768,
    "best_weight_sim": 0.7359198331832886,
    "best_feature_diff": 0.19184346843811703,
    "best_feature_sim": 0.709443843172796,
    "best_0_weight_diff": 0.002273094141855836,
    "best_1_weight_diff": 0.0019116722978651524,
    "best_2_weight_diff": 0.0015149798709899187,
    "best_0_weight_sim": 0.7126676440238953,
    "best_1_weight_sim": 0.7400405406951904,
    "best_2_weight_sim": 0.747917652130127,
    "num_feature_traj": 109,
    "num_feature_timesteps": "31150",
    "final_test_returns": 2245.104612255565,
    "final_test_normalized_returns": 48.87032000692688,
    "best_return": 3466.5848869353563,
    "best_return_normalized": 75.4782010075131,
    "convergence_step": "90000",
    "convergence_iter": "18",
    "best_step": "90000",
    "best_iter": "18"
}