{"final_weight_diff": 0.0016091236611828208, "final_weight_sim": 0.757774293422699, "final_feature_diff": 0.5617056740925501, "final_feature_sim": 0.5081586277428587, "final_0_weight_diff": 0.0018895819084718823, "final_1_weight_diff": 0.0017253581900149584, "final_2_weight_diff": 0.0012011348735541105, "final_0_weight_sim": 0.7310973405838013, "final_1_weight_sim": 0.7440185546875, "final_2_weight_sim": 0.7844340801239014, "best_weight_diff": 0.001114379963837564, "best_weight_sim": 0.8216660618782043, "best_feature_diff": 0.5248304051532995, "best_feature_sim": 0.5579769522641402, "best_0_weight_diff": 0.0013864964712411165, "best_1_weight_diff": 0.0011698476737365127, "best_2_weight_diff": 0.0007828271482139826, "best_0_weight_sim": 0.7931605577468872, "best_1_weight_sim": 0.8108512759208679, "best_2_weight_sim": 0.8499521017074585, "num_feature_traj": 109, "num_feature_timesteps": "31150", "final_test_returns": 3221.9255556963963, "final_test_normalized_returns": 70.14871144780999, "best_return": 3991.403248608677, "best_return_normalized": 86.91048100727575, "convergence_step": "60000", "convergence_iter": "12", "best_step": "60000", "best_iter": "12", "best_5percent_normalized": 86.91048100727575, "best_10percent_normalized": 82.42164635197736, "best_25percent_normalized": 75.93799812655645, "best_50percent_normalized": 69.89421100092962, "best_100percent_normalized": 54.1165655809307, "best_later_half_normalized": 65.48394144306778, "best_last_four_normalized": 64.54954773148003}