{
    "final_weight_diff": 0.000931660586502403,
    "final_weight_sim": 0.8121560215950012,
    "final_feature_diff": 0.49841767370805856,
    "final_feature_sim": 0.7363452470868981,
    "final_0_weight_diff": 0.0013200127286836505,
    "final_1_weight_diff": 0.0008677555597387254,
    "final_2_weight_diff": 0.0006043088505975902,
    "final_0_weight_sim": 0.7597024440765381,
    "final_1_weight_sim": 0.8064199090003967,
    "final_2_weight_sim": 0.841602087020874,
    "best_weight_diff": 0.00021042033040430397,
    "best_weight_sim": 0.9483262300491333,
    "best_feature_diff": 0.18563518969724355,
    "best_feature_sim": 0.9063492254199509,
    "best_0_weight_diff": 0.00026859520585276186,
    "best_1_weight_diff": 0.00020101630070712417,
    "best_2_weight_diff": 0.00016168937145266682,
    "best_0_weight_sim": 0.9302805066108704,
    "best_1_weight_sim": 0.9446554183959961,
    "best_2_weight_sim": 0.9534223079681396,
    "num_feature_traj": 200,
    "num_feature_timesteps": "200000",
    "final_test_returns": 5012.276099606237,
    "final_test_normalized_returns": 42.62890670075576,
    "best_return": 6435.819256675003,
    "best_return_normalized": 54.095057631466126,
    "convergence_step": "10000",
    "convergence_iter": "2",
    "best_step": "10000",
    "best_iter": "2"
}