{"final_weight_diff": 0.0009159344481304288, "final_weight_sim": 0.8167780637741089, "final_feature_diff": 0.5106152145190564, "final_feature_sim": 0.7275556785116002, "final_0_weight_diff": 0.0012262830277904868, "final_1_weight_diff": 0.0008491661865264177, "final_2_weight_diff": 0.0006695608608424664, "final_0_weight_sim": 0.7742419838905334, "final_1_weight_sim": 0.8125759363174438, "final_2_weight_sim": 0.8306253552436829, "best_weight_diff": 0.0005256727454252541, "best_weight_sim": 0.883704423904419, "best_feature_diff": 0.35538953431225634, "best_feature_sim": 0.8148082733335993, "best_0_weight_diff": 0.0006875372491776943, "best_1_weight_diff": 0.0004886052920483053, "best_2_weight_diff": 0.0004004250804428011, "best_0_weight_sim": 0.8513103723526001, "best_1_weight_sim": 0.8798388242721558, "best_2_weight_sim": 0.8915439248085022, "num_feature_traj": 219, "num_feature_timesteps": "197797", "final_test_returns": 4916.71061795672, "final_test_normalized_returns": 107.0667363991464, "best_return": 4989.412014049793, "best_return_normalized": 108.65041329996912, "convergence_step": "20000", "convergence_iter": "4", "best_step": "45000", "best_iter": "9", "best_5percent_normalized": 108.65041329996912, "best_10percent_normalized": 108.58937157848048, "best_25percent_normalized": 108.40586811305795, "best_50percent_normalized": 107.99564871442199, "best_100percent_normalized": 99.4495508225713, "best_later_half_normalized": 102.29781616082401, "best_last_four_normalized": 106.29663897960498, "target_steps": 20000}