{
    "final_weight_diff": 0.0011703791096806526,
    "final_weight_sim": 0.8230476379394531,
    "final_feature_diff": 1.0041541702482537,
    "final_feature_sim": 0.6831645917601065,
    "final_0_weight_diff": 0.0016322210431098938,
    "final_1_weight_diff": 0.0011085901642218232,
    "final_2_weight_diff": 0.0007639078539796174,
    "final_0_weight_sim": 0.7684659957885742,
    "final_1_weight_sim": 0.8194166421890259,
    "final_2_weight_sim": 0.8417407870292664,
    "best_weight_diff": 0.0011703791096806526,
    "best_weight_sim": 0.8230476379394531,
    "best_feature_diff": 1.0041541702482537,
    "best_feature_sim": 0.6831645917601065,
    "best_0_weight_diff": 0.0016322210431098938,
    "best_1_weight_diff": 0.0011085901642218232,
    "best_2_weight_diff": 0.0007639078539796174,
    "best_0_weight_sim": 0.7684659957885742,
    "best_1_weight_sim": 0.8194166421890259,
    "best_2_weight_sim": 0.8417407870292664,
    "num_feature_traj": 200,
    "num_feature_timesteps": "200000",
    "final_test_returns": 10501.333621331036,
    "final_test_normalized_returns": 86.84137872797874,
    "best_return": 10501.333621331036,
    "best_return_normalized": 86.84137872797874,
    "convergence_step": "100000",
    "convergence_iter": "20",
    "best_step": "100000",
    "best_iter": "20"
}