{"final_weight_diff": 0.0009307454456575215, "final_weight_sim": 0.8002952337265015, "final_feature_diff": 0.20531031154775609, "final_feature_sim": 0.7253883497356348, "final_0_weight_diff": 0.0010971787851303816, "final_1_weight_diff": 0.0009260782971978188, "final_2_weight_diff": 0.0007683417061343789, "final_0_weight_sim": 0.7666680812835693, "final_1_weight_sim": 0.7904499173164368, "final_2_weight_sim": 0.8098861575126648, "best_weight_diff": 0.0008101009298115969, "best_weight_sim": 0.8208844661712646, "best_feature_diff": 0.19009048776441392, "best_feature_sim": 0.7495311381902159, "best_0_weight_diff": 0.0009660602081567049, "best_1_weight_diff": 0.0007998368237167597, "best_2_weight_diff": 0.000663991377223283, "best_0_weight_sim": 0.7888511419296265, "best_1_weight_sim": 0.8118741512298584, "best_2_weight_sim": 0.830326497554779, "num_feature_traj": 218, "num_feature_timesteps": "100692", "final_test_returns": 1776.0890342264272, "final_test_normalized_returns": 55.19500477733055, "best_return": 1979.5979495704617, "best_return_normalized": 61.44802042031946, "convergence_step": "55000", "convergence_iter": "11", "best_step": "85000", "best_iter": "17", "best_5percent_normalized": 61.44802042031946, "best_10percent_normalized": 61.34895275615304, "best_25percent_normalized": 58.78239686906899, "best_50percent_normalized": 56.55264722919666, "best_100percent_normalized": 53.344940837774686, "best_later_half_normalized": 54.200536904033505, "best_last_four_normalized": 55.7883433680446, "target_steps": 10000}