{
    "final_weight_diff": 0.001072122948244214,
    "final_weight_sim": 0.7976539731025696,
    "final_feature_diff": 0.8220791376296825,
    "final_feature_sim": 0.5606055939674249,
    "final_0_weight_diff": 0.0015134200220927596,
    "final_1_weight_diff": 0.0009361772099509835,
    "final_2_weight_diff": 0.0007624603458680212,
    "final_0_weight_sim": 0.7531831860542297,
    "final_1_weight_sim": 0.7999846339225769,
    "final_2_weight_sim": 0.8126120567321777,
    "best_weight_diff": 0.0009609966073185205,
    "best_weight_sim": 0.8137478232383728,
    "best_feature_diff": 0.7879659716130837,
    "best_feature_sim": 0.5823654109998151,
    "best_0_weight_diff": 0.0013629193417727947,
    "best_1_weight_diff": 0.0008321554632857442,
    "best_2_weight_diff": 0.0006848039920441806,
    "best_0_weight_sim": 0.7695627212524414,
    "best_1_weight_sim": 0.8164063096046448,
    "best_2_weight_sim": 0.8282657861709595,
    "num_feature_traj": 223,
    "num_feature_timesteps": "196344",
    "final_test_returns": 4481.0410466335925,
    "final_test_normalized_returns": 114.2995992350984,
    "best_return": 5336.583734757958,
    "best_return_normalized": 134.64399055377638,
    "convergence_step": "85000",
    "convergence_iter": "17",
    "best_step": "85000",
    "best_iter": "17"
}