{"final_weight_diff": 0.001972517231479287, "final_weight_sim": 0.726453959941864, "final_feature_diff": 0.19833829289890734, "final_feature_sim": 0.6986375404122839, "final_0_weight_diff": 0.0023453233297914267, "final_1_weight_diff": 0.0019728958141058683, "final_2_weight_diff": 0.0015907487832009792, "final_0_weight_sim": 0.7011194825172424, "final_1_weight_sim": 0.7318253517150879, "final_2_weight_sim": 0.7390332818031311, "best_weight_diff": 0.001972517231479287, "best_weight_sim": 0.726453959941864, "best_feature_diff": 0.19833829289890734, "best_feature_sim": 0.6986375404122839, "best_0_weight_diff": 0.0023453233297914267, "best_1_weight_diff": 0.0019728958141058683, "best_2_weight_diff": 0.0015907487832009792, "best_0_weight_sim": 0.7011194825172424, "best_1_weight_sim": 0.7318253517150879, "best_2_weight_sim": 0.7390332818031311, "num_feature_traj": 109, "num_feature_timesteps": "31150", "final_test_returns": 3598.8224822406373, "final_test_normalized_returns": 78.358773271039, "best_return": 3598.8224822406373, "best_return_normalized": 78.358773271039, "convergence_step": "35000", "convergence_iter": "7", "best_step": "100000", "best_iter": "20", "best_5percent_normalized": 78.358773271039, "best_10percent_normalized": 77.51759136513914, "best_25percent_normalized": 73.49455696216368, "best_50percent_normalized": 69.74038648734835, "best_100percent_normalized": 56.78239246281546, "best_later_half_normalized": 65.60655399070563, "best_last_four_normalized": 65.38676347179737, "target_steps": 10000}