{
    "final_weight_diff": 0.0014915948268026114,
    "final_weight_sim": 0.7237383723258972,
    "final_feature_diff": 0.28919464395912725,
    "final_feature_sim": 0.6638260726219798,
    "final_0_weight_diff": 0.0017206525662913918,
    "final_1_weight_diff": 0.0014354423619806767,
    "final_2_weight_diff": 0.0013135287445038557,
    "final_0_weight_sim": 0.6927738785743713,
    "final_1_weight_sim": 0.7262792587280273,
    "final_2_weight_sim": 0.7193109393119812,
    "best_weight_diff": 0.001304372912272811,
    "best_weight_sim": 0.7493959665298462,
    "best_feature_diff": 0.2776610028585392,
    "best_feature_sim": 0.6803141974671624,
    "best_0_weight_diff": 0.001536121009849012,
    "best_1_weight_diff": 0.0012496825074777007,
    "best_2_weight_diff": 0.001123875263147056,
    "best_0_weight_sim": 0.7188159823417664,
    "best_1_weight_sim": 0.7501421570777893,
    "best_2_weight_sim": 0.7478784918785095,
    "num_feature_traj": 89,
    "num_feature_timesteps": "79322",
    "final_test_returns": 5107.920178588547,
    "final_test_normalized_returns": 129.2064817869961,
    "best_return": 5293.643511876158,
    "best_return_normalized": 133.62289282277504,
    "convergence_step": "45000",
    "convergence_iter": "9",
    "best_step": "80000",
    "best_iter": "16"
}