{
    "final_weight_diff": 0.0012274059699848294,
    "final_weight_sim": 0.7830696105957031,
    "final_feature_diff": 0.3561126950324796,
    "final_feature_sim": 0.6590217239140792,
    "final_0_weight_diff": 0.0015793495113030076,
    "final_1_weight_diff": 0.0012641878565773368,
    "final_2_weight_diff": 0.000833848665934056,
    "final_0_weight_sim": 0.7449876070022583,
    "final_1_weight_sim": 0.7802904844284058,
    "final_2_weight_sim": 0.8133285641670227,
    "best_weight_diff": 0.00091552798403427,
    "best_weight_sim": 0.8289234638214111,
    "best_feature_diff": 0.32129399106688766,
    "best_feature_sim": 0.6991383333486832,
    "best_0_weight_diff": 0.0011939529795199633,
    "best_1_weight_diff": 0.0009256594930775464,
    "best_2_weight_diff": 0.0006245593540370464,
    "best_0_weight_sim": 0.794955849647522,
    "best_1_weight_sim": 0.8267196416854858,
    "best_2_weight_sim": 0.8545737862586975,
    "num_feature_traj": 119,
    "num_feature_timesteps": "101758",
    "final_test_returns": 3337.6819987356275,
    "final_test_normalized_returns": 72.67026969585163,
    "best_return": 3683.401382737053,
    "best_return_normalized": 80.2011815081749,
    "convergence_step": "25000",
    "convergence_iter": "5",
    "best_step": "65000",
    "best_iter": "13"
}