{"final_weight_diff": 0.0014611411606892943, "final_weight_sim": 0.862468421459198, "final_feature_diff": 9.530229733462866, "final_feature_sim": 0.2963005835196934, "final_0_weight_diff": 0.0013717624824494123, "final_1_weight_diff": 0.0016490870621055365, "final_2_weight_diff": 0.0013610090827569366, "final_0_weight_sim": 0.7582105994224548, "final_1_weight_sim": 0.806048572063446, "final_2_weight_sim": 0.8511637449264526, "best_weight_diff": 0.0004950127331539989, "best_weight_sim": 0.9481637477874756, "best_feature_diff": 7.8722240699549815, "best_feature_sim": 0.4077496463162543, "best_0_weight_diff": 0.0005576732801273465, "best_1_weight_diff": 0.00050011818530038, "best_2_weight_diff": 0.00042686419328674674, "best_0_weight_sim": 0.8839036822319031, "best_1_weight_sim": 0.9282732605934143, "best_2_weight_sim": 0.9481757283210754, "num_feature_traj": 43, "num_feature_timesteps": "19631", "final_test_returns": 1531.157877264953, "final_test_normalized_returns": 47.6692491938646, "best_return": 2003.7366629513804, "best_return_normalized": 62.18970661189167, "convergence_step": "30000", "convergence_iter": "6", "best_step": "30000", "best_iter": "6", "best_5percent_normalized": 62.18970661189167, "best_10percent_normalized": 60.96937159210024, "best_25percent_normalized": 59.130058353267735, "best_50percent_normalized": 56.295725503968754, "best_100percent_normalized": 51.985459435220626, "best_later_half_normalized": 53.33643219136978, "best_last_four_normalized": 53.620757740809395, "target_steps": 25000}