{"final_weight_diff": 0.0012786568840965629, "final_weight_sim": 0.7560198307037354, "final_feature_diff": 0.17751213228745166, "final_feature_sim": 0.7929949032367559, "final_0_weight_diff": 0.0014428235590457916, "final_1_weight_diff": 0.001326915342360735, "final_2_weight_diff": 0.0010651863412931561, "final_0_weight_sim": 0.7337813973426819, "final_1_weight_sim": 0.7411971092224121, "final_2_weight_sim": 0.7598851323127747, "best_weight_diff": 0.001179348211735487, "best_weight_sim": 0.7698091268539429, "best_feature_diff": 0.17195584326869007, "best_feature_sim": 0.8005119288203062, "best_0_weight_diff": 0.0013394234701991081, "best_1_weight_diff": 0.001213572919368744, "best_2_weight_diff": 0.0009842409053817391, "best_0_weight_sim": 0.747721791267395, "best_1_weight_sim": 0.7556186318397522, "best_2_weight_sim": 0.7736575603485107, "num_feature_traj": 321, "num_feature_timesteps": "203500", "final_test_returns": 2886.2262597362983, "final_test_normalized_returns": 89.305085042082, "best_return": 3617.601601159171, "best_return_normalized": 111.777326334717, "convergence_step": "85000", "convergence_iter": "17", "best_step": "90000", "best_iter": "18", "best_5percent_normalized": 111.777326334717, "best_10percent_normalized": 111.5033632363679, "best_25percent_normalized": 109.69434221054811, "best_50percent_normalized": 106.8184024906383, "best_100percent_normalized": 97.13131633039681, "best_later_half_normalized": 103.9416745101405, "best_last_four_normalized": 101.32488001116373, "target_steps": 5000}