{"final_weight_diff": 0.0013117584167048335, "final_weight_sim": 0.7508066892623901, "final_feature_diff": 0.2307127476626191, "final_feature_sim": 0.7469004438887901, "final_0_weight_diff": 0.001458103652112186, "final_1_weight_diff": 0.0013514243764802814, "final_2_weight_diff": 0.0011236794525757432, "final_0_weight_sim": 0.7261362075805664, "final_1_weight_sim": 0.7411704063415527, "final_2_weight_sim": 0.7517387866973877, "best_weight_diff": 0.0002924516156781465, "best_weight_sim": 0.9289600253105164, "best_feature_diff": 0.11147574270415683, "best_feature_sim": 0.882564050430313, "best_0_weight_diff": 0.0003202171646989882, "best_1_weight_diff": 0.0002893110504373908, "best_2_weight_diff": 0.0002678270102478564, "best_0_weight_sim": 0.9206606149673462, "best_1_weight_sim": 0.9217730760574341, "best_2_weight_sim": 0.9292831420898438, "num_feature_traj": 119, "num_feature_timesteps": "101758", "final_test_returns": 3352.8701426852795, "final_test_normalized_returns": 73.00111771297418, "best_return": 3712.031917410612, "best_return_normalized": 80.82484926226688, "convergence_step": "10000", "convergence_iter": "2", "best_step": "10000", "best_iter": "2", "best_5percent_normalized": 80.82484926226688, "best_10percent_normalized": 79.00407832642955, "best_25percent_normalized": 77.1776721036961, "best_50percent_normalized": 75.64054602853402, "best_100percent_normalized": 71.19865672791316, "best_later_half_normalized": 69.39747934411832, "best_last_four_normalized": 73.17063719267576, "target_steps": 5000}