{"final_weight_diff": 0.0020625304896384478, "final_weight_sim": 0.7153452634811401, "final_feature_diff": 0.22932249709714078, "final_feature_sim": 0.6422820123617552, "final_0_weight_diff": 0.0025193325709551573, "final_1_weight_diff": 0.0020152388606220484, "final_2_weight_diff": 0.0016407016664743423, "final_0_weight_sim": 0.6867436766624451, "final_1_weight_sim": 0.7239106297492981, "final_2_weight_sim": 0.7310380935668945, "best_weight_diff": 0.0018613373395055532, "best_weight_sim": 0.7395023107528687, "best_feature_diff": 0.22508034151281084, "best_feature_sim": 0.6539621940449125, "best_0_weight_diff": 0.002308670664206147, "best_1_weight_diff": 0.0018069618381559849, "best_2_weight_diff": 0.0014592469669878483, "best_0_weight_sim": 0.711854875087738, "best_1_weight_sim": 0.747732400894165, "best_2_weight_sim": 0.7546384334564209, "num_feature_traj": 48, "num_feature_timesteps": "28017", "final_test_returns": 3716.2039362948913, "final_test_normalized_returns": 96.11214268411032, "best_return": 3758.320844155461, "best_return_normalized": 97.113662382124, "convergence_step": "75000", "convergence_iter": "15", "best_step": "85000", "best_iter": "17", "best_5percent_normalized": 97.113662382124, "best_10percent_normalized": 96.61290253311716, "best_25percent_normalized": 95.63152092430866, "best_50percent_normalized": 91.43553743107414, "best_100percent_normalized": 82.84010982695864, "best_later_half_normalized": 81.79282699403741, "best_last_four_normalized": 90.14353008441431, "target_steps": 5000}