{"final_weight_diff": 0.0017293458804488182, "final_weight_sim": 0.841484546661377, "final_feature_diff": 10.224923691163562, "final_feature_sim": 0.24505903700105175, "final_0_weight_diff": 0.001407679752446711, "final_1_weight_diff": 0.0014832871966063976, "final_2_weight_diff": 0.0022947972174733877, "final_0_weight_sim": 0.7597813010215759, "final_1_weight_sim": 0.8104089498519897, "final_2_weight_sim": 0.7818577289581299, "best_weight_diff": 0.0005029425956308842, "best_weight_sim": 0.9473920464515686, "best_feature_diff": 9.23553005696822, "best_feature_sim": 0.340888532887742, "best_0_weight_diff": 0.0005368726560845971, "best_1_weight_diff": 0.00046938625746406615, "best_2_weight_diff": 0.0005021786782890558, "best_0_weight_sim": 0.8896039724349976, "best_1_weight_sim": 0.9308433532714844, "best_2_weight_sim": 0.9401503205299377, "num_feature_traj": 321, "num_feature_timesteps": "203500", "final_test_returns": 3400.885149723517, "final_test_normalized_returns": 105.11849589169034, "best_return": 3602.313549184952, "best_return_normalized": 111.30758559641072, "convergence_step": "5000", "convergence_iter": "1", "best_step": "25000", "best_iter": "5", "best_5percent_normalized": 111.30758559641072, "best_10percent_normalized": 111.01875033709896, "best_25percent_normalized": 109.19210627405168, "best_50percent_normalized": 106.3130704648634, "best_100percent_normalized": 84.54065928541326, "best_later_half_normalized": 100.85185707303785, "best_last_four_normalized": 106.02260079890604, "target_steps": 25000}