{"final_weight_diff": 0.0020163559820502996, "final_weight_sim": 0.8207043409347534, "final_feature_diff": 6.381490361429877, "final_feature_sim": 0.3873276446190274, "final_0_weight_diff": 0.0017543142894282937, "final_1_weight_diff": 0.0021703047677874565, "final_2_weight_diff": 0.002110094064846635, "final_0_weight_sim": 0.7265438437461853, "final_1_weight_sim": 0.765625536441803, "final_2_weight_sim": 0.7895615100860596, "best_weight_diff": 0.0012558673042804003, "best_weight_sim": 0.8811749815940857, "best_feature_diff": 5.588160623325861, "best_feature_sim": 0.4802552211761915, "best_0_weight_diff": 0.0011933040805161, "best_1_weight_diff": 0.0013586543500423431, "best_2_weight_diff": 0.0012105259811505675, "best_0_weight_sim": 0.800092875957489, "best_1_weight_sim": 0.8378146290779114, "best_2_weight_sim": 0.8670758605003357, "num_feature_traj": 65, "num_feature_timesteps": "17588", "final_test_returns": 1461.9163596494825, "final_test_normalized_returns": 31.80988910323291, "best_return": 3329.132486934016, "best_return_normalized": 72.48403304729827, "convergence_step": "55000", "convergence_iter": "11", "best_step": "55000", "best_iter": "11", "best_5percent_normalized": 72.48403304729827, "best_10percent_normalized": 70.63061379675318, "best_25percent_normalized": 66.96312026417925, "best_50percent_normalized": 58.17113183871163, "best_100percent_normalized": 34.918342163329825, "best_later_half_normalized": 52.80255934504078, "best_last_four_normalized": 44.42987099835707, "target_steps": 40000}