{"final_weight_diff": 0.0033779898658394814, "final_weight_sim": 0.6559345722198486, "final_feature_diff": 0.7498315791121541, "final_feature_sim": 0.5737675195926109, "final_0_weight_diff": 0.0034501974005252123, "final_1_weight_diff": 0.0033447439782321453, "final_2_weight_diff": 0.0033405497670173645, "final_0_weight_sim": 0.6405840516090393, "final_1_weight_sim": 0.6430330276489258, "final_2_weight_sim": 0.6364237666130066, "best_weight_diff": 0.002499513328075409, "best_weight_sim": 0.7073132395744324, "best_feature_diff": 0.7075866208112214, "best_feature_sim": 0.617129365773956, "best_0_weight_diff": 0.0026601850986480713, "best_1_weight_diff": 0.002412196481600404, "best_2_weight_diff": 0.0024268338456749916, "best_0_weight_sim": 0.6865345239639282, "best_1_weight_sim": 0.6943349838256836, "best_2_weight_sim": 0.6910341382026672, "num_feature_traj": 109, "num_feature_timesteps": "31150", "final_test_returns": 3101.390494427427, "final_test_normalized_returns": 67.5230590872069, "best_return": 3537.351311647747, "best_return_normalized": 77.01972783084052, "convergence_step": "105000", "convergence_iter": "21", "best_step": "105000", "best_iter": "21", "best_5percent_normalized": 77.01972783084052, "best_10percent_normalized": 74.7413526238463, "best_25percent_normalized": 69.86184835430244, "best_50percent_normalized": 63.47721392835402, "best_100percent_normalized": 49.96644037950878, "best_later_half_normalized": 57.744656246591845, "best_last_four_normalized": 60.23413482373181, "target_steps": 15000}