{"final_weight_diff": 0.0008567631593905389, "final_weight_sim": 0.8194601535797119, "final_feature_diff": 0.5693622683523638, "final_feature_sim": 0.6991835646087586, "final_0_weight_diff": 0.001173727447167039, "final_1_weight_diff": 0.0008294126018881798, "final_2_weight_diff": 0.000564327638130635, "final_0_weight_sim": 0.7676715850830078, "final_1_weight_sim": 0.8099384903907776, "final_2_weight_sim": 0.847882091999054, "best_weight_diff": 0.000757792906370014, "best_weight_sim": 0.8367890119552612, "best_feature_diff": 0.5332837247539065, "best_feature_sim": 0.7202137457169199, "best_0_weight_diff": 0.001038081361912191, "best_1_weight_diff": 0.0007313356618396938, "best_2_weight_diff": 0.0005019341479055583, "best_0_weight_sim": 0.7880792617797852, "best_1_weight_sim": 0.8278698325157166, "best_2_weight_sim": 0.8625879883766174, "num_feature_traj": 100, "num_feature_timesteps": "100000", "final_test_returns": 5018.047658740719, "final_test_normalized_returns": 42.675394626192286, "best_return": 5062.656355484778, "best_return_normalized": 43.03470234872238, "convergence_step": "5000", "convergence_iter": "1", "best_step": "85000", "best_iter": "17", "best_5percent_normalized": 43.03470234872238, "best_10percent_normalized": 42.85504848745733, "best_25percent_normalized": 42.686640122624304, "best_50percent_normalized": 42.49677592192554, "best_100percent_normalized": 41.52350972914238, "best_later_half_normalized": 41.677760837614336, "best_last_four_normalized": 42.086733287948945, "target_steps": 5000}