{"final_weight_diff": 0.001424820045940578, "final_weight_sim": 0.7635425329208374, "final_feature_diff": 0.23498382652743596, "final_feature_sim": 0.7037062089901099, "final_0_weight_diff": 0.001612006570212543, "final_1_weight_diff": 0.0015214602462947369, "final_2_weight_diff": 0.0011342308716848493, "final_0_weight_sim": 0.7074481248855591, "final_1_weight_sim": 0.7624913454055786, "final_2_weight_sim": 0.8046918511390686, "best_weight_diff": 0.0006225823308341205, "best_weight_sim": 0.8864459991455078, "best_feature_diff": 0.18927301600488847, "best_feature_sim": 0.7715565531658134, "best_0_weight_diff": 0.0006983180064707994, "best_1_weight_diff": 0.0006636609905399382, "best_2_weight_diff": 0.0005041008116677403, "best_0_weight_sim": 0.8508778214454651, "best_1_weight_sim": 0.8833829164505005, "best_2_weight_sim": 0.9107394218444824, "num_feature_traj": 60, "num_feature_timesteps": "60000", "final_test_returns": 4963.756924028705, "final_test_normalized_returns": 42.238101415055006, "best_return": 5042.038039109312, "best_return_normalized": 42.868628895786095, "convergence_step": "5000", "convergence_iter": "1", "best_step": "30000", "best_iter": "6", "best_5percent_normalized": 42.868628895786095, "best_10percent_normalized": 42.80435271644187, "best_25percent_normalized": 42.74993681314254, "best_50percent_normalized": 42.62945004403339, "best_100percent_normalized": 42.33131083319544, "best_later_half_normalized": 42.32231298081758, "best_last_four_normalized": 42.28356396477088, "target_steps": 5000}