{"final_weight_diff": 0.001100138179026544, "final_weight_sim": 0.7780352234840393, "final_feature_diff": 0.2114926861037111, "final_feature_sim": 0.7622735848661679, "final_0_weight_diff": 0.0012173871509730816, "final_1_weight_diff": 0.0009962997864931822, "final_2_weight_diff": 0.0010858068708330393, "final_0_weight_sim": 0.7536385655403137, "final_1_weight_sim": 0.7789983153343201, "final_2_weight_sim": 0.7649316191673279, "best_weight_diff": 0.0005469897878356278, "best_weight_sim": 0.8736336827278137, "best_feature_diff": 0.14791374817116018, "best_feature_sim": 0.8374265250572727, "best_0_weight_diff": 0.0006361926207318902, "best_1_weight_diff": 0.0005032984190620482, "best_2_weight_diff": 0.0005014573689550161, "best_0_weight_sim": 0.8551322817802429, "best_1_weight_sim": 0.8714978694915771, "best_2_weight_sim": 0.8691656589508057, "num_feature_traj": 119, "num_feature_timesteps": "101758", "final_test_returns": 2733.264758618702, "final_test_normalized_returns": 59.50406281301856, "best_return": 3673.2367439121526, "best_return_normalized": 79.97976205026528, "convergence_step": "35000", "convergence_iter": "7", "best_step": "35000", "best_iter": "7", "best_5percent_normalized": 79.97976205026528, "best_10percent_normalized": 79.78719529358708, "best_25percent_normalized": 77.70879559488762, "best_50percent_normalized": 75.7802048130201, "best_100percent_normalized": 70.62745810604427, "best_later_half_normalized": 71.29676591117033, "best_last_four_normalized": 71.14648516895322, "target_steps": 10000}