{
    "final_weight_diff": 0.002513608429580927,
    "final_weight_sim": 0.6424753665924072,
    "final_feature_diff": 0.3855025099297581,
    "final_feature_sim": 0.5917577811931337,
    "final_0_weight_diff": 0.0026926349382847548,
    "final_1_weight_diff": 0.002124492544680834,
    "final_2_weight_diff": 0.002693610265851021,
    "final_0_weight_sim": 0.587643563747406,
    "final_1_weight_sim": 0.6628535985946655,
    "final_2_weight_sim": 0.6544014811515808,
    "best_weight_diff": 0.001553089008666575,
    "best_weight_sim": 0.762657642364502,
    "best_feature_diff": 0.3519696394614781,
    "best_feature_sim": 0.6398226790631704,
    "best_0_weight_diff": 0.0017488331068307161,
    "best_1_weight_diff": 0.001292570261284709,
    "best_2_weight_diff": 0.0016111047007143497,
    "best_0_weight_sim": 0.6989816427230835,
    "best_1_weight_sim": 0.7708370089530945,
    "best_2_weight_sim": 0.7866038084030151,
    "num_feature_traj": 10,
    "num_feature_timesteps": "2726",
    "final_test_returns": 2426.923798189345,
    "final_test_normalized_returns": 52.83094332867287,
    "best_return": 2999.8760648959324,
    "best_return_normalized": 65.31173900549334,
    "convergence_step": "45000",
    "convergence_iter": "9",
    "best_step": "45000",
    "best_iter": "9"
}