current_itr_train_time	current_itr_train_loss_mean	current_itr_train_loss_std	current_itr_eval_5000_return_mean	current_itr_eval_5000_return_std	current_itr_eval_5000_length_mean	current_itr_eval_5000_length_std	current_itr_eval_2500_return_mean	current_itr_eval_2500_return_std	current_itr_eval_2500_length_mean	current_itr_eval_2500_length_std	TestEpRet	TestEpNormRet	Iteration	Steps	total_time	current_eval_time
1782.5106008052826	0.3466846379816532	0.27774153440779253	-1.6806981399894554	1.1150696360502035	114.8	0.9797958971132711	10.441138351046426	2.0191193068866418	126.6	1.9595917942265422	-1.6806981399894554	-0.07209634813205222	1	5000	1846.3863108158112	63.87476825714111
1525.7474942207336	0.14092734925448894	0.014268547118231239	38.268622780211736	7.4558766872195905	157.4	6.887670143089026	38.7259483480824	6.566646825162326	160.8	8.24378553820998	38.268622780211736	0.7981320125982083	2	10000	3453.10910820961	80.78870964050293
1266.130000114441	0.12534311057031156	0.011998797601825444	920.8423559710027	1137.8865846489582	355.6	288.9422779726082	1907.9460206010292	1453.7502021293255	711.4	339.17936257974185	920.8423559710027	20.023507447449038	3	15000	5146.290045499802	426.94784212112427
1438.2416870594025	0.11786110455244779	0.011151554932165459	31.264451004055616	70.6098382878867	185.4	40.52949543233915	272.01131951641923	361.4810835805338	336.6	254.03236014334868	31.264451004055616	0.6455579817351375	4	20000	6733.38242316246	148.6415057182312
1598.1648366451263	0.1135328323945403	0.010808233211546489	870.3620663765369	89.04609507280175	901.2	89.00764012150867	292.8131340524486	431.77192593984444	425.0	376.94296650819734	870.3620663765369	18.923879752882467	5	25000	8498.870210647583	167.20611763000488
