{"final_weight_diff": 0.0011601357255131006, "final_weight_sim": 0.772820234298706, "final_feature_diff": 0.2250266020435681, "final_feature_sim": 0.7106054777588026, "final_0_weight_diff": 0.0012958231382071972, "final_1_weight_diff": 0.0011983822332695127, "final_2_weight_diff": 0.000984282698482275, "final_0_weight_sim": 0.7465319037437439, "final_1_weight_sim": 0.7577541470527649, "final_2_weight_sim": 0.7792041897773743, "best_weight_diff": 0.0011103107826784253, "best_weight_sim": 0.7799581289291382, "best_feature_diff": 0.2227147461203098, "best_feature_sim": 0.7144003537652666, "best_0_weight_diff": 0.0012498144060373306, "best_1_weight_diff": 0.0011410927399992943, "best_2_weight_diff": 0.0009383658180013299, "best_0_weight_sim": 0.7534964680671692, "best_1_weight_sim": 0.765256941318512, "best_2_weight_sim": 0.7865855097770691, "num_feature_traj": 204, "num_feature_timesteps": "37349", "final_test_returns": 1809.9525463954296, "final_test_normalized_returns": 56.23549517039935, "best_return": 3002.061859032098, "best_return_normalized": 92.8642500702438, "convergence_step": "95000", "convergence_iter": "19", "best_step": "95000", "best_iter": "19", "best_5percent_normalized": 92.8642500702438, "best_10percent_normalized": 85.64873657677998, "best_25percent_normalized": 76.76529660922901, "best_50percent_normalized": 65.7084583479882, "best_100percent_normalized": 49.00616759390874, "best_later_half_normalized": 56.42033400304782, "best_last_four_normalized": 70.17427545320095, "target_steps": 25000}