{
    "final_weight_diff": 0.0009306656429544091,
    "final_weight_sim": 0.8019222021102905,
    "final_feature_diff": 0.1821754587125058,
    "final_feature_sim": 0.7785322550093697,
    "final_0_weight_diff": 0.0011361520737409592,
    "final_1_weight_diff": 0.0008909019525162876,
    "final_2_weight_diff": 0.000764468393754214,
    "final_0_weight_sim": 0.7649152278900146,
    "final_1_weight_sim": 0.7981724143028259,
    "final_2_weight_sim": 0.8101170063018799,
    "best_weight_diff": 0.0005249019013717771,
    "best_weight_sim": 0.8752394914627075,
    "best_feature_diff": 0.14703242159163743,
    "best_feature_sim": 0.8254485212828386,
    "best_0_weight_diff": 0.0006668851128779352,
    "best_1_weight_diff": 0.00047510358854196966,
    "best_2_weight_diff": 0.00043273685150779784,
    "best_0_weight_sim": 0.8457112908363342,
    "best_1_weight_sim": 0.8755176067352295,
    "best_2_weight_sim": 0.8807774186134338,
    "num_feature_traj": 218,
    "num_feature_timesteps": "100692",
    "final_test_returns": 2128.02009306267,
    "final_test_normalized_returns": 66.00843971916827,
    "best_return": 2240.4631741855856,
    "best_return_normalized": 69.46336622211211,
    "convergence_step": "50000",
    "convergence_iter": "10",
    "best_step": "50000",
    "best_iter": "10"
}