{"final_weight_diff": 0.0010920389322564006, "final_weight_sim": 0.7997583746910095, "final_feature_diff": 0.2981404475763757, "final_feature_sim": 0.7068280215374261, "final_0_weight_diff": 0.0014693081611767411, "final_1_weight_diff": 0.0011056807124987245, "final_2_weight_diff": 0.00069863919634372, "final_0_weight_sim": 0.7582352757453918, "final_1_weight_sim": 0.7954390048980713, "final_2_weight_sim": 0.8367950320243835, "best_weight_diff": 0.00048299392801709473, "best_weight_sim": 0.9006859064102173, "best_feature_diff": 0.1998070579672896, "best_feature_sim": 0.8046826594715547, "best_0_weight_diff": 0.0006627840339206159, "best_1_weight_diff": 0.0004697559052146971, "best_2_weight_diff": 0.0003161068307235837, "best_0_weight_sim": 0.8738994002342224, "best_1_weight_sim": 0.8989863991737366, "best_2_weight_sim": 0.921522319316864, "num_feature_traj": 218, "num_feature_timesteps": "100692", "final_test_returns": 1921.924745224312, "final_test_normalized_returns": 59.67595334233363, "best_return": 2384.9492722005684, "best_return_normalized": 73.90284657389316, "convergence_step": "35000", "convergence_iter": "7", "best_step": "35000", "best_iter": "7", "best_5percent_normalized": 73.90284657389316, "best_10percent_normalized": 70.81920278143312, "best_25percent_normalized": 68.22479835648655, "best_50percent_normalized": 65.81849709492, "best_100percent_normalized": 61.797561930176684, "best_later_half_normalized": 61.07862087324732, "best_last_four_normalized": 57.69178145394826}