{"final_weight_diff": 0.001201824052259326, "final_weight_sim": 0.7795422077178955, "final_feature_diff": 1.0480258474379995, "final_feature_sim": 0.3742860555058403, "final_0_weight_diff": 0.0013455929001793265, "final_1_weight_diff": 0.001189214875921607, "final_2_weight_diff": 0.0010623135603964329, "final_0_weight_sim": 0.754985511302948, "final_1_weight_sim": 0.768768310546875, "final_2_weight_sim": 0.7754783630371094, "best_weight_diff": 0.0009723955881781876, "best_weight_sim": 0.8136175274848938, "best_feature_diff": 1.02920588401969, "best_feature_sim": 0.3990452747970599, "best_0_weight_diff": 0.001132591045461595, "best_1_weight_diff": 0.000959328084718436, "best_2_weight_diff": 0.0008217468857765198, "best_0_weight_sim": 0.7872613072395325, "best_1_weight_sim": 0.8023267984390259, "best_2_weight_sim": 0.8134958744049072, "num_feature_traj": 48, "num_feature_timesteps": "28017", "final_test_returns": 3374.87575845253, "final_test_normalized_returns": 87.99552370704896, "best_return": 3558.3766856377506, "best_return_normalized": 92.35908700063612, "convergence_step": "15000", "convergence_iter": "3", "best_step": "75000", "best_iter": "15", "best_5percent_normalized": 92.35908700063612, "best_10percent_normalized": 91.82113093929692, "best_25percent_normalized": 90.4737776034841, "best_50percent_normalized": 88.02432735370063, "best_100percent_normalized": 79.50304177655528, "best_later_half_normalized": 80.00379644389845, "best_last_four_normalized": 78.94401462804595, "target_steps": 5000}