{"final_weight_diff": 0.000904695363715291, "final_weight_sim": 0.8173980116844177, "final_feature_diff": 0.6727525806157442, "final_feature_sim": 0.6389655774590685, "final_0_weight_diff": 0.0011993537191301584, "final_1_weight_diff": 0.0008858955698087811, "final_2_weight_diff": 0.0006265113479457796, "final_0_weight_sim": 0.7731508612632751, "final_1_weight_sim": 0.8058849573135376, "final_2_weight_sim": 0.8394747972488403, "best_weight_diff": 0.0002497997193131596, "best_weight_sim": 0.939610481262207, "best_feature_diff": 0.2321551799815255, "best_feature_sim": 0.8772086795029705, "best_0_weight_diff": 0.000297838996630162, "best_1_weight_diff": 0.0002622593892738223, "best_2_weight_diff": 0.00018930353689938784, "best_0_weight_sim": 0.9242738485336304, "best_1_weight_sim": 0.9299907684326172, "best_2_weight_sim": 0.9457389712333679, "num_feature_traj": 119, "num_feature_timesteps": "101758", "final_test_returns": 3267.876072989083, "final_test_normalized_returns": 71.1496657173005, "best_return": 3670.3436275823433, "best_return_normalized": 79.91674040626484, "convergence_step": "15000", "convergence_iter": "3", "best_step": "15000", "best_iter": "3", "best_5percent_normalized": 79.91674040626484, "best_10percent_normalized": 79.31256689101835, "best_25percent_normalized": 77.02287076663394, "best_50percent_normalized": 74.44945394359243, "best_100percent_normalized": 67.89615950542739, "best_later_half_normalized": 67.81911996998097, "best_last_four_normalized": 63.454567368372494, "target_steps": 10000}