{"final_weight_diff": 0.001984255388379097, "final_weight_sim": 0.7131177186965942, "final_feature_diff": 0.24654523808906204, "final_feature_sim": 0.659442058433351, "final_0_weight_diff": 0.0023298391606658697, "final_1_weight_diff": 0.001949272584170103, "final_2_weight_diff": 0.0016592807369306684, "final_0_weight_sim": 0.6846861839294434, "final_1_weight_sim": 0.7223604917526245, "final_2_weight_sim": 0.7235156297683716, "best_weight_diff": 0.001984255388379097, "best_weight_sim": 0.7131177186965942, "best_feature_diff": 0.24654523808906204, "best_feature_sim": 0.659442058433351, "best_0_weight_diff": 0.0023298391606658697, "best_1_weight_diff": 0.001949272584170103, "best_2_weight_diff": 0.0016592807369306684, "best_0_weight_sim": 0.6846861839294434, "best_1_weight_sim": 0.7223604917526245, "best_2_weight_sim": 0.7235156297683716, "num_feature_traj": 48, "num_feature_timesteps": "28017", "final_test_returns": 3651.2637950552657, "final_test_normalized_returns": 94.56789753537836, "best_return": 3651.2637950552657, "best_return_normalized": 94.56789753537836, "convergence_step": "55000", "convergence_iter": "11", "best_step": "100000", "best_iter": "20", "best_5percent_normalized": 94.56789753537836, "best_10percent_normalized": 94.49572636118988, "best_25percent_normalized": 94.08905790357448, "best_50percent_normalized": 91.24396155266763, "best_100percent_normalized": 85.82410062327298, "best_later_half_normalized": 88.77782024839448, "best_last_four_normalized": 93.0494122749418}