{"final_weight_diff": 0.0014941605040803552, "final_weight_sim": 0.7389425039291382, "final_feature_diff": 0.3040309558522991, "final_feature_sim": 0.7089505674722288, "final_0_weight_diff": 0.0015887466724961996, "final_1_weight_diff": 0.0016187173314392567, "final_2_weight_diff": 0.0012676165206357837, "final_0_weight_sim": 0.7206389904022217, "final_1_weight_sim": 0.7156485319137573, "final_2_weight_sim": 0.7511192560195923, "best_weight_diff": 0.0009518368169665337, "best_weight_sim": 0.8151456117630005, "best_feature_diff": 0.2669377054325487, "best_feature_sim": 0.751187770872785, "best_0_weight_diff": 0.0010263160802423954, "best_1_weight_diff": 0.0010508241830393672, "best_2_weight_diff": 0.0007769052172079682, "best_0_weight_sim": 0.8016215562820435, "best_1_weight_sim": 0.7883655428886414, "best_2_weight_sim": 0.8281451463699341, "num_feature_traj": 109, "num_feature_timesteps": "31150", "final_test_returns": 745.8262593515715, "final_test_normalized_returns": 16.21107791537354, "best_return": 3554.9374635248887, "best_return_normalized": 77.40281239315807, "convergence_step": "50000", "convergence_iter": "10", "best_step": "50000", "best_iter": "10", "best_5percent_normalized": 77.40281239315807, "best_10percent_normalized": 75.2653437733724, "best_25percent_normalized": 72.06715152791601, "best_50percent_normalized": 68.60994603427045, "best_100percent_normalized": 49.99942312507932, "best_later_half_normalized": 55.281744351069634, "best_last_four_normalized": 53.214036031187405, "target_steps": 20000}