{
    "final_weight_diff": 0.0013140159426257014,
    "final_weight_sim": 0.8306244611740112,
    "final_feature_diff": 2.2965838064815127,
    "final_feature_sim": 0.33268263596135556,
    "final_0_weight_diff": 0.0015463150339201093,
    "final_1_weight_diff": 0.0012908019125461578,
    "final_2_weight_diff": 0.001103243208490312,
    "final_0_weight_sim": 0.7935004830360413,
    "final_1_weight_sim": 0.8331989645957947,
    "final_2_weight_sim": 0.8113039135932922,
    "best_weight_diff": 0.0004356818099040538,
    "best_weight_sim": 0.9366999864578247,
    "best_feature_diff": 1.717106431975623,
    "best_feature_sim": 0.5053188649957783,
    "best_0_weight_diff": 0.0005368609563447535,
    "best_1_weight_diff": 0.0004238377441652119,
    "best_2_weight_diff": 0.0003460511507000774,
    "best_0_weight_sim": 0.919334888458252,
    "best_1_weight_sim": 0.9367442727088928,
    "best_2_weight_sim": 0.9309577345848083,
    "num_feature_traj": 43,
    "num_feature_timesteps": "19631",
    "final_test_returns": 1741.3998916178462,
    "final_test_normalized_returns": 54.1291460604943,
    "best_return": 2126.4692967412097,
    "best_return_normalized": 65.96078994598369,
    "convergence_step": "30000",
    "convergence_iter": "6",
    "best_step": "30000",
    "best_iter": "6"
}