current_itr_train_time	current_itr_train_loss_mean	current_itr_train_loss_std	current_itr_eval_12000_return_mean	current_itr_eval_12000_return_std	current_itr_eval_12000_length_mean	current_itr_eval_12000_length_std	current_itr_eval_6000_return_mean	current_itr_eval_6000_return_std	current_itr_eval_6000_length_mean	current_itr_eval_6000_length_std	TestEpRet	TestEpNormRet	Iteration	Steps	total_time	current_eval_time
1826.0559966564178	0.30446001916751264	0.22573054009774698	4969.3251151048835	113.32777699817682	1000.0	0.0	4949.286335454512	229.71576078578465	1000.0	0.0	4949.286335454512	42.121545796896186	1	5000	1943.2294981479645	117.17277073860168
1818.8577268123627	0.04523122814632952	0.0063459383287923915	4833.900739190166	607.6778172522488	1000.0	0.0	4572.069771422137	936.8488761900346	1000.0	0.0	4572.069771422137	39.0831960037889	2	10000	3883.9211523532867	121.5610454082489
1811.3158478736877	0.03753125630840659	0.003997075050205333	4651.485250990575	1112.8990588362126	1000.0	0.0	5077.000687539322	90.14198173893878	1000.0	0.0	5077.000687539322	43.15024101400338	3	15000	5824.319793462753	128.85870838165283
1783.219360113144	0.035171282537654044	0.0037036695081503553	4878.257976370052	401.6774153293472	1000.0	0.0	5108.330334139833	95.6816834754004	1000.0	0.0	5108.330334139833	43.40259055096225	4	20000	7760.757696628571	153.07534861564636
