{"final_weight_diff": 0.0016345935873687267, "final_weight_sim": 0.7721683382987976, "final_feature_diff": 0.15778750859136856, "final_feature_sim": 0.7697688412022268, "final_0_weight_diff": 0.0021467162296175957, "final_1_weight_diff": 0.0016326606273651123, "final_2_weight_diff": 0.0011210943339392543, "final_0_weight_sim": 0.7398711442947388, "final_1_weight_sim": 0.7797988653182983, "final_2_weight_sim": 0.7979455590248108, "best_weight_diff": 0.0012138449819758534, "best_weight_sim": 0.8221679925918579, "best_feature_diff": 0.14805707010111624, "best_feature_sim": 0.7873501287306688, "best_0_weight_diff": 0.0016004081116989255, "best_1_weight_diff": 0.0011937662493437529, "best_2_weight_diff": 0.0008458798401989043, "best_0_weight_sim": 0.7961281538009644, "best_1_weight_sim": 0.8274346590042114, "best_2_weight_sim": 0.8424485325813293, "num_feature_traj": 321, "num_feature_timesteps": "203500", "final_test_returns": 3254.2703615996584, "final_test_normalized_returns": 100.61360940019608, "best_return": 3498.769315104445, "best_return_normalized": 108.12608509874372, "convergence_step": "20000", "convergence_iter": "4", "best_step": "65000", "best_iter": "13", "best_5percent_normalized": 108.12608509874372, "best_10percent_normalized": 107.47066097764421, "best_25percent_normalized": 106.52942307553765, "best_50percent_normalized": 104.92614919472825, "best_100percent_normalized": 91.07188378932787, "best_later_half_normalized": 95.4154227103176, "best_last_four_normalized": 89.35547959027988, "target_steps": 15000}