{
    "final_weight_diff": 0.001165141467936337,
    "final_weight_sim": 0.7828384637832642,
    "final_feature_diff": 0.8551544164624526,
    "final_feature_sim": 0.45001682290788453,
    "final_0_weight_diff": 0.0012949361698701978,
    "final_1_weight_diff": 0.001169372582808137,
    "final_2_weight_diff": 0.0010288602206856012,
    "final_0_weight_sim": 0.7564264535903931,
    "final_1_weight_sim": 0.7732727527618408,
    "final_2_weight_sim": 0.7780542373657227,
    "best_weight_diff": 0.001113838399760425,
    "best_weight_sim": 0.7900247573852539,
    "best_feature_diff": 0.8365267827916429,
    "best_feature_sim": 0.4617679426471286,
    "best_0_weight_diff": 0.0012510264059528708,
    "best_1_weight_diff": 0.001115082181058824,
    "best_2_weight_diff": 0.0009734404156915843,
    "best_0_weight_sim": 0.7630432844161987,
    "best_1_weight_sim": 0.7804844379425049,
    "best_2_weight_sim": 0.786658763885498,
    "num_feature_traj": 204,
    "num_feature_timesteps": "37349",
    "final_test_returns": 2351.7051209340448,
    "final_test_normalized_returns": 72.88138666607516,
    "best_return": 2677.33822128396,
    "best_return_normalized": 82.88679044369732,
    "convergence_step": "95000",
    "convergence_iter": "19",
    "best_step": "95000",
    "best_iter": "19"
}