{
    "final_weight_diff": 0.0011078008683398366,
    "final_weight_sim": 0.780372142791748,
    "final_feature_diff": 0.10398554965647015,
    "final_feature_sim": 0.7323142992930044,
    "final_0_weight_diff": 0.0015253587625920773,
    "final_1_weight_diff": 0.0009913445683196187,
    "final_2_weight_diff": 0.0008049990283325315,
    "final_0_weight_sim": 0.7249614596366882,
    "final_1_weight_sim": 0.7841888666152954,
    "final_2_weight_sim": 0.8098932504653931,
    "best_weight_diff": 0.0007514042081311345,
    "best_weight_sim": 0.8411260843276978,
    "best_feature_diff": 0.10647557941133307,
    "best_feature_sim": 0.7780245551661421,
    "best_0_weight_diff": 0.0010288101620972157,
    "best_1_weight_diff": 0.0006731093744747341,
    "best_2_weight_diff": 0.0005518679390661418,
    "best_0_weight_sim": 0.8009485006332397,
    "best_1_weight_sim": 0.8416392803192139,
    "best_2_weight_sim": 0.8610613942146301,
    "num_feature_traj": 100,
    "num_feature_timesteps": "100000",
    "final_test_returns": 4993.3004384694905,
    "final_test_normalized_returns": 42.47606427127019,
    "best_return": 5129.94952927982,
    "best_return_normalized": 43.57672573839556,
    "convergence_step": "10000",
    "convergence_iter": "2",
    "best_step": "55000",
    "best_iter": "11"
}