{"final_weight_diff": 0.0009863744489848614, "final_weight_sim": 0.7921110391616821, "final_feature_diff": 0.20810889820793993, "final_feature_sim": 0.7403557725504963, "final_0_weight_diff": 0.0011740773916244507, "final_1_weight_diff": 0.000987335341051221, "final_2_weight_diff": 0.0007967790588736534, "final_0_weight_sim": 0.7590627670288086, "final_1_weight_sim": 0.7817754745483398, "final_2_weight_sim": 0.8021969795227051, "best_weight_diff": 0.0005714856088161469, "best_weight_sim": 0.8659979104995728, "best_feature_diff": 0.1576759837245366, "best_feature_sim": 0.8190426704429534, "best_0_weight_diff": 0.0006925741909071803, "best_1_weight_diff": 0.0005623028264380991, "best_2_weight_diff": 0.00045955614768899977, "best_0_weight_sim": 0.8407400846481323, "best_1_weight_sim": 0.8577120304107666, "best_2_weight_sim": 0.8738558292388916, "num_feature_traj": 321, "num_feature_timesteps": "203500", "final_test_returns": 2475.0463035505136, "final_test_normalized_returns": 76.67116827353797, "best_return": 3633.9452466404873, "best_return_normalized": 112.27950124280576, "convergence_step": "50000", "convergence_iter": "10", "best_step": "50000", "best_iter": "10", "best_5percent_normalized": 112.27950124280576, "best_10percent_normalized": 111.81115322596564, "best_25percent_normalized": 109.58571467155885, "best_50percent_normalized": 100.9794963446084, "best_100percent_normalized": 72.40609781460547, "best_later_half_normalized": 71.42271449481474, "best_last_four_normalized": 97.9781595872405, "target_steps": 25000}