{"final_weight_diff": 0.0012230128049850464, "final_weight_sim": 0.7697507739067078, "final_feature_diff": 0.11841860023563433, "final_feature_sim": 0.7260875155802415, "final_0_weight_diff": 0.0015120052266865969, "final_1_weight_diff": 0.0011789946584030986, "final_2_weight_diff": 0.000975603936240077, "final_0_weight_sim": 0.7302684783935547, "final_1_weight_sim": 0.7656612396240234, "final_2_weight_sim": 0.7872639894485474, "best_weight_diff": 0.0007846871740184724, "best_weight_sim": 0.8394274115562439, "best_feature_diff": 0.1034958759818938, "best_feature_sim": 0.8085937254974083, "best_0_weight_diff": 0.0010039485059678555, "best_1_weight_diff": 0.0007328825304284692, "best_2_weight_diff": 0.0006169506232254207, "best_0_weight_sim": 0.8087058067321777, "best_1_weight_sim": 0.8353930711746216, "best_2_weight_sim": 0.8520705699920654, "num_feature_traj": 438, "num_feature_timesteps": "392859", "final_test_returns": 4948.5386648265785, "final_test_normalized_returns": 107.76005654614288, "best_return": 4970.902942953052, "best_return_normalized": 108.24722450406117, "convergence_step": "20000", "convergence_iter": "4", "best_step": "50000", "best_iter": "10", "best_5percent_normalized": 108.24722450406117, "best_10percent_normalized": 108.17131745286395, "best_25percent_normalized": 107.82989380986987, "best_50percent_normalized": 107.28108564313732, "best_100percent_normalized": 97.173115789803, "best_later_half_normalized": 100.10388770207598, "best_last_four_normalized": 99.82051849365757, "target_steps": 10000}