{
    "final_weight_diff": 0.0015515645500272512,
    "final_weight_sim": 0.7694430351257324,
    "final_feature_diff": 0.15660536616875836,
    "final_feature_sim": 0.7809297963368221,
    "final_0_weight_diff": 0.0021924623288214207,
    "final_1_weight_diff": 0.001410366385243833,
    "final_2_weight_diff": 0.0010482220677658916,
    "final_0_weight_sim": 0.7205701470375061,
    "final_1_weight_sim": 0.7874031066894531,
    "final_2_weight_sim": 0.8038367629051208,
    "best_weight_diff": 0.0010213004425168037,
    "best_weight_sim": 0.839775562286377,
    "best_feature_diff": 0.14412013401017362,
    "best_feature_sim": 0.8027988880873687,
    "best_0_weight_diff": 0.001449859468266368,
    "best_1_weight_diff": 0.0009142384515143931,
    "best_2_weight_diff": 0.0006981302285566926,
    "best_0_weight_sim": 0.8038404583930969,
    "best_1_weight_sim": 0.8525727987289429,
    "best_2_weight_sim": 0.8642906546592712,
    "num_feature_traj": 100,
    "num_feature_timesteps": "100000",
    "final_test_returns": 5000.767694191999,
    "final_test_normalized_returns": 42.536210449998485,
    "best_return": 5122.816162828635,
    "best_return_normalized": 43.519268923007,
    "convergence_step": "5000",
    "convergence_iter": "1",
    "best_step": "55000",
    "best_iter": "11"
}