{
    "final_weight_diff": 0.0015631738351657987,
    "final_weight_sim": 0.7162898182868958,
    "final_feature_diff": 0.3629327295791238,
    "final_feature_sim": 0.6473758918919964,
    "final_0_weight_diff": 0.0018066830234602094,
    "final_1_weight_diff": 0.00158055336214602,
    "final_2_weight_diff": 0.0012889765202999115,
    "final_0_weight_sim": 0.6749550104141235,
    "final_1_weight_sim": 0.7162483930587769,
    "final_2_weight_sim": 0.734112560749054,
    "best_weight_diff": 0.0013180464738979936,
    "best_weight_sim": 0.753831684589386,
    "best_feature_diff": 0.34391644019202827,
    "best_feature_sim": 0.6738618965623102,
    "best_0_weight_diff": 0.001542915590107441,
    "best_1_weight_diff": 0.0013375685084611177,
    "best_2_weight_diff": 0.0010654611978679895,
    "best_0_weight_sim": 0.7146250605583191,
    "best_1_weight_sim": 0.7524068355560303,
    "best_2_weight_sim": 0.7718586921691895,
    "num_feature_traj": 8,
    "num_feature_timesteps": "8000",
    "final_test_returns": 4451.23956344523,
    "final_test_normalized_returns": 38.10995020174019,
    "best_return": 4614.271538115974,
    "best_return_normalized": 39.42311673190405,
    "convergence_step": "15000",
    "convergence_iter": "3",
    "best_step": "75000",
    "best_iter": "15"
}