{"final_weight_diff": 0.001690491335466504, "final_weight_sim": 0.747467041015625, "final_feature_diff": 0.24264661039292604, "final_feature_sim": 0.6873186507594908, "final_0_weight_diff": 0.0017528472235426307, "final_1_weight_diff": 0.0013372210087254643, "final_2_weight_diff": 0.001980407163500786, "final_0_weight_sim": 0.7084229588508606, "final_1_weight_sim": 0.7528139352798462, "final_2_weight_sim": 0.7398350238800049, "best_weight_diff": 0.0006398411351256073, "best_weight_sim": 0.8869373798370361, "best_feature_diff": 0.19597414302053356, "best_feature_sim": 0.7658503772539864, "best_0_weight_diff": 0.0007571839960291982, "best_1_weight_diff": 0.0005484569119289517, "best_2_weight_diff": 0.0006138214375823736, "best_0_weight_sim": 0.8530305027961731, "best_1_weight_sim": 0.8797851800918579, "best_2_weight_sim": 0.9006922841072083, "num_feature_traj": 218, "num_feature_timesteps": "100692", "final_test_returns": 1806.453604052461, "final_test_normalized_returns": 56.12798665576, "best_return": 2218.5837017932654, "best_return_normalized": 68.791097477039, "convergence_step": "25000", "convergence_iter": "5", "best_step": "25000", "best_iter": "5", "best_5percent_normalized": 68.791097477039, "best_10percent_normalized": 68.43315394706119, "best_25percent_normalized": 67.02220882217144, "best_50percent_normalized": 64.61992506763475, "best_100percent_normalized": 59.19240350620056, "best_later_half_normalized": 59.63587861164416, "best_last_four_normalized": 61.08405920964118, "target_steps": 10000}