{"final_weight_diff": 0.001527444808743894, "final_weight_sim": 0.763089120388031, "final_feature_diff": 0.1551849807042806, "final_feature_sim": 0.681401873416181, "final_0_weight_diff": 0.0018901105504482985, "final_1_weight_diff": 0.0013837815495207906, "final_2_weight_diff": 0.001306400983594358, "final_0_weight_sim": 0.7149154543876648, "final_1_weight_sim": 0.7791260480880737, "final_2_weight_sim": 0.7757230401039124, "best_weight_diff": 0.00046186032705008984, "best_weight_sim": 0.9176071882247925, "best_feature_diff": 0.12348633019213058, "best_feature_sim": 0.7828240006295573, "best_0_weight_diff": 0.0005908750463277102, "best_1_weight_diff": 0.0004261423309799284, "best_2_weight_diff": 0.00036851936602033675, "best_0_weight_sim": 0.900581955909729, "best_1_weight_sim": 0.9185893535614014, "best_2_weight_sim": 0.9249358177185059, "num_feature_traj": 200, "num_feature_timesteps": "200000", "final_test_returns": 5087.2367617121445, "final_test_normalized_returns": 43.23268907384668, "best_return": 8235.798303618762, "best_return_normalized": 68.59327029322412, "convergence_step": "15000", "convergence_iter": "3", "best_step": "15000", "best_iter": "3", "best_5percent_normalized": 68.59327029322412, "best_10percent_normalized": 63.16065413676706, "best_25percent_normalized": 52.58538630790849, "best_50percent_normalized": 48.00505009039341, "best_100percent_normalized": 45.33308093109124, "best_later_half_normalized": 42.89930024790077, "best_last_four_normalized": 42.961758296879836}