{
    "final_weight_diff": 0.001134081045165658,
    "final_weight_sim": 0.7486333847045898,
    "final_feature_diff": 0.2643011490316821,
    "final_feature_sim": 0.7045855193680503,
    "final_0_weight_diff": 0.0013210903853178024,
    "final_1_weight_diff": 0.0011337490286678076,
    "final_2_weight_diff": 0.0009379748371429741,
    "final_0_weight_sim": 0.7073414921760559,
    "final_1_weight_sim": 0.7409758567810059,
    "final_2_weight_sim": 0.7629110217094421,
    "best_weight_diff": 0.0006628172122873366,
    "best_weight_sim": 0.8419919610023499,
    "best_feature_diff": 0.23080286054168023,
    "best_feature_sim": 0.7674582301862903,
    "best_0_weight_diff": 0.0008065080619417131,
    "best_1_weight_diff": 0.0006664745742455125,
    "best_2_weight_diff": 0.000514232786372304,
    "best_0_weight_sim": 0.8088099956512451,
    "best_1_weight_sim": 0.8329201936721802,
    "best_2_weight_sim": 0.8563827276229858,
    "num_feature_traj": 2,
    "num_feature_timesteps": "2000",
    "final_test_returns": 3765.0665676608055,
    "final_test_normalized_returns": 32.583062523503244,
    "best_return": 3900.04899711202,
    "best_return_normalized": 33.67029960612779,
    "convergence_step": "10000",
    "convergence_iter": "2",
    "best_step": "40000",
    "best_iter": "8"
}