{
    "final_weight_diff": 0.0011077631497755647,
    "final_weight_sim": 0.7797582149505615,
    "final_feature_diff": 0.10702586616693974,
    "final_feature_sim": 0.7486017350333594,
    "final_0_weight_diff": 0.0015174474101513624,
    "final_1_weight_diff": 0.0009744188864715397,
    "final_2_weight_diff": 0.000829920289106667,
    "final_0_weight_sim": 0.7267807126045227,
    "final_1_weight_sim": 0.7851918935775757,
    "final_2_weight_sim": 0.80394446849823,
    "best_weight_diff": 0.0006620267522521317,
    "best_weight_sim": 0.8569794297218323,
    "best_feature_diff": 0.1163554336793777,
    "best_feature_sim": 0.8038585329515552,
    "best_0_weight_diff": 0.0008952024509198964,
    "best_1_weight_diff": 0.0005851349560543895,
    "best_2_weight_diff": 0.0005055536748841405,
    "best_0_weight_sim": 0.823679506778717,
    "best_1_weight_sim": 0.8575928211212158,
    "best_2_weight_sim": 0.8699172735214233,
    "num_feature_traj": 100,
    "num_feature_timesteps": "100000",
    "final_test_returns": 5000.165151543697,
    "final_test_normalized_returns": 42.53135717602972,
    "best_return": 5114.237706314491,
    "best_return_normalized": 43.45017240376535,
    "convergence_step": "5000",
    "convergence_iter": "1",
    "best_step": "45000",
    "best_iter": "9"
}