{"final_weight_diff": 0.0009840279817581177, "final_weight_sim": 0.7914978265762329, "final_feature_diff": 0.20888578445450917, "final_feature_sim": 0.7413099546782845, "final_0_weight_diff": 0.0012044638860970736, "final_1_weight_diff": 0.0009874090319499373, "final_2_weight_diff": 0.0007587620639242232, "final_0_weight_sim": 0.751952052116394, "final_1_weight_sim": 0.7831183671951294, "final_2_weight_sim": 0.8082602620124817, "best_weight_diff": 0.00039824109990149736, "best_weight_sim": 0.9030434489250183, "best_feature_diff": 0.14666582184141805, "best_feature_sim": 0.8409746282540858, "best_0_weight_diff": 0.00048672768753021955, "best_1_weight_diff": 0.0003849173663184047, "best_2_weight_diff": 0.00032306436332874, "best_0_weight_sim": 0.8833299875259399, "best_1_weight_sim": 0.8979911804199219, "best_2_weight_sim": 0.9082731008529663, "num_feature_traj": 100, "num_feature_timesteps": "100000", "final_test_returns": 5051.749212023771, "final_test_normalized_returns": 42.94684905637518, "best_return": 5068.968920384111, "best_return_normalized": 43.08554788967858, "convergence_step": "5000", "convergence_iter": "1", "best_step": "25000", "best_iter": "5", "best_5percent_normalized": 43.08554788967858, "best_10percent_normalized": 43.082586661112934, "best_25percent_normalized": 43.004689562253176, "best_50percent_normalized": 42.90516368025536, "best_100percent_normalized": 42.38397427521803, "best_later_half_normalized": 42.5306545858816, "best_last_four_normalized": 42.554861586988594, "target_steps": 5000}