{"final_weight_diff": 0.002069511217996478, "final_weight_sim": 0.7352825999259949, "final_feature_diff": 0.3818825308268853, "final_feature_sim": 0.7689866694433891, "final_0_weight_diff": 0.00236062565818429, "final_1_weight_diff": 0.0020145918242633343, "final_2_weight_diff": 0.0018332487670704722, "final_0_weight_sim": 0.7070103287696838, "final_1_weight_sim": 0.722309410572052, "final_2_weight_sim": 0.7270008325576782, "best_weight_diff": 0.001474478398449719, "best_weight_sim": 0.7825658321380615, "best_feature_diff": 0.33956770834816935, "best_feature_sim": 0.7909906209019204, "best_0_weight_diff": 0.0016782190650701523, "best_1_weight_diff": 0.0013841723557561636, "best_2_weight_diff": 0.001360144349746406, "best_0_weight_sim": 0.754440188407898, "best_1_weight_sim": 0.7728766202926636, "best_2_weight_sim": 0.7714481353759766, "num_feature_traj": 81, "num_feature_timesteps": "13561", "final_test_returns": 1679.0368632671973, "final_test_normalized_returns": 52.21297943378146, "best_return": 2278.715091806427, "best_return_normalized": 70.63869477640709, "convergence_step": "55000", "convergence_iter": "11", "best_step": "55000", "best_iter": "11", "best_5percent_normalized": 70.63869477640709, "best_10percent_normalized": 65.34707080582416, "best_25percent_normalized": 60.030840109199666, "best_50percent_normalized": 50.38119491509368, "best_100percent_normalized": 36.25178955202293, "best_later_half_normalized": 41.953698971966084, "best_last_four_normalized": 41.07376892649376, "target_steps": 15000}