{"final_weight_diff": 0.0019720513373613358, "final_weight_sim": 0.7216857671737671, "final_feature_diff": 0.3711865267136662, "final_feature_sim": 0.6512034702949188, "final_0_weight_diff": 0.0022607336286455393, "final_1_weight_diff": 0.0018004875164479017, "final_2_weight_diff": 0.0018460083520039916, "final_0_weight_sim": 0.6543195843696594, "final_1_weight_sim": 0.7256917953491211, "final_2_weight_sim": 0.7586564421653748, "best_weight_diff": 0.0010502759832888842, "best_weight_sim": 0.83768230676651, "best_feature_diff": 0.32219214939990376, "best_feature_sim": 0.7140676437607618, "best_0_weight_diff": 0.0012663021916523576, "best_1_weight_diff": 0.0009231934673152864, "best_2_weight_diff": 0.0009590959525667131, "best_0_weight_sim": 0.7768250703811646, "best_1_weight_sim": 0.8366245627403259, "best_2_weight_sim": 0.8712102174758911, "num_feature_traj": 43, "num_feature_timesteps": "40648", "final_test_returns": 4952.061126486532, "final_test_normalized_returns": 107.83678741328828, "best_return": 5038.458573292357, "best_return_normalized": 109.71880960473668, "convergence_step": "10000", "convergence_iter": "2", "best_step": "35000", "best_iter": "7", "best_5percent_normalized": 109.71880960473668, "best_10percent_normalized": 109.01220808776644, "best_25percent_normalized": 108.43964723503177, "best_50percent_normalized": 107.99015850880357, "best_100percent_normalized": 98.35070705928956, "best_later_half_normalized": 103.16437741032709, "best_last_four_normalized": 101.11936860912918, "target_steps": 10000}