{
    "final_weight_diff": 0.0011791983852162957,
    "final_weight_sim": 0.7822844386100769,
    "final_feature_diff": 0.8207589557559396,
    "final_feature_sim": 0.4756155195458046,
    "final_0_weight_diff": 0.0012912790989503264,
    "final_1_weight_diff": 0.0011972862994298339,
    "final_2_weight_diff": 0.0010468321852385998,
    "final_0_weight_sim": 0.7586706280708313,
    "final_1_weight_sim": 0.7716740369796753,
    "final_2_weight_sim": 0.7759205102920532,
    "best_weight_diff": 0.001031279913149774,
    "best_weight_sim": 0.8030712604522705,
    "best_feature_diff": 0.7958764252786003,
    "best_feature_sim": 0.4931568328343626,
    "best_0_weight_diff": 0.0011544604785740376,
    "best_1_weight_diff": 0.0010354213882237673,
    "best_2_weight_diff": 0.0009025774197652936,
    "best_0_weight_sim": 0.778550922870636,
    "best_1_weight_sim": 0.7931725978851318,
    "best_2_weight_sim": 0.798937976360321,
    "num_feature_traj": 204,
    "num_feature_timesteps": "37349",
    "final_test_returns": 2315.0451759660423,
    "final_test_normalized_returns": 71.75497306906635,
    "best_return": 2664.199034651317,
    "best_return_normalized": 82.4830757493746,
    "convergence_step": "85000",
    "convergence_iter": "17",
    "best_step": "85000",
    "best_iter": "17"
}