{"final_weight_diff": 0.028730278834700584, "final_weight_sim": 0.34149932861328125, "final_feature_diff": 14.091572271049035, "final_feature_sim": 0.11084175642997725, "final_0_weight_diff": 0.014699040912091732, "final_1_weight_diff": 0.02919105999171734, "final_2_weight_diff": 0.04122656583786011, "final_0_weight_sim": 0.2780103385448456, "final_1_weight_sim": 0.2714799642562866, "final_2_weight_sim": 0.28736791014671326, "best_weight_diff": 0.028181960806250572, "best_weight_sim": 0.35023921728134155, "best_feature_diff": 14.059941761815434, "best_feature_sim": 0.110936111320161, "best_0_weight_diff": 0.014272748492658138, "best_1_weight_diff": 0.028800996020436287, "best_2_weight_diff": 0.0403815321624279, "best_0_weight_sim": 0.29259824752807617, "best_1_weight_sim": 0.2829551100730896, "best_2_weight_sim": 0.2913224995136261, "num_feature_traj": 100, "num_feature_timesteps": "100000", "final_test_returns": 5029.300810367993, "final_test_normalized_returns": 42.76603489541334, "best_return": 5081.229749656769, "best_return_normalized": 43.18430465604557, "convergence_step": "5000", "convergence_iter": "1", "best_step": "65000", "best_iter": "13", "best_5percent_normalized": 43.18430465604557, "best_10percent_normalized": 43.135314367161854, "best_25percent_normalized": 42.96491137319556, "best_50percent_normalized": 42.782346674441314, "best_100percent_normalized": 40.1136569189724, "best_later_half_normalized": 42.226636771384705}