{"final_weight_diff": 0.0015389190521091223, "final_weight_sim": 0.7262145280838013, "final_feature_diff": 0.12191636991597482, "final_feature_sim": 0.6786502818514353, "final_0_weight_diff": 0.0017620358848944306, "final_1_weight_diff": 0.001441478612832725, "final_2_weight_diff": 0.0014037822838872671, "final_0_weight_sim": 0.6877996921539307, "final_1_weight_sim": 0.7283929586410522, "final_2_weight_sim": 0.7377740144729614, "best_weight_diff": 0.0006943288608454168, "best_weight_sim": 0.8579951524734497, "best_feature_diff": 0.10557149900234884, "best_feature_sim": 0.80202997648886, "best_0_weight_diff": 0.0008217826252803206, "best_1_weight_diff": 0.0006495385896414518, "best_2_weight_diff": 0.0006116768927313387, "best_0_weight_sim": 0.8406126499176025, "best_1_weight_sim": 0.851500391960144, "best_2_weight_sim": 0.8590255975723267, "num_feature_traj": 43, "num_feature_timesteps": "11328", "final_test_returns": 1945.123241798746, "final_test_normalized_returns": 42.33573342950528, "best_return": 3345.7578594062134, "best_return_normalized": 72.8461886559483, "convergence_step": "30000", "convergence_iter": "6", "best_step": "30000", "best_iter": "6", "best_5percent_normalized": 72.8461886559483, "best_10percent_normalized": 71.0326833618737, "best_25percent_normalized": 67.01652856635079, "best_50percent_normalized": 62.612692960303114, "best_100percent_normalized": 49.0139577938251, "best_later_half_normalized": 49.7761543135477, "best_last_four_normalized": 42.82796794379482, "target_steps": 5000}