{"final_weight_diff": 0.0020089522004127502, "final_weight_sim": 0.7248308062553406, "final_feature_diff": 0.6883313751549964, "final_feature_sim": 0.6598612222811117, "final_0_weight_diff": 0.0023198500275611877, "final_1_weight_diff": 0.002054848475381732, "final_2_weight_diff": 0.0016520654316991568, "final_0_weight_sim": 0.6916669607162476, "final_1_weight_sim": 0.7073895931243896, "final_2_weight_sim": 0.7211654186248779, "best_weight_diff": 0.0019532504957169294, "best_weight_sim": 0.7291923761367798, "best_feature_diff": 0.6788229805144128, "best_feature_sim": 0.664616874765279, "best_0_weight_diff": 0.0022578854113817215, "best_1_weight_diff": 0.0019904598593711853, "best_2_weight_diff": 0.0016112447483465075, "best_0_weight_sim": 0.6959380507469177, "best_1_weight_sim": 0.7120137810707092, "best_2_weight_sim": 0.725382387638092, "num_feature_traj": 321, "num_feature_timesteps": "203500", "final_test_returns": 3065.453244523271, "final_test_normalized_returns": 94.81201400204476, "best_return": 3614.651715658353, "best_return_normalized": 111.68668814252548, "convergence_step": "70000", "convergence_iter": "14", "best_step": "115000", "best_iter": "23", "best_5percent_normalized": 111.68668814252548, "best_10percent_normalized": 111.43674674015018, "best_25percent_normalized": 106.06525498752988, "best_50percent_normalized": 99.68224008640725, "best_100percent_normalized": 81.09736179284629, "best_later_half_normalized": 97.0346369666287, "best_last_four_normalized": 93.63260548031434, "target_steps": 30000}