{
    "final_weight_diff": 0.0014749047113582492,
    "final_weight_sim": 0.7784296870231628,
    "final_feature_diff": 1.8592058476808078,
    "final_feature_sim": 0.4153345947527179,
    "final_0_weight_diff": 0.0016074900049716234,
    "final_1_weight_diff": 0.0014154056552797556,
    "final_2_weight_diff": 0.00139036332257092,
    "final_0_weight_sim": 0.7422716617584229,
    "final_1_weight_sim": 0.7729204297065735,
    "final_2_weight_sim": 0.7540777325630188,
    "best_weight_diff": 0.0014749047113582492,
    "best_weight_sim": 0.7784296870231628,
    "best_feature_diff": 1.8592058476808078,
    "best_feature_sim": 0.4153345947527179,
    "best_0_weight_diff": 0.0016074900049716234,
    "best_1_weight_diff": 0.0014154056552797556,
    "best_2_weight_diff": 0.00139036332257092,
    "best_0_weight_sim": 0.7422716617584229,
    "best_1_weight_sim": 0.7729204297065735,
    "best_2_weight_sim": 0.7540777325630188,
    "num_feature_traj": 20,
    "num_feature_timesteps": "20000",
    "final_test_returns": 4927.118940992411,
    "final_test_normalized_returns": 41.94299505231151,
    "best_return": 4927.118940992411,
    "best_return_normalized": 41.94299505231151,
    "convergence_step": "25000",
    "convergence_iter": "5",
    "best_step": "100000",
    "best_iter": "20"
}