{"final_weight_diff": 0.0011847353307530284, "final_weight_sim": 0.7829849123954773, "final_feature_diff": 0.10214997896450954, "final_feature_sim": 0.7470520234897323, "final_0_weight_diff": 0.0014341255882754922, "final_1_weight_diff": 0.0011695907451212406, "final_2_weight_diff": 0.0009485361515544355, "final_0_weight_sim": 0.7540223598480225, "final_1_weight_sim": 0.7762120962142944, "final_2_weight_sim": 0.7953394055366516, "best_weight_diff": 0.0011847353307530284, "best_weight_sim": 0.7829849123954773, "best_feature_diff": 0.10214997896450954, "best_feature_sim": 0.7470520234897323, "best_0_weight_diff": 0.0014341255882754922, "best_1_weight_diff": 0.0011695907451212406, "best_2_weight_diff": 0.0009485361515544355, "best_0_weight_sim": 0.7540223598480225, "best_1_weight_sim": 0.7762120962142944, "best_2_weight_sim": 0.7953394055366516, "num_feature_traj": 119, "num_feature_timesteps": "101758", "final_test_returns": 3616.461219382293, "final_test_normalized_returns": 78.74300331436805, "best_return": 3616.461219382293, "best_return_normalized": 78.74300331436805, "convergence_step": "10000", "convergence_iter": "2", "best_step": "100000", "best_iter": "20", "best_5percent_normalized": 78.74300331436805, "best_10percent_normalized": 78.00141674560477, "best_25percent_normalized": 77.25802025823063, "best_50percent_normalized": 75.15157373519415, "best_100percent_normalized": 69.05605500772096, "best_later_half_normalized": 69.13538304602298}