{
    "final_weight_diff": 0.0013981334632262588,
    "final_weight_sim": 0.7404436469078064,
    "final_feature_diff": 0.37960980884269263,
    "final_feature_sim": 0.6923881197082136,
    "final_0_weight_diff": 0.0013756908010691404,
    "final_1_weight_diff": 0.0013749317731708288,
    "final_2_weight_diff": 0.00143458042293787,
    "final_0_weight_sim": 0.7352071404457092,
    "final_1_weight_sim": 0.7326322197914124,
    "final_2_weight_sim": 0.7227751016616821,
    "best_weight_diff": 0.0007295586401596665,
    "best_weight_sim": 0.8467318415641785,
    "best_feature_diff": 0.30424119719320797,
    "best_feature_sim": 0.7765221508649784,
    "best_0_weight_diff": 0.0007873520953580737,
    "best_1_weight_diff": 0.0007401508628390729,
    "best_2_weight_diff": 0.0006603586371056736,
    "best_0_weight_sim": 0.8409779071807861,
    "best_1_weight_sim": 0.8323743939399719,
    "best_2_weight_sim": 0.8392575979232788,
    "num_feature_traj": 48,
    "num_feature_timesteps": "28017",
    "final_test_returns": 3106.5345431443666,
    "final_test_normalized_returns": 81.6144993970553,
    "best_return": 3680.035709454541,
    "best_return_normalized": 95.252079743527,
    "convergence_step": "40000",
    "convergence_iter": "8",
    "best_step": "40000",
    "best_iter": "8"
}