{
    "final_weight_diff": 0.00223380490206182,
    "final_weight_sim": 0.7107467651367188,
    "final_feature_diff": 0.8336323028920418,
    "final_feature_sim": 0.5806581011654237,
    "final_0_weight_diff": 0.0026364289224147797,
    "final_1_weight_diff": 0.0022103628143668175,
    "final_2_weight_diff": 0.0018556806026026607,
    "final_0_weight_sim": 0.6811332702636719,
    "final_1_weight_sim": 0.6949682831764221,
    "final_2_weight_sim": 0.7066388130187988,
    "best_weight_diff": 0.0018161128973588347,
    "best_weight_sim": 0.7428818345069885,
    "best_feature_diff": 0.7722186495177367,
    "best_feature_sim": 0.615154611440558,
    "best_0_weight_diff": 0.0021464384626597166,
    "best_1_weight_diff": 0.001781961997039616,
    "best_2_weight_diff": 0.0015206476673483849,
    "best_0_weight_sim": 0.7127053141593933,
    "best_1_weight_sim": 0.7277108430862427,
    "best_2_weight_sim": 0.7391272783279419,
    "num_feature_traj": 72,
    "num_feature_timesteps": "58362",
    "final_test_returns": 3697.748436514437,
    "final_test_normalized_returns": 95.67327982580166,
    "best_return": 3910.150576239209,
    "best_return_normalized": 100.7240999747749,
    "convergence_step": "30000",
    "convergence_iter": "6",
    "best_step": "70000",
    "best_iter": "14"
}