{"final_weight_diff": 0.004038198851048946, "final_weight_sim": 0.7087180614471436, "final_feature_diff": 12.404966060891148, "final_feature_sim": 0.13777548556615313, "final_0_weight_diff": 0.002375577809289098, "final_1_weight_diff": 0.0035380101762712, "final_2_weight_diff": 0.006121831480413675, "final_0_weight_sim": 0.6562739610671997, "final_1_weight_sim": 0.6532337665557861, "final_2_weight_sim": 0.6288960576057434, "best_weight_diff": 0.003146116156131029, "best_weight_sim": 0.7562135457992554, "best_feature_diff": 12.772911227703577, "best_feature_sim": 0.13912812952879922, "best_0_weight_diff": 0.0019901746418327093, "best_1_weight_diff": 0.0029303438495844603, "best_2_weight_diff": 0.004447912331670523, "best_0_weight_sim": 0.7014873027801514, "best_1_weight_sim": 0.698727011680603, "best_2_weight_sim": 0.6862207651138306, "num_feature_traj": 204, "num_feature_timesteps": "37349", "final_test_returns": 1897.4264551953809, "final_test_normalized_returns": 58.92321879741985, "best_return": 2613.101038116825, "best_return_normalized": 80.91303852955342, "convergence_step": "5000", "convergence_iter": "1", "best_step": "60000", "best_iter": "12", "best_5percent_normalized": 80.91303852955342, "best_10percent_normalized": 79.1139520321276, "best_25percent_normalized": 70.76467616074991, "best_50percent_normalized": 60.55302467759877, "best_100percent_normalized": 40.91165195512165, "best_later_half_normalized": 50.23093819082331, "best_last_four_normalized": 54.24359996482331}