{
    "final_weight_diff": 0.002887643175199628,
    "final_weight_sim": 0.6592843532562256,
    "final_feature_diff": 0.8612322525941792,
    "final_feature_sim": 0.5885294241356156,
    "final_0_weight_diff": 0.003177233040332794,
    "final_1_weight_diff": 0.002943129977211356,
    "final_2_weight_diff": 0.002542901085689664,
    "final_0_weight_sim": 0.632293701171875,
    "final_1_weight_sim": 0.6366637945175171,
    "final_2_weight_sim": 0.6476016044616699,
    "best_weight_diff": 0.0028365286998450756,
    "best_weight_sim": 0.6625015139579773,
    "best_feature_diff": 0.8617092921440647,
    "best_feature_sim": 0.5887817126487401,
    "best_0_weight_diff": 0.003120414214208722,
    "best_1_weight_diff": 0.0028876671567559242,
    "best_2_weight_diff": 0.002501746406778693,
    "best_0_weight_sim": 0.6355855464935303,
    "best_1_weight_sim": 0.6399304866790771,
    "best_2_weight_sim": 0.6505972146987915,
    "num_feature_traj": 200,
    "num_feature_timesteps": "200000",
    "final_test_returns": 5129.2270409894245,
    "final_test_normalized_returns": 43.57090634349896,
    "best_return": 11078.719084005845,
    "best_return_normalized": 91.49202021176734,
    "convergence_step": "175000",
    "convergence_iter": "35",
    "best_step": "175000",
    "best_iter": "35"
}