{"final_weight_diff": 0.0010078601771965623, "final_weight_sim": 0.8041889071464539, "final_feature_diff": 0.4486971022882387, "final_feature_sim": 0.6983320714303775, "final_0_weight_diff": 0.0013592004543170333, "final_1_weight_diff": 0.0009753654594533145, "final_2_weight_diff": 0.0006870072684250772, "final_0_weight_sim": 0.7562318444252014, "final_1_weight_sim": 0.8008477687835693, "final_2_weight_sim": 0.8321532011032104, "best_weight_diff": 0.0005880473181605339, "best_weight_sim": 0.8733705282211304, "best_feature_diff": 0.3319811239861122, "best_feature_sim": 0.7795377984023513, "best_0_weight_diff": 0.0008233162225224078, "best_1_weight_diff": 0.000540701556019485, "best_2_weight_diff": 0.00039977114647626877, "best_0_weight_sim": 0.8312137126922607, "best_1_weight_sim": 0.8745657205581665, "best_2_weight_sim": 0.8950616121292114, "num_feature_traj": 321, "num_feature_timesteps": "203500", "final_test_returns": 3052.448884736497, "final_test_normalized_returns": 94.41244199785866, "best_return": 3624.807908812977, "best_return_normalized": 111.99874736883368, "convergence_step": "50000", "convergence_iter": "10", "best_step": "50000", "best_iter": "10", "best_5percent_normalized": 111.99874736883368, "best_10percent_normalized": 111.8136274775056, "best_25percent_normalized": 110.22363546390586, "best_50percent_normalized": 104.01389853648865, "best_100percent_normalized": 79.9575704139567, "best_later_half_normalized": 96.38867188400276, "best_last_four_normalized": 99.36672588965725}