{"final_weight_diff": 0.001154036377556622, "final_weight_sim": 0.7709563970565796, "final_feature_diff": 0.395233081290976, "final_feature_sim": 0.6465049005075156, "final_0_weight_diff": 0.0013248592149466276, "final_1_weight_diff": 0.0012638737680390477, "final_2_weight_diff": 0.0008717270102351904, "final_0_weight_sim": 0.7498285174369812, "final_1_weight_sim": 0.7416283488273621, "final_2_weight_sim": 0.7916454672813416, "best_weight_diff": 0.0005890723550692201, "best_weight_sim": 0.8665454387664795, "best_feature_diff": 0.3200070728069596, "best_feature_sim": 0.7228222078966338, "best_0_weight_diff": 0.0006593758007511497, "best_1_weight_diff": 0.0006383643485605717, "best_2_weight_diff": 0.0004693445225711912, "best_0_weight_sim": 0.8540562987327576, "best_1_weight_sim": 0.8427935242652893, "best_2_weight_sim": 0.8783525824546814, "num_feature_traj": 321, "num_feature_timesteps": "203500", "final_test_returns": 3206.7549828346414, "final_test_normalized_returns": 99.15365170646103, "best_return": 3647.681390631631, "best_return_normalized": 112.70155805100882, "convergence_step": "40000", "convergence_iter": "8", "best_step": "40000", "best_iter": "8", "best_5percent_normalized": 112.70155805100882, "best_10percent_normalized": 112.58681082307788, "best_25percent_normalized": 111.60085840182539, "best_50percent_normalized": 106.38473848873222, "best_100percent_normalized": 77.99985422345587, "best_later_half_normalized": 92.04234735769583, "best_last_four_normalized": 93.62122646033964, "target_steps": 25000}