{"final_weight_diff": 0.000956190109718591, "final_weight_sim": 0.8073603510856628, "final_feature_diff": 0.5240718320111467, "final_feature_sim": 0.72148164038612, "final_0_weight_diff": 0.00124463252723217, "final_1_weight_diff": 0.0009014010429382324, "final_2_weight_diff": 0.0007195245707407594, "final_0_weight_sim": 0.7652382254600525, "final_1_weight_sim": 0.8006808757781982, "final_2_weight_sim": 0.8189314603805542, "best_weight_diff": 0.0008162968442775309, "best_weight_sim": 0.8304364085197449, "best_feature_diff": 0.48745260205429475, "best_feature_sim": 0.7434386351681027, "best_0_weight_diff": 0.0010697901016101241, "best_1_weight_diff": 0.0007532060844823718, "best_2_weight_diff": 0.0006240361253730953, "best_0_weight_sim": 0.79007488489151, "best_1_weight_sim": 0.8263508081436157, "best_2_weight_sim": 0.8394438028335571, "num_feature_traj": 200, "num_feature_timesteps": "200000", "final_test_returns": 4990.570493500429, "final_test_normalized_returns": 42.45407550268782, "best_return": 6673.0263469131705, "best_return_normalized": 56.00567922730586, "convergence_step": "80000", "convergence_iter": "16", "best_step": "80000", "best_iter": "16", "best_5percent_normalized": 56.00567922730586, "best_10percent_normalized": 54.30176535028252, "best_25percent_normalized": 49.848077137915844, "best_50percent_normalized": 46.48464268298, "best_100percent_normalized": 44.25848355528763, "best_later_half_normalized": 44.91600444858947, "best_last_four_normalized": 42.78652688765891, "target_steps": 10000}