{
    "final_weight_diff": 0.0009239126229658723,
    "final_weight_sim": 0.8138058185577393,
    "final_feature_diff": 1.0429253989644784,
    "final_feature_sim": 0.4306468813793434,
    "final_0_weight_diff": 0.0012962945038452744,
    "final_1_weight_diff": 0.0009136774460785091,
    "final_2_weight_diff": 0.000559125910513103,
    "final_0_weight_sim": 0.764402449131012,
    "final_1_weight_sim": 0.8005547523498535,
    "final_2_weight_sim": 0.849748969078064,
    "best_weight_diff": 0.0008552477811463177,
    "best_weight_sim": 0.8247241377830505,
    "best_feature_diff": 1.0153808723997582,
    "best_feature_sim": 0.4478706693025608,
    "best_0_weight_diff": 0.0012115449644625187,
    "best_1_weight_diff": 0.0008358946070075035,
    "best_2_weight_diff": 0.0005161032313480973,
    "best_0_weight_sim": 0.775804877281189,
    "best_1_weight_sim": 0.8131212592124939,
    "best_2_weight_sim": 0.8594076633453369,
    "num_feature_traj": 120,
    "num_feature_timesteps": "106539",
    "final_test_returns": 3593.0220369675603,
    "final_test_normalized_returns": 93.18293669815614,
    "best_return": 3950.1163442437073,
    "best_return_normalized": 101.67446660746457,
    "convergence_step": "90000",
    "convergence_iter": "18",
    "best_step": "90000",
    "best_iter": "18"
}