{"final_weight_diff": 0.0012701128143817186, "final_weight_sim": 0.7887245416641235, "final_feature_diff": 0.28859789399333635, "final_feature_sim": 0.7416424053541575, "final_0_weight_diff": 0.0016797477146610618, "final_1_weight_diff": 0.0012811769265681505, "final_2_weight_diff": 0.0008434486808255315, "final_0_weight_sim": 0.7544799447059631, "final_1_weight_sim": 0.7841306328773499, "final_2_weight_sim": 0.8210286498069763, "best_weight_diff": 0.0009436004911549389, "best_weight_sim": 0.8343154191970825, "best_feature_diff": 0.25788683916425686, "best_feature_sim": 0.7739889910667855, "best_0_weight_diff": 0.0012813298963010311, "best_1_weight_diff": 0.0009299808880314231, "best_2_weight_diff": 0.0006166030652821064, "best_0_weight_sim": 0.8013830184936523, "best_1_weight_sim": 0.8314887285232544, "best_2_weight_sim": 0.8640539646148682, "num_feature_traj": 219, "num_feature_timesteps": "197797", "final_test_returns": 4932.313452021315, "final_test_normalized_returns": 107.4066177387542, "best_return": 5031.697160348814, "best_return_normalized": 109.57152366428645, "convergence_step": "25000", "convergence_iter": "5", "best_step": "65000", "best_iter": "13", "best_5percent_normalized": 109.57152366428645, "best_10percent_normalized": 109.32463282974238, "best_25percent_normalized": 108.53811676457022, "best_50percent_normalized": 107.7597433664187, "best_100percent_normalized": 91.24580534446703, "best_later_half_normalized": 100.83774208092318, "best_last_four_normalized": 98.39532616956986}