{"final_weight_diff": 0.0014501289697363973, "final_weight_sim": 0.7793723940849304, "final_feature_diff": 1.0006828992318355, "final_feature_sim": 0.4633898491601661, "final_0_weight_diff": 0.0017961568664759398, "final_1_weight_diff": 0.0014291739789769053, "final_2_weight_diff": 0.0011202807072550058, "final_0_weight_sim": 0.7376329898834229, "final_1_weight_sim": 0.7841135263442993, "final_2_weight_sim": 0.783066987991333, "best_weight_diff": 0.00046960782492533326, "best_weight_sim": 0.9159855842590332, "best_feature_diff": 0.6977202160908295, "best_feature_sim": 0.6367700424785864, "best_0_weight_diff": 0.0006378897232934833, "best_1_weight_diff": 0.0004145285638514906, "best_2_weight_diff": 0.0003559729957487434, "best_0_weight_sim": 0.8884630799293518, "best_1_weight_sim": 0.9224627017974854, "best_2_weight_sim": 0.9208481907844543, "num_feature_traj": 219, "num_feature_timesteps": "197797", "final_test_returns": 4921.298298021379, "final_test_normalized_returns": 107.16667124685505, "best_return": 5040.773291949996, "best_return_normalized": 109.76923183411606, "convergence_step": "20000", "convergence_iter": "4", "best_step": "20000", "best_iter": "4", "best_5percent_normalized": 109.76923183411606, "best_10percent_normalized": 109.30331357397867, "best_25percent_normalized": 108.83779511654215, "best_50percent_normalized": 108.51683154182945, "best_100percent_normalized": 103.46744782177753, "best_later_half_normalized": 107.04738392172831, "best_last_four_normalized": 107.62335193623692}