{"final_weight_diff": 0.0015294358599931002, "final_weight_sim": 0.8561432957649231, "final_feature_diff": 9.081048987021344, "final_feature_sim": 0.33141604196411334, "final_0_weight_diff": 0.0016353799728676677, "final_1_weight_diff": 0.0016822421457618475, "final_2_weight_diff": 0.0012671079020947218, "final_0_weight_sim": 0.7454784512519836, "final_1_weight_sim": 0.7976416349411011, "final_2_weight_sim": 0.8561837077140808, "best_weight_diff": 0.0014623216120526195, "best_weight_sim": 0.861525297164917, "best_feature_diff": 9.088421217651447, "best_feature_sim": 0.33109021530213906, "best_0_weight_diff": 0.0015702341916039586, "best_1_weight_diff": 0.00160409661475569, "best_2_weight_diff": 0.0012094145640730858, "best_0_weight_sim": 0.7523507475852966, "best_1_weight_sim": 0.8047653436660767, "best_2_weight_sim": 0.8619699478149414, "num_feature_traj": 40, "num_feature_timesteps": "7375", "final_test_returns": 885.7125715128335, "final_test_normalized_returns": 27.837294477095156, "best_return": 2189.550171694112, "best_return_normalized": 67.89901312990223, "convergence_step": "95000", "convergence_iter": "19", "best_step": "95000", "best_iter": "19", "best_5percent_normalized": 67.89901312990223, "best_10percent_normalized": 64.52567573237673, "best_25percent_normalized": 59.456771088152024, "best_50percent_normalized": 51.488774902559044, "best_100percent_normalized": 36.9670323078026, "best_later_half_normalized": 39.26751251280609, "best_last_four_normalized": 42.95972941593059, "target_steps": 25000}