{"final_weight_diff": 0.0014858079375699162, "final_weight_sim": 0.7341119647026062, "final_feature_diff": 0.2807484354551541, "final_feature_sim": 0.6183398276553903, "final_0_weight_diff": 0.0015483725583180785, "final_1_weight_diff": 0.001533153117634356, "final_2_weight_diff": 0.0013734481763094664, "final_0_weight_sim": 0.7197319269180298, "final_1_weight_sim": 0.720550537109375, "final_2_weight_sim": 0.7266560196876526, "best_weight_diff": 0.001311237458139658, "best_weight_sim": 0.7569366097450256, "best_feature_diff": 0.27179348073416204, "best_feature_sim": 0.6330466059104434, "best_0_weight_diff": 0.0013860707404091954, "best_1_weight_diff": 0.0013461309717968106, "best_2_weight_diff": 0.0011999477865174413, "best_0_weight_sim": 0.7424181699752808, "best_1_weight_sim": 0.7428046464920044, "best_2_weight_sim": 0.7511746883392334, "num_feature_traj": 204, "num_feature_timesteps": "37349", "final_test_returns": 1925.694542565272, "final_test_normalized_returns": 59.79178414858635, "best_return": 2991.658916064586, "best_return_normalized": 92.5446092083238, "convergence_step": "85000", "convergence_iter": "17", "best_step": "85000", "best_iter": "17", "best_5percent_normalized": 92.5446092083238, "best_10percent_normalized": 89.90354231925284, "best_25percent_normalized": 84.26466218192654, "best_50percent_normalized": 74.90816306637265, "best_100percent_normalized": 59.078493616224215, "best_later_half_normalized": 67.04665281683772, "best_last_four_normalized": 70.84832886151175}