{
    "final_weight_diff": 0.0012460834113880992,
    "final_weight_sim": 0.7767566442489624,
    "final_feature_diff": 0.296234870272601,
    "final_feature_sim": 0.7200351307707588,
    "final_0_weight_diff": 0.0016336520202457905,
    "final_1_weight_diff": 0.0012908207718282938,
    "final_2_weight_diff": 0.0008091966737993062,
    "final_0_weight_sim": 0.7291452884674072,
    "final_1_weight_sim": 0.774749219417572,
    "final_2_weight_sim": 0.8166636228561401,
    "best_weight_diff": 0.0009663348319008946,
    "best_weight_sim": 0.8189459443092346,
    "best_feature_diff": 0.2777893387015664,
    "best_feature_sim": 0.742230648411379,
    "best_0_weight_diff": 0.00127296126447618,
    "best_1_weight_diff": 0.0009892848320305347,
    "best_2_weight_diff": 0.0006340632098726928,
    "best_0_weight_sim": 0.7769922614097595,
    "best_1_weight_sim": 0.8171846866607666,
    "best_2_weight_sim": 0.8525393009185791,
    "num_feature_traj": 80,
    "num_feature_timesteps": "80000",
    "final_test_returns": 4912.079159442068,
    "final_test_normalized_returns": 41.82185478033252,
    "best_return": 5057.805674164652,
    "best_return_normalized": 42.99563177762156,
    "convergence_step": "5000",
    "convergence_iter": "1",
    "best_step": "70000",
    "best_iter": "14"
}