{
    "final_weight_diff": 0.0015221770154312253,
    "final_weight_sim": 0.7320569753646851,
    "final_feature_diff": 0.1268635900704542,
    "final_feature_sim": 0.5342308586939162,
    "final_0_weight_diff": 0.0016890227561816573,
    "final_1_weight_diff": 0.0014622444286942482,
    "final_2_weight_diff": 0.001401620334945619,
    "final_0_weight_sim": 0.7031253576278687,
    "final_1_weight_sim": 0.7322695255279541,
    "final_2_weight_sim": 0.73878014087677,
    "best_weight_diff": 0.0007008658139966428,
    "best_weight_sim": 0.8583906888961792,
    "best_feature_diff": 0.06751551979026858,
    "best_feature_sim": 0.7960156798599393,
    "best_0_weight_diff": 0.0008268404635600746,
    "best_1_weight_diff": 0.0006886739283800125,
    "best_2_weight_diff": 0.0005864409613423049,
    "best_0_weight_sim": 0.8417105078697205,
    "best_1_weight_sim": 0.8494972586631775,
    "best_2_weight_sim": 0.8632194995880127,
    "num_feature_traj": 48,
    "num_feature_timesteps": "28017",
    "final_test_returns": 3333.378157152397,
    "final_test_normalized_returns": 87.00873081949912,
    "best_return": 3617.323091005953,
    "best_return_normalized": 93.760804009368,
    "convergence_step": "30000",
    "convergence_iter": "6",
    "best_step": "30000",
    "best_iter": "6"
}