{"final_weight_diff": 0.0011785018723458052, "final_weight_sim": 0.767989456653595, "final_feature_diff": 0.876211533679074, "final_feature_sim": 0.4223395659543327, "final_0_weight_diff": 0.0013965909602120519, "final_1_weight_diff": 0.0011528708273544908, "final_2_weight_diff": 0.000978825963102281, "final_0_weight_sim": 0.738025426864624, "final_1_weight_sim": 0.7582703828811646, "final_2_weight_sim": 0.770979642868042, "best_weight_diff": 0.0009069585357792675, "best_weight_sim": 0.8103777766227722, "best_feature_diff": 0.819164729031566, "best_feature_sim": 0.4838239889809739, "best_0_weight_diff": 0.0011232877150177956, "best_1_weight_diff": 0.0008774284506216645, "best_2_weight_diff": 0.0007176898652687669, "best_0_weight_sim": 0.778881311416626, "best_1_weight_sim": 0.8009835481643677, "best_2_weight_sim": 0.8166228532791138, "num_feature_traj": 48, "num_feature_timesteps": "28017", "final_test_returns": 2813.9224677679645, "final_test_normalized_returns": 74.65632577385594, "best_return": 3677.476708940939, "best_return_normalized": 95.19122794903905, "convergence_step": "55000", "convergence_iter": "11", "best_step": "70000", "best_iter": "14", "best_5percent_normalized": 95.19122794903905, "best_10percent_normalized": 94.70767512596036, "best_25percent_normalized": 93.1753025246609, "best_50percent_normalized": 89.65736498796339, "best_100percent_normalized": 81.29551785748798, "best_later_half_normalized": 83.34346740480093, "best_last_four_normalized": 87.41245807553754}