{"final_weight_diff": 0.001370146288536489, "final_weight_sim": 0.7474513053894043, "final_feature_diff": 0.2585007895055016, "final_feature_sim": 0.6939696789672791, "final_0_weight_diff": 0.0014291458064690232, "final_1_weight_diff": 0.0013926099054515362, "final_2_weight_diff": 0.0012836563400924206, "final_0_weight_sim": 0.7288247346878052, "final_1_weight_sim": 0.7365334630012512, "final_2_weight_sim": 0.7426131963729858, "best_weight_diff": 0.0009111362160183489, "best_weight_sim": 0.8154940605163574, "best_feature_diff": 0.21320961156953178, "best_feature_sim": 0.7597697838789074, "best_0_weight_diff": 0.000985418213531375, "best_1_weight_diff": 0.0009442067239433527, "best_2_weight_diff": 0.0008029137970879674, "best_0_weight_sim": 0.7988322973251343, "best_1_weight_sim": 0.8002142906188965, "best_2_weight_sim": 0.8160650730133057, "num_feature_traj": 109, "num_feature_timesteps": "31150", "final_test_returns": 3011.625636394322, "final_test_normalized_returns": 65.56768353993864, "best_return": 3249.829699654738, "best_return_normalized": 70.75655600924706, "convergence_step": "55000", "convergence_iter": "11", "best_step": "55000", "best_iter": "11", "best_5percent_normalized": 70.75655600924706, "best_10percent_normalized": 68.96757175893163, "best_25percent_normalized": 67.05589827619228, "best_50percent_normalized": 64.57043222370274, "best_100percent_normalized": 49.464579277177286, "best_later_half_normalized": 54.224275491853575, "best_last_four_normalized": 51.0494595207866, "target_steps": 10000}