{"final_weight_diff": 0.0016267881728708744, "final_weight_sim": 0.7672054171562195, "final_feature_diff": 0.1739884575246949, "final_feature_sim": 0.7483085206639726, "final_0_weight_diff": 0.0020873257890343666, "final_1_weight_diff": 0.001641005277633667, "final_2_weight_diff": 0.0011488122399896383, "final_0_weight_sim": 0.7339365482330322, "final_1_weight_sim": 0.7723534107208252, "final_2_weight_sim": 0.7938814163208008, "best_weight_diff": 0.0011537960963323712, "best_weight_sim": 0.8258527517318726, "best_feature_diff": 0.1635592414537093, "best_feature_sim": 0.7679283148700307, "best_0_weight_diff": 0.0015031853690743446, "best_1_weight_diff": 0.001150134252384305, "best_2_weight_diff": 0.000806485244538635, "best_0_weight_sim": 0.7997257709503174, "best_1_weight_sim": 0.8279382586479187, "best_2_weight_sim": 0.8484072685241699, "num_feature_traj": 119, "num_feature_timesteps": "101758", "final_test_returns": 3471.904262387575, "final_test_normalized_returns": 75.59407460118794, "best_return": 3622.2055899098186, "best_return_normalized": 78.86813470665334, "convergence_step": "20000", "convergence_iter": "4", "best_step": "60000", "best_iter": "12", "best_5percent_normalized": 78.86813470665334, "best_10percent_normalized": 78.52536594901554, "best_25percent_normalized": 78.03146096035648, "best_50percent_normalized": 76.75554145681562, "best_100percent_normalized": 74.49922960198688, "best_later_half_normalized": 76.10302213952572, "best_last_four_normalized": 75.07456676211989, "target_steps": 5000}