{"final_weight_diff": 0.0012913565151393414, "final_weight_sim": 0.7661788463592529, "final_feature_diff": 0.5821762999949548, "final_feature_sim": 0.7426932752442521, "final_0_weight_diff": 0.001697621657513082, "final_1_weight_diff": 0.0012112719705328345, "final_2_weight_diff": 0.000963280035648495, "final_0_weight_sim": 0.6828463077545166, "final_1_weight_sim": 0.7608678340911865, "final_2_weight_sim": 0.7912574410438538, "best_weight_diff": 0.001244177226908505, "best_weight_sim": 0.7726814150810242, "best_feature_diff": 0.5710060561037773, "best_feature_sim": 0.7478226440667506, "best_0_weight_diff": 0.0016377101419493556, "best_1_weight_diff": 0.0011634131660684943, "best_2_weight_diff": 0.0009296804782934487, "best_0_weight_sim": 0.6900686025619507, "best_1_weight_sim": 0.7677876949310303, "best_2_weight_sim": 0.7972711324691772, "num_feature_traj": 321, "num_feature_timesteps": "203500", "final_test_returns": 2864.63081116129, "final_test_normalized_returns": 88.64154321381068, "best_return": 3390.279819085942, "best_return_normalized": 104.79263646551377, "convergence_step": "65000", "convergence_iter": "13", "best_step": "95000", "best_iter": "19", "best_5percent_normalized": 104.79263646551377, "best_10percent_normalized": 104.31377434266541, "best_25percent_normalized": 102.75626435452575, "best_50percent_normalized": 99.6934058403656, "best_100percent_normalized": 87.23523203443568, "best_later_half_normalized": 95.8568497615158, "best_last_four_normalized": 98.6158377790312, "target_steps": 15000}