{
    "final_weight_diff": 0.0013074404560029507,
    "final_weight_sim": 0.7530736923217773,
    "final_feature_diff": 0.19563861090111398,
    "final_feature_sim": 0.7720855849404911,
    "final_0_weight_diff": 0.0015407898463308811,
    "final_1_weight_diff": 0.00129622220993042,
    "final_2_weight_diff": 0.0010844155913218856,
    "final_0_weight_sim": 0.7228026390075684,
    "final_1_weight_sim": 0.7462002038955688,
    "final_2_weight_sim": 0.7575562000274658,
    "best_weight_diff": 0.0013074404560029507,
    "best_weight_sim": 0.7530736923217773,
    "best_feature_diff": 0.19563861090111398,
    "best_feature_sim": 0.7720855849404911,
    "best_0_weight_diff": 0.0015407898463308811,
    "best_1_weight_diff": 0.00129622220993042,
    "best_2_weight_diff": 0.0010844155913218856,
    "best_0_weight_sim": 0.7228026390075684,
    "best_1_weight_sim": 0.7462002038955688,
    "best_2_weight_sim": 0.7575562000274658,
    "num_feature_traj": 257,
    "num_feature_timesteps": "163679",
    "final_test_returns": 3617.932163379783,
    "final_test_normalized_returns": 111.787483190661,
    "best_return": 3617.932163379783,
    "best_return_normalized": 111.787483190661,
    "convergence_step": "55000",
    "convergence_iter": "11",
    "best_step": "100000",
    "best_iter": "20"
}