{"final_weight_diff": 0.0011345306411385536, "final_weight_sim": 0.7968064546585083, "final_feature_diff": 0.34018906489522943, "final_feature_sim": 0.6206495157914393, "final_0_weight_diff": 0.001455941703170538, "final_1_weight_diff": 0.0011954456567764282, "final_2_weight_diff": 0.0007496317848563194, "final_0_weight_sim": 0.7675366401672363, "final_1_weight_sim": 0.7867345213890076, "final_2_weight_sim": 0.8288097977638245, "best_weight_diff": 0.00032561979605816305, "best_weight_sim": 0.9325922131538391, "best_feature_diff": 0.1621351967105613, "best_feature_sim": 0.8160457858414756, "best_0_weight_diff": 0.000420857424614951, "best_1_weight_diff": 0.00034218357177451253, "best_2_weight_diff": 0.00021371245384216309, "best_0_weight_sim": 0.920491635799408, "best_1_weight_sim": 0.9254902005195618, "best_2_weight_sim": 0.9469524025917053, "num_feature_traj": 218, "num_feature_timesteps": "100692", "final_test_returns": 1722.122926410687, "final_test_normalized_returns": 53.53684196027369, "best_return": 2423.44311601438, "best_return_normalized": 75.08560855323752, "convergence_step": "20000", "convergence_iter": "4", "best_step": "20000", "best_iter": "4", "best_5percent_normalized": 75.08560855323752, "best_10percent_normalized": 72.06526103752083, "best_25percent_normalized": 66.16637120405895, "best_50percent_normalized": 62.28454779283743, "best_100percent_normalized": 56.91905282955789, "best_later_half_normalized": 58.08124293656069}