{"final_weight_diff": 0.0011662320466712117, "final_weight_sim": 0.7770649790763855, "final_feature_diff": 0.09399055926768733, "final_feature_sim": 0.768378008388202, "final_0_weight_diff": 0.0014456692151725292, "final_1_weight_diff": 0.001121624605730176, "final_2_weight_diff": 0.0009295602212660015, "final_0_weight_sim": 0.7397100925445557, "final_1_weight_sim": 0.7731151580810547, "final_2_weight_sim": 0.7919998168945312, "best_weight_diff": 0.000885144283529371, "best_weight_sim": 0.8213717937469482, "best_feature_diff": 0.09161154252941543, "best_feature_sim": 0.79806574428856, "best_0_weight_diff": 0.0011036921059712768, "best_1_weight_diff": 0.0008435380295850337, "best_2_weight_diff": 0.0007076502661220729, "best_0_weight_sim": 0.7912184000015259, "best_1_weight_sim": 0.8158621788024902, "best_2_weight_sim": 0.8325330018997192, "num_feature_traj": 119, "num_feature_timesteps": "101758", "final_test_returns": 3169.032559871717, "final_test_normalized_returns": 68.99652703039358, "best_return": 3695.362009181717, "best_return_normalized": 80.46172351751311, "convergence_step": "60000", "convergence_iter": "12", "best_step": "65000", "best_iter": "13", "best_5percent_normalized": 80.46172351751311, "best_10percent_normalized": 79.83808341119442, "best_25percent_normalized": 78.29960806073208, "best_50percent_normalized": 76.53155947385774, "best_100percent_normalized": 72.70246184143659, "best_later_half_normalized": 74.61551932468498, "best_last_four_normalized": 74.0759454464297, "target_steps": 10000}