{"final_weight_diff": 0.001112725236453116, "final_weight_sim": 0.7738257646560669, "final_feature_diff": 0.18507269976567395, "final_feature_sim": 0.7747165540341457, "final_0_weight_diff": 0.0012399719562381506, "final_1_weight_diff": 0.0010935495374724269, "final_2_weight_diff": 0.0010031056590378284, "final_0_weight_sim": 0.7448574900627136, "final_1_weight_sim": 0.7671840786933899, "final_2_weight_sim": 0.7733603715896606, "best_weight_diff": 0.001112725236453116, "best_weight_sim": 0.7738257646560669, "best_feature_diff": 0.18507269976567395, "best_feature_sim": 0.7747165540341457, "best_0_weight_diff": 0.0012399719562381506, "best_1_weight_diff": 0.0010935495374724269, "best_2_weight_diff": 0.0010031056590378284, "best_0_weight_sim": 0.7448574900627136, "best_1_weight_sim": 0.7671840786933899, "best_2_weight_sim": 0.7733603715896606, "num_feature_traj": 43, "num_feature_timesteps": "40648", "final_test_returns": 4988.601937030627, "final_test_normalized_returns": 108.63276714278255, "best_return": 4988.601937030627, "best_return_normalized": 108.63276714278255, "convergence_step": "20000", "convergence_iter": "4", "best_step": "100000", "best_iter": "20", "best_5percent_normalized": 108.63276714278255, "best_10percent_normalized": 108.41499274449244, "best_25percent_normalized": 108.02468557588074, "best_50percent_normalized": 107.20736185733513, "best_100percent_normalized": 91.9790700879023, "best_later_half_normalized": 96.78694355815377, "best_last_four_normalized": 99.87702384045363, "target_steps": 20000}