{"final_weight_diff": 0.000914580887183547, "final_weight_sim": 0.8022156953811646, "final_feature_diff": 0.22478356793015317, "final_feature_sim": 0.7939392470212386, "final_0_weight_diff": 0.001044012140482664, "final_1_weight_diff": 0.0009433404775336385, "final_2_weight_diff": 0.0007559185032732785, "final_0_weight_sim": 0.7713817954063416, "final_1_weight_sim": 0.787756621837616, "final_2_weight_sim": 0.8113001585006714, "best_weight_diff": 0.000873388780746609, "best_weight_sim": 0.8090002536773682, "best_feature_diff": 0.2199841128268753, "best_feature_sim": 0.7959584409007159, "best_0_weight_diff": 0.00100315164308995, "best_1_weight_diff": 0.0008976107346825302, "best_2_weight_diff": 0.0007189849275164306, "best_0_weight_sim": 0.7782334089279175, "best_1_weight_sim": 0.7950955629348755, "best_2_weight_sim": 0.8182711601257324, "num_feature_traj": 218, "num_feature_timesteps": "100692", "final_test_returns": 1887.9217045419236, "final_test_normalized_returns": 58.63117579567565, "best_return": 2051.3824450726597, "best_return_normalized": 63.65367107960624, "convergence_step": "65000", "convergence_iter": "13", "best_step": "95000", "best_iter": "19", "best_5percent_normalized": 63.65367107960624, "best_10percent_normalized": 63.23802603689859, "best_25percent_normalized": 61.74924988663175, "best_50percent_normalized": 59.53882828281481, "best_100percent_normalized": 56.653581675330955, "best_later_half_normalized": 58.94153671182869, "best_last_four_normalized": 59.26561573974327, "target_steps": 5000}