{"final_weight_diff": 0.0008553932420909405, "final_weight_sim": 0.827713131904602, "final_feature_diff": 0.8950249641844105, "final_feature_sim": 0.7394277452873043, "final_0_weight_diff": 0.001217023003846407, "final_1_weight_diff": 0.0007798333535902202, "final_2_weight_diff": 0.0005672242259606719, "final_0_weight_sim": 0.7582775950431824, "final_1_weight_sim": 0.8096171617507935, "final_2_weight_sim": 0.8436168432235718, "best_weight_diff": 0.00043924772762693465, "best_weight_sim": 0.9024021625518799, "best_feature_diff": 0.5248489690992968, "best_feature_sim": 0.8494583276424763, "best_0_weight_diff": 0.000594277516938746, "best_1_weight_diff": 0.00042276023305021226, "best_2_weight_diff": 0.0003004548780154437, "best_0_weight_sim": 0.85960453748703, "best_1_weight_sim": 0.8845564126968384, "best_2_weight_sim": 0.9110590815544128, "num_feature_traj": 219, "num_feature_timesteps": "197797", "final_test_returns": 4966.4688541554415, "final_test_normalized_returns": 108.15063538222392, "best_return": 4986.988687090221, "best_return_normalized": 108.59762522250082, "convergence_step": "30000", "convergence_iter": "6", "best_step": "40000", "best_iter": "8", "best_5percent_normalized": 108.59762522250082, "best_10percent_normalized": 108.57693903078238, "best_25percent_normalized": 108.36376070668416, "best_50percent_normalized": 107.81234536441215, "best_100percent_normalized": 93.66416468998916, "best_later_half_normalized": 100.51678261077625, "best_last_four_normalized": 105.55246557722603, "target_steps": 30000}