{
    "final_weight_diff": 0.0011845605913549662,
    "final_weight_sim": 0.7757261991500854,
    "final_feature_diff": 0.0935323841001899,
    "final_feature_sim": 0.7658400599364297,
    "final_0_weight_diff": 0.0014413754688575864,
    "final_1_weight_diff": 0.0011570464121177793,
    "final_2_weight_diff": 0.0009532028925605118,
    "final_0_weight_sim": 0.7406899929046631,
    "final_1_weight_sim": 0.7695044875144958,
    "final_2_weight_sim": 0.7904819250106812,
    "best_weight_diff": 0.0008589563658460975,
    "best_weight_sim": 0.8267767429351807,
    "best_feature_diff": 0.09451037739387162,
    "best_feature_sim": 0.7992006436711528,
    "best_0_weight_diff": 0.001056488836184144,
    "best_1_weight_diff": 0.0008291439153254032,
    "best_2_weight_diff": 0.0006907114293426275,
    "best_0_weight_sim": 0.7993651628494263,
    "best_1_weight_sim": 0.8195417523384094,
    "best_2_weight_sim": 0.8371909856796265,
    "num_feature_traj": 119,
    "num_feature_timesteps": "101758",
    "final_test_returns": 3229.6003712765087,
    "final_test_normalized_returns": 70.31589431919168,
    "best_return": 3663.194385899631,
    "best_return_normalized": 79.76100627295033,
    "convergence_step": "25000",
    "convergence_iter": "5",
    "best_step": "60000",
    "best_iter": "12"
}