{"final_weight_diff": 53.329689025878906, "final_feature_diff": 29.540276757623236, "best_weight_diff": 43.27721405029297, "best_feature_diff": 29.457925903056363, "num_feature_traj": 89, "num_feature_timesteps": "77552", "final_test_returns": 3393.3164356147936, "final_test_normalized_returns": 73.88217176803494, "best_return": 3733.369446980038, "best_return_normalized": 81.28965124016096, "convergence_step": "5000", "convergence_iter": "1", "best_step": "65000", "best_iter": "13", "best_5percent_normalized": 81.28965124016096, "best_10percent_normalized": 80.8741639993386, "best_25percent_normalized": 80.41862012728225, "best_50percent_normalized": 79.29734049987404, "best_100percent_normalized": 73.48641472870156, "best_later_half_normalized": 72.28175578714489, "best_last_four_normalized": 69.69673261660407}