{"final_weight_diff": 0.001663001487031579, "final_weight_sim": 0.7623294591903687, "final_feature_diff": 0.17391708203363845, "final_feature_sim": 0.7521106464887427, "final_0_weight_diff": 0.0021406300365924835, "final_1_weight_diff": 0.0016686153830960393, "final_2_weight_diff": 0.001175625016912818, "final_0_weight_sim": 0.7312618494033813, "final_1_weight_sim": 0.7675197124481201, "final_2_weight_sim": 0.7872088551521301, "best_weight_diff": 0.0008996964315883815, "best_weight_sim": 0.8604868650436401, "best_feature_diff": 0.15684055185717474, "best_feature_sim": 0.784914348101242, "best_0_weight_diff": 0.0011678830487653613, "best_1_weight_diff": 0.0008813320891931653, "best_2_weight_diff": 0.0006488341023214161, "best_0_weight_sim": 0.8416516780853271, "best_1_weight_sim": 0.8616810441017151, "best_2_weight_sim": 0.8757358193397522, "num_feature_traj": 200, "num_feature_timesteps": "200000", "final_test_returns": 5039.4263728692185, "final_test_normalized_returns": 42.847592821719175, "best_return": 9820.219149540437, "best_return_normalized": 81.35523572215429, "convergence_step": "40000", "convergence_iter": "8", "best_step": "40000", "best_iter": "8", "best_5percent_normalized": 81.35523572215429, "best_10percent_normalized": 79.05010448202943, "best_25percent_normalized": 70.40120724954447, "best_50percent_normalized": 59.47737679880156, "best_100percent_normalized": 50.52122019786625, "best_later_half_normalized": 50.79910205790916, "best_last_four_normalized": 58.11219389398775, "target_steps": 10000}