{
    "final_weight_diff": 0.002404178958386183,
    "final_weight_sim": 0.7062948346138,
    "final_feature_diff": 0.11723503328487621,
    "final_feature_sim": 0.694299173556285,
    "final_0_weight_diff": 0.002289655851200223,
    "final_1_weight_diff": 0.0026089961174875498,
    "final_2_weight_diff": 0.0023005062248557806,
    "final_0_weight_sim": 0.670203447341919,
    "final_1_weight_sim": 0.7047593593597412,
    "final_2_weight_sim": 0.7353521585464478,
    "best_weight_diff": 0.0011692284606397152,
    "best_weight_sim": 0.8476413488388062,
    "best_feature_diff": 0.09331374357421922,
    "best_feature_sim": 0.7581186957661704,
    "best_0_weight_diff": 0.0012125568464398384,
    "best_1_weight_diff": 0.0012253778986632824,
    "best_2_weight_diff": 0.0010657534003257751,
    "best_0_weight_sim": 0.811241865158081,
    "best_1_weight_sim": 0.8485146760940552,
    "best_2_weight_sim": 0.8729913234710693,
    "num_feature_traj": 109,
    "num_feature_timesteps": "31150",
    "final_test_returns": 2578.21463071314,
    "final_test_normalized_returns": 56.12655812632324,
    "best_return": 3408.4514291768755,
    "best_return_normalized": 74.21186199389642,
    "convergence_step": "35000",
    "convergence_iter": "7",
    "best_step": "35000",
    "best_iter": "7"
}