{"final_weight_diff": 0.0016946742543950677, "final_weight_sim": 0.700389564037323, "final_feature_diff": 0.341594031556611, "final_feature_sim": 0.6022938179733306, "final_0_weight_diff": 0.0016804779879748821, "final_1_weight_diff": 0.0017685062484815717, "final_2_weight_diff": 0.0016224585706368089, "final_0_weight_sim": 0.684019923210144, "final_1_weight_sim": 0.695588231086731, "final_2_weight_sim": 0.6910200119018555, "best_weight_diff": 0.0007546509150415659, "best_weight_sim": 0.8415563106536865, "best_feature_diff": 0.2664735252985902, "best_feature_sim": 0.7006846193082074, "best_0_weight_diff": 0.0008403310785070062, "best_1_weight_diff": 0.0007849084795452654, "best_2_weight_diff": 0.0006380878621712327, "best_0_weight_sim": 0.8249319791793823, "best_1_weight_sim": 0.8288905024528503, "best_2_weight_sim": 0.8460943102836609, "num_feature_traj": 29, "num_feature_timesteps": "17917", "final_test_returns": 3017.4456777219484, "final_test_normalized_returns": 79.49600926739943, "best_return": 3610.193923290125, "best_return_normalized": 93.5912758492884, "convergence_step": "30000", "convergence_iter": "6", "best_step": "30000", "best_iter": "6", "best_5percent_normalized": 93.5912758492884, "best_10percent_normalized": 93.29408152544714, "best_25percent_normalized": 92.01492255847127, "best_50percent_normalized": 89.15991297319135, "best_100percent_normalized": 82.69600859684327, "best_later_half_normalized": 83.07066532534174, "best_last_four_normalized": 83.62868644239427, "target_steps": 5000}