{"final_weight_diff": 0.0013556869234889746, "final_weight_sim": 0.7659282684326172, "final_feature_diff": 0.29405352806097895, "final_feature_sim": 0.7267660173126226, "final_0_weight_diff": 0.0017651576781645417, "final_1_weight_diff": 0.0013408884406089783, "final_2_weight_diff": 0.0009555989527143538, "final_0_weight_sim": 0.7193350791931152, "final_1_weight_sim": 0.7720175385475159, "final_2_weight_sim": 0.7942144274711609, "best_weight_diff": 0.0012619952904060483, "best_weight_sim": 0.7788599133491516, "best_feature_diff": 0.28772420997301895, "best_feature_sim": 0.734151622746862, "best_0_weight_diff": 0.0016489691333845258, "best_1_weight_diff": 0.0012476396514102817, "best_2_weight_diff": 0.0008847764693200588, "best_0_weight_sim": 0.733422577381134, "best_1_weight_sim": 0.7844168543815613, "best_2_weight_sim": 0.8068154454231262, "num_feature_traj": 80, "num_feature_timesteps": "80000", "final_test_returns": 6642.585315543341, "final_test_normalized_returns": 55.7604871806582, "best_return": 6742.63709361962, "best_return_normalized": 56.566369870348325, "convergence_step": "90000", "convergence_iter": "18", "best_step": "90000", "best_iter": "18", "best_5percent_normalized": 56.566369870348325, "best_10percent_normalized": 56.163428525503264, "best_25percent_normalized": 49.860279071549144, "best_50percent_normalized": 46.31410989463601, "best_100percent_normalized": 43.92253988464635, "best_later_half_normalized": 44.95061437367341, "best_last_four_normalized": 48.81976208178377, "target_steps": 10000}