current_itr_train_time	current_itr_train_loss_mean	current_itr_train_loss_std	current_itr_eval_5000_return_mean	current_itr_eval_5000_return_std	current_itr_eval_5000_length_mean	current_itr_eval_5000_length_std	current_itr_eval_2500_return_mean	current_itr_eval_2500_return_std	current_itr_eval_2500_length_mean	current_itr_eval_2500_length_std	TestEpRet	TestEpNormRet	Iteration	Steps	total_time	current_eval_time
1837.4026265144348	0.21416686065644025	0.2148961721939775	208.63883000160368	40.832882832834564	129.4	35.29929177759803	376.11543940556953	285.21579476755096	168.6	94.49994708993228	208.63883000160368	4.509358705129432	1	5000	1875.0269484519958	37.623615026474
1641.481597185135	0.0559834199950099	0.006619121346446889	2708.404013811766	755.5624492407411	820.8	200.5501433557204	3071.930870648316	676.2533891076081	895.5	168.51068215398095	2708.404013811766	58.96251355256709	2	10000	4019.1717376708984	502.5315029621124
1573.1730766296387	0.04710828832015395	0.004145417713234271	2357.329132406871	1235.6411288811482	664.6	303.00204619771137	2689.0428009727902	1123.4566506444744	749.8	281.01558675632214	2357.329132406871	51.31494129098047	3	15000	6139.169381141663	546.7146272659302
1424.761572599411	0.04375043534934521	0.003636296726446851	3492.20081465575	377.8436265800211	924.9	94.81186634593794	3261.62363283305	655.4034315434855	856.0	176.58029335121176	3492.20081465575	76.03620064994085	4	20000	8233.737887382507	669.7002561092377
