{"final_weight_diff": 0.0010617768857628107, "final_weight_sim": 0.7996201515197754, "final_feature_diff": 0.8933007990474804, "final_feature_sim": 0.6709243910430197, "final_0_weight_diff": 0.001429323572665453, "final_1_weight_diff": 0.0010032859863713384, "final_2_weight_diff": 0.0007489122217521071, "final_0_weight_sim": 0.7486875057220459, "final_1_weight_sim": 0.786744236946106, "final_2_weight_sim": 0.811005711555481, "best_weight_diff": 0.0009050981025211513, "best_weight_sim": 0.8229604959487915, "best_feature_diff": 0.8319702209676598, "best_feature_sim": 0.6970755714574753, "best_0_weight_diff": 0.001225363346748054, "best_1_weight_diff": 0.0008498750976286829, "best_2_weight_diff": 0.0006374393706209958, "best_0_weight_sim": 0.7732428908348083, "best_1_weight_sim": 0.8115022778511047, "best_2_weight_sim": 0.8344539403915405, "num_feature_traj": 219, "num_feature_timesteps": "197797", "final_test_returns": 4938.841362942211, "final_test_normalized_returns": 107.54881723273388, "best_return": 5013.170790279782, "best_return_normalized": 109.16795803953754, "convergence_step": "20000", "convergence_iter": "4", "best_step": "80000", "best_iter": "16", "best_5percent_normalized": 109.16795803953754, "best_10percent_normalized": 108.97200720644477, "best_25percent_normalized": 108.66056848942848, "best_50percent_normalized": 108.34751752018128, "best_100percent_normalized": 95.63065734572146, "best_later_half_normalized": 96.23384289996345, "best_last_four_normalized": 108.19332718647094}