{"final_weight_diff": 0.00108156050555408, "final_weight_sim": 0.7897207140922546, "final_feature_diff": 0.27363764469251495, "final_feature_sim": 0.71758879673159, "final_0_weight_diff": 0.0012071302626281977, "final_1_weight_diff": 0.0011282823979854584, "final_2_weight_diff": 0.0009071225649677217, "final_0_weight_sim": 0.7633810043334961, "final_1_weight_sim": 0.7757277488708496, "final_2_weight_sim": 0.7938031554222107, "best_weight_diff": 0.0006035570404492319, "best_weight_sim": 0.8657342791557312, "best_feature_diff": 0.1969508172683541, "best_feature_sim": 0.7949085167878708, "best_0_weight_diff": 0.00069363450165838, "best_1_weight_diff": 0.0005829674773849547, "best_2_weight_diff": 0.0005337856127880514, "best_0_weight_sim": 0.8432019352912903, "best_1_weight_sim": 0.8603628873825073, "best_2_weight_sim": 0.863754391670227, "num_feature_traj": 204, "num_feature_timesteps": "37349", "final_test_returns": 619.304162231041, "final_test_normalized_returns": 19.65162876389194, "best_return": 2503.283201295645, "best_return_normalized": 77.53877529218528, "convergence_step": "50000", "convergence_iter": "10", "best_step": "50000", "best_iter": "10", "best_5percent_normalized": 77.53877529218528, "best_10percent_normalized": 75.56383035752194, "best_25percent_normalized": 71.1259609657013, "best_50percent_normalized": 60.05728500745861, "best_100percent_normalized": 39.200040852541, "best_later_half_normalized": 45.534552332073396, "best_last_four_normalized": 56.092805781107835, "target_steps": 15000}