{
    "final_weight_diff": 0.0012738758232444525,
    "final_weight_sim": 0.7636141180992126,
    "final_feature_diff": 0.1578648599496934,
    "final_feature_sim": 0.6597043901726302,
    "final_0_weight_diff": 0.0012999660102650523,
    "final_1_weight_diff": 0.0013015654403716326,
    "final_2_weight_diff": 0.001218420802615583,
    "final_0_weight_sim": 0.7588136196136475,
    "final_1_weight_sim": 0.7490498423576355,
    "final_2_weight_sim": 0.7507240176200867,
    "best_weight_diff": 0.0012202814687043428,
    "best_weight_sim": 0.7710747718811035,
    "best_feature_diff": 0.15649522130546478,
    "best_feature_sim": 0.6612906917821458,
    "best_0_weight_diff": 0.0012514712288975716,
    "best_1_weight_diff": 0.001246256404556334,
    "best_2_weight_diff": 0.0011616864940151572,
    "best_0_weight_sim": 0.7665155529975891,
    "best_1_weight_sim": 0.7561119198799133,
    "best_2_weight_sim": 0.7584789991378784,
    "num_feature_traj": 204,
    "num_feature_timesteps": "37349",
    "final_test_returns": 2508.912039555261,
    "final_test_normalized_returns": 77.71172699619162,
    "best_return": 2792.5365399612792,
    "best_return_normalized": 86.42637438535196,
    "convergence_step": "95000",
    "convergence_iter": "19",
    "best_step": "95000",
    "best_iter": "19"
}