{"final_weight_diff": 35.13556671142578, "final_feature_diff": 7.421492965850169, "best_weight_diff": 20.962299346923828, "best_feature_diff": 6.129061418448709, "num_feature_traj": 102, "num_feature_timesteps": "18941", "final_test_returns": 1625.8585687621296, "final_test_normalized_returns": 50.57902297125735, "best_return": 2426.698054497337, "best_return_normalized": 75.18561980442273, "convergence_step": "5000", "convergence_iter": "1", "best_step": "20000", "best_iter": "4", "best_5percent_normalized": 75.18561980442273, "best_10percent_normalized": 68.04555678513604, "best_25percent_normalized": 61.87019284532365, "best_50percent_normalized": 56.219213259769504, "best_100percent_normalized": 41.67224804824916, "best_later_half_normalized": 46.11361930858952}