{"final_weight_diff": 0.0013945134123787284, "final_weight_sim": 0.7474703788757324, "final_feature_diff": 0.11842953501642887, "final_feature_sim": 0.682625538949561, "final_0_weight_diff": 0.0017909638117998838, "final_1_weight_diff": 0.0013485735980793834, "final_2_weight_diff": 0.001037354115396738, "final_0_weight_sim": 0.7027782797813416, "final_1_weight_sim": 0.744293749332428, "final_2_weight_sim": 0.7748697400093079, "best_weight_diff": 0.0013945134123787284, "best_weight_sim": 0.7474703788757324, "best_feature_diff": 0.11842953501642887, "best_feature_sim": 0.682625538949561, "best_0_weight_diff": 0.0017909638117998838, "best_1_weight_diff": 0.0013485735980793834, "best_2_weight_diff": 0.001037354115396738, "best_0_weight_sim": 0.7027782797813416, "best_1_weight_sim": 0.744293749332428, "best_2_weight_sim": 0.7748697400093079, "num_feature_traj": 223, "num_feature_timesteps": "196344", "final_test_returns": 5266.965030194461, "final_test_normalized_returns": 132.98849143210856, "best_return": 5266.965030194461, "best_return_normalized": 132.98849143210856, "convergence_step": "55000", "convergence_iter": "11", "best_step": "100000", "best_iter": "20", "best_5percent_normalized": 132.98849143210856, "best_10percent_normalized": 132.48855131456486, "best_25percent_normalized": 131.42960444236078, "best_50percent_normalized": 127.08895140785577, "best_100percent_normalized": 115.7056742242632, "best_later_half_normalized": 125.91220599579947, "best_last_four_normalized": 123.86032970081713}