{
    "final_weight_diff": 0.002780939918011427,
    "final_weight_sim": 0.66022789478302,
    "final_feature_diff": 0.8214900711729853,
    "final_feature_sim": 0.6045283642717598,
    "final_0_weight_diff": 0.003410584293305874,
    "final_1_weight_diff": 0.002692741807550192,
    "final_2_weight_diff": 0.002240121830254793,
    "final_0_weight_sim": 0.6171649098396301,
    "final_1_weight_sim": 0.6454309821128845,
    "final_2_weight_sim": 0.6613777279853821,
    "best_weight_diff": 0.0005367153789848089,
    "best_weight_sim": 0.88865727186203,
    "best_feature_diff": 0.3857527613529343,
    "best_feature_sim": 0.8144389750533048,
    "best_0_weight_diff": 0.0006083492189645767,
    "best_1_weight_diff": 0.0005079624243080616,
    "best_2_weight_diff": 0.0004934648750349879,
    "best_0_weight_sim": 0.8672317266464233,
    "best_1_weight_sim": 0.8812865614891052,
    "best_2_weight_sim": 0.8825621604919434,
    "num_feature_traj": 100,
    "num_feature_timesteps": "100000",
    "final_test_returns": 5055.605884862382,
    "final_test_normalized_returns": 42.977913230747625,
    "best_return": 5149.588493781549,
    "best_return_normalized": 43.734910848542384,
    "convergence_step": "10000",
    "convergence_iter": "2",
    "best_step": "10000",
    "best_iter": "2"
}