{
    "final_weight_diff": 0.001045495388098061,
    "final_weight_sim": 0.7974600195884705,
    "final_feature_diff": 0.40499616575668174,
    "final_feature_sim": 0.7332238581070667,
    "final_0_weight_diff": 0.0013755055842921138,
    "final_1_weight_diff": 0.0010585372801870108,
    "final_2_weight_diff": 0.0006981340702623129,
    "final_0_weight_sim": 0.7531180381774902,
    "final_1_weight_sim": 0.7896775603294373,
    "final_2_weight_sim": 0.8281492590904236,
    "best_weight_diff": 0.0006996282027103007,
    "best_weight_sim": 0.8537815809249878,
    "best_feature_diff": 0.34498272060397783,
    "best_feature_sim": 0.7786721652380568,
    "best_0_weight_diff": 0.0009495942504145205,
    "best_1_weight_diff": 0.0006903789471834898,
    "best_2_weight_diff": 0.00045756998588331044,
    "best_0_weight_sim": 0.8126010894775391,
    "best_1_weight_sim": 0.8486720323562622,
    "best_2_weight_sim": 0.8808676600456238,
    "num_feature_traj": 200,
    "num_feature_timesteps": "200000",
    "final_test_returns": 4980.099365681131,
    "final_test_normalized_returns": 42.36973416649816,
    "best_return": 8622.23016435203,
    "best_return_normalized": 71.70584613442769,
    "convergence_step": "55000",
    "convergence_iter": "11",
    "best_step": "55000",
    "best_iter": "11"
}