{
    "final_weight_diff": 0.002237927168607712,
    "final_weight_sim": 0.6902309060096741,
    "final_feature_diff": 0.4142306854121437,
    "final_feature_sim": 0.5364806319024356,
    "final_0_weight_diff": 0.0021976588759571314,
    "final_1_weight_diff": 0.0018999732565134764,
    "final_2_weight_diff": 0.002602050546556711,
    "final_0_weight_sim": 0.6415097117424011,
    "final_1_weight_sim": 0.7052240371704102,
    "final_2_weight_sim": 0.6930427551269531,
    "best_weight_diff": 0.002237927168607712,
    "best_weight_sim": 0.6902309060096741,
    "best_feature_diff": 0.4142306854121437,
    "best_feature_sim": 0.5364806319024356,
    "best_0_weight_diff": 0.0021976588759571314,
    "best_1_weight_diff": 0.0018999732565134764,
    "best_2_weight_diff": 0.002602050546556711,
    "best_0_weight_sim": 0.6415097117424011,
    "best_1_weight_sim": 0.7052240371704102,
    "best_2_weight_sim": 0.6930427551269531,
    "num_feature_traj": 40,
    "num_feature_timesteps": "7375",
    "final_test_returns": 1919.1773531471213,
    "final_test_normalized_returns": 59.59153696378306,
    "best_return": 1919.1773531471213,
    "best_return_normalized": 59.59153696378306,
    "convergence_step": "75000",
    "convergence_iter": "15",
    "best_step": "100000",
    "best_iter": "20"
}