{
    "final_weight_diff": 0.001557936193421483,
    "final_weight_sim": 0.7654802799224854,
    "final_feature_diff": 0.15640038852915947,
    "final_feature_sim": 0.8007629729953845,
    "final_0_weight_diff": 0.0019014979479834437,
    "final_1_weight_diff": 0.0016074649756774306,
    "final_2_weight_diff": 0.001161579042673111,
    "final_0_weight_sim": 0.7351652979850769,
    "final_1_weight_sim": 0.7689968347549438,
    "final_2_weight_sim": 0.7851381301879883,
    "best_weight_diff": 0.0012301922542974353,
    "best_weight_sim": 0.8070276975631714,
    "best_feature_diff": 0.14822624590977274,
    "best_feature_sim": 0.8131109357171966,
    "best_0_weight_diff": 0.0015212522121146321,
    "best_1_weight_diff": 0.001248823362402618,
    "best_2_weight_diff": 0.0009185936069115996,
    "best_0_weight_sim": 0.7807863354682922,
    "best_1_weight_sim": 0.8094887137413025,
    "best_2_weight_sim": 0.8240149617195129,
    "num_feature_traj": 119,
    "num_feature_timesteps": "101758",
    "final_test_returns": 3514.950278520561,
    "final_test_normalized_returns": 76.53175922742234,
    "best_return": 3678.221780886472,
    "best_return_normalized": 80.08835264591036,
    "convergence_step": "55000",
    "convergence_iter": "11",
    "best_step": "70000",
    "best_iter": "14"
}