{"final_weight_diff": 0.001305309939198196, "final_weight_sim": 0.7533344626426697, "final_feature_diff": 0.37194701157323845, "final_feature_sim": 0.6796239475129344, "final_0_weight_diff": 0.0015720478259027004, "final_1_weight_diff": 0.0011981825809925795, "final_2_weight_diff": 0.0011408303398638964, "final_0_weight_sim": 0.726330041885376, "final_1_weight_sim": 0.7501997351646423, "final_2_weight_sim": 0.7521135807037354, "best_weight_diff": 0.001174412202090025, "best_weight_sim": 0.771896243095398, "best_feature_diff": 0.36072390406056154, "best_feature_sim": 0.6918363897274881, "best_0_weight_diff": 0.0014301836490631104, "best_1_weight_diff": 0.00107339839451015, "best_2_weight_diff": 0.0010161161189898849, "best_0_weight_sim": 0.7455717325210571, "best_1_weight_sim": 0.7682948708534241, "best_2_weight_sim": 0.7710765600204468, "num_feature_traj": 223, "num_feature_timesteps": "196344", "final_test_returns": 4969.9512221767045, "final_test_normalized_returns": 125.92564673570742, "best_return": 5392.824799280754, "best_return_normalized": 135.9813758657112, "convergence_step": "85000", "convergence_iter": "17", "best_step": "85000", "best_iter": "17", "best_5percent_normalized": 135.9813758657112, "best_10percent_normalized": 132.77928614283658, "best_25percent_normalized": 129.2933967369791, "best_50percent_normalized": 124.40511191419947, "best_100percent_normalized": 111.21842220606227, "best_later_half_normalized": 122.08248347100736, "best_last_four_normalized": 124.2452116725949, "target_steps": 20000}