{
    "final_weight_diff": 0.0012169313849881291,
    "final_weight_sim": 0.766887903213501,
    "final_feature_diff": 0.33836729256007964,
    "final_feature_sim": 0.6542080306385019,
    "final_0_weight_diff": 0.0012678729835897684,
    "final_1_weight_diff": 0.0012989073293283582,
    "final_2_weight_diff": 0.001082136994227767,
    "final_0_weight_sim": 0.7608085870742798,
    "final_1_weight_sim": 0.7440130114555359,
    "final_2_weight_sim": 0.7596370577812195,
    "best_weight_diff": 0.0006815310916863382,
    "best_weight_sim": 0.8516650795936584,
    "best_feature_diff": 0.229186748323082,
    "best_feature_sim": 0.7794286163342636,
    "best_0_weight_diff": 0.0007558664074167609,
    "best_1_weight_diff": 0.0007160277455113828,
    "best_2_weight_diff": 0.0005725165829062462,
    "best_0_weight_sim": 0.8445498943328857,
    "best_1_weight_sim": 0.8316545486450195,
    "best_2_weight_sim": 0.8504816889762878,
    "num_feature_traj": 204,
    "num_feature_timesteps": "37349",
    "final_test_returns": 2456.98814532063,
    "final_test_normalized_returns": 76.11631324075407,
    "best_return": 2888.850614168395,
    "best_return_normalized": 89.38572096552006,
    "convergence_step": "50000",
    "convergence_iter": "10",
    "best_step": "50000",
    "best_iter": "10"
}