{
    "final_weight_diff": 0.0011955752270296216,
    "final_weight_sim": 0.7655981183052063,
    "final_feature_diff": 0.27356532392818983,
    "final_feature_sim": 0.6446134464130946,
    "final_0_weight_diff": 0.0012972303666174412,
    "final_1_weight_diff": 0.0011902742553502321,
    "final_2_weight_diff": 0.0010973868193104863,
    "final_0_weight_sim": 0.7414711713790894,
    "final_1_weight_sim": 0.7575059533119202,
    "final_2_weight_sim": 0.7597786784172058,
    "best_weight_diff": 0.0010437662713229656,
    "best_weight_sim": 0.7880147695541382,
    "best_feature_diff": 0.2640021621809178,
    "best_feature_sim": 0.6603199858708696,
    "best_0_weight_diff": 0.0011636655544862151,
    "best_1_weight_diff": 0.0010343646863475442,
    "best_2_weight_diff": 0.0009320909157395363,
    "best_0_weight_sim": 0.763018012046814,
    "best_1_weight_sim": 0.7793552875518799,
    "best_2_weight_sim": 0.7855807542800903,
    "num_feature_traj": 204,
    "num_feature_timesteps": "37349",
    "final_test_returns": 864.16021628011,
    "final_test_normalized_returns": 27.17507673500927,
    "best_return": 2842.1413196138483,
    "best_return_normalized": 87.95053101804872,
    "convergence_step": "85000",
    "convergence_iter": "17",
    "best_step": "85000",
    "best_iter": "17"
}