{
    "final_weight_diff": 0.0011701119365170598,
    "final_weight_sim": 0.7856326103210449,
    "final_feature_diff": 1.0109602888746416,
    "final_feature_sim": 0.4085553403335853,
    "final_0_weight_diff": 0.0013873848365619779,
    "final_1_weight_diff": 0.0011005009291693568,
    "final_2_weight_diff": 0.001014880370348692,
    "final_0_weight_sim": 0.7559493780136108,
    "final_1_weight_sim": 0.7824865579605103,
    "final_2_weight_sim": 0.7815717458724976,
    "best_weight_diff": 0.0011246909853070974,
    "best_weight_sim": 0.7920363545417786,
    "best_feature_diff": 1.0045047076327667,
    "best_feature_sim": 0.4162888796105719,
    "best_0_weight_diff": 0.0013454742729663849,
    "best_1_weight_diff": 0.0010502301156520844,
    "best_2_weight_diff": 0.0009718223591335118,
    "best_0_weight_sim": 0.7619253396987915,
    "best_1_weight_sim": 0.7893797159194946,
    "best_2_weight_sim": 0.7881153225898743,
    "num_feature_traj": 48,
    "num_feature_timesteps": "28017",
    "final_test_returns": 3660.885421961096,
    "final_test_normalized_returns": 94.7966951694551,
    "best_return": 3739.3741691296254,
    "best_return_normalized": 96.66311961404956,
    "convergence_step": "65000",
    "convergence_iter": "13",
    "best_step": "95000",
    "best_iter": "19"
}