current_itr_train_time	current_itr_train_loss_mean	current_itr_train_loss_std	current_itr_eval_2000_return_mean	current_itr_eval_2000_return_std	current_itr_eval_2000_length_mean	current_itr_eval_2000_length_std	current_itr_eval_5000_return_mean	current_itr_eval_5000_return_std	current_itr_eval_5000_length_mean	current_itr_eval_5000_length_std	TestEpRet	TestEpNormRet	Iteration	Steps	total_time	current_eval_time
574.5536510944366	0.08831078169345856	0.15660090348453207	3108.428477890938	979.6757213122943	835.0	254.16451365208323	3588.5059901254635	808.5958615806353	929.3	212.1	3588.5059901254635	93.07554728855168	1	5000	685.3689606189728	110.8145227432251
577.2062153816223	0.018859185409732162	0.0022041891007638353	3187.8582942597864	1263.9971148571392	839.7	322.1465660223619	3554.965024774598	747.5785573963022	919.3	183.77271288197275	3554.965024774598	92.27795935544664	2	10000	1371.7578964233398	109.16168904304504
574.5863852500916	0.0168684872077778	0.0017220809951581145	3386.798652903105	1151.557371721252	878.4	287.5344153314521	3585.092483933708	1021.4904239939392	915.7	252.9	3585.092483933708	92.99437576234055	3	15000	2056.275150537491	109.90244436264038
574.0079283714294	0.016081826252676547	0.0015604200926655262	3361.5886736267103	1249.7886788066241	850.4	302.7933949081452	3465.473108342418	690.2594362883856	899.2	177.42480097213019	3465.473108342418	90.14988486772448	4	20000	2740.3004879951477	109.9896547794342
573.6770119667053	0.015592342074401676	0.0014540401056361192	3841.5829898714583	375.51184862185414	975.1	73.3763585904888	3918.0391499834964	122.86575936710629	1000.0	0.0	3918.0391499834964	100.91168644290529	5	25000	3434.7143890857697	120.71766924858093
573.7266802787781	0.015253635823726654	0.0013866003211093925	3611.0856434746156	948.1882378023317	983.5	49.5	3453.742962189943	877.2386497046408	885.5	229.82482459473346	3453.742962189943	89.87094766580131	6	30000	4121.586277484894	113.1239812374115
