{
    "final_weight_diff": 0.0012696891790255904,
    "final_weight_sim": 0.8353334665298462,
    "final_feature_diff": 1.35284608226234,
    "final_feature_sim": 0.6110614850644003,
    "final_0_weight_diff": 0.0017116217641159892,
    "final_1_weight_diff": 0.0011637640418484807,
    "final_2_weight_diff": 0.0009265347616747022,
    "final_0_weight_sim": 0.79393470287323,
    "final_1_weight_sim": 0.8421007394790649,
    "final_2_weight_sim": 0.8288865685462952,
    "best_weight_diff": 0.0012202698271721601,
    "best_weight_sim": 0.8406556844711304,
    "best_feature_diff": 1.3381984739562958,
    "best_feature_sim": 0.6160104032044418,
    "best_0_weight_diff": 0.0016508986009284854,
    "best_1_weight_diff": 0.0011144818272441626,
    "best_2_weight_diff": 0.0008887835429050028,
    "best_0_weight_sim": 0.7996016144752502,
    "best_1_weight_sim": 0.8475791215896606,
    "best_2_weight_sim": 0.8346474766731262,
    "num_feature_traj": 200,
    "num_feature_timesteps": "200000",
    "final_test_returns": 5024.2808916076265,
    "final_test_normalized_returns": 42.72560117488969,
    "best_return": 8662.809385431181,
    "best_return_normalized": 72.03269781520306,
    "convergence_step": "95000",
    "convergence_iter": "19",
    "best_step": "95000",
    "best_iter": "19"
}