{"final_weight_diff": 0.0011303677456453443, "final_weight_sim": 0.7779810428619385, "final_feature_diff": 0.2606590571141729, "final_feature_sim": 0.7769553763704303, "final_0_weight_diff": 0.001264005433768034, "final_1_weight_diff": 0.0010924534872174263, "final_2_weight_diff": 0.0010332377860322595, "final_0_weight_sim": 0.761210024356842, "final_1_weight_sim": 0.7678197026252747, "final_2_weight_sim": 0.7690818309783936, "best_weight_diff": 0.00032924319384619594, "best_weight_sim": 0.9207710027694702, "best_feature_diff": 0.12412070363095741, "best_feature_sim": 0.8992794798155024, "best_0_weight_diff": 0.0003642698284238577, "best_1_weight_diff": 0.0003350659098941833, "best_2_weight_diff": 0.0002884583082050085, "best_0_weight_sim": 0.916019082069397, "best_1_weight_sim": 0.9103121161460876, "best_2_weight_sim": 0.9180711507797241, "num_feature_traj": 219, "num_feature_timesteps": "197797", "final_test_returns": 4314.448077160114, "final_test_normalized_returns": 93.947465995187, "best_return": 5000.613834219148, "best_return_normalized": 108.894425998524, "convergence_step": "15000", "convergence_iter": "3", "best_step": "15000", "best_iter": "3", "best_5percent_normalized": 108.894425998524, "best_10percent_normalized": 108.81703837980676, "best_25percent_normalized": 108.58986303760318, "best_50percent_normalized": 108.12473344865967, "best_100percent_normalized": 99.80980421071067, "best_later_half_normalized": 103.00209330224145, "best_last_four_normalized": 104.34669482638049}