{
    "final_weight_diff": 0.0016081314533948898,
    "final_weight_sim": 0.7573258876800537,
    "final_feature_diff": 0.6135290816805478,
    "final_feature_sim": 0.6851547698964879,
    "final_0_weight_diff": 0.0018901617731899023,
    "final_1_weight_diff": 0.0015263066161423922,
    "final_2_weight_diff": 0.0014080151449888945,
    "final_0_weight_sim": 0.7243396043777466,
    "final_1_weight_sim": 0.7434188723564148,
    "final_2_weight_sim": 0.7515305876731873,
    "best_weight_diff": 0.0013300926657393575,
    "best_weight_sim": 0.7846330404281616,
    "best_feature_diff": 0.5677530722849132,
    "best_feature_sim": 0.7082223193544708,
    "best_0_weight_diff": 0.0015449768397957087,
    "best_1_weight_diff": 0.0012541267788037658,
    "best_2_weight_diff": 0.0011909955646842718,
    "best_0_weight_sim": 0.7534118890762329,
    "best_1_weight_sim": 0.7723062634468079,
    "best_2_weight_sim": 0.7769163846969604,
    "num_feature_traj": 218,
    "num_feature_timesteps": "100692",
    "final_test_returns": 2076.786418078706,
    "final_test_normalized_returns": 64.43423364283517,
    "best_return": 2163.024261306525,
    "best_return_normalized": 67.0839779147732,
    "convergence_step": "75000",
    "convergence_iter": "15",
    "best_step": "75000",
    "best_iter": "15"
}