{"final_weight_diff": 0.0012318778317421675, "final_weight_sim": 0.7654159069061279, "final_feature_diff": 0.2628780885518089, "final_feature_sim": 0.7114387898154355, "final_0_weight_diff": 0.0013340418227016926, "final_1_weight_diff": 0.0013206209987401962, "final_2_weight_diff": 0.0010389796225354075, "final_0_weight_sim": 0.7540059685707092, "final_1_weight_sim": 0.7400219440460205, "final_2_weight_sim": 0.7674918174743652, "best_weight_diff": 0.0011793427402153611, "best_weight_sim": 0.7728099822998047, "best_feature_diff": 0.2591139720506491, "best_feature_sim": 0.7153995640262342, "best_0_weight_diff": 0.0012845147866755724, "best_1_weight_diff": 0.0012637819163501263, "best_2_weight_diff": 0.0009880129946395755, "best_0_weight_sim": 0.7614037990570068, "best_1_weight_sim": 0.7473554611206055, "best_2_weight_sim": 0.7753534913063049, "num_feature_traj": 204, "num_feature_timesteps": "37349", "final_test_returns": 1092.438436949912, "final_test_normalized_returns": 34.189154139868215, "best_return": 2507.2314508680565, "best_return_normalized": 77.6600892223243, "convergence_step": "95000", "convergence_iter": "19", "best_step": "95000", "best_iter": "19", "best_5percent_normalized": 77.6600892223243, "best_10percent_normalized": 73.07919651202872, "best_25percent_normalized": 64.46950574235218, "best_50percent_normalized": 58.4842753604313, "best_100percent_normalized": 45.82452993651558, "best_later_half_normalized": 52.643770631787035, "best_last_four_normalized": 57.52989593074581, "target_steps": 10000}