{"final_weight_diff": 0.0010483961086720228, "final_weight_sim": 0.8003765344619751, "final_feature_diff": 0.0939367332466398, "final_feature_sim": 0.7295362820522697, "final_0_weight_diff": 0.0012699406361207366, "final_1_weight_diff": 0.0009550373069941998, "final_2_weight_diff": 0.0009196403552778065, "final_0_weight_sim": 0.7717239260673523, "final_1_weight_sim": 0.8033413290977478, "final_2_weight_sim": 0.8006618618965149, "best_weight_diff": 0.00026424977113492787, "best_weight_sim": 0.9399288296699524, "best_feature_diff": 0.0856504523854208, "best_feature_sim": 0.8594486459923214, "best_0_weight_diff": 0.00030957977287471294, "best_1_weight_diff": 0.0002435323694953695, "best_2_weight_diff": 0.00023972717463038862, "best_0_weight_sim": 0.9343615770339966, "best_1_weight_sim": 0.9375277757644653, "best_2_weight_sim": 0.9367250800132751, "num_feature_traj": 218, "num_feature_timesteps": "100692", "final_test_returns": 1858.4671157595844, "final_test_normalized_returns": 57.72615399797008, "best_return": 2127.518350030522, "best_return_normalized": 65.99302316101169, "convergence_step": "15000", "convergence_iter": "3", "best_step": "15000", "best_iter": "3", "best_5percent_normalized": 65.99302316101169, "best_10percent_normalized": 63.29494179684625, "best_25percent_normalized": 60.49603277836589, "best_50percent_normalized": 58.79229268074575, "best_100percent_normalized": 54.95816557250189, "best_later_half_normalized": 55.07103317391356, "best_last_four_normalized": 55.43752675957463}