{
    "final_weight_diff": 0.0019038544269278646,
    "final_weight_sim": 0.7230420112609863,
    "final_feature_diff": 0.347575126616945,
    "final_feature_sim": 0.6787933000792146,
    "final_0_weight_diff": 0.002133192028850317,
    "final_1_weight_diff": 0.0016481366474181414,
    "final_2_weight_diff": 0.0019226028816774487,
    "final_0_weight_sim": 0.6569381952285767,
    "final_1_weight_sim": 0.7339625358581543,
    "final_2_weight_sim": 0.7484220266342163,
    "best_weight_diff": 0.00042234876309521496,
    "best_weight_sim": 0.9294289350509644,
    "best_feature_diff": 0.2370963766790851,
    "best_feature_sim": 0.7973143370567229,
    "best_0_weight_diff": 0.0005033192574046552,
    "best_1_weight_diff": 0.00034904893254861236,
    "best_2_weight_diff": 0.000414153968449682,
    "best_0_weight_sim": 0.8963188529014587,
    "best_1_weight_sim": 0.9289121627807617,
    "best_2_weight_sim": 0.9440333247184753,
    "num_feature_traj": 40,
    "num_feature_timesteps": "40000",
    "final_test_returns": 4993.734106407786,
    "final_test_normalized_returns": 42.47955731748352,
    "best_return": 5224.223958606367,
    "best_return_normalized": 44.33607386928792,
    "convergence_step": "5000",
    "convergence_iter": "1",
    "best_step": "10000",
    "best_iter": "2"
}