{"final_weight_diff": 0.0014558536931872368, "final_weight_sim": 0.7698797583580017, "final_feature_diff": 0.21171171972662678, "final_feature_sim": 0.715713756972015, "final_0_weight_diff": 0.001568251522257924, "final_1_weight_diff": 0.0016238560201600194, "final_2_weight_diff": 0.0011728469980880618, "final_0_weight_sim": 0.7176710367202759, "final_1_weight_sim": 0.7641067504882812, "final_2_weight_sim": 0.8079816102981567, "best_weight_diff": 0.0004302790912333876, "best_weight_sim": 0.9198018312454224, "best_feature_diff": 0.14075302555002028, "best_feature_sim": 0.8146388596816474, "best_0_weight_diff": 0.00049694994231686, "best_1_weight_diff": 0.0004489303973969072, "best_2_weight_diff": 0.0003446703194640577, "best_0_weight_sim": 0.886592447757721, "best_1_weight_sim": 0.9188421964645386, "best_2_weight_sim": 0.9391983151435852, "num_feature_traj": 218, "num_feature_timesteps": "100692", "final_test_returns": 2109.715998905029, "final_test_normalized_returns": 65.44602805820992, "best_return": 2554.0941818250294, "best_return_normalized": 79.099993657232, "convergence_step": "20000", "convergence_iter": "4", "best_step": "20000", "best_iter": "4", "best_5percent_normalized": 79.099993657232, "best_10percent_normalized": 74.72566054938608, "best_25percent_normalized": 68.32405460913216, "best_50percent_normalized": 64.79791613816215, "best_100percent_normalized": 59.71165354800489, "best_later_half_normalized": 57.68233372700813, "best_last_four_normalized": 60.64170192979192, "target_steps": 5000}