{
    "final_weight_diff": 0.0011548936599865556,
    "final_weight_sim": 0.7776859998703003,
    "final_feature_diff": 0.34247308041171737,
    "final_feature_sim": 0.6928590489815507,
    "final_0_weight_diff": 0.0014486046275123954,
    "final_1_weight_diff": 0.0011333768488839269,
    "final_2_weight_diff": 0.0008786874823272228,
    "final_0_weight_sim": 0.741874635219574,
    "final_1_weight_sim": 0.770318329334259,
    "final_2_weight_sim": 0.7906376123428345,
    "best_weight_diff": 0.0008394079050049186,
    "best_weight_sim": 0.8257578611373901,
    "best_feature_diff": 0.30158787796294007,
    "best_feature_sim": 0.7372866197267497,
    "best_0_weight_diff": 0.0010732309892773628,
    "best_1_weight_diff": 0.0008079637191258371,
    "best_2_weight_diff": 0.0006356580415740609,
    "best_0_weight_sim": 0.7921367287635803,
    "best_1_weight_sim": 0.8193566799163818,
    "best_2_weight_sim": 0.837664783000946,
    "num_feature_traj": 223,
    "num_feature_timesteps": "196344",
    "final_test_returns": 4050.832832578363,
    "final_test_normalized_returns": 104.06945598597872,
    "best_return": 5278.998412789249,
    "best_return_normalized": 133.27463944996194,
    "convergence_step": "60000",
    "convergence_iter": "12",
    "best_step": "60000",
    "best_iter": "12"
}