{"final_weight_diff": 0.002010216936469078, "final_weight_sim": 0.7257788181304932, "final_feature_diff": 0.20333891301543996, "final_feature_sim": 0.6744426115940666, "final_0_weight_diff": 0.002384212566539645, "final_1_weight_diff": 0.0020314669236540794, "final_2_weight_diff": 0.0016061309725046158, "final_0_weight_sim": 0.7032572627067566, "final_1_weight_sim": 0.7287307381629944, "final_2_weight_sim": 0.7390508651733398, "best_weight_diff": 0.0012635100865736604, "best_weight_sim": 0.8176714181900024, "best_feature_diff": 0.1861908636927218, "best_feature_sim": 0.7102488488107715, "best_0_weight_diff": 0.0015505411429330707, "best_1_weight_diff": 0.0012548706727102399, "best_2_weight_diff": 0.0009825065499171615, "best_0_weight_sim": 0.801701545715332, "best_1_weight_sim": 0.8182216882705688, "best_2_weight_sim": 0.8275494575500488, "num_feature_traj": 109, "num_feature_timesteps": "31150", "final_test_returns": 3309.1656245215863, "final_test_normalized_returns": 72.04908873420712, "best_return": 3464.2811999580654, "best_return_normalized": 75.42801908462415, "convergence_step": "50000", "convergence_iter": "10", "best_step": "50000", "best_iter": "10", "best_5percent_normalized": 75.42801908462415, "best_10percent_normalized": 73.88759527553762, "best_25percent_normalized": 71.38442890071244, "best_50percent_normalized": 67.88227544651116, "best_100percent_normalized": 53.32152000272241, "best_later_half_normalized": 62.398026261889086, "best_last_four_normalized": 64.58079923080356, "target_steps": 