{"final_weight_diff": 0.0013084508245810866, "final_weight_sim": 0.7519752383232117, "final_feature_diff": 0.2338147522472889, "final_feature_sim": 0.7215735331833578, "final_0_weight_diff": 0.0014813438756391406, "final_1_weight_diff": 0.0013434801949188113, "final_2_weight_diff": 0.0010988606372848153, "final_0_weight_sim": 0.7251522541046143, "final_1_weight_sim": 0.740592360496521, "final_2_weight_sim": 0.7570715546607971, "best_weight_diff": 0.00016693354700691998, "best_weight_sim": 0.9578858613967896, "best_feature_diff": 0.09424797973508421, "best_feature_sim": 0.8963522960866245, "best_0_weight_diff": 0.00018035995890386403, "best_1_weight_diff": 0.00017742683121468872, "best_2_weight_diff": 0.00014301860937848687, "best_0_weight_sim": 0.9527809619903564, "best_1_weight_sim": 0.949424147605896, "best_2_weight_sim": 0.9614986181259155, "num_feature_traj": 119, "num_feature_timesteps": "101758", "final_test_returns": 3652.917502313701, "final_test_normalized_returns": 79.53714175284337, "best_return": 3850.1479180890674, "best_return_normalized": 83.83347264039931, "convergence_step": "5000", "convergence_iter": "1", "best_step": "5000", "best_iter": "1", "best_5percent_normalized": 83.83347264039931, "best_10percent_normalized": 81.68530719662134, "best_25percent_normalized": 79.12987619480178, "best_50percent_normalized": 76.94403336565492, "best_100percent_normalized": 72.37567406874078, "best_later_half_normalized": 71.36703052434896, "best_last_four_normalized": 74.52703895609199, "target_steps": 5000}