current_itr_train_time	current_itr_train_loss_mean	current_itr_train_loss_std	current_itr_eval_2000_return_mean	current_itr_eval_2000_return_std	current_itr_eval_2000_length_mean	current_itr_eval_2000_length_std	current_itr_eval_5000_return_mean	current_itr_eval_5000_return_std	current_itr_eval_5000_length_mean	current_itr_eval_5000_length_std	TestEpRet	TestEpNormRet	Iteration	Steps	total_time	current_eval_time
557.7036716938019	0.14230532234683632	0.18139603259053663	2607.555886247512	934.3663740020012	784.4	266.9592478263302	3259.7240555799135	895.9558718013365	917.4	247.8	3259.7240555799135	85.25727190877971	1	5000	662.0090625286102	104.30460572242737
554.6381106376648	0.05224798478335142	0.008947695721399912	1943.4086769103876	1470.118288671832	673.8	401.27666266554803	2492.8153180202617	1181.336785329024	748.5	322.9378423164433	2492.8153180202617	67.02055306447248	2	10000	1302.3575766086578	85.69521498680115
546.1021339893341	0.048638323765248064	0.008396661788310292	2841.1983848719333	780.1361178699534	913.2	211.46385033853898	3007.037185277474	1081.0462996656581	849.4	301.3327728608357	3007.037185277474	79.24850035140118	3	15000	1949.6626269817352	101.18831825256348
540.9356691837311	0.046709233832359316	0.007976584957586644	1823.62486701081	774.7368497925011	594.2	250.03991681329603	2564.314939317351	1223.1614120600848	777.3	364.2924786486814	2564.314939317351	68.72077947631206	4	20000	2566.287564754486	75.66467261314392
544.0255949497223	0.04543023716136813	0.007603910196067406	2195.563872682802	1044.7333080129056	751.8	323.4531805377712	2911.553926636927	1079.5834903625741	836.5	279.60588334296546	2911.553926636927	76.97795464382867	5	25000	3197.787601709366	87.45940899848938
541.7903373241425	0.044371183243766425	0.007528807734825452	3030.7383432071683	494.67086905645743	914.4	143.5529170724162	3112.7956864788994	850.9481295695325	883.3	237.1952992788854	3112.7956864788994	81.76338635718972	6	30000	3839.8913474082947	100.28532290458679
545.0811758041382	0.04309552072770893	0.006995283276914786	2601.1578208006213	1003.1538907048754	955.7	132.89999999999998	3194.993926821927	879.7685456942337	969.9	90.3	3194.993926821927	83.71802075528325	7	35000	4492.3491179943085	107.3334629535675
