{"final_weight_diff": 0.0007776999264024198, "final_weight_sim": 0.8330451250076294, "final_feature_diff": 0.7329269581500608, "final_feature_sim": 0.5989877576399968, "final_0_weight_diff": 0.0010476027382537723, "final_1_weight_diff": 0.0007422484341077507, "final_2_weight_diff": 0.0005423710099421442, "final_0_weight_sim": 0.7840979695320129, "final_1_weight_sim": 0.823700487613678, "final_2_weight_sim": 0.8546963334083557, "best_weight_diff": 0.0002445863210596144, "best_weight_sim": 0.9392015337944031, "best_feature_diff": 0.24662825857271123, "best_feature_sim": 0.85681004397213, "best_0_weight_diff": 0.0003246261621825397, "best_1_weight_diff": 0.0002436907379887998, "best_2_weight_diff": 0.00016546191181987524, "best_0_weight_sim": 0.9161590933799744, "best_1_weight_sim": 0.9325919151306152, "best_2_weight_sim": 0.9504149556159973, "num_feature_traj": 218, "num_feature_timesteps": "100692", "final_test_returns": 2162.060348355028, "final_test_normalized_returns": 67.05436072206199, "best_return": 2454.7655886830757, "best_return_normalized": 76.04802295775313, "convergence_step": "25000", "convergence_iter": "5", "best_step": "25000", "best_iter": "5", "best_5percent_normalized": 76.04802295775313, "best_10percent_normalized": 75.07821074428315, "best_25percent_normalized": 71.94441995138246, "best_50percent_normalized": 66.69060487418048, "best_100percent_normalized": 58.472651083311646, "best_later_half_normalized": 57.827961153978855, "best_last_four_normalized": 61.021115544860905}