{
    "final_weight_diff": 0.0012084223562851548,
    "final_weight_sim": 0.75273597240448,
    "final_feature_diff": 0.332857129450134,
    "final_feature_sim": 0.7228810580366712,
    "final_0_weight_diff": 0.0015206506941467524,
    "final_1_weight_diff": 0.001237995340488851,
    "final_2_weight_diff": 0.0008627165225334466,
    "final_0_weight_sim": 0.699811577796936,
    "final_1_weight_sim": 0.7373197674751282,
    "final_2_weight_sim": 0.7900153994560242,
    "best_weight_diff": 0.00026120958500541747,
    "best_weight_sim": 0.9358103275299072,
    "best_feature_diff": 0.2047385843970904,
    "best_feature_sim": 0.8441906345734855,
    "best_0_weight_diff": 0.0002788392303045839,
    "best_1_weight_diff": 0.0002801576047204435,
    "best_2_weight_diff": 0.00022464405628852546,
    "best_0_weight_sim": 0.9277899861335754,
    "best_1_weight_sim": 0.9231488704681396,
    "best_2_weight_sim": 0.9409481883049011,
    "num_feature_traj": 10,
    "num_feature_timesteps": "10000",
    "final_test_returns": 4858.040595990036,
    "final_test_normalized_returns": 41.38659272203594,
    "best_return": 5025.560050521978,
    "best_return_normalized": 42.73590436036285,
    "convergence_step": "5000",
    "convergence_iter": "1",
    "best_step": "10000",
    "best_iter": "2"
}