{
    "final_weight_diff": 0.0011601332807913423,
    "final_weight_sim": 0.7712281346321106,
    "final_feature_diff": 0.09615052973018795,
    "final_feature_sim": 0.6806191383225351,
    "final_0_weight_diff": 0.0016592139145359397,
    "final_1_weight_diff": 0.0009836574317887425,
    "final_2_weight_diff": 0.00083402160089463,
    "final_0_weight_sim": 0.7065058350563049,
    "final_1_weight_sim": 0.7854702472686768,
    "final_2_weight_sim": 0.8040421009063721,
    "best_weight_diff": 0.0010131627786904573,
    "best_weight_sim": 0.7949221730232239,
    "best_feature_diff": 0.09168164578126085,
    "best_feature_sim": 0.6983723875572072,
    "best_0_weight_diff": 0.0014444187982007861,
    "best_1_weight_diff": 0.0008566835895180702,
    "best_2_weight_diff": 0.0007361243478953838,
    "best_0_weight_sim": 0.7364453673362732,
    "best_1_weight_sim": 0.8072687387466431,
    "best_2_weight_sim": 0.8228368759155273,
    "num_feature_traj": 120,
    "num_feature_timesteps": "106539",
    "final_test_returns": 3370.6261314102835,
    "final_test_normalized_returns": 87.89446963142423,
    "best_return": 3937.666984353689,
    "best_return_normalized": 101.37842685072856,
    "convergence_step": "30000",
    "convergence_iter": "6",
    "best_step": "80000",
    "best_iter": "16"
}