{
    "final_weight_diff": 0.0015289945295080543,
    "final_weight_sim": 0.7401432394981384,
    "final_feature_diff": 0.3736704928166189,
    "final_feature_sim": 0.6120943019055372,
    "final_0_weight_diff": 0.0018168865935876966,
    "final_1_weight_diff": 0.001537373405881226,
    "final_2_weight_diff": 0.0012257816269993782,
    "final_0_weight_sim": 0.6997463703155518,
    "final_1_weight_sim": 0.7446579337120056,
    "final_2_weight_sim": 0.7552638053894043,
    "best_weight_diff": 0.0014112256467342377,
    "best_weight_sim": 0.7554654479026794,
    "best_feature_diff": 0.37075931119376593,
    "best_feature_sim": 0.6174381783249032,
    "best_0_weight_diff": 0.001693957019597292,
    "best_1_weight_diff": 0.0014174317475408316,
    "best_2_weight_diff": 0.001116788131184876,
    "best_0_weight_sim": 0.7151923179626465,
    "best_1_weight_sim": 0.7592802047729492,
    "best_2_weight_sim": 0.7717282772064209,
    "num_feature_traj": 40,
    "num_feature_timesteps": "7375",
    "final_test_returns": 1473.9121612378062,
    "final_test_normalized_returns": 45.91031712346013,
    "best_return": 2565.9469883367115,
    "best_return_normalized": 79.46418303146936,
    "convergence_step": "90000",
    "convergence_iter": "18",
    "best_step": "90000",
    "best_iter": "18"
}