{
    "final_weight_diff": 0.001652362640015781,
    "final_weight_sim": 0.7275161743164062,
    "final_feature_diff": 0.3210088069593975,
    "final_feature_sim": 0.6775989657359623,
    "final_0_weight_diff": 0.0020665146876126528,
    "final_1_weight_diff": 0.00175786716863513,
    "final_2_weight_diff": 0.0011285298969596624,
    "final_0_weight_sim": 0.6758952736854553,
    "final_1_weight_sim": 0.724929690361023,
    "final_2_weight_sim": 0.7667326331138611,
    "best_weight_diff": 0.0009591348352842033,
    "best_weight_sim": 0.8214696645736694,
    "best_feature_diff": 0.27210565963731315,
    "best_feature_sim": 0.7331093670872679,
    "best_0_weight_diff": 0.00124390609562397,
    "best_1_weight_diff": 0.000999143929220736,
    "best_2_weight_diff": 0.0006329932948574424,
    "best_0_weight_sim": 0.7793094515800476,
    "best_1_weight_sim": 0.8185131549835205,
    "best_2_weight_sim": 0.854638397693634,
    "num_feature_traj": 218,
    "num_feature_timesteps": "100692",
    "final_test_returns": 2049.36325844881,
    "final_test_normalized_returns": 63.59162954435606,
    "best_return": 2282.7100650932257,
    "best_return_normalized": 70.7614443395574,
    "convergence_step": "70000",
    "convergence_iter": "14",
    "best_step": "80000",
    "best_iter": "16"
}