{"final_weight_diff": 0.001358384732156992, "final_weight_sim": 0.7657017707824707, "final_feature_diff": 0.6846509839627317, "final_feature_sim": 0.5047254506078971, "final_0_weight_diff": 0.0015687146224081516, "final_1_weight_diff": 0.0013141765957698226, "final_2_weight_diff": 0.0011843867832794785, "final_0_weight_sim": 0.7367507219314575, "final_1_weight_sim": 0.7653825283050537, "final_2_weight_sim": 0.7658947706222534, "best_weight_diff": 0.0012610197300091386, "best_weight_sim": 0.7785263061523438, "best_feature_diff": 0.6743509761306931, "best_feature_sim": 0.5164696244195743, "best_0_weight_diff": 0.0014629395445808768, "best_1_weight_diff": 0.0012146038934588432, "best_2_weight_diff": 0.0010993509786203504, "best_0_weight_sim": 0.750132143497467, "best_1_weight_sim": 0.7781198620796204, "best_2_weight_sim": 0.7782339453697205, "num_feature_traj": 109, "num_feature_timesteps": "31150", "final_test_returns": 1316.0049427802144, "final_test_normalized_returns": 28.631455773474737, "best_return": 3417.888364876167, "best_return_normalized": 74.41742967051137, "convergence_step": "90000", "convergence_iter": "18", "best_step": "90000", "best_iter": "18", "best_5percent_normalized": 74.41742967051137, "best_10percent_normalized": 72.82914723590014, "best_25percent_normalized": 69.42750522721067, "best_50percent_normalized": 63.63571490042865, "best_100percent_normalized": 48.82759462210153, "best_later_half_normalized": 55.70625547570519, "best_last_four_normalized": 56.23301140974435, "target_steps": 20000}