{"final_weight_diff": 0.0009377376991324127, "final_weight_sim": 0.8119266629219055, "final_feature_diff": 0.6369969963552604, "final_feature_sim": 0.615294051188999, "final_0_weight_diff": 0.0012127902591601014, "final_1_weight_diff": 0.0009304259438067675, "final_2_weight_diff": 0.0006686020642518997, "final_0_weight_sim": 0.7685228586196899, "final_1_weight_sim": 0.801944375038147, "final_2_weight_sim": 0.8338016271591187, "best_weight_diff": 0.0008190874359570444, "best_weight_sim": 0.8309513330459595, "best_feature_diff": 0.5917620778391959, "best_feature_sim": 0.6430866510964816, "best_0_weight_diff": 0.001078175031580031, "best_1_weight_diff": 0.0007985054980963469, "best_2_weight_diff": 0.0005796441109851003, "best_0_weight_sim": 0.787610650062561, "best_1_weight_sim": 0.8233094215393066, "best_2_weight_sim": 0.8524265289306641, "num_feature_traj": 321, "num_feature_timesteps": "203500", "final_test_returns": 2885.238156100285, "final_test_normalized_returns": 89.27472456631392, "best_return": 3633.430885661186, "best_return_normalized": 112.26369698556094, "convergence_step": "35000", "convergence_iter": "7", "best_step": "85000", "best_iter": "17", "best_5percent_normalized": 112.26369698556094, "best_10percent_normalized": 111.42242023587829, "best_25percent_normalized": 107.48841545793502, "best_50percent_normalized": 103.86207945029992, "best_100percent_normalized": 87.6857695121947, "best_later_half_normalized": 98.38031019431429, "best_last_four_normalized": 100.98837046149785, "target_steps": 5000}