{"final_weight_diff": 0.0021989368833601475, "final_weight_sim": 0.7144149541854858, "final_feature_diff": 0.879663759742739, "final_feature_sim": 0.5584086580494202, "final_0_weight_diff": 0.002675481839105487, "final_1_weight_diff": 0.0021792876068502665, "final_2_weight_diff": 0.0017431704327464104, "final_0_weight_sim": 0.6814291477203369, "final_1_weight_sim": 0.6967102885246277, "final_2_weight_sim": 0.7189423441886902, "best_weight_diff": 0.0008472221088595688, "best_weight_sim": 0.8436800837516785, "best_feature_diff": 0.5728221795213769, "best_feature_sim": 0.7153885112199933, "best_0_weight_diff": 0.001015355228446424, "best_1_weight_diff": 0.0008319193148054183, "best_2_weight_diff": 0.0006947306683287024, "best_0_weight_sim": 0.8136940598487854, "best_1_weight_sim": 0.8303879499435425, "best_2_weight_sim": 0.8479433059692383, "num_feature_traj": 120, "num_feature_timesteps": "106539", "final_test_returns": 3908.442707971112, "final_test_normalized_returns": 100.68348769341335, "best_return": 3987.75564255285, "best_return_normalized": 102.56951091605474, "convergence_step": "20000", "convergence_iter": "4", "best_step": "20000", "best_iter": "4", "best_5percent_normalized": 102.56951091605474, "best_10percent_normalized": 101.62649930473404, "best_25percent_normalized": 99.17895802203249, "best_50percent_normalized": 95.76784040781408, "best_100percent_normalized": 88.66448013941009, "best_later_half_normalized": 89.0009534342719, "best_last_four_normalized": 91.27254985684081, "target_steps": 5000}