{"final_weight_diff": 0.0018168574897572398, "final_weight_sim": 0.7327125072479248, "final_feature_diff": 0.22120606260333067, "final_feature_sim": 0.6768392144347806, "final_0_weight_diff": 0.0017097149975597858, "final_1_weight_diff": 0.002100047655403614, "final_2_weight_diff": 0.0016338686691597104, "final_0_weight_sim": 0.7069290280342102, "final_1_weight_sim": 0.7182932496070862, "final_2_weight_sim": 0.7562856078147888, "best_weight_diff": 0.0015394819201901555, "best_weight_sim": 0.7653056383132935, "best_feature_diff": 0.2120889667546188, "best_feature_sim": 0.6908723298909609, "best_0_weight_diff": 0.0014707621885463595, "best_1_weight_diff": 0.0017857925267890096, "best_2_weight_diff": 0.0013573321048170328, "best_0_weight_sim": 0.7385703325271606, "best_1_weight_sim": 0.7498821020126343, "best_2_weight_sim": 0.7909926176071167, "num_feature_traj": 204, "num_feature_timesteps": "37349", "final_test_returns": 520.424827677225, "final_test_normalized_returns": 16.613461985359855, "best_return": 2662.1582444271944, "best_return_normalized": 82.42037042182704, "convergence_step": "80000", "convergence_iter": "16", "best_step": "80000", "best_iter": "16", "best_5percent_normalized": 82.42037042182704, "best_10percent_normalized": 78.48387481544665, "best_25percent_normalized": 58.945207221364875, "best_50percent_normalized": 46.56205560206011, "best_100percent_normalized": 35.46386600950924, "best_later_half_normalized": 39.69517371459577, "best_last_four_normalized": 32.91034756890393}