{
    "final_weight_diff": 0.0021918939892202616,
    "final_weight_sim": 0.7104970812797546,
    "final_feature_diff": 0.7158405283218284,
    "final_feature_sim": 0.655390099816324,
    "final_0_weight_diff": 0.002533621620386839,
    "final_1_weight_diff": 0.0021992765832692385,
    "final_2_weight_diff": 0.0018430514028295875,
    "final_0_weight_sim": 0.6782425045967102,
    "final_1_weight_sim": 0.6889665126800537,
    "final_2_weight_sim": 0.7091091871261597,
    "best_weight_diff": 0.001432865858078003,
    "best_weight_sim": 0.7766281366348267,
    "best_feature_diff": 0.5896566744301138,
    "best_feature_sim": 0.7185119859474103,
    "best_0_weight_diff": 0.0016381577588617802,
    "best_1_weight_diff": 0.0014108597533777356,
    "best_2_weight_diff": 0.0012488790089264512,
    "best_0_weight_sim": 0.7466590404510498,
    "best_1_weight_sim": 0.7582617998123169,
    "best_2_weight_sim": 0.7723226547241211,
    "num_feature_traj": 219,
    "num_feature_timesteps": "197797",
    "final_test_returns": 4776.346735316115,
    "final_test_normalized_returns": 104.00914671595604,
    "best_return": 4975.803880479782,
    "best_return_normalized": 108.35398313553944,
    "convergence_step": "55000",
    "convergence_iter": "11",
    "best_step": "55000",
    "best_iter": "11"
}