{
    "final_weight_diff": 0.0018683228408917785,
    "final_weight_sim": 0.7455757856369019,
    "final_feature_diff": 0.44802159452498735,
    "final_feature_sim": 0.7724932692667666,
    "final_0_weight_diff": 0.002137889387086034,
    "final_1_weight_diff": 0.0017498917877674103,
    "final_2_weight_diff": 0.0017167652258649468,
    "final_0_weight_sim": 0.7166110873222351,
    "final_1_weight_sim": 0.7339620590209961,
    "final_2_weight_sim": 0.7342752814292908,
    "best_weight_diff": 0.0014115826925262809,
    "best_weight_sim": 0.7834270000457764,
    "best_feature_diff": 0.4036420267120023,
    "best_feature_sim": 0.794708346220936,
    "best_0_weight_diff": 0.0016251938650384545,
    "best_1_weight_diff": 0.0012934670085087419,
    "best_2_weight_diff": 0.0013151748571544886,
    "best_0_weight_sim": 0.7538215517997742,
    "best_1_weight_sim": 0.7744683027267456,
    "best_2_weight_sim": 0.7714539766311646,
    "num_feature_traj": 21,
    "num_feature_timesteps": "9625",
    "final_test_returns": 1976.643375661238,
    "final_test_normalized_returns": 61.357238172074894,
    "best_return": 2092.900504124883,
    "best_return_normalized": 64.92935510691882,
    "convergence_step": "65000",
    "convergence_iter": "13",
    "best_step": "65000",
    "best_iter": "13"
}