{"final_weight_diff": 0.0014682470355182886, "final_weight_sim": 0.7894267439842224, "final_feature_diff": 0.15060421472656532, "final_feature_sim": 0.7740661053642237, "final_0_weight_diff": 0.0019496981985867023, "final_1_weight_diff": 0.0014330277917906642, "final_2_weight_diff": 0.0010203091660514474, "final_0_weight_sim": 0.7568210363388062, "final_1_weight_sim": 0.7963431477546692, "final_2_weight_sim": 0.8147597312927246, "best_weight_diff": 0.0007389062666334212, "best_weight_sim": 0.88365238904953, "best_feature_diff": 0.11939459617820111, "best_feature_sim": 0.8229604679575739, "best_0_weight_diff": 0.0010068443370983005, "best_1_weight_diff": 0.0006840093992650509, "best_2_weight_diff": 0.0005255302530713379, "best_0_weight_sim": 0.8630362749099731, "best_1_weight_sim": 0.8885939717292786, "best_2_weight_sim": 0.8981314301490784, "num_feature_traj": 218, "num_feature_timesteps": "100692", "final_test_returns": 1984.070134847382, "final_test_normalized_returns": 61.58543280074344, "best_return": 2149.2258631485847, "best_return_normalized": 66.66000828482392, "convergence_step": "20000", "convergence_iter": "4", "best_step": "40000", "best_iter": "8", "best_5percent_normalized": 66.66000828482392, "best_10percent_normalized": 66.11295685159891, "best_25percent_normalized": 64.4656065984862, "best_50percent_normalized": 62.95002989220169, "best_100percent_normalized": 59.66756216500363, "best_later_half_normalized": 61.038412551061256, "best_last_four_normalized": 61.583071039560274, "target_steps": 5000}