{
    "final_weight_diff": 0.001265890896320343,
    "final_weight_sim": 0.7836081385612488,
    "final_feature_diff": 0.31529486548162716,
    "final_feature_sim": 0.705653836458284,
    "final_0_weight_diff": 0.001689172349870205,
    "final_1_weight_diff": 0.00126785843167454,
    "final_2_weight_diff": 0.0008352911099791527,
    "final_0_weight_sim": 0.7484927773475647,
    "final_1_weight_sim": 0.7796863317489624,
    "final_2_weight_sim": 0.8152905702590942,
    "best_weight_diff": 0.00035057676723226905,
    "best_weight_sim": 0.9287534952163696,
    "best_feature_diff": 0.19285315254622956,
    "best_feature_sim": 0.8301442100399967,
    "best_0_weight_diff": 0.000468317826744169,
    "best_1_weight_diff": 0.0003440079453866929,
    "best_2_weight_diff": 0.00023923632397782058,
    "best_0_weight_sim": 0.9116629958152771,
    "best_1_weight_sim": 0.926147997379303,
    "best_2_weight_sim": 0.9418869018554688,
    "num_feature_traj": 219,
    "num_feature_timesteps": "197797",
    "final_test_returns": 4911.88302263139,
    "final_test_normalized_returns": 106.9615754034283,
    "best_return": 5018.753918942894,
    "best_return_normalized": 109.28957705063291,
    "convergence_step": "10000",
    "convergence_iter": "2",
    "best_step": "15000",
    "best_iter": "3"
}