{"final_weight_diff": 0.0012044445611536503, "final_weight_sim": 0.759771466255188, "final_feature_diff": 0.27032131514467744, "final_feature_sim": 0.6816525460375776, "final_0_weight_diff": 0.001361160189844668, "final_1_weight_diff": 0.0011353399604558945, "final_2_weight_diff": 0.0011115872766822577, "final_0_weight_sim": 0.7269316911697388, "final_1_weight_sim": 0.7571405172348022, "final_2_weight_sim": 0.7602804899215698, "best_weight_diff": 0.000323109416058287, "best_weight_sim": 0.920356810092926, "best_feature_diff": 0.13558806622443478, "best_feature_sim": 0.8567335996133413, "best_0_weight_diff": 0.00041682907612994313, "best_1_weight_diff": 0.0003175823367200792, "best_2_weight_diff": 0.00023488765873480588, "best_0_weight_sim": 0.8980567455291748, "best_1_weight_sim": 0.9145410060882568, "best_2_weight_sim": 0.932532548904419, "num_feature_traj": 22, "num_feature_timesteps": "18940", "final_test_returns": 3380.981215784609, "final_test_normalized_returns": 88.14070852934651, "best_return": 4303.125063808171, "best_return_normalized": 110.06884321708728, "convergence_step": "10000", "convergence_iter": "2", "best_step": "10000", "best_iter": "2", "best_5percent_normalized": 110.06884321708728, "best_10percent_normalized": 109.96746329931807, "best_25percent_normalized": 106.07489134086934, "best_50percent_normalized": 101.65929310859865, "best_100percent_normalized": 94.04092294463328, "best_later_half_normalized": 96.29711606035275, "best_last_four_normalized": 96.47527450060332, "target_steps": 10000}