{"final_weight_diff": 0.0020861977245658636, "final_weight_sim": 0.6974694728851318, "final_feature_diff": 0.28354401459171047, "final_feature_sim": 0.6257694231090674, "final_0_weight_diff": 0.0020096818916499615, "final_1_weight_diff": 0.0023611285723745823, "final_2_weight_diff": 0.001873983652330935, "final_0_weight_sim": 0.6624400615692139, "final_1_weight_sim": 0.6865819096565247, "final_2_weight_sim": 0.7253923416137695, "best_weight_diff": 0.0018091798992827535, "best_weight_sim": 0.7292931079864502, "best_feature_diff": 0.2802784804045591, "best_feature_sim": 0.6243589723998844, "best_0_weight_diff": 0.0017812186852097511, "best_1_weight_diff": 0.0020543825812637806, "best_2_weight_diff": 0.001582304947078228, "best_0_weight_sim": 0.6938985586166382, "best_1_weight_sim": 0.7175236344337463, "best_2_weight_sim": 0.7592302560806274, "num_feature_traj": 48, "num_feature_timesteps": "28017", "final_test_returns": 3486.3013343342013, "final_test_normalized_returns": 90.64517000770934, "best_return": 3780.809611768006, "best_return_normalized": 97.64843439868751, "convergence_step": "75000", "convergence_iter": "15", "best_step": "80000", "best_iter": "16", "best_5percent_normalized": 97.64843439868751, "best_10percent_normalized": 97.34371710959277, "best_25percent_normalized": 95.85435646150853, "best_50percent_normalized": 93.98474902275527, "best_100percent_normalized": 88.23656633561737, "best_later_half_normalized": 90.03015790695535, "best_last_four_normalized": 88.53950291106409}