{
    "final_weight_diff": 0.0008598811109550297,
    "final_weight_sim": 0.8140377998352051,
    "final_feature_diff": 0.26633501725576575,
    "final_feature_sim": 0.7645998160906384,
    "final_0_weight_diff": 0.0009927527280524373,
    "final_1_weight_diff": 0.0009510110830888152,
    "final_2_weight_diff": 0.0006350654875859618,
    "final_0_weight_sim": 0.7817423343658447,
    "final_1_weight_sim": 0.7900563478469849,
    "final_2_weight_sim": 0.8345475792884827,
    "best_weight_diff": 0.0008226758800446987,
    "best_weight_sim": 0.8204118013381958,
    "best_feature_diff": 0.2619693255502012,
    "best_feature_sim": 0.7684233032890002,
    "best_0_weight_diff": 0.0009526354842819273,
    "best_1_weight_diff": 0.0009062897879630327,
    "best_2_weight_diff": 0.0006083766929805279,
    "best_0_weight_sim": 0.788591206073761,
    "best_1_weight_sim": 0.797272264957428,
    "best_2_weight_sim": 0.8402372598648071,
    "num_feature_traj": 218,
    "num_feature_timesteps": "100692",
    "final_test_returns": 1822.830947781635,
    "final_test_normalized_returns": 56.63119697633002,
    "best_return": 2246.5798182506087,
    "best_return_normalized": 69.65130624899754,
    "convergence_step": "95000",
    "convergence_iter": "19",
    "best_step": "95000",
    "best_iter": "19"
}