{
    "final_weight_diff": 0.0001925890101119876,
    "final_weight_sim": 0.8658590912818909,
    "final_feature_diff": 0.42467272225843933,
    "final_feature_sim": 0.7702805445368474,
    "final_0_weight_diff": 0.002491123043000698,
    "final_1_weight_diff": 0.0022630554158240557,
    "final_2_weight_diff": 0.0022425802890211344,
    "final_0_weight_sim": 1.0,
    "final_1_weight_sim": 1.000000238418579,
    "final_2_weight_sim": 1.0000001192092896,
    "best_weight_diff": 0.00017555549857206643,
    "best_weight_sim": 0.8755089640617371,
    "best_feature_diff": 0.40843351357357727,
    "best_feature_sim": 0.7806366017717681,
    "best_0_weight_diff": 0.0022811477538198233,
    "best_1_weight_diff": 0.0020397091284394264,
    "best_2_weight_diff": 0.0020558107644319534,
    "best_0_weight_sim": 1.0,
    "best_1_weight_sim": 1.0,
    "best_2_weight_sim": 0.9999999403953552,
    "num_feature_traj": 10,
    "num_feature_timesteps": "2726",
    "final_test_returns": 1738.124796103013,
    "final_test_normalized_returns": 37.82662253795017,
    "best_return": 2450.8523882872587,
    "best_return_normalized": 53.352187176023584,
    "convergence_step": "5000",
    "convergence_iter": "1",
    "best_step": "80000",
    "best_iter": "16"
}