{
    "final_weight_diff": 0.0008842031238600612,
    "final_weight_sim": 0.820650041103363,
    "final_feature_diff": 0.9173649759493926,
    "final_feature_sim": 0.5095447721022962,
    "final_0_weight_diff": 0.0013835690915584564,
    "final_1_weight_diff": 0.0008109054761007428,
    "final_2_weight_diff": 0.00045543722808361053,
    "final_0_weight_sim": 0.7620125412940979,
    "final_1_weight_sim": 0.8179566860198975,
    "final_2_weight_sim": 0.8696680068969727,
    "best_weight_diff": 0.0007559882942587137,
    "best_weight_sim": 0.8414151072502136,
    "best_feature_diff": 0.8774562101221643,
    "best_feature_sim": 0.5348805952159114,
    "best_0_weight_diff": 0.0011914181523025036,
    "best_1_weight_diff": 0.0006853890954516828,
    "best_2_weight_diff": 0.0003893702232744545,
    "best_0_weight_sim": 0.7846820950508118,
    "best_1_weight_sim": 0.8398338556289673,
    "best_2_weight_sim": 0.8865807056427002,
    "num_feature_traj": 120,
    "num_feature_timesteps": "106539",
    "final_test_returns": 2597.6876526586398,
    "final_test_normalized_returns": 69.51436645800868,
    "best_return": 3892.076210365204,
    "best_return_normalized": 100.29430029641654,
    "convergence_step": "15000",
    "convergence_iter": "3",
    "best_step": "80000",
    "best_iter": "16"
}