{
    "final_weight_diff": 0.0012177693424746394,
    "final_weight_sim": 0.8216633796691895,
    "final_feature_diff": 2.1924429872919773,
    "final_feature_sim": 0.35985881177682816,
    "final_0_weight_diff": 0.0015489245997741818,
    "final_1_weight_diff": 0.0011528085451573133,
    "final_2_weight_diff": 0.0009478374267928302,
    "final_0_weight_sim": 0.7669892311096191,
    "final_1_weight_sim": 0.8214715123176575,
    "final_2_weight_sim": 0.8216561079025269,
    "best_weight_diff": 0.0007313820533454418,
    "best_weight_sim": 0.8856853246688843,
    "best_feature_diff": 1.9770453473451208,
    "best_feature_sim": 0.42897220758426147,
    "best_0_weight_diff": 0.0009563083876855671,
    "best_1_weight_diff": 0.0006719949888065457,
    "best_2_weight_diff": 0.0005643475451506674,
    "best_0_weight_sim": 0.8459970355033875,
    "best_1_weight_sim": 0.8868725299835205,
    "best_2_weight_sim": 0.8855156898498535,
    "num_feature_traj": 100,
    "num_feature_timesteps": "100000",
    "final_test_returns": 5077.439395666305,
    "final_test_normalized_returns": 43.15377465720453,
    "best_return": 5102.677185746437,
    "best_return_normalized": 43.35705638335342,
    "convergence_step": "5000",
    "convergence_iter": "1",
    "best_step": "50000",
    "best_iter": "10"
}