{"final_weight_diff": 0.0021504450123757124, "final_weight_sim": 0.7210440635681152, "final_feature_diff": 0.614943131172147, "final_feature_sim": 0.7149318868270479, "final_0_weight_diff": 0.0024069221690297127, "final_1_weight_diff": 0.0020548352040350437, "final_2_weight_diff": 0.00198763539083302, "final_0_weight_sim": 0.6967324614524841, "final_1_weight_sim": 0.703659176826477, "final_2_weight_sim": 0.7046855092048645, "best_weight_diff": 0.0013003598432987928, "best_weight_sim": 0.7930702567100525, "best_feature_diff": 0.510699015560698, "best_feature_sim": 0.7648168743035938, "best_0_weight_diff": 0.0014051153557375073, "best_1_weight_diff": 0.0012554674176499248, "best_2_weight_diff": 0.0012377266539260745, "best_0_weight_sim": 0.7713644504547119, "best_1_weight_sim": 0.7767544388771057, "best_2_weight_sim": 0.7767098546028137, "num_feature_traj": 20, "num_feature_timesteps": "20000", "final_test_returns": 4994.47553702826, "final_test_normalized_returns": 42.48552928633939, "best_return": 6000.455128769245, "best_return_normalized": 50.58834919372301, "convergence_step": "25000", "convergence_iter": "5", "best_step": "40000", "best_iter": "8", "best_5percent_normalized": 50.58834919372301, "best_10percent_normalized": 50.03322263888343, "best_25percent_normalized": 49.198341131716155, "best_50percent_normalized": 46.49437370428923, "best_100percent_normalized": 43.343444109589896, "best_later_half_normalized": 42.88960516792597, "best_last_four_normalized": 42.46645133998918, "target_steps": 25000}