{"final_weight_diff": 0.001248383428901434, "final_weight_sim": 0.7783187627792358, "final_feature_diff": 0.5984696113353378, "final_feature_sim": 0.6017554530235004, "final_0_weight_diff": 0.0014918830711394548, "final_1_weight_diff": 0.0011730532860383391, "final_2_weight_diff": 0.0010725101456046104, "final_0_weight_sim": 0.7479854822158813, "final_1_weight_sim": 0.777793824672699, "final_2_weight_sim": 0.7786877155303955, "best_weight_diff": 0.001201109727844596, "best_weight_sim": 0.784600019454956, "best_feature_diff": 0.5929578634873297, "best_feature_sim": 0.6068912357542522, "best_0_weight_diff": 0.0014373724116012454, "best_1_weight_diff": 0.0011237920261919498, "best_2_weight_diff": 0.0010353412944823503, "best_0_weight_sim": 0.7544828057289124, "best_1_weight_sim": 0.7843571901321411, "best_2_weight_sim": 0.7843466401100159, "num_feature_traj": 109, "num_feature_timesteps": "31150", "final_test_returns": 2346.837760849844, "final_test_normalized_returns": 51.0864045133436, "best_return": 3005.5299790604954, "best_return_normalized": 65.4348999589665, "convergence_step": "45000", "convergence_iter": "9", "best_step": "95000", "best_iter": "19", "best_5percent_normalized": 65.4348999589665, "best_10percent_normalized": 65.32743491909042, "best_25percent_normalized": 65.02108603468332, "best_50percent_normalized": 62.46248337974519, "best_100percent_normalized": 48.988059466932455, "best_later_half_normalized": 55.981920160575235, "best_last_four_normalized": 53.72511847490934, "target_steps": 20000}