{
    "final_weight_diff": 0.0011892684269696474,
    "final_weight_sim": 0.7652134895324707,
    "final_feature_diff": 0.19787225714551226,
    "final_feature_sim": 0.7694566593873855,
    "final_0_weight_diff": 0.0013737411936745048,
    "final_1_weight_diff": 0.001223142957314849,
    "final_2_weight_diff": 0.0009700010414235294,
    "final_0_weight_sim": 0.7383236885070801,
    "final_1_weight_sim": 0.7508713006973267,
    "final_2_weight_sim": 0.7737032771110535,
    "best_weight_diff": 0.000991405569948256,
    "best_weight_sim": 0.7951362133026123,
    "best_feature_diff": 0.18308586297658758,
    "best_feature_sim": 0.7858275636999311,
    "best_0_weight_diff": 0.0011551303323358297,
    "best_1_weight_diff": 0.0010172722395509481,
    "best_2_weight_diff": 0.0008012680336833,
    "best_0_weight_sim": 0.7695799469947815,
    "best_1_weight_sim": 0.7804074287414551,
    "best_2_weight_sim": 0.8051135540008545,
    "num_feature_traj": 131,
    "num_feature_timesteps": "59763",
    "final_test_returns": 1684.0800688486647,
    "final_test_normalized_returns": 52.367936986075485,
    "best_return": 2044.732774853716,
    "best_return_normalized": 63.44935328925549,
    "convergence_step": "40000",
    "convergence_iter": "8",
    "best_step": "80000",
    "best_iter": "16"
}