{
    "final_weight_diff": 0.0009224451496265829,
    "final_weight_sim": 0.8158968091011047,
    "final_feature_diff": 0.5025707454837929,
    "final_feature_sim": 0.7320882977701847,
    "final_0_weight_diff": 0.0012690225848928094,
    "final_1_weight_diff": 0.0008494630455970764,
    "final_2_weight_diff": 0.0006460329750552773,
    "final_0_weight_sim": 0.7696525454521179,
    "final_1_weight_sim": 0.8119200468063354,
    "final_2_weight_sim": 0.8354833722114563,
    "best_weight_diff": 0.0004497708287090063,
    "best_weight_sim": 0.8983047008514404,
    "best_feature_diff": 0.3040336426807122,
    "best_feature_sim": 0.8419723627182337,
    "best_0_weight_diff": 0.0006025431794114411,
    "best_1_weight_diff": 0.0004251431964803487,
    "best_2_weight_diff": 0.0003213899035472423,
    "best_0_weight_sim": 0.8663239479064941,
    "best_1_weight_sim": 0.8929038643836975,
    "best_2_weight_sim": 0.9106700420379639,
    "num_feature_traj": 219,
    "num_feature_timesteps": "197797",
    "final_test_returns": 4903.918953809543,
    "final_test_normalized_returns": 106.78809163960103,
    "best_return": 5010.089989511452,
    "best_return_normalized": 109.10084800761194,
    "convergence_step": "30000",
    "convergence_iter": "6",
    "best_step": "35000",
    "best_iter": "7"
}