{"final_weight_diff": 0.001334787462837994, "final_weight_sim": 0.7543310523033142, "final_feature_diff": 0.30779221309105215, "final_feature_sim": 0.6979553865450765, "final_0_weight_diff": 0.0013446268858388066, "final_1_weight_diff": 0.0014364799717441201, "final_2_weight_diff": 0.0012206959072500467, "final_0_weight_sim": 0.743171215057373, "final_1_weight_sim": 0.7318220734596252, "final_2_weight_sim": 0.7520431876182556, "best_weight_diff": 0.001169260242022574, "best_weight_sim": 0.776782751083374, "best_feature_diff": 0.28973641257518695, "best_feature_sim": 0.7157363383182898, "best_0_weight_diff": 0.0011972899083048105, "best_1_weight_diff": 0.0012528804363682866, "best_2_weight_diff": 0.0010558905778452754, "best_0_weight_sim": 0.7651265263557434, "best_1_weight_sim": 0.7539584040641785, "best_2_weight_sim": 0.7764623165130615, "num_feature_traj": 204, "num_feature_timesteps": "37349", "final_test_returns": 2638.9916880306077, "final_test_normalized_returns": 81.70855472914765, "best_return": 2851.1926726560214, "best_return_normalized": 88.22864292320651, "convergence_step": "85000", "convergence_iter": "17", "best_step": "85000", "best_iter": "17", "best_5percent_normalized": 88.22864292320651, "best_10percent_normalized": 84.96859882617707, "best_25percent_normalized": 72.51924254608363, "best_50percent_normalized": 59.92368931096737, "best_100percent_normalized": 45.22789391841319, "best_later_half_normalized": 51.39019676669616, "best_last_four_normalized": 66.13751597935051}