{"final_weight_diff": 0.0009537773439660668, "final_weight_sim": 0.8018820285797119, "final_feature_diff": 0.25468419815417614, "final_feature_sim": 0.793907135720544, "final_0_weight_diff": 0.0011464080307632685, "final_1_weight_diff": 0.000992635148577392, "final_2_weight_diff": 0.0007205537986010313, "final_0_weight_sim": 0.7628727555274963, "final_1_weight_sim": 0.786314070224762, "final_2_weight_sim": 0.8191777467727661, "best_weight_diff": 0.000499559857416898, "best_weight_sim": 0.8839627504348755, "best_feature_diff": 0.19999199618219743, "best_feature_sim": 0.8461302912256229, "best_0_weight_diff": 0.0006173934089019895, "best_1_weight_diff": 0.0004812200495507568, "best_2_weight_diff": 0.0003997807507403195, "best_0_weight_sim": 0.8551841974258423, "best_1_weight_sim": 0.8785530924797058, "best_2_weight_sim": 0.8907623887062073, "num_feature_traj": 100, "num_feature_timesteps": "100000", "final_test_returns": 4940.417126315343, "final_test_normalized_returns": 42.05010736517688, "best_return": 5077.688590315311, "best_return_normalized": 43.15578183446672, "convergence_step": "5000", "convergence_iter": "1", "best_step": "40000", "best_iter": "8", "best_5percent_normalized": 43.15578183446672, "best_10percent_normalized": 43.1531217396804, "best_25percent_normalized": 43.03914086685236, "best_50percent_normalized": 42.85078358066421, "best_100percent_normalized": 42.394608688300806, "best_later_half_normalized": 42.60555204617519, "best_last_four_normalized": 42.516421342494255, "target_steps": 5000}