{"final_weight_diff": 0.0018032975494861603, "final_weight_sim": 0.8326811790466309, "final_feature_diff": 8.38274333730471, "final_feature_sim": 0.23889958968285652, "final_0_weight_diff": 0.001601083087734878, "final_1_weight_diff": 0.0018440430285409093, "final_2_weight_diff": 0.0019583324901759624, "final_0_weight_sim": 0.7274547219276428, "final_1_weight_sim": 0.7719558477401733, "final_2_weight_sim": 0.8044179081916809, "best_weight_diff": 0.0018032975494861603, "best_weight_sim": 0.8326811790466309, "best_feature_diff": 8.38274333730471, "best_feature_sim": 0.23889958968285652, "best_0_weight_diff": 0.001601083087734878, "best_1_weight_diff": 0.0018440430285409093, "best_2_weight_diff": 0.0019583324901759624, "best_0_weight_sim": 0.7274547219276428, "best_1_weight_sim": 0.7719558477401733, "best_2_weight_sim": 0.8044179081916809, "num_feature_traj": 120, "num_feature_timesteps": "106539", "final_test_returns": 3869.319419764317, "final_test_normalized_returns": 99.75315482282636, "best_return": 3869.319419764317, "best_return_normalized": 99.75315482282636, "convergence_step": "100000", "convergence_iter": "20", "best_step": "100000", "best_iter": "20", "best_5percent_normalized": 99.75315482282636, "best_10percent_normalized": 98.6302052904943, "best_25percent_normalized": 97.09402352587112, "best_50percent_normalized": 95.1165944074358, "best_100percent_normalized": 88.76008564288429, "best_later_half_normalized": 90.6082578945796, "best_last_four_normalized": 93.0523736798861}