{"final_weight_diff": 0.0021645925007760525, "final_weight_sim": 0.7140570878982544, "final_feature_diff": 0.8520648928839756, "final_feature_sim": 0.5763571706014782, "final_0_weight_diff": 0.002652532886713743, "final_1_weight_diff": 0.002125779166817665, "final_2_weight_diff": 0.0017164777964353561, "final_0_weight_sim": 0.6808278560638428, "final_1_weight_sim": 0.6981070637702942, "final_2_weight_sim": 0.7155113220214844, "best_weight_diff": 0.0008714820723980665, "best_weight_sim": 0.8405535817146301, "best_feature_diff": 0.5479934151057366, "best_feature_sim": 0.7288370949412252, "best_0_weight_diff": 0.001050806837156415, "best_1_weight_diff": 0.0008476949296891689, "best_2_weight_diff": 0.0007162317633628845, "best_0_weight_sim": 0.8101997375488281, "best_1_weight_sim": 0.8290053009986877, "best_2_weight_sim": 0.842968225479126, "num_feature_traj": 120, "num_feature_timesteps": "106539", "final_test_returns": 3594.628310641789, "final_test_normalized_returns": 93.2211331092143, "best_return": 3768.255158773516, "best_return_normalized": 97.34989557875812, "convergence_step": "20000", "convergence_iter": "4", "best_step": "20000", "best_iter": "4", "best_5percent_normalized": 97.34989557875812, "best_10percent_normalized": 97.34126192958298, "best_25percent_normalized": 94.82113973073596, "best_50percent_normalized": 92.66936111753373, "best_100percent_normalized": 85.66288354391678, "best_later_half_normalized": 85.61214136713846, "best_last_four_normalized": 90.06862742133191, "target_steps": 10000}