{"final_weight_diff": 0.0012272753519937396, "final_weight_sim": 0.7713513374328613, "final_feature_diff": 0.26136548464529946, "final_feature_sim": 0.7396438703842462, "final_0_weight_diff": 0.0013082858640700579, "final_1_weight_diff": 0.0011559071717783809, "final_2_weight_diff": 0.0012112926924601197, "final_0_weight_sim": 0.7543419003486633, "final_1_weight_sim": 0.7683701515197754, "final_2_weight_sim": 0.7538411617279053, "best_weight_diff": 0.0010116531047970057, "best_weight_sim": 0.8030703067779541, "best_feature_diff": 0.24616024960344124, "best_feature_sim": 0.7559688232181279, "best_0_weight_diff": 0.0010733988601714373, "best_1_weight_diff": 0.0009382113930769265, "best_2_weight_diff": 0.0010203155688941479, "best_0_weight_sim": 0.7881183624267578, "best_1_weight_sim": 0.8013299703598022, "best_2_weight_sim": 0.7828441262245178, "num_feature_traj": 109, "num_feature_timesteps": "31150", "final_test_returns": 2740.5443906716314, "final_test_normalized_returns": 59.662637279923615, "best_return": 3405.1833498960536, "best_return_normalized": 74.14067241645736, "convergence_step": "20000", "convergence_iter": "4", "best_step": "75000", "best_iter": "15", "best_5percent_normalized": 74.14067241645736, "best_10percent_normalized": 73.30030260153343, "best_25percent_normalized": 69.00527160093841, "best_50percent_normalized": 64.56066249943731, "best_100percent_normalized": 52.47501273490584, "best_later_half_normalized": 61.49047462862511, "best_last_four_normalized": 61.00831079155239, "target_steps": 5000}