{"final_weight_diff": 0.001275379559956491, "final_weight_sim": 0.7813075184822083, "final_feature_diff": 0.3203552744232286, "final_feature_sim": 0.7025907626960121, "final_0_weight_diff": 0.0016368444776162505, "final_1_weight_diff": 0.0013186725554987788, "final_2_weight_diff": 0.0008647501817904413, "final_0_weight_sim": 0.7518958449363708, "final_1_weight_sim": 0.7733765244483948, "final_2_weight_sim": 0.8090977072715759, "best_weight_diff": 0.0009538453305140138, "best_weight_sim": 0.8269187211990356, "best_feature_diff": 0.2840703522440094, "best_feature_sim": 0.7421526944372826, "best_0_weight_diff": 0.0012467884225770831, "best_1_weight_diff": 0.0009700246737338603, "best_2_weight_diff": 0.0006418578559532762, "best_0_weight_sim": 0.799430251121521, "best_1_weight_sim": 0.8199300765991211, "best_2_weight_sim": 0.8521944284439087, "num_feature_traj": 219, "num_feature_timesteps": "197797", "final_test_returns": 4910.968818472112, "final_test_normalized_returns": 106.9416610126808, "best_return": 5002.387384014439, "best_return_normalized": 108.933059779912, "convergence_step": "25000", "convergence_iter": "5", "best_step": "65000", "best_iter": "13", "best_5percent_normalized": 108.933059779912, "best_10percent_normalized": 108.93158729958881, "best_25percent_normalized": 108.61882392249314, "best_50percent_normalized": 108.25895455037535, "best_100percent_normalized": 101.1879757361817, "best_later_half_normalized": 107.94074485092219, "best_last_four_normalized": 108.02282096051336, "target_steps": 25000}