{"final_weight_diff": 0.0012488523498177528, "final_weight_sim": 0.7533396482467651, "final_feature_diff": 0.2478104367048458, "final_feature_sim": 0.7217572063519416, "final_0_weight_diff": 0.0014910628087818623, "final_1_weight_diff": 0.0012677160557359457, "final_2_weight_diff": 0.0009861447615548968, "final_0_weight_sim": 0.7137218713760376, "final_1_weight_sim": 0.7445482015609741, "final_2_weight_sim": 0.7693806290626526, "best_weight_diff": 0.0004947250708937645, "best_weight_sim": 0.8848599791526794, "best_feature_diff": 0.15306437695447955, "best_feature_sim": 0.8381786994309705, "best_0_weight_diff": 0.0006171981221996248, "best_1_weight_diff": 0.00045336614130064845, "best_2_weight_diff": 0.0004134474147576839, "best_0_weight_sim": 0.860289990901947, "best_1_weight_sim": 0.8823238611221313, "best_2_weight_sim": 0.8917328119277954, "num_feature_traj": 100, "num_feature_timesteps": "100000", "final_test_returns": 4937.633387873189, "final_test_normalized_returns": 42.02768530865484, "best_return": 5071.015496933298, "best_return_normalized": 43.10203236047787, "convergence_step": "5000", "convergence_iter": "1", "best_step": "25000", "best_iter": "5", "best_5percent_normalized": 43.10203236047787, "best_10percent_normalized": 43.075410675279436, "best_25percent_normalized": 42.955320725901885, "best_50percent_normalized": 42.7993522698118, "best_100percent_normalized": 42.46741750205884, "best_later_half_normalized": 42.47784505363002, "best_last_four_normalized": 42.59303882581726, "target_steps": 5000}