{"final_weight_diff": 0.0012800244148820639, "final_weight_sim": 0.8350497484207153, "final_feature_diff": 1.6238442666904958, "final_feature_sim": 0.5242750384046402, "final_0_weight_diff": 0.0017181331058964133, "final_1_weight_diff": 0.001221210928633809, "final_2_weight_diff": 0.0008950748015195131, "final_0_weight_sim": 0.7939045429229736, "final_1_weight_sim": 0.8388373851776123, "final_2_weight_sim": 0.8316383361816406, "best_weight_diff": 0.00043280477984808385, "best_weight_sim": 0.9369685053825378, "best_feature_diff": 0.9308365842674842, "best_feature_sim": 0.7370206399986221, "best_0_weight_diff": 0.0005967036704532802, "best_1_weight_diff": 0.00037042537587694824, "best_2_weight_diff": 0.0003303487319499254, "best_0_weight_sim": 0.9147936105728149, "best_1_weight_sim": 0.9429417252540588, "best_2_weight_sim": 0.9325420260429382, "num_feature_traj": 219, "num_feature_timesteps": "197797", "final_test_returns": 4931.688184382072, "final_test_normalized_returns": 107.39299734120593, "best_return": 4971.378619771936, "best_return_normalized": 108.25758631870032, "convergence_step": "15000", "convergence_iter": "3", "best_step": "25000", "best_iter": "5", "best_5percent_normalized": 108.25758631870032, "best_10percent_normalized": 108.2317269515805, "best_25percent_normalized": 108.10967341356404, "best_50percent_normalized": 107.6478271951567, "best_100percent_normalized": 97.08821941714106, "best_later_half_normalized": 102.97220279167118, "best_last_four_normalized": 106.59114694937605}