{"final_weight_diff": 0.0014780759811401367, "final_weight_sim": 0.7514837384223938, "final_feature_diff": 0.27496534834750624, "final_feature_sim": 0.6969579812148164, "final_0_weight_diff": 0.0017010306473821402, "final_1_weight_diff": 0.0015398693503811955, "final_2_weight_diff": 0.0011883338447660208, "final_0_weight_sim": 0.7191799879074097, "final_1_weight_sim": 0.7480440735816956, "final_2_weight_sim": 0.7661131024360657, "best_weight_diff": 0.0014780759811401367, "best_weight_sim": 0.7514837384223938, "best_feature_diff": 0.27496534834750624, "best_feature_sim": 0.6969579812148164, "best_0_weight_diff": 0.0017010306473821402, "best_1_weight_diff": 0.0015398693503811955, "best_2_weight_diff": 0.0011883338447660208, "best_0_weight_sim": 0.7191799879074097, "best_1_weight_sim": 0.7480440735816956, "best_2_weight_sim": 0.7661131024360657, "num_feature_traj": 81, "num_feature_timesteps": "13561", "final_test_returns": 2690.2008378096107, "final_test_normalized_returns": 83.28200724394755, "best_return": 2690.2008378096107, "best_return_normalized": 83.28200724394755, "convergence_step": "100000", "convergence_iter": "20", "best_step": "100000", "best_iter": "20", "best_5percent_normalized": 83.28200724394755, "best_10percent_normalized": 79.230618531533, "best_25percent_normalized": 69.87562685196505, "best_50percent_normalized": 54.76416356039518, "best_100percent_normalized": 39.665482150658235, "best_later_half_normalized": 41.54669509165634, "best_last_four_normalized": 49.98307381001858, "target_steps": 10000}