{"final_weight_diff": 0.0008850521990098059, "final_weight_sim": 0.6340177059173584, "final_feature_diff": 1.0259670831312193, "final_feature_sim": 0.3857713386310436, "final_0_weight_diff": 0.0006832550279796124, "final_1_weight_diff": 0.0008032772457227111, "final_2_weight_diff": 0.0008853320614434779, "final_3_weight_diff": 0.000939889345318079, "final_4_weight_diff": 0.000986958621069789, "final_5_weight_diff": 0.0010106171248480678, "final_0_weight_sim": 0.6532357931137085, "final_1_weight_sim": 0.6363325119018555, "final_2_weight_sim": 0.6299217939376831, "final_3_weight_sim": 0.6255946159362793, "final_4_weight_sim": 0.6178768277168274, "final_5_weight_sim": 0.6057403683662415, "best_weight_diff": 0.0003013807290699333, "best_weight_sim": 0.8169909715652466, "best_feature_diff": 1.095879996978118, "best_feature_sim": 0.4059590894165323, "best_0_weight_diff": 0.0002515695814508945, "best_1_weight_diff": 0.0002741545904427767, "best_2_weight_diff": 0.00030534336110576987, "best_3_weight_diff": 0.00032225530594587326, "best_4_weight_diff": 0.0003298170631751418, "best_5_weight_diff": 0.00032505037961527705, "best_0_weight_sim": 0.8291608095169067, "best_1_weight_sim": 0.8215486407279968, "best_2_weight_sim": 0.8102207183837891, "best_3_weight_sim": 0.8052520155906677, "best_4_weight_sim": 0.8021208643913269, "best_5_weight_sim": 0.8011471033096313, "num_feature_traj": 321, "num_feature_timesteps": "203500", "final_test_returns": 3527.6199913388555, "final_test_normalized_returns": 109.01255107739436, "best_return": 3606.959003843545, "best_return_normalized": 111.45032185246056, "convergence_step": "5000", "convergence_iter": "1", "best_step": "40000", "best_iter": "8", "best_5percent_normalized": 111.45032185246056, "best_10percent_normalized": 111.24510245181378, "best_25percent_normalized": 110.9921092441817, "best_50percent_normalized": 109.99629968791619, "best_100percent_normalized": 98.92592350331913, "best_later_half_normalized": 106.56574587219161, "best_last_four_normalized": 108.37070027693278, "target_steps": 15000}