{"final_weight_diff": 90.65827178955078, "final_feature_diff": 28.439388304381538, "best_weight_diff": 82.13703918457031, "best_feature_diff": 28.332404675921058, "num_feature_traj": 10, "num_feature_timesteps": "10000", "final_test_returns": 4485.979673668949, "final_test_normalized_returns": 38.38976985118088, "best_return": 4785.736886996764, "best_return_normalized": 40.804211193207465, "convergence_step": "5000", "convergence_iter": "1", "best_step": "65000", "best_iter": "13", "best_5percent_normalized": 40.804211193207465, "best_10percent_normalized": 40.70119429856335, "best_25percent_normalized": 40.39533164256839, "best_50percent_normalized": 39.79807249063962, "best_100percent_normalized": 36.63911462426229, "best_later_half_normalized": 37.961494983620995, "best_last_four_normalized": 37.22398855527459}