{"final_weight_diff": 0.0011664051562547684, "final_weight_sim": 0.7732774019241333, "final_feature_diff": 0.5484788297480796, "final_feature_sim": 0.6215300055720631, "final_0_weight_diff": 0.0013318562414497137, "final_1_weight_diff": 0.0011797526385635138, "final_2_weight_diff": 0.0009780700784176588, "final_0_weight_sim": 0.7378748655319214, "final_1_weight_sim": 0.766902506351471, "final_2_weight_sim": 0.7822365760803223, "best_weight_diff": 0.0008216536953113973, "best_weight_sim": 0.8325319290161133, "best_feature_diff": 0.501882288889001, "best_feature_sim": 0.6687682855945593, "best_0_weight_diff": 0.0009864427847787738, "best_1_weight_diff": 0.0008110556518658996, "best_2_weight_diff": 0.0006650148425251245, "best_0_weight_sim": 0.7998042106628418, "best_1_weight_sim": 0.8275954127311707, "best_2_weight_sim": 0.8416404128074646, "num_feature_traj": 20, "num_feature_timesteps": "20000", "final_test_returns": 4793.170454360772, "final_test_normalized_returns": 40.86408602378501, "best_return": 4896.629321090107, "best_return_normalized": 41.69741164173218, "convergence_step": "35000", "convergence_iter": "7", "best_step": "60000", "best_iter": "12", "best_5percent_normalized": 41.69741164173218, "best_10percent_normalized": 41.326353347919905, "best_25percent_normalized": 40.959139612345766, "best_50percent_normalized": 40.54700749140765, "best_100percent_normalized": 38.5832342658524, "best_later_half_normalized": 40.2228987636001, "best_last_four_normalized": 39.7207209760649}