{"final_weight_diff": 0.0016795656410977244, "final_weight_sim": 0.7415324449539185, "final_feature_diff": 0.228532719105834, "final_feature_sim": 0.7012809166880773, "final_0_weight_diff": 0.0024525215849280357, "final_1_weight_diff": 0.0015651420690119267, "final_2_weight_diff": 0.0010154313640668988, "final_0_weight_sim": 0.6779184341430664, "final_1_weight_sim": 0.7604064345359802, "final_2_weight_sim": 0.795728862285614, "best_weight_diff": 0.001406605588272214, "best_weight_sim": 0.7768502235412598, "best_feature_diff": 0.22538810590448308, "best_feature_sim": 0.7090731041107707, "best_0_weight_diff": 0.0020679673179984093, "best_1_weight_diff": 0.001291794003918767, "best_2_weight_diff": 0.00085620948811993, "best_0_weight_sim": 0.7188966274261475, "best_1_weight_sim": 0.7940628528594971, "best_2_weight_sim": 0.8249124884605408, "num_feature_traj": 120, "num_feature_timesteps": "106539", "final_test_returns": 3798.993212824588, "final_test_normalized_returns": 98.08083163685322, "best_return": 3893.938529415636, "best_return_normalized": 100.33858534267794, "convergence_step": "40000", "convergence_iter": "8", "best_step": "75000", "best_iter": "15", "best_5percent_normalized": 100.33858534267794, "best_10percent_normalized": 100.11715971741384, "best_25percent_normalized": 98.24806752394753, "best_50percent_normalized": 94.8882457677072, "best_100percent_normalized": 88.58652178413008, "best_later_half_normalized": 87.1286729446322, "best_last_four_normalized": 85.11006322353849}