current_itr_train_time	current_itr_train_loss_mean	current_itr_train_loss_std	current_itr_eval_12000_return_mean	current_itr_eval_12000_return_std	current_itr_eval_12000_length_mean	current_itr_eval_12000_length_std	current_itr_eval_6000_return_mean	current_itr_eval_6000_return_std	current_itr_eval_6000_length_mean	current_itr_eval_6000_length_std	TestEpRet	TestEpNormRet	Iteration	Steps	total_time	current_eval_time
1823.0919921398163	0.3344647224232554	0.2721169683883858	210.3705224869544	703.7689078806144	1000.0	0.0	-53.29183067926258	62.8152530219174	1000.0	0.0	-53.29183067926258	1.8274978007136373	1	5000	1943.1832106113434	120.0904643535614
1817.439414024353	0.1413526312276721	0.01767069784760115	4519.849342343705	226.44610170833252	1000.0	0.0	4540.272710756491	48.62184425289717	1000.0	0.0	4540.272710756491	38.82708160716184	2	10000	3885.3728654384613	124.56021881103516
1808.540245771408	0.12622841007709504	0.015646883846911458	3381.578430177503	1085.6889507641342	1000.0	0.0	3797.289773378204	1046.712354211025	1000.0	0.0	3797.289773378204	32.84260937207776	3	15000	5825.756529569626	131.66049695014954
1783.3861346244812	0.11767613382339477	0.014860082394673504	4174.632584108786	909.1420323927875	1000.0	0.0	4719.404505021828	122.54205816412673	1000.0	0.0	4719.404505021828	40.269926651469895	4	20000	7762.711083173752	153.4350085258484
