{
    "final_weight_diff": 0.0013469771947711706,
    "final_weight_sim": 0.7604150772094727,
    "final_feature_diff": 0.30351517464604855,
    "final_feature_sim": 0.709450644587003,
    "final_0_weight_diff": 0.0013142446987330914,
    "final_1_weight_diff": 0.0013729133643209934,
    "final_2_weight_diff": 0.0013473967555910349,
    "final_0_weight_sim": 0.7514041662216187,
    "final_1_weight_sim": 0.7533465623855591,
    "final_2_weight_sim": 0.7415212988853455,
    "best_weight_diff": 0.0009055165573954582,
    "best_weight_sim": 0.8226661682128906,
    "best_feature_diff": 0.24323330701206072,
    "best_feature_sim": 0.768107205579645,
    "best_0_weight_diff": 0.0008898419910110533,
    "best_1_weight_diff": 0.0008931000484153628,
    "best_2_weight_diff": 0.0009322849800810218,
    "best_0_weight_sim": 0.8159626126289368,
    "best_1_weight_sim": 0.8168655037879944,
    "best_2_weight_sim": 0.8014156818389893,
    "num_feature_traj": 109,
    "num_feature_timesteps": "31150",
    "final_test_returns": 1240.2906311961226,
    "final_test_normalized_returns": 26.982147606628622,
    "best_return": 3547.387803288193,
    "best_return_normalized": 77.23835581916589,
    "convergence_step": "55000",
    "convergence_iter": "11",
    "best_step": "55000",
    "best_iter": "11"
}