{"final_weight_diff": 0.001255787443369627, "final_weight_sim": 0.7790212631225586, "final_feature_diff": 0.31819536122414716, "final_feature_sim": 0.700012268157246, "final_0_weight_diff": 0.0015609264373779297, "final_1_weight_diff": 0.0013193306513130665, "final_2_weight_diff": 0.0008816064801067114, "final_0_weight_sim": 0.7486943006515503, "final_1_weight_sim": 0.771211564540863, "final_2_weight_sim": 0.8048308491706848, "best_weight_diff": 0.0005642035393975675, "best_weight_sim": 0.88822340965271, "best_feature_diff": 0.2381061144730777, "best_feature_sim": 0.7875469196801492, "best_0_weight_diff": 0.0007012794958427548, "best_1_weight_diff": 0.000574336270801723, "best_2_weight_diff": 0.0004163860285189003, "best_0_weight_sim": 0.8700451850891113, "best_1_weight_sim": 0.8826544284820557, "best_2_weight_sim": 0.90099036693573, "num_feature_traj": 200, "num_feature_timesteps": "200000", "final_test_returns": 5063.612069236413, "final_test_normalized_returns": 43.04240029456152, "best_return": 5604.33861758868, "best_return_normalized": 47.39776682128892, "convergence_step": "30000", "convergence_iter": "6", "best_step": "30000", "best_iter": "6", "best_5percent_normalized": 47.39776682128892, "best_10percent_normalized": 45.581495296055955, "best_25percent_normalized": 44.225801891250015, "best_50percent_normalized": 43.63958710605455, "best_100percent_normalized": 42.53161105893811, "best_later_half_normalized": 42.48796884158388, "best_last_four_normalized": 42.8845348820453}