{"final_weight_diff": 0.0007824096246622503, "final_weight_sim": 0.8331388235092163, "final_feature_diff": 0.41634611162342344, "final_feature_sim": 0.7387263855023293, "final_0_weight_diff": 0.0011318029137328267, "final_1_weight_diff": 0.0006963206105865538, "final_2_weight_diff": 0.0005176838021725416, "final_0_weight_sim": 0.773963987827301, "final_1_weight_sim": 0.8371174931526184, "final_2_weight_sim": 0.8629453778266907, "best_weight_diff": 0.0002519090776331723, "best_weight_sim": 0.9381794333457947, "best_feature_diff": 0.18921306445308161, "best_feature_sim": 0.8742720657398946, "best_0_weight_diff": 0.0003590672858990729, "best_1_weight_diff": 0.00023526966106146574, "best_2_weight_diff": 0.00016137634520418942, "best_0_weight_sim": 0.908557116985321, "best_1_weight_sim": 0.9371091723442078, "best_2_weight_sim": 0.9534575343132019, "num_feature_traj": 218, "num_feature_timesteps": "100692", "final_test_returns": 2032.1030132028325, "final_test_normalized_returns": 63.06129118869991, "best_return": 2101.123615880092, "best_return_normalized": 65.18201846740325, "convergence_step": "5000", "convergence_iter": "1", "best_step": "25000", "best_iter": "5", "best_5percent_normalized": 65.18201846740325, "best_10percent_normalized": 64.70016024756868, "best_25percent_normalized": 63.76049328576155, "best_50percent_normalized": 61.97581933633548, "best_100percent_normalized": 58.00095238498685, "best_later_half_normalized": 58.01080182132235, "best_last_four_normalized": 59.98288639666562}