{"final_weight_diff": 0.0021331089083105326, "final_weight_sim": 0.7271973490715027, "final_feature_diff": 0.6055497997781385, "final_feature_sim": 0.7081422284294943, "final_0_weight_diff": 0.0024817020166665316, "final_1_weight_diff": 0.002011432545259595, "final_2_weight_diff": 0.001905646175146103, "final_0_weight_sim": 0.6970694065093994, "final_1_weight_sim": 0.7132120728492737, "final_2_weight_sim": 0.7195197939872742, "best_weight_diff": 0.0011802703374996781, "best_weight_sim": 0.8078572750091553, "best_feature_diff": 0.4935216238141074, "best_feature_sim": 0.7624276206042945, "best_0_weight_diff": 0.0013383558252826333, "best_1_weight_diff": 0.001100321882404387, "best_2_weight_diff": 0.0011009013978764415, "best_0_weight_sim": 0.7797369956970215, "best_1_weight_sim": 0.7971921563148499, "best_2_weight_sim": 0.7980732917785645, "num_feature_traj": 23, "num_feature_timesteps": "19459", "final_test_returns": 1375.3168282300735, "final_test_normalized_returns": 29.923464840411143, "best_return": 3568.351894801016, "best_return_normalized": 77.69502308086591, "convergence_step": "30000", "convergence_iter": "6", "best_step": "35000", "best_iter": "7", "best_5percent_normalized": 77.69502308086591, "best_10percent_normalized": 77.6151474255398, "best_25percent_normalized": 74.78845540188065, "best_50percent_normalized": 68.46091554054323, "best_100percent_normalized": 51.80667367357772, "best_later_half_normalized": 51.304643712206214, "best_last_four_normalized": 49.25366035693331, "target_steps": 10000}