{
    "final_weight_diff": 0.0021861318964511156,
    "final_weight_sim": 0.7143375277519226,
    "final_feature_diff": 0.8541389523845245,
    "final_feature_sim": 0.5753539050662378,
    "final_0_weight_diff": 0.0026005099061876535,
    "final_1_weight_diff": 0.002213631523773074,
    "final_2_weight_diff": 0.0017453572945669293,
    "final_0_weight_sim": 0.6854850649833679,
    "final_1_weight_sim": 0.6945711970329285,
    "final_2_weight_sim": 0.7148138880729675,
    "best_weight_diff": 0.001468662521801889,
    "best_weight_sim": 0.7740379571914673,
    "best_feature_diff": 0.7222424066251837,
    "best_feature_sim": 0.6433977414618569,
    "best_0_weight_diff": 0.001738447928801179,
    "best_1_weight_diff": 0.0014678461011499166,
    "best_2_weight_diff": 0.001200212282128632,
    "best_0_weight_sim": 0.7453951239585876,
    "best_1_weight_sim": 0.7559396028518677,
    "best_2_weight_sim": 0.7738994359970093,
    "num_feature_traj": 96,
    "num_feature_timesteps": "77566",
    "final_test_returns": 3461.4422783462314,
    "final_test_normalized_returns": 90.05403368002833,
    "best_return": 3858.474011721798,
    "best_return_normalized": 99.49525626523192,
    "convergence_step": "50000",
    "convergence_iter": "10",
    "best_step": "50000",
    "best_iter": "10"
}