{"final_weight_diff": 0.0019428777741268277, "final_weight_sim": 0.8215545415878296, "final_feature_diff": 10.505742335053215, "final_feature_sim": 0.1571011994582946, "final_0_weight_diff": 0.001727190101519227, "final_1_weight_diff": 0.002200659131631255, "final_2_weight_diff": 0.0018884757300838828, "final_0_weight_sim": 0.7223644852638245, "final_1_weight_sim": 0.7496288418769836, "final_2_weight_sim": 0.8021227717399597, "best_weight_diff": 0.0013777290005236864, "best_weight_sim": 0.8677283525466919, "best_feature_diff": 10.921568787972713, "best_feature_sim": 0.16459160983915858, "best_0_weight_diff": 0.0013024646323174238, "best_1_weight_diff": 0.0015725053381174803, "best_2_weight_diff": 0.0012523113982751966, "best_0_weight_sim": 0.7779241800308228, "best_1_weight_sim": 0.8069459199905396, "best_2_weight_sim": 0.8604769706726074, "num_feature_traj": 48, "num_feature_timesteps": "28017", "final_test_returns": 3523.7267760645373, "final_test_normalized_returns": 91.53512891029266, "best_return": 3576.786768831434, "best_return_normalized": 92.79686987447823, "convergence_step": "65000", "convergence_iter": "13", "best_step": "65000", "best_iter": "13", "best_5percent_normalized": 92.79686987447823, "best_10percent_normalized": 92.16599939238544, "best_25percent_normalized": 87.31399900026463, "best_50percent_normalized": 82.48260050051243, "best_100percent_normalized": 73.39376165600484, "best_later_half_normalized": 76.92020046039524, "best_last_four_normalized": 76.88261636992311, "target_steps": 5000}