{"final_weight_diff": 0.001042681746184826, "final_weight_sim": 0.808025062084198, "final_feature_diff": 1.4400977966965667, "final_feature_sim": 0.5830918099182696, "final_0_weight_diff": 0.0015761633403599262, "final_1_weight_diff": 0.0008618633728474379, "final_2_weight_diff": 0.0006867237389087677, "final_0_weight_sim": 0.7495903372764587, "final_1_weight_sim": 0.7930905222892761, "final_2_weight_sim": 0.8200148940086365, "best_weight_diff": 0.000970365887042135, "best_weight_sim": 0.8182272911071777, "best_feature_diff": 1.3808192353901168, "best_feature_sim": 0.601543997239934, "best_0_weight_diff": 0.0014702497282996774, "best_1_weight_diff": 0.0007998523069545627, "best_2_weight_diff": 0.0006383646395988762, "best_0_weight_sim": 0.7600528597831726, "best_1_weight_sim": 0.8040990233421326, "best_2_weight_sim": 0.8302980065345764, "num_feature_traj": 223, "num_feature_timesteps": "196344", "final_test_returns": 4686.324346187574, "final_test_normalized_returns": 119.18113680801784, "best_return": 5290.152764946493, "best_return_normalized": 133.5398845491759, "convergence_step": "90000", "convergence_iter": "18", "best_step": "90000", "best_iter": "18", "best_5percent_normalized": 133.5398845491759, "best_10percent_normalized": 132.24424453778784, "best_25percent_normalized": 124.67146670692664, "best_50percent_normalized": 119.14347134253251, "best_100percent_normalized": 107.51384585631327, "best_later_half_normalized": 115.25842686868143, "best_last_four_normalized": 118.02478742975626, "target_steps": 10000}