{
    "final_weight_diff": 0.0008898921078070998,
    "final_weight_sim": 0.8209060430526733,
    "final_feature_diff": 0.9146087987625808,
    "final_feature_sim": 0.5086031058387629,
    "final_0_weight_diff": 0.001356273889541626,
    "final_1_weight_diff": 0.0007803082116879523,
    "final_2_weight_diff": 0.0005303092184476554,
    "final_0_weight_sim": 0.7653679847717285,
    "final_1_weight_sim": 0.8226402997970581,
    "final_2_weight_sim": 0.8558730483055115,
    "best_weight_diff": 0.0008248640224337578,
    "best_weight_sim": 0.8311319351196289,
    "best_feature_diff": 0.8944631991366223,
    "best_feature_sim": 0.5214587466358787,
    "best_0_weight_diff": 0.0012618558248504996,
    "best_1_weight_diff": 0.0007203880813904107,
    "best_2_weight_diff": 0.0004900646745227277,
    "best_0_weight_sim": 0.7763063907623291,
    "best_1_weight_sim": 0.833151638507843,
    "best_2_weight_sim": 0.8651425242424011,
    "num_feature_traj": 120,
    "num_feature_timesteps": "106539",
    "final_test_returns": 3679.70395852384,
    "final_test_normalized_returns": 95.24419086685468,
    "best_return": 3882.6526153463456,
    "best_return_normalized": 100.0702117648288,
    "convergence_step": "90000",
    "convergence_iter": "18",
    "best_step": "90000",
    "best_iter": "18"
}