{"final_weight_diff": 0.0020078623201698065, "final_weight_sim": 0.7216070890426636, "final_feature_diff": 0.7662462719677512, "final_feature_sim": 0.6401223521188452, "final_0_weight_diff": 0.002209645928815007, "final_1_weight_diff": 0.002054080832749605, "final_2_weight_diff": 0.0017586026806384325, "final_0_weight_sim": 0.6949092745780945, "final_1_weight_sim": 0.6965336203575134, "final_2_weight_sim": 0.7128555774688721, "best_weight_diff": 0.0010581195820122957, "best_weight_sim": 0.8162724375724792, "best_feature_diff": 0.5508828471423274, "best_feature_sim": 0.7417521736939232, "best_0_weight_diff": 0.001130162738263607, "best_1_weight_diff": 0.0010675800731405616, "best_2_weight_diff": 0.000974965572822839, "best_0_weight_sim": 0.795554518699646, "best_1_weight_sim": 0.7970023155212402, "best_2_weight_sim": 0.8051217198371887, "num_feature_traj": 200, "num_feature_timesteps": "200000", "final_test_returns": 4541.710822481282, "final_test_normalized_returns": 38.83866510289907, "best_return": 9032.560094243516, "best_return_normalized": 75.01091271014815, "convergence_step": "30000", "convergence_iter": "6", "best_step": "30000", "best_iter": "6", "best_5percent_normalized": 75.01091271014815, "best_10percent_normalized": 67.69677314524918, "best_25percent_normalized": 60.542798599147844, "best_50percent_normalized": 54.63010530175477, "best_100percent_normalized": 48.297903180974934, "best_later_half_normalized": 45.49835264856438, "best_last_four_normalized": 44.21072481985662, "target_steps": 10000}