{
    "final_weight_diff": 0.0013419033493846655,
    "final_weight_sim": 0.7337220907211304,
    "final_feature_diff": 0.45730595997754825,
    "final_feature_sim": 0.6034727214422486,
    "final_0_weight_diff": 0.0013485958334058523,
    "final_1_weight_diff": 0.0014419077197089791,
    "final_2_weight_diff": 0.0012251125881448388,
    "final_0_weight_sim": 0.7149403095245361,
    "final_1_weight_sim": 0.7093397378921509,
    "final_2_weight_sim": 0.7397179007530212,
    "best_weight_diff": 0.0011673105182126164,
    "best_weight_sim": 0.7616806626319885,
    "best_feature_diff": 0.44977761978879105,
    "best_feature_sim": 0.618855298129841,
    "best_0_weight_diff": 0.0011808790732175112,
    "best_1_weight_diff": 0.0012639000779017806,
    "best_2_weight_diff": 0.0010511408327147365,
    "best_0_weight_sim": 0.7448595762252808,
    "best_1_weight_sim": 0.7355822324752808,
    "best_2_weight_sim": 0.7677733898162842,
    "num_feature_traj": 12,
    "num_feature_timesteps": "12000",
    "final_test_returns": 4435.143179821172,
    "final_test_normalized_returns": 37.9802993631579,
    "best_return": 4745.4862602324265,
    "best_return_normalized": 40.48000622671674,
    "convergence_step": "30000",
    "convergence_iter": "6",
    "best_step": "80000",
    "best_iter": "16"
}