{"final_weight_diff": 0.0010792261455208063, "final_weight_sim": 0.7969150543212891, "final_feature_diff": 1.0848742087357865, "final_feature_sim": 0.5926628955057959, "final_0_weight_diff": 0.0013443572679534554, "final_1_weight_diff": 0.0010962001979351044, "final_2_weight_diff": 0.0007955027977004647, "final_0_weight_sim": 0.749447226524353, "final_1_weight_sim": 0.7737330794334412, "final_2_weight_sim": 0.8049318194389343, "best_weight_diff": 0.0009878420969471335, "best_weight_sim": 0.8101291656494141, "best_feature_diff": 1.046689864074607, "best_feature_sim": 0.6079504326647713, "best_0_weight_diff": 0.0012422710424289107, "best_1_weight_diff": 0.000991310691460967, "best_2_weight_diff": 0.0007286298205144703, "best_0_weight_sim": 0.7628597021102905, "best_1_weight_sim": 0.7891407012939453, "best_2_weight_sim": 0.8180692791938782, "num_feature_traj": 321, "num_feature_timesteps": "203500", "final_test_returns": 3411.504809105206, "final_test_normalized_returns": 105.44479558290858, "best_return": 3630.022036952393, "best_return_normalized": 112.15895668823966, "convergence_step": "60000", "convergence_iter": "12", "best_step": "90000", "best_iter": "18", "best_5percent_normalized": 112.15895668823966, "best_10percent_normalized": 112.08499916447329, "best_25percent_normalized": 111.3945502213954, "best_50percent_normalized": 107.32831481097398, "best_100percent_normalized": 89.46498247095143, "best_later_half_normalized": 106.4921346473623, "best_last_four_normalized": 102.02528971096878, "target_steps": 10000}