{
    "final_weight_diff": 0.0010727389017120004,
    "final_weight_sim": 0.7837366461753845,
    "final_feature_diff": 0.1383658755552508,
    "final_feature_sim": 0.7406179700715173,
    "final_0_weight_diff": 0.0012962458422407508,
    "final_1_weight_diff": 0.0010457888711243868,
    "final_2_weight_diff": 0.0008749085827730596,
    "final_0_weight_sim": 0.7531177997589111,
    "final_1_weight_sim": 0.778721809387207,
    "final_2_weight_sim": 0.7905334234237671,
    "best_weight_diff": 0.0009155467851087451,
    "best_weight_sim": 0.8096860647201538,
    "best_feature_diff": 0.13363985032519407,
    "best_feature_sim": 0.7572060154036448,
    "best_0_weight_diff": 0.0011103153228759766,
    "best_1_weight_diff": 0.0008902732515707612,
    "best_2_weight_diff": 0.0007452579447999597,
    "best_0_weight_sim": 0.7833779454231262,
    "best_1_weight_sim": 0.8036637306213379,
    "best_2_weight_sim": 0.8148903846740723,
    "num_feature_traj": 100,
    "num_feature_timesteps": "100000",
    "final_test_returns": 4912.583045608999,
    "final_test_normalized_returns": 41.82591341024706,
    "best_return": 5058.093141637424,
    "best_return_normalized": 42.99794722932676,
    "convergence_step": "15000",
    "convergence_iter": "3",
    "best_step": "80000",
    "best_iter": "16"
}