{"final_weight_diff": 0.0011751697165891528, "final_weight_sim": 0.7646908164024353, "final_feature_diff": 0.2827302786181024, "final_feature_sim": 0.6587966512079423, "final_0_weight_diff": 0.001384088071063161, "final_1_weight_diff": 0.0009805838344618678, "final_2_weight_diff": 0.0011590096401050687, "final_0_weight_sim": 0.7269027233123779, "final_1_weight_sim": 0.7812064290046692, "final_2_weight_sim": 0.7512788772583008, "best_weight_diff": 0.001053146319463849, "best_weight_sim": 0.7833597660064697, "best_feature_diff": 0.2744624160895151, "best_feature_sim": 0.673857906373025, "best_0_weight_diff": 0.001261354424059391, "best_1_weight_diff": 0.0008762322249822319, "best_2_weight_diff": 0.00102044187951833, "best_0_weight_sim": 0.746627926826477, "best_1_weight_sim": 0.7984830141067505, "best_2_weight_sim": 0.7718747854232788, "num_feature_traj": 120, "num_feature_timesteps": "106539", "final_test_returns": 3606.916417596659, "final_test_normalized_returns": 93.51333834914652, "best_return": 3805.907753570578, "best_return_normalized": 98.24525607139984, "convergence_step": "45000", "convergence_iter": "9", "best_step": "85000", "best_iter": "17", "best_5percent_normalized": 98.24525607139984, "best_10percent_normalized": 97.96299577597802, "best_25percent_normalized": 95.31924247281191, "best_50percent_normalized": 90.37676527366469, "best_100percent_normalized": 81.43168036736412, "best_later_half_normalized": 83.59213331092216, "best_last_four_normalized": 87.8437091298429, "target_steps": 10000}