{"final_weight_diff": 0.0013752833474427462, "final_weight_sim": 0.8135676980018616, "final_feature_diff": 2.1653403824470465, "final_feature_sim": 0.35995287836253403, "final_0_weight_diff": 0.0021159336902201176, "final_1_weight_diff": 0.001170310890302062, "final_2_weight_diff": 0.0008341153734363616, "final_0_weight_sim": 0.746539294719696, "final_1_weight_sim": 0.8229859471321106, "final_2_weight_sim": 0.8403863906860352, "best_weight_diff": 0.0011719781905412674, "best_weight_sim": 0.8358020186424255, "best_feature_diff": 2.0892534998875885, "best_feature_sim": 0.38597590870223814, "best_0_weight_diff": 0.0018557258881628513, "best_1_weight_diff": 0.0009608857799321413, "best_2_weight_diff": 0.0006952216499485075, "best_0_weight_sim": 0.7694776654243469, "best_1_weight_sim": 0.8479609489440918, "best_2_weight_sim": 0.86299729347229, "num_feature_traj": 120, "num_feature_timesteps": "106539", "final_test_returns": 3516.8356165003484, "final_test_normalized_returns": 91.37126046894036, "best_return": 3949.566329719056, "best_return_normalized": 101.66138752809684, "convergence_step": "25000", "convergence_iter": "5", "best_step": "80000", "best_iter": "16", "best_5percent_normalized": 101.66138752809684, "best_10percent_normalized": 101.38856480896655, "best_25percent_normalized": 99.28561914654043, "best_50percent_normalized": 96.26339460828231, "best_100percent_normalized": 89.21164724484203, "best_later_half_normalized": 89.9809777058467, "best_last_four_normalized": 88.5547117406267}