{
    "final_weight_diff": 0.001291852560825646,
    "final_weight_sim": 0.7738216519355774,
    "final_feature_diff": 0.3313148543960555,
    "final_feature_sim": 0.6865093441236266,
    "final_0_weight_diff": 0.001770765520632267,
    "final_1_weight_diff": 0.0012501655146479607,
    "final_2_weight_diff": 0.0008490322506986558,
    "final_0_weight_sim": 0.7258802056312561,
    "final_1_weight_sim": 0.7802733182907104,
    "final_2_weight_sim": 0.8085521459579468,
    "best_weight_diff": 0.000264413800323382,
    "best_weight_sim": 0.9435956478118896,
    "best_feature_diff": 0.18790884067846267,
    "best_feature_sim": 0.8353926523085909,
    "best_0_weight_diff": 0.0003410375502426177,
    "best_1_weight_diff": 0.00025460016331635416,
    "best_2_weight_diff": 0.00019753795641008765,
    "best_0_weight_sim": 0.9295570850372314,
    "best_1_weight_sim": 0.9434322118759155,
    "best_2_weight_sim": 0.9509938359260559,
    "num_feature_traj": 200,
    "num_feature_timesteps": "200000",
    "final_test_returns": 5086.665929353536,
    "final_test_normalized_returns": 43.228091215364174,
    "best_return": 6375.487036592997,
    "best_return_normalized": 53.60910233182522,
    "convergence_step": "10000",
    "convergence_iter": "2",
    "best_step": "10000",
    "best_iter": "2"
}