{
    "final_weight_diff": 0.0012143106432631612,
    "final_weight_sim": 0.744990348815918,
    "final_feature_diff": 0.2595723473719949,
    "final_feature_sim": 0.6990806552456388,
    "final_0_weight_diff": 0.001381925423629582,
    "final_1_weight_diff": 0.0011697784066200256,
    "final_2_weight_diff": 0.00108545261900872,
    "final_0_weight_sim": 0.7046793699264526,
    "final_1_weight_sim": 0.7470740675926208,
    "final_2_weight_sim": 0.7457481026649475,
    "best_weight_diff": 0.000299826409900561,
    "best_weight_sim": 0.9259859919548035,
    "best_feature_diff": 0.13132658136958522,
    "best_feature_sim": 0.8948242533411874,
    "best_0_weight_diff": 0.0003325243596918881,
    "best_1_weight_diff": 0.0002955345844384283,
    "best_2_weight_diff": 0.0002714962756726891,
    "best_0_weight_sim": 0.9178316593170166,
    "best_1_weight_sim": 0.9196679592132568,
    "best_2_weight_sim": 0.9236611723899841,
    "num_feature_traj": 12,
    "num_feature_timesteps": "12000",
    "final_test_returns": 4676.069973420789,
    "final_test_normalized_returns": 39.920881891300986,
    "best_return": 4703.74580711944,
    "best_return_normalized": 40.14380122096529,
    "convergence_step": "10000",
    "convergence_iter": "2",
    "best_step": "10000",
    "best_iter": "2"
}