{"final_weight_diff": 0.0016359511064365506, "final_weight_sim": 0.8471856713294983, "final_feature_diff": 9.498772766463466, "final_feature_sim": 0.3428032358761953, "final_0_weight_diff": 0.0015743712428957224, "final_1_weight_diff": 0.0018936515552923083, "final_2_weight_diff": 0.0014343796065077186, "final_0_weight_sim": 0.7447800636291504, "final_1_weight_sim": 0.7816281318664551, "final_2_weight_sim": 0.8403505682945251, "best_weight_diff": 0.0009706054115667939, "best_weight_sim": 0.9030454754829407, "best_feature_diff": 9.089359969347182, "best_feature_sim": 0.37879292253399965, "best_0_weight_diff": 0.0010004992363974452, "best_1_weight_diff": 0.0010969347786158323, "best_2_weight_diff": 0.0008120097918435931, "best_0_weight_sim": 0.8177602887153625, "best_1_weight_sim": 0.8570751547813416, "best_2_weight_sim": 0.9038738012313843, "num_feature_traj": 175, "num_feature_timesteps": "161070", "final_test_returns": 4926.674015371681, "final_test_normalized_returns": 107.28377215344734, "best_return": 4986.688370312137, "best_return_normalized": 108.59108332963577, "convergence_step": "20000", "convergence_iter": "4", "best_step": "50000", "best_iter": "10", "best_5percent_normalized": 108.59108332963577, "best_10percent_normalized": 108.46561821717233, "best_25percent_normalized": 108.21249464139575, "best_50percent_normalized": 107.75001674889211, "best_100percent_normalized": 98.20822335027796, "best_later_half_normalized": 105.41349294211788, "best_last_four_normalized": 104.56618364534668, "target_steps": 20000}