{"final_weight_diff": 0.0014249111991375685, "final_weight_sim": 0.7440911531448364, "final_feature_diff": 0.3447334786941507, "final_feature_sim": 0.7007343260824938, "final_0_weight_diff": 0.001494331401772797, "final_1_weight_diff": 0.0015288871945813298, "final_2_weight_diff": 0.001246362691745162, "final_0_weight_sim": 0.7317603230476379, "final_1_weight_sim": 0.7208411693572998, "final_2_weight_sim": 0.7481518387794495, "best_weight_diff": 0.0010446938686072826, "best_weight_sim": 0.7984163761138916, "best_feature_diff": 0.3039452759103139, "best_feature_sim": 0.7454893754586216, "best_0_weight_diff": 0.0011178688146173954, "best_1_weight_diff": 0.0011448704171925783, "best_2_weight_diff": 0.0008698271121829748, "best_0_weight_sim": 0.7901476621627808, "best_1_weight_sim": 0.7711211442947388, "best_2_weight_sim": 0.8038492202758789, "num_feature_traj": 109, "num_feature_timesteps": "31150", "final_test_returns": 2497.920892797464, "final_test_normalized_returns": 54.377494905377965, "best_return": 3507.0546833235653, "best_return_normalized": 76.35976704565294, "convergence_step": "25000", "convergence_iter": "5", "best_step": "65000", "best_iter": "13", "best_5percent_normalized": 76.35976704565294, "best_10percent_normalized": 75.92511136202437, "best_25percent_normalized": 70.97575150057305, "best_50percent_normalized": 66.1002988567084, "best_100percent_normalized": 51.13466328675018, "best_later_half_normalized": 56.446948193329135, "best_last_four_normalized": 61.312338602138595, "target_steps": 10000}