{
    "final_weight_diff": 0.0012090475065633655,
    "final_weight_sim": 0.7782983183860779,
    "final_feature_diff": 0.6900559095812551,
    "final_feature_sim": 0.5314570087084238,
    "final_0_weight_diff": 0.0016544940881431103,
    "final_1_weight_diff": 0.0011523737339302897,
    "final_2_weight_diff": 0.0008137099212035537,
    "final_0_weight_sim": 0.7358177900314331,
    "final_1_weight_sim": 0.7778574824333191,
    "final_2_weight_sim": 0.8052340149879456,
    "best_weight_diff": 0.0008755174349062145,
    "best_weight_sim": 0.8270865082740784,
    "best_feature_diff": 0.6213322532822361,
    "best_feature_sim": 0.5893114193829754,
    "best_0_weight_diff": 0.001235923613421619,
    "best_1_weight_diff": 0.0008037873194552958,
    "best_2_weight_diff": 0.0005842004902660847,
    "best_0_weight_sim": 0.7846881747245789,
    "best_1_weight_sim": 0.8291232585906982,
    "best_2_weight_sim": 0.8519861698150635,
    "num_feature_traj": 223,
    "num_feature_timesteps": "196344",
    "final_test_returns": 3897.317229421022,
    "final_test_normalized_returns": 100.41892919461208,
    "best_return": 5165.189200903894,
    "best_return_normalized": 130.56831143803996,
    "convergence_step": "60000",
    "convergence_iter": "12",
    "best_step": "60000",
    "best_iter": "12"
}