{"final_weight_diff": 0.0028763238806277514, "final_weight_sim": 0.6819592714309692, "final_feature_diff": 0.9052766272026865, "final_feature_sim": 0.4663384426682146, "final_0_weight_diff": 0.0029008868150413036, "final_1_weight_diff": 0.0027044620364904404, "final_2_weight_diff": 0.0030240726191550493, "final_0_weight_sim": 0.666334867477417, "final_1_weight_sim": 0.6709445714950562, "final_2_weight_sim": 0.6602957248687744, "best_weight_diff": 0.002576793311163783, "best_weight_sim": 0.6999050974845886, "best_feature_diff": 0.9148226865181168, "best_feature_sim": 0.47465796252313947, "best_0_weight_diff": 0.0026801987551152706, "best_1_weight_diff": 0.0024073291569948196, "best_2_weight_diff": 0.0026431684382259846, "best_0_weight_sim": 0.6808301210403442, "best_1_weight_sim": 0.6888121366500854, "best_2_weight_sim": 0.6805599927902222, "num_feature_traj": 48, "num_feature_timesteps": "28017", "final_test_returns": 2102.971144404209, "final_test_normalized_returns": 57.75024717390457, "best_return": 3622.836545478024, "best_return_normalized": 93.89191128999175, "convergence_step": "50000", "convergence_iter": "10", "best_step": "100000", "best_iter": "20", "best_5percent_normalized": 93.89191128999175, "best_10percent_normalized": 93.49086396580162, "best_25percent_normalized": 92.56117721625507, "best_50percent_normalized": 89.74132711154357, "best_100percent_normalized": 81.39500775870206, "best_later_half_normalized": 81.97694305619821, "best_last_four_normalized": 79.01783712786755, "target_steps": 10000}