{
    "final_weight_diff": 0.0008697925950400531,
    "final_weight_sim": 0.821986973285675,
    "final_feature_diff": 0.6247074348868557,
    "final_feature_sim": 0.6644927286416129,
    "final_0_weight_diff": 0.0011569737689569592,
    "final_1_weight_diff": 0.0008205974008888006,
    "final_2_weight_diff": 0.0006308358861133456,
    "final_0_weight_sim": 0.7768690586090088,
    "final_1_weight_sim": 0.8142715096473694,
    "final_2_weight_sim": 0.8380520343780518,
    "best_weight_diff": 0.0004592020413838327,
    "best_weight_sim": 0.8948661088943481,
    "best_feature_diff": 0.3916416812757501,
    "best_feature_sim": 0.7891461499328747,
    "best_0_weight_diff": 0.0006264094263315201,
    "best_1_weight_diff": 0.00040454225381836295,
    "best_2_weight_diff": 0.00034663459518924356,
    "best_0_weight_sim": 0.8587310910224915,
    "best_1_weight_sim": 0.8950389623641968,
    "best_2_weight_sim": 0.9035260677337646,
    "num_feature_traj": 321,
    "num_feature_timesteps": "203500",
    "final_test_returns": 2912.087088848569,
    "final_test_normalized_returns": 90.09968496762492,
    "best_return": 3606.077620438354,
    "best_return_normalized": 111.4232404628772,
    "convergence_step": "45000",
    "convergence_iter": "9",
    "best_step": "45000",
    "best_iter": "9"
}