{"final_weight_diff": 0.0019783824682235718, "final_weight_sim": 0.7218374609947205, "final_feature_diff": 0.3605602500097779, "final_feature_sim": 0.6637529894655502, "final_0_weight_diff": 0.002235456369817257, "final_1_weight_diff": 0.0017898522783070803, "final_2_weight_diff": 0.001901515875943005, "final_0_weight_sim": 0.6570422053337097, "final_1_weight_sim": 0.7289843559265137, "final_2_weight_sim": 0.7532896399497986, "best_weight_diff": 0.001138870371505618, "best_weight_sim": 0.8257525563240051, "best_feature_diff": 0.31548690407929697, "best_feature_sim": 0.7197340911777441, "best_0_weight_diff": 0.0013663643039762974, "best_1_weight_diff": 0.000984231592155993, "best_2_weight_diff": 0.0010636835359036922, "best_0_weight_sim": 0.7635543346405029, "best_1_weight_sim": 0.8280113935470581, "best_2_weight_sim": 0.8577374219894409, "num_feature_traj": 43, "num_feature_timesteps": "40648", "final_test_returns": 4937.593019253764, "final_test_normalized_returns": 107.52162417771812, "best_return": 4978.563963443807, "best_return_normalized": 108.41410687276294, "convergence_step": "25000", "convergence_iter": "5", "best_step": "40000", "best_iter": "8", "best_5percent_normalized": 108.41410687276294, "best_10percent_normalized": 108.34174783882095, "best_25percent_normalized": 108.21177703321413, "best_50percent_normalized": 107.87481564090032, "best_100percent_normalized": 96.67610696164516, "best_later_half_normalized": 104.88217951612053, "best_last_four_normalized": 100.52201084125743, "target_steps": 10000}