current_itr_train_time	current_itr_train_loss_mean	current_itr_train_loss_std	current_itr_eval_5000_return_mean	current_itr_eval_5000_return_std	current_itr_eval_5000_length_mean	current_itr_eval_5000_length_std	current_itr_eval_2500_return_mean	current_itr_eval_2500_return_std	current_itr_eval_2500_length_mean	current_itr_eval_2500_length_std	TestEpRet	TestEpNormRet	Iteration	Steps	total_time	current_eval_time
1837.7969410419464	0.2295170997262001	0.23351303091805295	771.191976717666	745.4296898695404	418.9	195.96093998549813	2454.0707781506358	919.3868428053316	787.0	203.3528952338766	771.191976717666	16.76362714859671	1	5000	2156.7052125930786	318.90757274627686
1589.6577520370483	0.05608235108479857	0.006756935667535093	2844.774012339221	729.1330338719035	767.0	188.20892646205704	3319.197942646235	761.2079973552276	888.7	182.66255773967472	2844.774012339221	61.9331032281309	2	10000	4325.032467126846	578.5270521640778
1637.5674209594727	0.04703785011023283	0.004300558241380826	3473.7222130975765	490.3435077483926	917.6	128.32630283772693	3557.5945309521935	366.9496928872745	951.5	97.6680602858478	3473.7222130975765	75.63367558137516	3	15000	6578.354140043259	615.6582179069519
1545.4133903980255	0.04374586358964443	0.003565454507113997	2705.4847054675547	1050.6350975769708	736.5	260.3145213006758	3394.4057420216354	561.8375931597664	902.7	137.50785432112596	2705.4847054675547	58.898921359850625	4	20000	8521.572637319565	397.696471452713
