{"final_weight_diff": 0.0008915933431126177, "final_weight_sim": 0.8185600638389587, "final_feature_diff": 1.0310559817481235, "final_feature_sim": 0.44127176995652395, "final_0_weight_diff": 0.0012887193588539958, "final_1_weight_diff": 0.0008448323351331055, "final_2_weight_diff": 0.0005385259282775223, "final_0_weight_sim": 0.764640212059021, "final_1_weight_sim": 0.8110331892967224, "final_2_weight_sim": 0.85446697473526, "best_weight_diff": 0.000303172244457528, "best_weight_sim": 0.9274585247039795, "best_feature_diff": 0.6255320707886411, "best_feature_sim": 0.6779817692012229, "best_0_weight_diff": 0.0004336630809120834, "best_1_weight_diff": 0.00027606525691226125, "best_2_weight_diff": 0.00019953718583565205, "best_0_weight_sim": 0.8973023295402527, "best_1_weight_sim": 0.9255367517471313, "best_2_weight_sim": 0.9413251876831055, "num_feature_traj": 120, "num_feature_timesteps": "106539", "final_test_returns": 2475.4594874044315, "final_test_normalized_returns": 66.60783980701571, "best_return": 3917.302246641732, "best_return_normalized": 100.89416323786013, "convergence_step": "20000", "convergence_iter": "4", "best_step": "20000", "best_iter": "4", "best_5percent_normalized": 100.89416323786013, "best_10percent_normalized": 100.10291971318351, "best_25percent_normalized": 98.69106781464572, "best_50percent_normalized": 93.41247445585529, "best_100percent_normalized": 83.53840563221111, "best_later_half_normalized": 85.85797168255034, "best_last_four_normalized": 88.7860062467494, "target_steps": 