{
    "final_weight_diff": 0.0024583684280514717,
    "final_weight_sim": 0.693327784538269,
    "final_feature_diff": 0.8979059485171534,
    "final_feature_sim": 0.5491609887737896,
    "final_0_weight_diff": 0.0029032595921307802,
    "final_1_weight_diff": 0.0025414542760699987,
    "final_2_weight_diff": 0.0019316690741106868,
    "final_0_weight_sim": 0.6644123792648315,
    "final_1_weight_sim": 0.6694293022155762,
    "final_2_weight_sim": 0.6978834867477417,
    "best_weight_diff": 0.0016182099934667349,
    "best_weight_sim": 0.7587229013442993,
    "best_feature_diff": 0.7581793434775975,
    "best_feature_sim": 0.6253287383997629,
    "best_0_weight_diff": 0.0018831684719771147,
    "best_1_weight_diff": 0.0016596331261098385,
    "best_2_weight_diff": 0.001312453649006784,
    "best_0_weight_sim": 0.7316703796386719,
    "best_1_weight_sim": 0.7351655960083008,
    "best_2_weight_sim": 0.7609178423881531,
    "num_feature_traj": 120,
    "num_feature_timesteps": "106539",
    "final_test_returns": 3622.719296728653,
    "final_test_normalized_returns": 93.88912317144204,
    "best_return": 3901.53531577591,
    "best_return_normalized": 100.51923324794689,
    "convergence_step": "25000",
    "convergence_iter": "5",
    "best_step": "60000",
    "best_iter": "12"
}