{
    "final_weight_diff": 0.0010973868193104863,
    "final_weight_sim": 0.7803459763526917,
    "final_feature_diff": 0.11162806685105253,
    "final_feature_sim": 0.7345874078842455,
    "final_0_weight_diff": 0.0014806552790105343,
    "final_1_weight_diff": 0.0009624179219827056,
    "final_2_weight_diff": 0.0008475520298816264,
    "final_0_weight_sim": 0.7274283170700073,
    "final_1_weight_sim": 0.7864949107170105,
    "final_2_weight_sim": 0.8023649454116821,
    "best_weight_diff": 0.0008666835492476821,
    "best_weight_sim": 0.8197421431541443,
    "best_feature_diff": 0.11466205502801026,
    "best_feature_sim": 0.7618670148868657,
    "best_0_weight_diff": 0.001171409385278821,
    "best_1_weight_diff": 0.000762052892241627,
    "best_2_weight_diff": 0.0006659622304141521,
    "best_0_weight_sim": 0.7761245965957642,
    "best_1_weight_sim": 0.8233298659324646,
    "best_2_weight_sim": 0.8371722102165222,
    "num_feature_traj": 600,
    "num_feature_timesteps": "600000",
    "final_test_returns": 4887.96835046339,
    "final_test_normalized_returns": 41.62765049966968,
    "best_return": 5128.55803093757,
    "best_return_normalized": 43.56551769743604,
    "convergence_step": "5000",
    "convergence_iter": "1",
    "best_step": "70000",
    "best_iter": "14"
}