{
    "final_weight_diff": 0.0016120322979986668,
    "final_weight_sim": 0.7563972473144531,
    "final_feature_diff": 0.6303598662949165,
    "final_feature_sim": 0.676073932625929,
    "final_0_weight_diff": 0.001760039129294455,
    "final_1_weight_diff": 0.0016965714748948812,
    "final_2_weight_diff": 0.0013796656858175993,
    "final_0_weight_sim": 0.7268617153167725,
    "final_1_weight_sim": 0.7367627024650574,
    "final_2_weight_sim": 0.751755952835083,
    "best_weight_diff": 0.00133881950750947,
    "best_weight_sim": 0.7834210991859436,
    "best_feature_diff": 0.5797218425360333,
    "best_feature_sim": 0.7014658708261094,
    "best_0_weight_diff": 0.0014615370891988277,
    "best_1_weight_diff": 0.0013864018255844712,
    "best_2_weight_diff": 0.0011684304336085916,
    "best_0_weight_sim": 0.7554022073745728,
    "best_1_weight_sim": 0.7653388977050781,
    "best_2_weight_sim": 0.7773765921592712,
    "num_feature_traj": 174,
    "num_feature_timesteps": "81732",
    "final_test_returns": 1913.4117613093415,
    "final_test_normalized_returns": 59.41438336885686,
    "best_return": 2164.453290160636,
    "best_return_normalized": 67.12788626033107,
    "convergence_step": "60000",
    "convergence_iter": "12",
    "best_step": "75000",
    "best_iter": "15"
}