{"final_weight_diff": 0.0009534295531921089, "final_weight_sim": 0.8100232481956482, "final_feature_diff": 0.595137024486085, "final_feature_sim": 0.6801714739150428, "final_0_weight_diff": 0.0012536210706457496, "final_1_weight_diff": 0.0008710840484127402, "final_2_weight_diff": 0.0007329517975449562, "final_0_weight_sim": 0.7696280479431152, "final_1_weight_sim": 0.8052924871444702, "final_2_weight_sim": 0.8189915418624878, "best_weight_diff": 0.00030978003633208573, "best_weight_sim": 0.9264827370643616, "best_feature_diff": 0.24125867672391954, "best_feature_sim": 0.8746626886254277, "best_0_weight_diff": 0.0003809448971878737, "best_1_weight_diff": 0.00030314226751215756, "best_2_weight_diff": 0.0002452374610584229, "best_0_weight_sim": 0.9066029191017151, "best_1_weight_sim": 0.9198184013366699, "best_2_weight_sim": 0.9308960437774658, "num_feature_traj": 219, "num_feature_timesteps": "197797", "final_test_returns": 4982.571872538376, "final_test_normalized_returns": 108.501412390879, "best_return": 5073.305822380245, "best_return_normalized": 110.47789796346716, "convergence_step": "20000", "convergence_iter": "4", "best_step": "20000", "best_iter": "4", "best_5percent_normalized": 110.47789796346716, "best_10percent_normalized": 109.98287898685844, "best_25percent_normalized": 109.44223732005477, "best_50percent_normalized": 108.7098367299985, "best_100percent_normalized": 97.60595907352909, "best_later_half_normalized": 103.42346085749327, "best_last_four_normalized": 107.68956407164389, "target_steps": 20000}