{"final_weight_diff": 0.0020287528168410063, "final_weight_sim": 0.7196643352508545, "final_feature_diff": 0.1961991097505741, "final_feature_sim": 0.7116581762329158, "final_0_weight_diff": 0.002631203504279256, "final_1_weight_diff": 0.0020354953594505787, "final_2_weight_diff": 0.0014114252990111709, "final_0_weight_sim": 0.6854659914970398, "final_1_weight_sim": 0.727881669998169, "final_2_weight_sim": 0.7469712495803833, "best_weight_diff": 0.001486498862504959, "best_weight_sim": 0.7831124067306519, "best_feature_diff": 0.18344558535203354, "best_feature_sim": 0.7371726104483168, "best_0_weight_diff": 0.0019490097183734179, "best_1_weight_diff": 0.001481299172155559, "best_2_weight_diff": 0.0010250608902424574, "best_0_weight_sim": 0.7547461986541748, "best_1_weight_sim": 0.7880139946937561, "best_2_weight_sim": 0.8072396516799927, "num_feature_traj": 223, "num_feature_timesteps": "196344", "final_test_returns": 4689.294356991882, "final_test_normalized_returns": 119.25176222842325, "best_return": 5374.581732362071, "best_return_normalized": 135.54756455810696, "convergence_step": "40000", "convergence_iter": "8", "best_step": "60000", "best_iter": "12", "best_5percent_normalized": 135.54756455810696, "best_10percent_normalized": 134.76418326130022, "best_25percent_normalized": 133.29885400084342, "best_50percent_normalized": 129.39566210231064, "best_100percent_normalized": 116.73627292856843, "best_later_half_normalized": 127.75883090869736, "best_last_four_normalized": 126.84394481179652}