{
    "final_weight_diff": 0.002114007482305169,
    "final_weight_sim": 0.6596465110778809,
    "final_feature_diff": 0.3337571154646382,
    "final_feature_sim": 0.6653342897097191,
    "final_0_weight_diff": 0.0023863997776061296,
    "final_1_weight_diff": 0.002078430727124214,
    "final_2_weight_diff": 0.0018544252961874008,
    "final_0_weight_sim": 0.6192559003829956,
    "final_1_weight_sim": 0.6661896109580994,
    "final_2_weight_sim": 0.6713192462921143,
    "best_weight_diff": 0.0009274258627556264,
    "best_weight_sim": 0.8301652073860168,
    "best_feature_diff": 0.2715582904408144,
    "best_feature_sim": 0.7531326045539969,
    "best_0_weight_diff": 0.0011439593508839607,
    "best_1_weight_diff": 0.0008931505726650357,
    "best_2_weight_diff": 0.0007434532162733376,
    "best_0_weight_sim": 0.7999983429908752,
    "best_1_weight_sim": 0.833638072013855,
    "best_2_weight_sim": 0.8404767513275146,
    "num_feature_traj": 20,
    "num_feature_timesteps": "20000",
    "final_test_returns": 4528.299522586941,
    "final_test_normalized_returns": 38.73064169103274,
    "best_return": 4831.625163329996,
    "best_return_normalized": 41.17382548960183,
    "convergence_step": "40000",
    "convergence_iter": "8",
    "best_step": "45000",
    "best_iter": "9"
}