{
    "final_weight_diff": 0.0010781247401610017,
    "final_weight_sim": 0.7775582671165466,
    "final_feature_diff": 0.3387765858007051,
    "final_feature_sim": 0.6996093530025848,
    "final_0_weight_diff": 0.0012160259066149592,
    "final_1_weight_diff": 0.0011512113269418478,
    "final_2_weight_diff": 0.0008660925668664277,
    "final_0_weight_sim": 0.7420358657836914,
    "final_1_weight_sim": 0.754353404045105,
    "final_2_weight_sim": 0.7982704639434814,
    "best_weight_diff": 0.0007440515328198671,
    "best_weight_sim": 0.835271418094635,
    "best_feature_diff": 0.3095791892194136,
    "best_feature_sim": 0.7301397162473906,
    "best_0_weight_diff": 0.0008625525515526533,
    "best_1_weight_diff": 0.0007673135260120034,
    "best_2_weight_diff": 0.0006019036518409848,
    "best_0_weight_sim": 0.8058752417564392,
    "best_1_weight_sim": 0.8175427317619324,
    "best_2_weight_sim": 0.8509826064109802,
    "num_feature_traj": 21,
    "num_feature_timesteps": "9625",
    "final_test_returns": 1622.1584206119833,
    "final_test_normalized_returns": 50.46533220628457,
    "best_return": 1959.3090374469043,
    "best_return_normalized": 60.82462323561449,
    "convergence_step": "50000",
    "convergence_iter": "10",
    "best_step": "65000",
    "best_iter": "13"
}