{
    "final_weight_diff": 0.001050487975589931,
    "final_weight_sim": 0.7839383482933044,
    "final_feature_diff": 0.13434739748770816,
    "final_feature_sim": 0.7980447862553984,
    "final_0_weight_diff": 0.0011916888179257512,
    "final_1_weight_diff": 0.0010641030967235565,
    "final_2_weight_diff": 0.0008937783422879875,
    "final_0_weight_sim": 0.7591989636421204,
    "final_1_weight_sim": 0.7730521559715271,
    "final_2_weight_sim": 0.7854485511779785,
    "best_weight_diff": 0.0004804028430953622,
    "best_weight_sim": 0.8858941793441772,
    "best_feature_diff": 0.11384260596779609,
    "best_feature_sim": 0.8530255959474704,
    "best_0_weight_diff": 0.0005401573143899441,
    "best_1_weight_diff": 0.0004683505103457719,
    "best_2_weight_diff": 0.00043264427222311497,
    "best_0_weight_sim": 0.8729982376098633,
    "best_1_weight_sim": 0.8792624473571777,
    "best_2_weight_sim": 0.8814185857772827,
    "num_feature_traj": 119,
    "num_feature_timesteps": "101758",
    "final_test_returns": 3672.978714800247,
    "final_test_normalized_returns": 79.97414132265584,
    "best_return": 3792.737021889277,
    "best_return_normalized": 82.58287340774162,
    "convergence_step": "30000",
    "convergence_iter": "6",
    "best_step": "30000",
    "best_iter": "6"
}