{"final_weight_diff": 0.0013546793488785625, "final_weight_sim": 0.827785074710846, "final_feature_diff": 2.2236344057509267, "final_feature_sim": 0.34002544854558636, "final_0_weight_diff": 0.0019723433069884777, "final_1_weight_diff": 0.0012294613989070058, "final_2_weight_diff": 0.0008569425554014742, "final_0_weight_sim": 0.7751516103744507, "final_1_weight_sim": 0.8353155255317688, "final_2_weight_sim": 0.8382993936538696, "best_weight_diff": 0.0010456998134031892, "best_weight_sim": 0.8613294363021851, "best_feature_diff": 2.1525277216743, "best_feature_sim": 0.36955094667203553, "best_0_weight_diff": 0.0015402787830680609, "best_1_weight_diff": 0.0009208807023242116, "best_2_weight_diff": 0.0006726763094775379, "best_0_weight_sim": 0.8134902715682983, "best_1_weight_sim": 0.8706378936767578, "best_2_weight_sim": 0.8691209554672241, "num_feature_traj": 721, "num_feature_timesteps": "603528", "final_test_returns": 3360.970706055169, "final_test_normalized_returns": 87.66486828657096, "best_return": 3989.0941196263034, "best_return_normalized": 102.60133925347304, "convergence_step": "50000", "convergence_iter": "10", "best_step": "70000", "best_iter": "14", "best_5percent_normalized": 102.60133925347304, "best_10percent_normalized": 101.85850688138642, "best_25percent_normalized": 99.46613173880819, "best_50percent_normalized": 94.83401986123452, "best_100percent_normalized": 88.52275427096154, "best_later_half_normalized": 88.95561362269206, "best_last_four_normalized": 85.72612450384212, "target_steps": 10000}