{"final_weight_diff": 0.00261984346434474, "final_weight_sim": 0.6796943545341492, "final_feature_diff": 0.7587109559410384, "final_feature_sim": 0.6063780144920121, "final_0_weight_diff": 0.0029058940708637238, "final_1_weight_diff": 0.002827777061611414, "final_2_weight_diff": 0.0021272823214530945, "final_0_weight_sim": 0.6455374360084534, "final_1_weight_sim": 0.6602082848548889, "final_2_weight_sim": 0.6812638640403748, "best_weight_diff": 0.00261984346434474, "best_weight_sim": 0.6796943545341492, "best_feature_diff": 0.7587109559410384, "best_feature_sim": 0.6063780144920121, "best_0_weight_diff": 0.0029058940708637238, "best_1_weight_diff": 0.002827777061611414, "best_2_weight_diff": 0.0021272823214530945, "best_0_weight_sim": 0.6455374360084534, "best_1_weight_sim": 0.6602082848548889, "best_2_weight_sim": 0.6812638640403748, "num_feature_traj": 218, "num_feature_timesteps": "100692", "final_test_returns": 2261.1396005201486, "final_test_normalized_returns": 70.09867016981663, "best_return": 2261.1396005201486, "best_return_normalized": 70.09867016981663, "convergence_step": "200000", "convergence_iter": "40", "best_step": "200000", "best_iter": "40", "best_5percent_normalized": 68.82474032840352, "best_10percent_normalized": 67.96121902482525, "best_25percent_normalized": 66.6518995094709, "best_50percent_normalized": 64.65264575207311, "best_100percent_normalized": 60.7996408760406, "best_later_half_normalized": 61.63853325475249}