{"final_weight_diff": 0.0010674319928511977, "final_weight_sim": 0.7961488366127014, "final_feature_diff": 0.7465495889413258, "final_feature_sim": 0.4955613281031418, "final_0_weight_diff": 0.0016507303807884455, "final_1_weight_diff": 0.0009631711291149259, "final_2_weight_diff": 0.0005841729580424726, "final_0_weight_sim": 0.7371217608451843, "final_1_weight_sim": 0.8019141554832458, "final_2_weight_sim": 0.846903383731842, "best_weight_diff": 0.0009550308459438384, "best_weight_sim": 0.8127653002738953, "best_feature_diff": 0.729408832489061, "best_feature_sim": 0.5112691139233099, "best_0_weight_diff": 0.0014945399016141891, "best_1_weight_diff": 0.0008487755549140275, "best_2_weight_diff": 0.0005185056943446398, "best_0_weight_sim": 0.7541847825050354, "best_1_weight_sim": 0.819615364074707, "best_2_weight_sim": 0.8617562055587769, "num_feature_traj": 120, "num_feature_timesteps": "106539", "final_test_returns": 3111.9340473359425, "final_test_normalized_returns": 81.74289699512381, "best_return": 3834.1915272443816, "best_return_normalized": 98.91783052919844, "convergence_step": "45000", "convergence_iter": "9", "best_step": "85000", "best_iter": "17", "best_5percent_normalized": 98.91783052919844, "best_10percent_normalized": 98.19564686023084, "best_25percent_normalized": 97.10775437826408, "best_50percent_normalized": 94.82493377245457, "best_100percent_normalized": 89.0670864868649, "best_later_half_normalized": 90.22888145900251, "best_last_four_normalized": 90.48469810664513, "target_steps": 5000}