{
    "final_weight_diff": 0.001377249602228403,
    "final_weight_sim": 0.7254639267921448,
    "final_feature_diff": 0.22891202662538246,
    "final_feature_sim": 0.660119039291455,
    "final_0_weight_diff": 0.0017003144603222609,
    "final_1_weight_diff": 0.0012761044781655073,
    "final_2_weight_diff": 0.0011453984770923853,
    "final_0_weight_sim": 0.6707168221473694,
    "final_1_weight_sim": 0.7301595211029053,
    "final_2_weight_sim": 0.7481894493103027,
    "best_weight_diff": 0.0009610226843506098,
    "best_weight_sim": 0.7972317934036255,
    "best_feature_diff": 0.22708847854108316,
    "best_feature_sim": 0.7109755748649479,
    "best_0_weight_diff": 0.0012124022468924522,
    "best_1_weight_diff": 0.000897288613487035,
    "best_2_weight_diff": 0.0007715109968557954,
    "best_0_weight_sim": 0.7533700466156006,
    "best_1_weight_sim": 0.7962801456451416,
    "best_2_weight_sim": 0.8156183362007141,
    "num_feature_traj": 8,
    "num_feature_timesteps": "8000",
    "final_test_returns": 4483.949093190091,
    "final_test_normalized_returns": 38.37341422323106,
    "best_return": 4529.551722901894,
    "best_return_normalized": 38.74072773425205,
    "convergence_step": "20000",
    "convergence_iter": "4",
    "best_step": "55000",
    "best_iter": "11"
}