{
    "final_weight_diff": 0.0019694273360073566,
    "final_weight_sim": 0.7287947535514832,
    "final_feature_diff": 0.666313951806728,
    "final_feature_sim": 0.6792872709596101,
    "final_0_weight_diff": 0.002365628955885768,
    "final_1_weight_diff": 0.0019056751625612378,
    "final_2_weight_diff": 0.0016370087396353483,
    "final_0_weight_sim": 0.6924848556518555,
    "final_1_weight_sim": 0.7101884484291077,
    "final_2_weight_sim": 0.7309738993644714,
    "best_weight_diff": 0.0017404055688530207,
    "best_weight_sim": 0.7482845783233643,
    "best_feature_diff": 0.6324929348560708,
    "best_feature_sim": 0.6966061759119622,
    "best_0_weight_diff": 0.0020904582925140858,
    "best_1_weight_diff": 0.0016701386775821447,
    "best_2_weight_diff": 0.0014603178715333343,
    "best_0_weight_sim": 0.711719274520874,
    "best_1_weight_sim": 0.7311860918998718,
    "best_2_weight_sim": 0.7497285604476929,
    "num_feature_traj": 219,
    "num_feature_timesteps": "197797",
    "final_test_returns": 4022.835520905325,
    "final_test_normalized_returns": 87.59517987485793,
    "best_return": 4967.880805944987,
    "best_return_normalized": 108.181392362892,
    "convergence_step": "60000",
    "convergence_iter": "12",
    "best_step": "80000",
    "best_iter": "16"
}