{"final_weight_diff": 0.0018453182419762015, "final_weight_sim": 0.7377535104751587, "final_feature_diff": 0.3718698049532817, "final_feature_sim": 0.6465672503160512, "final_0_weight_diff": 0.0021110717207193375, "final_1_weight_diff": 0.0016616296488791704, "final_2_weight_diff": 0.0017572918441146612, "final_0_weight_sim": 0.6668612957000732, "final_1_weight_sim": 0.7460178136825562, "final_2_weight_sim": 0.7714126110076904, "best_weight_diff": 0.0016155180055648088, "best_weight_sim": 0.7648262977600098, "best_feature_diff": 0.36381932557391594, "best_feature_sim": 0.6579051781000789, "best_0_weight_diff": 0.0018604155629873276, "best_1_weight_diff": 0.0014441009843721986, "best_2_weight_diff": 0.001537489122711122, "best_0_weight_sim": 0.6960163712501526, "best_1_weight_sim": 0.7712727785110474, "best_2_weight_sim": 0.7979673147201538, "num_feature_traj": 119, "num_feature_timesteps": "101758", "final_test_returns": 3031.7925036682927, "final_test_normalized_returns": 66.00698462052391, "best_return": 3605.66522198891, "best_return_normalized": 78.50783077832274, "convergence_step": "15000", "convergence_iter": "3", "best_step": "80000", "best_iter": "16", "best_5percent_normalized": 78.50783077832274, "best_10percent_normalized": 77.52309982424822, "best_25percent_normalized": 76.35965628154216, "best_50percent_normalized": 75.0740223861414, "best_100percent_normalized": 70.25170018878173, "best_later_half_normalized": 69.4858840508293, "best_last_four_normalized": 66.8983851524663}