{"final_weight_diff": 0.0012161360355094075, "final_weight_sim": 0.7795888185501099, "final_feature_diff": 0.8685892979160006, "final_feature_sim": 0.43596118278318785, "final_0_weight_diff": 0.0015087270876392722, "final_1_weight_diff": 0.0011786570539698005, "final_2_weight_diff": 0.0009525328641757369, "final_0_weight_sim": 0.7437814474105835, "final_1_weight_sim": 0.7763122916221619, "final_2_weight_sim": 0.7911879420280457, "best_weight_diff": 0.0012161360355094075, "best_weight_sim": 0.7795888185501099, "best_feature_diff": 0.8685892979160006, "best_feature_sim": 0.43596118278318785, "best_0_weight_diff": 0.0015087270876392722, "best_1_weight_diff": 0.0011786570539698005, "best_2_weight_diff": 0.0009525328641757369, "best_0_weight_sim": 0.7437814474105835, "best_1_weight_sim": 0.7763122916221619, "best_2_weight_sim": 0.7911879420280457, "num_feature_traj": 48, "num_feature_timesteps": "28017", "final_test_returns": 3677.239743938047, "final_test_normalized_returns": 95.1855930358844, "best_return": 3677.239743938047, "best_return_normalized": 95.1855930358844, "convergence_step": "80000", "convergence_iter": "16", "best_step": "100000", "best_iter": "20", "best_5percent_normalized": 95.1855930358844, "best_10percent_normalized": 94.82486685673555, "best_25percent_normalized": 91.63624832217371, "best_50percent_normalized": 88.46224213164285, "best_100percent_normalized": 82.047532998751, "best_later_half_normalized": 83.67663785759474, "best_last_four_normalized": 85.21299543801497}