{"final_weight_diff": 0.0011937026865780354, "final_weight_sim": 0.7614576816558838, "final_feature_diff": 0.20365524250751899, "final_feature_sim": 0.543538644830736, "final_0_weight_diff": 0.0012621370842680335, "final_1_weight_diff": 0.00119294342584908, "final_2_weight_diff": 0.0011242078617215157, "final_0_weight_sim": 0.7411181330680847, "final_1_weight_sim": 0.7557367086410522, "final_2_weight_sim": 0.7591241598129272, "best_weight_diff": 0.0010503542143851519, "best_weight_sim": 0.7833219766616821, "best_feature_diff": 0.19270870372952836, "best_feature_sim": 0.5662391831173024, "best_0_weight_diff": 0.0011343220248818398, "best_1_weight_diff": 0.0010421519400551915, "best_2_weight_diff": 0.0009735648054629564, "best_0_weight_sim": 0.7628433108329773, "best_1_weight_sim": 0.7777763605117798, "best_2_weight_sim": 0.7819910645484924, "num_feature_traj": 204, "num_feature_timesteps": "37349", "final_test_returns": 2540.2958231509638, "final_test_normalized_returns": 78.67602524046437, "best_return": 2808.4755420973443, "best_return_normalized": 86.91611622060258, "convergence_step": "85000", "convergence_iter": "17", "best_step": "85000", "best_iter": "17", "best_5percent_normalized": 86.91611622060258, "best_10percent_normalized": 84.66564871311544, "best_25percent_normalized": 81.90232693720952, "best_50percent_normalized": 79.04821774470466, "best_100percent_normalized": 64.0350733312441, "best_later_half_normalized": 71.3415391882961, "best_last_four_normalized": 76.32948335659496, "target_steps": 15000}