{"final_weight_diff": 0.0013962958473712206, "final_weight_sim": 0.7655079364776611, "final_feature_diff": 0.5019221913653176, "final_feature_sim": 0.5077830535253535, "final_0_weight_diff": 0.0015721827512606978, "final_1_weight_diff": 0.0014400440268218517, "final_2_weight_diff": 0.0011724504875019193, "final_0_weight_sim": 0.7442346811294556, "final_1_weight_sim": 0.7620779871940613, "final_2_weight_sim": 0.7686289548873901, "best_weight_diff": 0.0010065209353342652, "best_weight_sim": 0.81989586353302, "best_feature_diff": 0.4547560496060994, "best_feature_sim": 0.5570053509818005, "best_0_weight_diff": 0.001184681779704988, "best_1_weight_diff": 0.001018271897919476, "best_2_weight_diff": 0.0008149967761710286, "best_0_weight_sim": 0.7990352511405945, "best_1_weight_sim": 0.8161023259162903, "best_2_weight_sim": 0.8264735341072083, "num_feature_traj": 204, "num_feature_timesteps": "37349", "final_test_returns": 1984.4356318458551, "final_test_normalized_returns": 61.5966630627939, "best_return": 2566.726342772929, "best_return_normalized": 79.4881294785961, "convergence_step": "65000", "convergence_iter": "13", "best_step": "65000", "best_iter": "13", "best_5percent_normalized": 79.4881294785961, "best_10percent_normalized": 79.22066384731077, "best_25percent_normalized": 70.96415039355448, "best_50percent_normalized": 56.96671726401338, "best_100percent_normalized": 38.96019865084062, "best_later_half_normalized": 56.02605831401278, "best_last_four_normalized": 67.55332270142722, "target_steps": 55000}