{
    "final_weight_diff": 0.001369154080748558,
    "final_weight_sim": 0.7443574070930481,
    "final_feature_diff": 0.12259939506172898,
    "final_feature_sim": 0.6671582277817044,
    "final_0_weight_diff": 0.0017499857349321246,
    "final_1_weight_diff": 0.0013226211303845048,
    "final_2_weight_diff": 0.0010271583450958133,
    "final_0_weight_sim": 0.6977993249893188,
    "final_1_weight_sim": 0.7406582832336426,
    "final_2_weight_sim": 0.7729280591011047,
    "best_weight_diff": 0.0007582214893773198,
    "best_weight_sim": 0.8427719473838806,
    "best_feature_diff": 0.11438770060810007,
    "best_feature_sim": 0.7560963779687438,
    "best_0_weight_diff": 0.000996256247162819,
    "best_1_weight_diff": 0.0007243286818265915,
    "best_2_weight_diff": 0.0005534645752049983,
    "best_0_weight_sim": 0.8105764985084534,
    "best_1_weight_sim": 0.8357141613960266,
    "best_2_weight_sim": 0.8621474504470825,
    "num_feature_traj": 223,
    "num_feature_timesteps": "196344",
    "final_test_returns": 3606.116738662515,
    "final_test_normalized_returns": 93.49432237087755,
    "best_return": 4251.792576023275,
    "best_return_normalized": 108.84818148582204,
    "convergence_step": "30000",
    "convergence_iter": "6",
    "best_step": "35000",
    "best_iter": "7"
}