{"final_weight_diff": 0.0016113586025312543, "final_weight_sim": 0.749793529510498, "final_feature_diff": 0.5430287179354505, "final_feature_sim": 0.40423565442475895, "final_0_weight_diff": 0.0019035208970308304, "final_1_weight_diff": 0.0016293557127937675, "final_2_weight_diff": 0.0012894676765426993, "final_0_weight_sim": 0.725700855255127, "final_1_weight_sim": 0.7440562844276428, "final_2_weight_sim": 0.7661395072937012, "best_weight_diff": 0.0013195056235417724, "best_weight_sim": 0.7887030243873596, "best_feature_diff": 0.548465857533027, "best_feature_sim": 0.4217067310370165, "best_0_weight_diff": 0.0016350488876923919, "best_1_weight_diff": 0.0013103762175887823, "best_2_weight_diff": 0.001006718841381371, "best_0_weight_sim": 0.7638866901397705, "best_1_weight_sim": 0.7841023206710815, "best_2_weight_sim": 0.8067598342895508, "num_feature_traj": 48, "num_feature_timesteps": "28017", "final_test_returns": 3599.0836678036853, "final_test_normalized_returns": 93.3270793475777, "best_return": 3686.673451885284, "best_return_normalized": 95.40992204801758, "convergence_step": "25000", "convergence_iter": "5", "best_step": "75000", "best_iter": "15", "best_5percent_normalized": 95.40992204801758, "best_10percent_normalized": 94.56973561369736, "best_25percent_normalized": 93.1487730904212, "best_50percent_normalized": 89.7494828081572, "best_100percent_normalized": 82.81904117859938, "best_later_half_normalized": 84.99683248539233, "best_last_four_normalized": 81.26028682233277, "target_steps": 5000}