{
    "final_weight_diff": 0.001452428987249732,
    "final_weight_sim": 0.7621307373046875,
    "final_feature_diff": 0.30299536264961086,
    "final_feature_sim": 0.6769401229022693,
    "final_0_weight_diff": 0.0017397090559825301,
    "final_1_weight_diff": 0.0015305313281714916,
    "final_2_weight_diff": 0.0010820464231073856,
    "final_0_weight_sim": 0.7293573617935181,
    "final_1_weight_sim": 0.7594460844993591,
    "final_2_weight_sim": 0.7821252942085266,
    "best_weight_diff": 0.0012934504775330424,
    "best_weight_sim": 0.7828072905540466,
    "best_feature_diff": 0.29153001244223176,
    "best_feature_sim": 0.6900422492187153,
    "best_0_weight_diff": 0.0015666944673284888,
    "best_1_weight_diff": 0.001354716718196869,
    "best_2_weight_diff": 0.0009553867857903242,
    "best_0_weight_sim": 0.7508253455162048,
    "best_1_weight_sim": 0.7799013257026672,
    "best_2_weight_sim": 0.8028114438056946,
    "num_feature_traj": 204,
    "num_feature_timesteps": "37349",
    "final_test_returns": 2579.4876030484616,
    "final_test_normalized_returns": 79.88023200635149,
    "best_return": 2850.011748294078,
    "best_return_normalized": 88.1923578371407,
    "convergence_step": "75000",
    "convergence_iter": "15",
    "best_step": "85000",
    "best_iter": "17"
}