{
    "final_weight_diff": 0.0014244350604712963,
    "final_weight_sim": 0.7966281175613403,
    "final_feature_diff": 1.9172984228693661,
    "final_feature_sim": 0.3713061015052851,
    "final_0_weight_diff": 0.0018910295329988003,
    "final_1_weight_diff": 0.0014379421481862664,
    "final_2_weight_diff": 0.0009367426973767579,
    "final_0_weight_sim": 0.7483025789260864,
    "final_1_weight_sim": 0.780517578125,
    "final_2_weight_sim": 0.8174906969070435,
    "best_weight_diff": 0.0013783081667497754,
    "best_weight_sim": 0.8019180297851562,
    "best_feature_diff": 1.9055444736464084,
    "best_feature_sim": 0.3763613545410486,
    "best_0_weight_diff": 0.001837355550378561,
    "best_1_weight_diff": 0.0013886474771425128,
    "best_2_weight_diff": 0.0009019619901664555,
    "best_0_weight_sim": 0.7536343336105347,
    "best_1_weight_sim": 0.7861685752868652,
    "best_2_weight_sim": 0.8230886459350586,
    "num_feature_traj": 223,
    "num_feature_timesteps": "196344",
    "final_test_returns": 4077.3527204017496,
    "final_test_normalized_returns": 104.7000860914025,
    "best_return": 5109.941388878898,
    "best_return_normalized": 129.25454519009102,
    "convergence_step": "95000",
    "convergence_iter": "19",
    "best_step": "95000",
    "best_iter": "19"
}