{"final_weight_diff": 0.002548329997807741, "final_weight_sim": 0.6413559913635254, "final_feature_diff": 0.6404935155627903, "final_feature_sim": 0.2656372797795837, "final_0_weight_diff": 0.002592732897028327, "final_1_weight_diff": 0.00234020478092134, "final_2_weight_diff": 0.0026891727466136217, "final_0_weight_sim": 0.575991153717041, "final_1_weight_sim": 0.6557393074035645, "final_2_weight_sim": 0.6598408222198486, "best_weight_diff": 0.0013166047865524888, "best_weight_sim": 0.7970008850097656, "best_feature_diff": 0.5490016585513325, "best_feature_sim": 0.35462320796672664, "best_0_weight_diff": 0.0015856713289394975, "best_1_weight_diff": 0.0011213155230507255, "best_2_weight_diff": 0.0012384315486997366, "best_0_weight_sim": 0.7201492786407471, "best_1_weight_sim": 0.8024228811264038, "best_2_weight_sim": 0.834221601486206, "num_feature_traj": 9, "num_feature_timesteps": "4688", "final_test_returns": 3321.4712709315827, "final_test_normalized_returns": 86.72559082423567, "best_return": 3511.3944264701013, "best_return_normalized": 91.24187160179063, "convergence_step": "35000", "convergence_iter": "7", "best_step": "35000", "best_iter": "7", "best_5percent_normalized": 91.24187160179063, "best_10percent_normalized": 89.56029034140133, "best_25percent_normalized": 87.06256115042771, "best_50percent_normalized": 83.55733541051714, "best_100percent_normalized": 75.71490263087688, "best_later_half_normalized": 74.24158497822816, "best_last_four_normalized": 79.32871664700355, "target_steps": 5000}