{"final_weight_diff": 0.00212657917290926, "final_weight_sim": 0.7460038661956787, "final_feature_diff": 0.30771652993417753, "final_feature_sim": 0.6282715710285766, "final_0_weight_diff": 0.0025419830344617367, "final_1_weight_diff": 0.001866410835646093, "final_2_weight_diff": 0.001963022630661726, "final_0_weight_sim": 0.654303252696991, "final_1_weight_sim": 0.7548946142196655, "final_2_weight_sim": 0.7973830103874207, "best_weight_diff": 0.001400149310939014, "best_weight_sim": 0.8239831924438477, "best_feature_diff": 0.287490999023911, "best_feature_sim": 0.6649948496432881, "best_0_weight_diff": 0.0016991698648780584, "best_1_weight_diff": 0.001210786052979529, "best_2_weight_diff": 0.0012868086341768503, "best_0_weight_sim": 0.7466257214546204, "best_1_weight_sim": 0.8274449110031128, "best_2_weight_sim": 0.8659946322441101, "num_feature_traj": 119, "num_feature_timesteps": "101758", "final_test_returns": 3431.585945647458, "final_test_normalized_returns": 74.71580829087344, "best_return": 3667.413822492711, "best_return_normalized": 79.8529195597102, "convergence_step": "50000", "convergence_iter": "10", "best_step": "50000", "best_iter": "10", "best_5percent_normalized": 79.8529195597102, "best_10percent_normalized": 79.49233884491865, "best_25percent_normalized": 78.28958487416034, "best_50percent_normalized": 76.87655905904295, "best_100percent_normalized": 72.164700142978, "best_later_half_normalized": 72.7747373074022, "best_last_four_normalized": 72.68460011124219, "target_steps": 5000}