current_itr_train_time	current_itr_train_loss_mean	current_itr_train_loss_std	current_itr_eval_2000_return_mean	current_itr_eval_2000_return_std	current_itr_eval_2000_length_mean	current_itr_eval_2000_length_std	current_itr_eval_5000_return_mean	current_itr_eval_5000_return_std	current_itr_eval_5000_length_mean	current_itr_eval_5000_length_std	TestEpRet	TestEpNormRet	Iteration	Steps	total_time	current_eval_time
564.4105091094971	0.09887799792662263	0.09787961109392299	3022.6109395414846	976.4266887619934	872.4	273.9942335159629	3155.1989260860832	852.7649621012561	895.5	226.72328949624915	3155.1989260860832	82.77171488564628	1	5000	674.3272542953491	109.9159767627716
565.301070690155	0.05182399884238839	0.008964793055545118	2309.7553423300687	1146.8898746679145	755.2	345.96843786680887	2219.9919654621704	1253.1733669030305	738.7	292.35835886801664	2219.9919654621704	60.5329456985749	2	10000	1331.8600149154663	92.20644474029541
561.4099020957947	0.047983261519670486	0.008398323531444308	2377.6104400409945	841.7230537166005	832.5	217.40940642023747	2431.328381320287	1279.787910557122	758.5	330.07037128467016	2431.328381320287	65.55842344946346	3	15000	1988.8877110481262	95.59743165969849
560.185311794281	0.04584794786721468	0.00793555064621148	2314.0640177400537	1160.854626133621	822.5	306.09647172092656	2763.0773770095834	1042.24721606557	842.8	316.79829544995977	2763.0773770095834	73.44725410813933	4	20000	2649.063384771347	99.9762134552002
557.856894493103	0.04438783150240779	0.0074940561702381316	2583.9757785667525	989.4614348358722	936.5	168.46438792813157	3371.5291952057532	679.401799410798	1000.0	0.0	3371.5291952057532	87.9159440516908	5	25000	3321.1151237487793	114.18098497390747
553.7621729373932	0.04322772563546896	0.007382135998696154	3123.409496804871	730.3153843162363	930.6	142.77478769026413	3356.603809810714	920.4752549829938	898.1	234.74771564383752	3356.603809810714	87.56102560603794	6	30000	3980.02632689476	105.12764024734497
