{"final_weight_diff": 0.001290598651394248, "final_weight_sim": 0.7553369402885437, "final_feature_diff": 0.3073928903216799, "final_feature_sim": 0.6771681801050782, "final_0_weight_diff": 0.0015079798176884651, "final_1_weight_diff": 0.0012055159313604236, "final_2_weight_diff": 0.0011536063393577933, "final_0_weight_sim": 0.7345829010009766, "final_1_weight_sim": 0.7493360042572021, "final_2_weight_sim": 0.7492213249206543, "best_weight_diff": 0.001290598651394248, "best_weight_sim": 0.7553369402885437, "best_feature_diff": 0.3073928903216799, "best_feature_sim": 0.6771681801050782, "best_0_weight_diff": 0.0015079798176884651, "best_1_weight_diff": 0.0012055159313604236, "best_2_weight_diff": 0.0011536063393577933, "best_0_weight_sim": 0.7345829010009766, "best_1_weight_sim": 0.7493360042572021, "best_2_weight_sim": 0.7492213249206543, "num_feature_traj": 223, "num_feature_timesteps": "196344", "final_test_returns": 4922.957703573646, "final_test_normalized_returns": 124.8081635929338, "best_return": 4922.957703573646, "best_return_normalized": 124.8081635929338, "convergence_step": "100000", "convergence_iter": "20", "best_step": "100000", "best_iter": "20", "best_5percent_normalized": 124.8081635929338, "best_10percent_normalized": 123.50714719539326, "best_25percent_normalized": 117.77308549317915, "best_50percent_normalized": 111.73279732472061, "best_100percent_normalized": 104.11621334429633, "best_later_half_normalized": 105.01777383661445, "best_last_four_normalized": 109.84426175970522}