{"final_weight_diff": 0.001196853001601994, "final_weight_sim": 0.7750945687294006, "final_feature_diff": 0.0993377905822759, "final_feature_sim": 0.7527311139591378, "final_0_weight_diff": 0.0014772434951737523, "final_1_weight_diff": 0.0011495935032144189, "final_2_weight_diff": 0.0009615382296033204, "final_0_weight_sim": 0.7382715940475464, "final_1_weight_sim": 0.771612823009491, "final_2_weight_sim": 0.7893965840339661, "best_weight_diff": 0.0005159868742339313, "best_weight_sim": 0.8882514238357544, "best_feature_diff": 0.10432936019262098, "best_feature_sim": 0.845069399044322, "best_0_weight_diff": 0.0006271745078265667, "best_1_weight_diff": 0.00047693110536783934, "best_2_weight_diff": 0.0004439016047399491, "best_0_weight_sim": 0.8719769716262817, "best_1_weight_sim": 0.8848956227302551, "best_2_weight_sim": 0.8888400197029114, "num_feature_traj": 119, "num_feature_timesteps": "101758", "final_test_returns": 3129.7426198675166, "final_test_normalized_returns": 68.140662167225, "best_return": 3695.169523234923, "best_return_normalized": 80.45753053685453, "convergence_step": "20000", "convergence_iter": "4", "best_step": "25000", "best_iter": "5", "best_5percent_normalized": 80.45753053685453, "best_10percent_normalized": 79.80920869751611, "best_25percent_normalized": 78.59732727059165, "best_50percent_normalized": 76.35984904490492, "best_100percent_normalized": 71.8391249338758, "best_later_half_normalized": 71.8156675251867, "best_last_four_normalized": 71.12229257524854, "target_steps": 10000}