{
    "final_weight_diff": 0.001129428157582879,
    "final_weight_sim": 0.7771735191345215,
    "final_feature_diff": 0.10138627484055053,
    "final_feature_sim": 0.7560050484503835,
    "final_0_weight_diff": 0.001602688804268837,
    "final_1_weight_diff": 0.0009683765820227563,
    "final_2_weight_diff": 0.0008157448028214276,
    "final_0_weight_sim": 0.7168830037117004,
    "final_1_weight_sim": 0.7868127226829529,
    "final_2_weight_sim": 0.8073213696479797,
    "best_weight_diff": 0.0008957188110798597,
    "best_weight_sim": 0.8159298896789551,
    "best_feature_diff": 0.10211800483392673,
    "best_feature_sim": 0.7836085119337888,
    "best_0_weight_diff": 0.0012598122702911496,
    "best_1_weight_diff": 0.0007723540184088051,
    "best_2_weight_diff": 0.000654364179354161,
    "best_0_weight_sim": 0.7665294408798218,
    "best_1_weight_sim": 0.8219613432884216,
    "best_2_weight_sim": 0.8392944931983948,
    "num_feature_traj": 100,
    "num_feature_timesteps": "100000",
    "final_test_returns": 5043.63741526717,
    "final_test_normalized_returns": 42.88151132111329,
    "best_return": 5080.993096523036,
    "best_return_normalized": 43.18239849637901,
    "convergence_step": "5000",
    "convergence_iter": "1",
    "best_step": "70000",
    "best_iter": "14"
}