{
    "final_weight_diff": 0.0010474973823875189,
    "final_weight_sim": 0.7772268056869507,
    "final_feature_diff": 0.2467505962850261,
    "final_feature_sim": 0.7492570143049091,
    "final_0_weight_diff": 0.00127972976770252,
    "final_1_weight_diff": 0.0009631250286474824,
    "final_2_weight_diff": 0.0008971328497864306,
    "final_0_weight_sim": 0.7326008081436157,
    "final_1_weight_sim": 0.7807441353797913,
    "final_2_weight_sim": 0.782478928565979,
    "best_weight_diff": 0.0003277354990132153,
    "best_weight_sim": 0.9183717966079712,
    "best_feature_diff": 0.12288445178687077,
    "best_feature_sim": 0.8951364442034108,
    "best_0_weight_diff": 0.0003852624213322997,
    "best_1_weight_diff": 0.00030347335268743336,
    "best_2_weight_diff": 0.00029456205083988607,
    "best_0_weight_sim": 0.9028699398040771,
    "best_1_weight_sim": 0.916506290435791,
    "best_2_weight_sim": 0.9168137311935425,
    "num_feature_traj": 200,
    "num_feature_timesteps": "200000",
    "final_test_returns": 5009.24881645115,
    "final_test_normalized_returns": 42.604522975265,
    "best_return": 6424.7393955150055,
    "best_return_normalized": 54.00581315740785,
    "convergence_step": "15000",
    "convergence_iter": "3",
    "best_step": "15000",
    "best_iter": "3"
}