{"final_weight_diff": 0.0010478131007403135, "final_weight_sim": 0.618615984916687, "final_feature_diff": 0.8801664147138556, "final_feature_sim": 0.4587742095266564, "final_0_weight_diff": 0.000886079331394285, "final_1_weight_diff": 0.0009784712456166744, "final_2_weight_diff": 0.0010634755017235875, "final_3_weight_diff": 0.0010986016131937504, "final_4_weight_diff": 0.0011423919349908829, "final_5_weight_diff": 0.0011174861574545503, "final_0_weight_sim": 0.6152694225311279, "final_1_weight_sim": 0.6189152002334595, "final_2_weight_sim": 0.6164622902870178, "final_3_weight_sim": 0.6156899333000183, "final_4_weight_sim": 0.6101927161216736, "final_5_weight_sim": 0.5953533053398132, "best_weight_diff": 0.0007500645006075501, "best_weight_sim": 0.6819170713424683, "best_feature_diff": 0.8811597377890166, "best_feature_sim": 0.4775819716886002, "best_0_weight_diff": 0.0006378820980899036, "best_1_weight_diff": 0.0007063403027132154, "best_2_weight_diff": 0.0007687356555834413, "best_3_weight_diff": 0.0007920764619484544, "best_4_weight_diff": 0.0008175380062311888, "best_5_weight_diff": 0.000777683628257364, "best_0_weight_sim": 0.6858287453651428, "best_1_weight_sim": 0.6828692555427551, "best_2_weight_sim": 0.6773774027824402, "best_3_weight_sim": 0.6747792363166809, "best_4_weight_sim": 0.669395923614502, "best_5_weight_sim": 0.661600649356842, "num_feature_traj": 204, "num_feature_timesteps": "37349", "final_test_returns": 2357.796862173652, "final_test_normalized_returns": 73.06856152865997, "best_return": 2828.999486417681, "best_return_normalized": 87.5467350054059, "convergence_step": "5000", "convergence_iter": "1", "best_step": "70000", "best_iter": "14", "best_5percent_normalized": 87.5467350054059, "best_10percent_normalized": 87.07103000054758, "best_25percent_normalized": 84.20102838829094, "best_50percent_normalized": 80.7195624407253, "best_100percent_normalized": 70.70187888744162, "best_later_half_normalized": 78.3246472898913, "best_last_four_normalized": 81.5264822571072}