{
    "final_weight_diff": 0.0011972389183938503,
    "final_weight_sim": 0.8065574169158936,
    "final_feature_diff": 0.3615010056558795,
    "final_feature_sim": 0.7051354803334189,
    "final_0_weight_diff": 0.0015375058865174651,
    "final_1_weight_diff": 0.0012432116782292724,
    "final_2_weight_diff": 0.0008073784993030131,
    "final_0_weight_sim": 0.7693328857421875,
    "final_1_weight_sim": 0.798765242099762,
    "final_2_weight_sim": 0.8410646915435791,
    "best_weight_diff": 0.0005343781667761505,
    "best_weight_sim": 0.9036068916320801,
    "best_feature_diff": 0.2510340167725305,
    "best_feature_sim": 0.7995992744025383,
    "best_0_weight_diff": 0.0007155511993914843,
    "best_1_weight_diff": 0.0005280842306092381,
    "best_2_weight_diff": 0.00035904720425605774,
    "best_0_weight_sim": 0.8760074973106384,
    "best_1_weight_sim": 0.9007028341293335,
    "best_2_weight_sim": 0.9254650473594666,
    "num_feature_traj": 321,
    "num_feature_timesteps": "203500",
    "final_test_returns": 3304.224815935282,
    "final_test_normalized_returns": 102.14851013842453,
    "best_return": 3626.995054501601,
    "best_return_normalized": 112.0659496148942,
    "convergence_step": "35000",
    "convergence_iter": "7",
    "best_step": "35000",
    "best_iter": "7"
}