{
    "final_weight_diff": 0.0021519858855754137,
    "final_weight_sim": 0.6831468939781189,
    "final_feature_diff": 0.407565838285937,
    "final_feature_sim": 0.6055699498734607,
    "final_0_weight_diff": 0.002328406786546111,
    "final_1_weight_diff": 0.0017927628941833973,
    "final_2_weight_diff": 0.0023154872469604015,
    "final_0_weight_sim": 0.6201655864715576,
    "final_1_weight_sim": 0.6937079429626465,
    "final_2_weight_sim": 0.7031900882720947,
    "best_weight_diff": 0.0020882543176412582,
    "best_weight_sim": 0.6915091276168823,
    "best_feature_diff": 0.4053107169477674,
    "best_feature_sim": 0.6089649437088329,
    "best_0_weight_diff": 0.002265491057187319,
    "best_1_weight_diff": 0.0017364758532494307,
    "best_2_weight_diff": 0.0022452492266893387,
    "best_0_weight_sim": 0.6284108757972717,
    "best_1_weight_sim": 0.701578676700592,
    "best_2_weight_sim": 0.7118440866470337,
    "num_feature_traj": 16,
    "num_feature_timesteps": "16000",
    "final_test_returns": 4311.152819681303,
    "final_test_normalized_returns": 36.98159962142032,
    "best_return": 4844.501228259729,
    "best_return_normalized": 41.27753776776132,
    "convergence_step": "35000",
    "convergence_iter": "7",
    "best_step": "95000",
    "best_iter": "19"
}