{"final_weight_diff": 0.001654009916819632, "final_weight_sim": 0.7619219422340393, "final_feature_diff": 0.17637782448193642, "final_feature_sim": 0.754002418730219, "final_0_weight_diff": 0.002158169401809573, "final_1_weight_diff": 0.001605728641152382, "final_2_weight_diff": 0.0011934585636481643, "final_0_weight_sim": 0.7290250062942505, "final_1_weight_sim": 0.7717345952987671, "final_2_weight_sim": 0.7833957076072693, "best_weight_diff": 0.0015394884394481778, "best_weight_sim": 0.775436520576477, "best_feature_diff": 0.17467511940512404, "best_feature_sim": 0.7574752736785778, "best_0_weight_diff": 0.002016958314925432, "best_1_weight_diff": 0.001491984585300088, "best_2_weight_diff": 0.0011054568458348513, "best_0_weight_sim": 0.7435271143913269, "best_1_weight_sim": 0.7845794558525085, "best_2_weight_sim": 0.7967576384544373, "num_feature_traj": 200, "num_feature_timesteps": "200000", "final_test_returns": 9229.998975877004, "final_test_normalized_returns": 76.6012150519906, "best_return": 11127.169986382623, "best_return_normalized": 91.88227558029809, "convergence_step": "65000", "convergence_iter": "13", "best_step": "90000", "best_iter": "18", "best_5percent_normalized": 91.88227558029809, "best_10percent_normalized": 91.28395010121375, "best_25percent_normalized": 78.19502337537838, "best_50percent_normalized": 63.306979604550364, "best_100percent_normalized": 52.86472498433447, "best_later_half_normalized": 59.1564216388154, "best_last_four_normalized": 64.3006399268159, "target_steps": 