{
    "final_weight_diff": 0.00016389577649533749,
    "final_weight_sim": 0.8771751523017883,
    "final_feature_diff": 0.7137368027489102,
    "final_feature_sim": 0.6641876905505294,
    "final_0_weight_diff": 0.002064892090857029,
    "final_1_weight_diff": 0.002178541151806712,
    "final_2_weight_diff": 0.0017108408501371741,
    "final_0_weight_sim": 0.9999998807907104,
    "final_1_weight_sim": 0.9999999403953552,
    "final_2_weight_sim": 1.0,
    "best_weight_diff": 5.6403499911539257e-05,
    "best_weight_sim": 0.9511643052101135,
    "best_feature_diff": 0.4379701759329217,
    "best_feature_sim": 0.7920091965955773,
    "best_0_weight_diff": 0.0006582450005225837,
    "best_1_weight_diff": 0.0007418878376483917,
    "best_2_weight_diff": 0.0006484177429229021,
    "best_0_weight_sim": 1.0,
    "best_1_weight_sim": 1.0,
    "best_2_weight_sim": 1.0,
    "num_feature_traj": 50,
    "num_feature_timesteps": "50000",
    "final_test_returns": 4875.860343831062,
    "final_test_normalized_returns": 41.53012466715317,
    "best_return": 5036.512691672598,
    "best_return_normalized": 42.82412412096463,
    "convergence_step": "5000",
    "convergence_iter": "1",
    "best_step": "15000",
    "best_iter": "3"
}