{"final_weight_diff": 0.0014328741235658526, "final_weight_sim": 0.8225308656692505, "final_feature_diff": 1.9756916632820087, "final_feature_sim": 0.4218864954434761, "final_0_weight_diff": 0.002062405925244093, "final_1_weight_diff": 0.0012935459380969405, "final_2_weight_diff": 0.0009355182992294431, "final_0_weight_sim": 0.7698691487312317, "final_1_weight_sim": 0.8320460915565491, "final_2_weight_sim": 0.8306942582130432, "best_weight_diff": 0.0011665559140965343, "best_weight_sim": 0.8506608605384827, "best_feature_diff": 1.9101963745169341, "best_feature_sim": 0.446684332491382, "best_0_weight_diff": 0.0017428986029699445, "best_1_weight_diff": 0.0010071436408907175, "best_2_weight_diff": 0.0007448159740306437, "best_0_weight_sim": 0.7996058464050293, "best_1_weight_sim": 0.8631278872489929, "best_2_weight_sim": 0.8598999977111816, "num_feature_traj": 240, "num_feature_timesteps": "200308", "final_test_returns": 3658.451689674093, "final_test_normalized_returns": 94.73882219280652, "best_return": 3848.126134131139, "best_return_normalized": 99.2491887411395, "convergence_step": "70000", "convergence_iter": "14", "best_step": "75000", "best_iter": "15", "best_5percent_normalized": 99.2491887411395, "best_10percent_normalized": 99.02348738772048, "best_25percent_normalized": 97.35806146083033, "best_50percent_normalized": 94.91830568024731, "best_100percent_normalized": 89.31799085718798, "best_later_half_normalized": 93.10198074832802, "best_last_four_normalized": 91.04175692589214, "target_steps": 10000}