{"final_weight_diff": 2387.847900390625, "final_feature_diff": 93.57740536789245, "best_weight_diff": 2388.605224609375, "best_feature_diff": 93.75023776785348, "num_feature_traj": 200, "num_feature_timesteps": "200000", "final_test_returns": 4610.735312226308, "final_test_normalized_returns": 39.394633647584016, "best_return": 4688.896054810756, "best_return_normalized": 40.024191569224456, "convergence_step": "5000", "convergence_iter": "1", "best_step": "65000", "best_iter": "13", "best_5percent_normalized": 40.024191569224456, "best_10percent_normalized": 39.81560173238208, "best_25percent_normalized": 39.61190343269537, "best_50percent_normalized": 39.23747809587532, "best_100percent_normalized": 25.65172123784251, "best_later_half_normalized": 39.23747809587532, "best_last_four_normalized": 39.46323017007141}