{
    "final_weight_diff": 0.0011260219616815448,
    "final_weight_sim": 0.7748841643333435,
    "final_feature_diff": 0.2171065482071992,
    "final_feature_sim": 0.778322535240968,
    "final_0_weight_diff": 0.0013146535493433475,
    "final_1_weight_diff": 0.0010713200317695737,
    "final_2_weight_diff": 0.0009903570171445608,
    "final_0_weight_sim": 0.7453425526618958,
    "final_1_weight_sim": 0.770163893699646,
    "final_2_weight_sim": 0.7752213478088379,
    "best_weight_diff": 0.0005635401466861367,
    "best_weight_sim": 0.8704864978790283,
    "best_feature_diff": 0.15135276464690417,
    "best_feature_sim": 0.8516462010383232,
    "best_0_weight_diff": 0.0006769364699721336,
    "best_1_weight_diff": 0.0005402141832746565,
    "best_2_weight_diff": 0.0004733901296276599,
    "best_0_weight_sim": 0.8490662574768066,
    "best_1_weight_sim": 0.8645066022872925,
    "best_2_weight_sim": 0.8735973834991455,
    "num_feature_traj": 219,
    "num_feature_timesteps": "197797",
    "final_test_returns": 4901.232063907322,
    "final_test_normalized_returns": 106.729562289384,
    "best_return": 5027.062285714608,
    "best_return_normalized": 109.47056076273496,
    "convergence_step": "15000",
    "convergence_iter": "3",
    "best_step": "35000",
    "best_iter": "7"
}