{
    "final_weight_diff": 0.0016825447091832757,
    "final_weight_sim": 0.7306388020515442,
    "final_feature_diff": 0.2870650469500096,
    "final_feature_sim": 0.6064099116292755,
    "final_0_weight_diff": 0.0018225939711555839,
    "final_1_weight_diff": 0.0017981455894187093,
    "final_2_weight_diff": 0.0014222911559045315,
    "final_0_weight_sim": 0.6756412982940674,
    "final_1_weight_sim": 0.7302712798118591,
    "final_2_weight_sim": 0.7647573947906494,
    "best_weight_diff": 0.0011077553499490023,
    "best_weight_sim": 0.8107037544250488,
    "best_feature_diff": 0.275188715254674,
    "best_feature_sim": 0.6273153584719078,
    "best_0_weight_diff": 0.0012518797302618623,
    "best_1_weight_diff": 0.0011375468457117677,
    "best_2_weight_diff": 0.0009316039504483342,
    "best_0_weight_sim": 0.7610856890678406,
    "best_1_weight_sim": 0.8121293783187866,
    "best_2_weight_sim": 0.8404536843299866,
    "num_feature_traj": 96,
    "num_feature_timesteps": "77566",
    "final_test_returns": 3205.6621458656286,
    "final_test_normalized_returns": 83.97170584418777,
    "best_return": 3946.468187613292,
    "best_return_normalized": 101.58771520731676,
    "convergence_step": "15000",
    "convergence_iter": "3",
    "best_step": "50000",
    "best_iter": "10"
}