{"final_weight_diff": 0.0019439433235675097, "final_weight_sim": 0.7437463402748108, "final_feature_diff": 0.28092865448475285, "final_feature_sim": 0.8137677227345608, "final_0_weight_diff": 0.002106719184666872, "final_1_weight_diff": 0.001899789203889668, "final_2_weight_diff": 0.0018247528932988644, "final_0_weight_sim": 0.7173743844032288, "final_1_weight_sim": 0.731082022190094, "final_2_weight_sim": 0.7307479977607727, "best_weight_diff": 0.0005149489152245224, "best_weight_sim": 0.8943992853164673, "best_feature_diff": 0.1623163411441817, "best_feature_sim": 0.8690987643622894, "best_0_weight_diff": 0.0005245530046522617, "best_1_weight_diff": 0.0004753753310069442, "best_2_weight_diff": 0.000544213515240699, "best_0_weight_sim": 0.8815196752548218, "best_1_weight_sim": 0.8894084095954895, "best_2_weight_sim": 0.8782950043678284, "num_feature_traj": 20, "num_feature_timesteps": "2746", "final_test_returns": 503.3703599058851, "final_test_normalized_returns": 16.08944634910746, "best_return": 1801.5146675052677, "best_return_normalized": 55.97623287417692, "convergence_step": "5000", "convergence_iter": "1", "best_step": "10000", "best_iter": "2", "best_5percent_normalized": 55.97623287417692, "best_10percent_normalized": 55.67441438773544, "best_25percent_normalized": 42.2372257723968, "best_50percent_normalized": 34.58588208617832, "best_100percent_normalized": 26.225925863088616, "best_later_half_normalized": 22.62055930326286}