{"final_weight_diff": 0.0013159433146938682, "final_weight_sim": 0.8124772310256958, "final_feature_diff": 1.6473818429549107, "final_feature_sim": 0.4673539288070544, "final_0_weight_diff": 0.001707235467620194, "final_1_weight_diff": 0.0012977086007595062, "final_2_weight_diff": 0.0009381073759868741, "final_0_weight_sim": 0.768021821975708, "final_1_weight_sim": 0.8039231896400452, "final_2_weight_sim": 0.8201014399528503, "best_weight_diff": 0.0006058879662305117, "best_weight_sim": 0.902218759059906, "best_feature_diff": 1.2488448932696512, "best_feature_sim": 0.6084782134587573, "best_0_weight_diff": 0.0008331332355737686, "best_1_weight_diff": 0.0005617460119538009, "best_2_weight_diff": 0.0004218032700009644, "best_0_weight_sim": 0.8674899339675903, "best_1_weight_sim": 0.9003327488899231, "best_2_weight_sim": 0.9101789593696594, "num_feature_traj": 219, "num_feature_timesteps": "197797", "final_test_returns": 4933.037792702466, "final_test_normalized_returns": 107.42239627488568, "best_return": 5016.021516144558, "best_return_normalized": 109.23005627898324, "convergence_step": "20000", "convergence_iter": "4", "best_step": "35000", "best_iter": "7", "best_5percent_normalized": 109.23005627898324, "best_10percent_normalized": 108.69293330507348, "best_25percent_normalized": 108.24664975155278, "best_50percent_normalized": 107.90168782856779, "best_100percent_normalized": 100.22963284976649, "best_later_half_normalized": 107.63213296569822, "best_last_four_normalized": 107.54732422386179, "target_steps": 20000}