{"final_weight_diff": 0.00122424541041255, "final_weight_sim": 0.7619891166687012, "final_feature_diff": 0.2582376500335786, "final_feature_sim": 0.6533969183465379, "final_0_weight_diff": 0.001230150694027543, "final_1_weight_diff": 0.001204273197799921, "final_2_weight_diff": 0.0012367480667307973, "final_0_weight_sim": 0.7519205808639526, "final_1_weight_sim": 0.7558451890945435, "final_2_weight_sim": 0.7405784726142883, "best_weight_diff": 0.0011685140198096633, "best_weight_sim": 0.7697700262069702, "best_feature_diff": 0.24686632090691077, "best_feature_sim": 0.6733910443711942, "best_0_weight_diff": 0.0011841788655146956, "best_1_weight_diff": 0.0011495694052428007, "best_2_weight_diff": 0.0011704418575391173, "best_0_weight_sim": 0.7592436671257019, "best_1_weight_sim": 0.7630600333213806, "best_2_weight_sim": 0.7497556805610657, "num_feature_traj": 204, "num_feature_timesteps": "37349", "final_test_returns": 1726.0084743742343, "final_test_normalized_returns": 53.65622932055996, "best_return": 2582.9945586792383, "best_return_normalized": 79.98798673729998, "convergence_step": "45000", "convergence_iter": "9", "best_step": "95000", "best_iter": "19", "best_5percent_normalized": 79.98798673729998, "best_10percent_normalized": 79.39541400834719, "best_25percent_normalized": 73.8685715602464, "best_50percent_normalized": 63.89643485033098, "best_100percent_normalized": 49.802150669018076, "best_later_half_normalized": 54.82619189282765, "best_last_four_normalized": 62.10968592663395, "target_steps": 10000}