{"final_weight_diff": 0.0014027627184987068, "final_weight_sim": 0.6836087703704834, "final_feature_diff": 0.6778483907422, "final_feature_sim": 0.6250818700979555, "final_0_weight_diff": 0.0014236505376175046, "final_1_weight_diff": 0.0014056293293833733, "final_2_weight_diff": 0.0014330234844237566, "final_3_weight_diff": 0.0013491209829226136, "final_0_weight_sim": 0.6680184006690979, "final_1_weight_sim": 0.6746112704277039, "final_2_weight_sim": 0.6733763813972473, "final_3_weight_sim": 0.6707609295845032, "best_weight_diff": 0.0008507686434313655, "best_weight_sim": 0.764458417892456, "best_feature_diff": 0.6212869087123952, "best_feature_sim": 0.6610783767452759, "best_0_weight_diff": 0.0008949631010182202, "best_1_weight_diff": 0.000837372790556401, "best_2_weight_diff": 0.0008388505666516721, "best_3_weight_diff": 0.0008321126224473119, "best_0_weight_sim": 0.7502385973930359, "best_1_weight_sim": 0.7570903301239014, "best_2_weight_sim": 0.7553943991661072, "best_3_weight_sim": 0.7495860457420349, "num_feature_traj": 109, "num_feature_timesteps": "31150", "final_test_returns": 3408.018488420707, "final_test_normalized_returns": 74.20243111207276, "best_return": 3412.1042765665275, "best_return_normalized": 74.2914330935465, "convergence_step": "5000", "convergence_iter": "1", "best_step": "50000", "best_iter": "10", "best_5percent_normalized": 74.2914330935465, "best_10percent_normalized": 74.24693210280964, "best_25percent_normalized": 72.46946008184273, "best_50percent_normalized": 67.28148265971073, "best_100percent_normalized": 51.607231572056946, "best_later_half_normalized": 61.51180548160647}