{"final_weight_diff": 0.0013787861680611968, "final_weight_sim": 0.7667518854141235, "final_feature_diff": 0.2893688141920775, "final_feature_sim": 0.7242327833001642, "final_0_weight_diff": 0.0017091660993173718, "final_1_weight_diff": 0.0014488756423816085, "final_2_weight_diff": 0.0009736543288454413, "final_0_weight_sim": 0.7292764186859131, "final_1_weight_sim": 0.7636283040046692, "final_2_weight_sim": 0.7940840721130371, "best_weight_diff": 0.0011882325634360313, "best_weight_sim": 0.7922070622444153, "best_feature_diff": 0.28060440591206454, "best_feature_sim": 0.7353189777040356, "best_0_weight_diff": 0.0014914448838680983, "best_1_weight_diff": 0.0012349856551736593, "best_2_weight_diff": 0.0008350692805834115, "best_0_weight_sim": 0.7557543516159058, "best_1_weight_sim": 0.7894185185432434, "best_2_weight_sim": 0.8185432553291321, "num_feature_traj": 87, "num_feature_timesteps": "79976", "final_test_returns": 4936.375236956776, "final_test_normalized_returns": 107.49509685090445, "best_return": 4972.548690412286, "best_return_normalized": 108.28307432780376, "convergence_step": "30000", "convergence_iter": "6", "best_step": "80000", "best_iter": "16", "best_5percent_normalized": 108.28307432780376, "best_10percent_normalized": 108.04326210345708, "best_25percent_normalized": 107.77231034512029, "best_50percent_normalized": 106.7677835537082, "best_100percent_normalized": 94.17933841975808, "best_later_half_normalized": 103.06524128281751, "best_last_four_normalized": 96.65783815900713, "target_steps": 30000}