{"final_weight_diff": 0.0009779080282896757, "final_weight_sim": 0.7904966473579407, "final_feature_diff": 0.18237666761005644, "final_feature_sim": 0.7926473118834422, "final_0_weight_diff": 0.0010356083512306213, "final_1_weight_diff": 0.000970424385741353, "final_2_weight_diff": 0.0009274210897274315, "final_0_weight_sim": 0.7690033912658691, "final_1_weight_sim": 0.7817170023918152, "final_2_weight_sim": 0.7821712493896484, "best_weight_diff": 0.0009779080282896757, "best_weight_sim": 0.7904966473579407, "best_feature_diff": 0.18237666761005644, "best_feature_sim": 0.7926473118834422, "best_0_weight_diff": 0.0010356083512306213, "best_1_weight_diff": 0.000970424385741353, "best_2_weight_diff": 0.0009274210897274315, "best_0_weight_sim": 0.7690033912658691, "best_1_weight_sim": 0.7817170023918152, "best_2_weight_sim": 0.7821712493896484, "num_feature_traj": 174, "num_feature_timesteps": "81732", "final_test_returns": 2338.156821443149, "final_test_normalized_returns": 72.46510156864218, "best_return": 2338.156821443149, "best_return_normalized": 72.46510156864218, "convergence_step": "100000", "convergence_iter": "20", "best_step": "100000", "best_iter": "20", "best_5percent_normalized": 72.46510156864218, "best_10percent_normalized": 70.7613565973194, "best_25percent_normalized": 67.83943903402039, "best_50percent_normalized": 63.9519728556701, "best_100percent_normalized": 58.75617020938987, "best_later_half_normalized": 63.05601865772644, "best_last_four_normalized": 64.64510858981998, "target_steps": 5000}