{
    "final_weight_diff": 0.0011839540675282478,
    "final_weight_sim": 0.7702909708023071,
    "final_feature_diff": 0.36643350554076237,
    "final_feature_sim": 0.6899235479951092,
    "final_0_weight_diff": 0.001378666958771646,
    "final_1_weight_diff": 0.001270738197490573,
    "final_2_weight_diff": 0.0008995863026939332,
    "final_0_weight_sim": 0.7434453964233398,
    "final_1_weight_sim": 0.7464033961296082,
    "final_2_weight_sim": 0.7919948697090149,
    "best_weight_diff": 0.0007441353518515825,
    "best_weight_sim": 0.8402165174484253,
    "best_feature_diff": 0.3229786714513855,
    "best_feature_sim": 0.7363444254556486,
    "best_0_weight_diff": 0.0008647746290080249,
    "best_1_weight_diff": 0.0008011340396478772,
    "best_2_weight_diff": 0.000565752387046814,
    "best_0_weight_sim": 0.8182222843170166,
    "best_1_weight_sim": 0.8174631595611572,
    "best_2_weight_sim": 0.859124481678009,
    "num_feature_traj": 219,
    "num_feature_timesteps": "197797",
    "final_test_returns": 4974.008332652651,
    "final_test_normalized_returns": 108.3148701642492,
    "best_return": 4995.343977009585,
    "best_return_normalized": 108.77963107597898,
    "convergence_step": "25000",
    "convergence_iter": "5",
    "best_step": "50000",
    "best_iter": "10"
}