{"final_weight_diff": 0.002032374031841755, "final_weight_sim": 0.7454211711883545, "final_feature_diff": 0.17313069275078896, "final_feature_sim": 0.6022684760656267, "final_0_weight_diff": 0.0020482807885855436, "final_1_weight_diff": 0.0017496782820671797, "final_2_weight_diff": 0.0022961606737226248, "final_0_weight_sim": 0.6797111630439758, "final_1_weight_sim": 0.7440105676651001, "final_2_weight_sim": 0.7752846479415894, "best_weight_diff": 0.0014135873643681407, "best_weight_sim": 0.8134005665779114, "best_feature_diff": 0.16418885543037842, "best_feature_sim": 0.6294686963064824, "best_0_weight_diff": 0.0014721376355737448, "best_1_weight_diff": 0.001189914532005787, "best_2_weight_diff": 0.001577286166138947, "best_0_weight_sim": 0.7538288235664368, "best_1_weight_sim": 0.8110218644142151, "best_2_weight_sim": 0.8409527540206909, "num_feature_traj": 119, "num_feature_timesteps": "101758", "final_test_returns": 3115.675482095306, "final_test_normalized_returns": 67.83423337290004, "best_return": 3644.420779002696, "best_return_normalized": 79.35205501223808, "convergence_step": "55000", "convergence_iter": "11", "best_step": "55000", "best_iter": "11", "best_5percent_normalized": 79.35205501223808, "best_10percent_normalized": 78.56163788968573, "best_25percent_normalized": 77.09985018176687, "best_50percent_normalized": 74.76565528740299, "best_100percent_normalized": 70.16234462419689, "best_later_half_normalized": 72.56661885573484, "best_last_four_normalized": 74.22815301503884}