{"final_weight_diff": 0.001294467132538557, "final_weight_sim": 0.7758517861366272, "final_feature_diff": 0.605854212867407, "final_feature_sim": 0.41341439247649353, "final_0_weight_diff": 0.0018647512188181281, "final_1_weight_diff": 0.001291037886403501, "final_2_weight_diff": 0.0007229181355796754, "final_0_weight_sim": 0.7218225002288818, "final_1_weight_sim": 0.7730212211608887, "final_2_weight_sim": 0.8340616226196289, "best_weight_diff": 0.0009302851976826787, "best_weight_sim": 0.829191267490387, "best_feature_diff": 0.5733477093829898, "best_feature_sim": 0.4596862425150025, "best_0_weight_diff": 0.0013889091787859797, "best_1_weight_diff": 0.0008965887827798724, "best_2_weight_diff": 0.0005029806052334607, "best_0_weight_sim": 0.7810717225074768, "best_1_weight_sim": 0.8285852670669556, "best_2_weight_sim": 0.8795788288116455, "num_feature_traj": 120, "num_feature_timesteps": "106539", "final_test_returns": 3848.5733952737537, "final_test_normalized_returns": 99.25982439478167, "best_return": 3944.811483339346, "best_return_normalized": 101.54831958098936, "convergence_step": "40000", "convergence_iter": "8", "best_step": "60000", "best_iter": "12", "best_5percent_normalized": 101.54831958098936, "best_10percent_normalized": 100.9510304768791, "best_25percent_normalized": 99.72110017174933, "best_50percent_normalized": 96.03324330918285, "best_100percent_normalized": 90.7519358650813, "best_later_half_normalized": 91.5638461977746, "best_last_four_normalized": 92.25917496577328, "target_steps": 10000}