{"final_weight_diff": 0.0013685754965990782, "final_weight_sim": 0.767982542514801, "final_feature_diff": 0.3226796566048865, "final_feature_sim": 0.6945042700933914, "final_0_weight_diff": 0.0017278766026720405, "final_1_weight_diff": 0.0014101122505962849, "final_2_weight_diff": 0.0009617568575777113, "final_0_weight_sim": 0.729550838470459, "final_1_weight_sim": 0.7678449153900146, "final_2_weight_sim": 0.7950594425201416, "best_weight_diff": 0.001229044166393578, "best_weight_sim": 0.7865418791770935, "best_feature_diff": 0.3126885220901096, "best_feature_sim": 0.7067040308593379, "best_0_weight_diff": 0.001565106795169413, "best_1_weight_diff": 0.0012568150414153934, "best_2_weight_diff": 0.0008605801267549396, "best_0_weight_sim": 0.7488350868225098, "best_1_weight_sim": 0.7864791750907898, "best_2_weight_sim": 0.8129517436027527, "num_feature_traj": 1314, "num_feature_timesteps": "1198183", "final_test_returns": 4208.550679796257, "final_test_normalized_returns": 91.64067037536584, "best_return": 5010.6191032366605, "best_return_normalized": 109.11237385483844, "convergence_step": "10000", "convergence_iter": "2", "best_step": "85000", "best_iter": "17", "best_5percent_normalized": 109.11237385483844, "best_10percent_normalized": 109.00306941234996, "best_25percent_normalized": 108.49190870104198, "best_50percent_normalized": 108.04747320053043, "best_100percent_normalized": 103.6736917563334, "best_later_half_normalized": 103.7333012900978, "best_last_four_normalized": 104.02572269756506, "target_steps": 10000}