{"final_weight_diff": 0.0008765133679844439, "final_weight_sim": 0.8166444301605225, "final_feature_diff": 0.5656595744735189, "final_feature_sim": 0.700063881633677, "final_0_weight_diff": 0.001233617658726871, "final_1_weight_diff": 0.0008195601403713226, "final_2_weight_diff": 0.0005733142024837434, "final_0_weight_sim": 0.7607728838920593, "final_1_weight_sim": 0.8115618824958801, "final_2_weight_sim": 0.8463345170021057, "best_weight_diff": 0.0006694738985970616, "best_weight_sim": 0.8532774448394775, "best_feature_diff": 0.48507397852244905, "best_feature_sim": 0.7466137243840881, "best_0_weight_diff": 0.000937813485506922, "best_1_weight_diff": 0.0006211925065144897, "best_2_weight_diff": 0.00044793300912715495, "best_0_weight_sim": 0.8046519756317139, "best_1_weight_sim": 0.8492388725280762, "best_2_weight_sim": 0.8763747215270996, "num_feature_traj": 100, "num_feature_timesteps": "100000", "final_test_returns": 5038.09951307562, "final_test_normalized_returns": 42.836905422056056, "best_return": 5077.5094408049135, "best_return_normalized": 43.15433884672506, "convergence_step": "5000", "convergence_iter": "1", "best_step": "70000", "best_iter": "14", "best_5percent_normalized": 43.15433884672506, "best_10percent_normalized": 43.10758154182669, "best_25percent_normalized": 43.022958484248136, "best_50percent_normalized": 42.86278603347065, "best_100percent_normalized": 42.378279775535134, "best_later_half_normalized": 42.488992151091736, "best_last_four_normalized": 42.38402204943783}