{"final_weight_diff": 0.0010676756501197815, "final_weight_sim": 0.7771963477134705, "final_feature_diff": 0.20055201369694203, "final_feature_sim": 0.7345227964846338, "final_0_weight_diff": 0.0013896889286115766, "final_1_weight_diff": 0.00100929185282439, "final_2_weight_diff": 0.0008025360875762999, "final_0_weight_sim": 0.7287738919258118, "final_1_weight_sim": 0.7801883816719055, "final_2_weight_sim": 0.8006334900856018, "best_weight_diff": 0.00017783379007596523, "best_weight_sim": 0.9525505900382996, "best_feature_diff": 0.24566863953902, "best_feature_sim": 0.9169919142646236, "best_0_weight_diff": 0.0001732687233015895, "best_1_weight_diff": 0.00018382552661933005, "best_2_weight_diff": 0.0001764786575222388, "best_0_weight_sim": 0.9514802694320679, "best_1_weight_sim": 0.948072612285614, "best_2_weight_sim": 0.9483431577682495, "num_feature_traj": 200, "num_feature_timesteps": "200000", "final_test_returns": 5104.538619810198, "final_test_normalized_returns": 43.372049595056666, "best_return": 5142.182932118936, "best_return_normalized": 43.67526159426544, "convergence_step": "5000", "convergence_iter": "1", "best_step": "5000", "best_iter": "1", "best_5percent_normalized": 43.67526159426544, "best_10percent_normalized": 43.57580645789315, "best_25percent_normalized": 43.39333121779038, "best_50percent_normalized": 43.102852104630685, "best_100percent_normalized": 42.335210927309184, "best_later_half_normalized": 42.61595014831768, "best_last_four_normalized": 42.741841033381974}