{"final_weight_diff": 0.001341360853984952, "final_weight_sim": 0.7752565145492554, "final_feature_diff": 0.33661534806082616, "final_feature_sim": 0.680677169834675, "final_0_weight_diff": 0.0017023159889504313, "final_1_weight_diff": 0.0013691374333575368, "final_2_weight_diff": 0.0009497468709014356, "final_0_weight_sim": 0.7338767051696777, "final_1_weight_sim": 0.7781071066856384, "final_2_weight_sim": 0.800430417060852, "best_weight_diff": 0.001190073206089437, "best_weight_sim": 0.7949774861335754, "best_feature_diff": 0.3250613162164333, "best_feature_sim": 0.6933155171188403, "best_0_weight_diff": 0.001527037238702178, "best_1_weight_diff": 0.0012019578134641051, "best_2_weight_diff": 0.0008391106384806335, "best_0_weight_sim": 0.754352331161499, "best_1_weight_sim": 0.7979325652122498, "best_2_weight_sim": 0.8197504281997681, "num_feature_traj": 321, "num_feature_timesteps": "203500", "final_test_returns": 3532.0456996245666, "final_test_normalized_returns": 109.14853540562426, "best_return": 3558.0470415237187, "best_return_normalized": 109.9474527275472, "convergence_step": "15000", "convergence_iter": "3", "best_step": "85000", "best_iter": "17", "best_5percent_normalized": 109.9474527275472, "best_10percent_normalized": 109.79212842949562, "best_25percent_normalized": 108.53684151174357, "best_50percent_normalized": 105.39189271502373, "best_100percent_normalized": 84.54206901403121, "best_later_half_normalized": 90.70557586843903, "best_last_four_normalized": 94.72798788928628}