{
    "final_weight_diff": 0.001110208802856505,
    "final_weight_sim": 0.7774874567985535,
    "final_feature_diff": 0.21977040053893931,
    "final_feature_sim": 0.743851359530105,
    "final_0_weight_diff": 0.0014061625115573406,
    "final_1_weight_diff": 0.0010577028151601553,
    "final_2_weight_diff": 0.0008642373722977936,
    "final_0_weight_sim": 0.7467121481895447,
    "final_1_weight_sim": 0.771606981754303,
    "final_2_weight_sim": 0.7870247960090637,
    "best_weight_diff": 0.00032560821273364127,
    "best_weight_sim": 0.921640157699585,
    "best_feature_diff": 0.13406163435812288,
    "best_feature_sim": 0.881678436718856,
    "best_0_weight_diff": 0.00036226556403562427,
    "best_1_weight_diff": 0.0003211332077626139,
    "best_2_weight_diff": 0.0002934545336756855,
    "best_0_weight_sim": 0.9179284572601318,
    "best_1_weight_sim": 0.9131463170051575,
    "best_2_weight_sim": 0.9169775247573853,
    "num_feature_traj": 200,
    "num_feature_timesteps": "200000",
    "final_test_returns": 4976.0438358614565,
    "final_test_normalized_returns": 42.3370682674803,
    "best_return": 7755.8657135852,
    "best_return_normalized": 64.72757820895825,
    "convergence_step": "15000",
    "convergence_iter": "3",
    "best_step": "15000",
    "best_iter": "3"
}