current_itr_train_time	current_itr_train_loss_mean	current_itr_train_loss_std	current_itr_eval_5000_return_mean	current_itr_eval_5000_return_std	current_itr_eval_5000_length_mean	current_itr_eval_5000_length_std	current_itr_eval_2500_return_mean	current_itr_eval_2500_return_std	current_itr_eval_2500_length_mean	current_itr_eval_2500_length_std	TestEpRet	TestEpNormRet	Iteration	Steps	total_time	current_eval_time
1838.6419668197632	0.22975819322541355	0.2696875106940834	3088.2920519688437	809.1295715039232	820.9	192.7866437282417	3457.812703735406	501.4574234629195	910.0	120.76340505302092	3088.2920519688437	67.23773168122617	1	5000	2396.543858528137	557.9009547233582
1629.1943833827972	0.056130346094071866	0.006585530479821512	3608.4403783540265	137.31016071280118	986.9	39.3	3615.0167442691695	157.99728990317112	983.2	50.4	3608.4403783540265	78.56828286408434	2	10000	4725.029065132141	699.1680588722229
1744.2529883384705	0.04736820104941726	0.004210820058390959	3402.885895589804	570.383622776653	952.9	137.99887680702332	3454.8502483650445	541.961665838811	960.0	120.0	3402.885895589804	74.09062626176117	3	15000	6981.263190507889	511.8690083026886
1529.2670958042145	0.043927968248724934	0.003608860489095918	3517.0307846260635	280.64954503401185	982.4	52.800000000000004	2836.3984779040225	1122.6783015391095	830.3	255.82026893895645	3517.0307846260635	76.57707953264848	4	20000	9104.886472940445	594.2341623306274
