{"final_weight_diff": 0.001177328173071146, "final_weight_sim": 0.7836463451385498, "final_feature_diff": 1.0524700359950754, "final_feature_sim": 0.3829369891525081, "final_0_weight_diff": 0.001367606921121478, "final_1_weight_diff": 0.0011538674589246511, "final_2_weight_diff": 0.0010032533900812268, "final_0_weight_sim": 0.7542058229446411, "final_1_weight_sim": 0.7731856107711792, "final_2_weight_sim": 0.7851032018661499, "best_weight_diff": 0.0006963874911889434, "best_weight_sim": 0.8577647805213928, "best_feature_diff": 0.8982472007190396, "best_feature_sim": 0.5082922532813976, "best_0_weight_diff": 0.0008938034297898412, "best_1_weight_diff": 0.0006585798691958189, "best_2_weight_diff": 0.0005357923801057041, "best_0_weight_sim": 0.8258448839187622, "best_1_weight_sim": 0.8510122895240784, "best_2_weight_sim": 0.8660924434661865, "num_feature_traj": 48, "num_feature_timesteps": "28017", "final_test_returns": 2895.0981377942417, "final_test_normalized_returns": 76.58664394440923, "best_return": 3737.300922418247, "best_return_normalized": 96.6138188100313, "convergence_step": "50000", "convergence_iter": "10", "best_step": "50000", "best_iter": "10", "best_5percent_normalized": 96.6138188100313, "best_10percent_normalized": 94.41158449650615, "best_25percent_normalized": 91.24419440655836, "best_50percent_normalized": 86.07603898192113, "best_100percent_normalized": 79.14172847581594, "best_later_half_normalized": 78.7396185692947, "best_last_four_normalized": 81.47406216517547}