{
    "final_weight_diff": 0.0009190546115860343,
    "final_weight_sim": 0.8105905055999756,
    "final_feature_diff": 0.6139071521865703,
    "final_feature_sim": 0.6738228476138703,
    "final_0_weight_diff": 0.0011658532312139869,
    "final_1_weight_diff": 0.0009598028264008462,
    "final_2_weight_diff": 0.0006286774296313524,
    "final_0_weight_sim": 0.7684170603752136,
    "final_1_weight_sim": 0.791790246963501,
    "final_2_weight_sim": 0.834711492061615,
    "best_weight_diff": 0.0003431527584325522,
    "best_weight_sim": 0.9182953834533691,
    "best_feature_diff": 0.33282525609099134,
    "best_feature_sim": 0.8298928663184708,
    "best_0_weight_diff": 0.0004264840972609818,
    "best_1_weight_diff": 0.0003391635254956782,
    "best_2_weight_diff": 0.00026367296231910586,
    "best_0_weight_sim": 0.8951491713523865,
    "best_1_weight_sim": 0.9107964038848877,
    "best_2_weight_sim": 0.9248260855674744,
    "num_feature_traj": 100,
    "num_feature_timesteps": "100000",
    "final_test_returns": 5051.696255542805,
    "final_test_normalized_returns": 42.94642251011945,
    "best_return": 5114.611115390705,
    "best_return_normalized": 43.453180085552525,
    "convergence_step": "15000",
    "convergence_iter": "3",
    "best_step": "25000",
    "best_iter": "5"
}