{"final_weight_diff": 0.001118614454753697, "final_weight_sim": 0.7806649804115295, "final_feature_diff": 0.665541200195502, "final_feature_sim": 0.5876905000383373, "final_0_weight_diff": 0.0012515903217718005, "final_1_weight_diff": 0.0010971043957397342, "final_2_weight_diff": 0.0009988666279241443, "final_0_weight_sim": 0.7495871782302856, "final_1_weight_sim": 0.7756316661834717, "final_2_weight_sim": 0.7785812020301819, "best_weight_diff": 0.0010789450025185943, "best_weight_sim": 0.7871134281158447, "best_feature_diff": 0.6575902325035102, "best_feature_sim": 0.5942410302497307, "best_0_weight_diff": 0.0012147760717198253, "best_1_weight_diff": 0.0010546414414420724, "best_2_weight_diff": 0.0009600910125300288, "best_0_weight_sim": 0.7561482191085815, "best_1_weight_sim": 0.782181441783905, "best_2_weight_sim": 0.7851988673210144, "num_feature_traj": 20, "num_feature_timesteps": "20000", "final_test_returns": 4772.978179570736, "final_test_normalized_returns": 40.70144418941051, "best_return": 4813.57504440059, "best_return_normalized": 41.02843798453453, "convergence_step": "15000", "convergence_iter": "3", "best_step": "95000", "best_iter": "19", "best_5percent_normalized": 41.02843798453453, "best_10percent_normalized": 40.86494108697252, "best_25percent_normalized": 40.52259806503993, "best_50percent_normalized": 40.26443438295397, "best_100percent_normalized": 38.83437315961169, "best_later_half_normalized": 39.959891965626525, "best_last_four_normalized": 40.30041376639805}