{
    "final_weight_diff": 0.0014014968182891607,
    "final_weight_sim": 0.7464950084686279,
    "final_feature_diff": 0.14249458943726476,
    "final_feature_sim": 0.6500415444304017,
    "final_0_weight_diff": 0.0018421541899442673,
    "final_1_weight_diff": 0.0013308846391737461,
    "final_2_weight_diff": 0.0010245266603305936,
    "final_0_weight_sim": 0.6995588541030884,
    "final_1_weight_sim": 0.7452139258384705,
    "final_2_weight_sim": 0.7756998538970947,
    "best_weight_diff": 0.0011790991993620992,
    "best_weight_sim": 0.7774251699447632,
    "best_feature_diff": 0.1360123705413089,
    "best_feature_sim": 0.6789862837476508,
    "best_0_weight_diff": 0.0015770570607855916,
    "best_1_weight_diff": 0.0011028836015611887,
    "best_2_weight_diff": 0.0008534791995771229,
    "best_0_weight_sim": 0.7330039143562317,
    "best_1_weight_sim": 0.7756398916244507,
    "best_2_weight_sim": 0.8042342662811279,
    "num_feature_traj": 223,
    "num_feature_timesteps": "196344",
    "final_test_returns": 4438.701526734532,
    "final_test_normalized_returns": 113.29278593048136,
    "best_return": 5339.868431194131,
    "best_return_normalized": 134.72209904630182,
    "convergence_step": "70000",
    "convergence_iter": "14",
    "best_step": "75000",
    "best_iter": "15"
}