{
    "final_weight_diff": 0.0010285918833687901,
    "final_weight_sim": 0.7837716341018677,
    "final_feature_diff": 0.29620696940585295,
    "final_feature_sim": 0.7424674022236445,
    "final_0_weight_diff": 0.0012305864365771413,
    "final_1_weight_diff": 0.0010425440268591046,
    "final_2_weight_diff": 0.0008110233466140926,
    "final_0_weight_sim": 0.753108561038971,
    "final_1_weight_sim": 0.7676035165786743,
    "final_2_weight_sim": 0.7968225479125977,
    "best_weight_diff": 0.0007152844336815178,
    "best_weight_sim": 0.839913010597229,
    "best_feature_diff": 0.25467501150916355,
    "best_feature_sim": 0.7821557673988717,
    "best_0_weight_diff": 0.0008743877988308668,
    "best_1_weight_diff": 0.0007159387459978461,
    "best_2_weight_diff": 0.0005549195338971913,
    "best_0_weight_sim": 0.8154698610305786,
    "best_1_weight_sim": 0.8258048892021179,
    "best_2_weight_sim": 0.8507789969444275,
    "num_feature_traj": 100,
    "num_feature_timesteps": "100000",
    "final_test_returns": 4996.293430481256,
    "final_test_normalized_returns": 42.50017179338563,
    "best_return": 5131.402531454603,
    "best_return_normalized": 43.58842917159039,
    "convergence_step": "10000",
    "convergence_iter": "2",
    "best_step": "60000",
    "best_iter": "12"
}