{
    "final_weight_diff": 0.0013150975573807955,
    "final_weight_sim": 0.7764773368835449,
    "final_feature_diff": 0.2943795982792399,
    "final_feature_sim": 0.7210801576325774,
    "final_0_weight_diff": 0.0016189353773370385,
    "final_1_weight_diff": 0.0013935542665421963,
    "final_2_weight_diff": 0.0009298273362219334,
    "final_0_weight_sim": 0.7385212182998657,
    "final_1_weight_sim": 0.7745775580406189,
    "final_2_weight_sim": 0.8022100925445557,
    "best_weight_diff": 0.0012662761146202683,
    "best_weight_sim": 0.782841145992279,
    "best_feature_diff": 0.2907188879238731,
    "best_feature_sim": 0.725055290046917,
    "best_0_weight_diff": 0.0015644782688468695,
    "best_1_weight_diff": 0.0013384752674028277,
    "best_2_weight_diff": 0.0008931643678806722,
    "best_0_weight_sim": 0.7451344132423401,
    "best_1_weight_sim": 0.7809510231018066,
    "best_2_weight_sim": 0.8085113763809204,
    "num_feature_traj": 192,
    "num_feature_timesteps": "120258",
    "final_test_returns": 3166.1150456754804,
    "final_test_normalized_returns": 97.90494885549886,
    "best_return": 3519.753050143503,
    "best_return_normalized": 108.77083141477488,
    "convergence_step": "95000",
    "convergence_iter": "19",
    "best_step": "95000",
    "best_iter": "19"
}