{"final_weight_diff": 49.1700325012207, "final_feature_diff": 28.383423505133678, "best_weight_diff": 29.428991317749023, "best_feature_diff": 27.25950214976403, "num_feature_traj": 164, "num_feature_timesteps": "148623", "final_test_returns": 4990.438612478351, "final_test_normalized_returns": 108.6727760096982, "best_return": 5009.618923363651, "best_return_normalized": 109.09058662864096, "convergence_step": "5000", "convergence_iter": "1", "best_step": "30000", "best_iter": "6", "best_5percent_normalized": 109.09058662864096, "best_10percent_normalized": 109.0872347104675, "best_25percent_normalized": 108.68258451534618, "best_50percent_normalized": 108.22564771390992, "best_100percent_normalized": 97.60861052427148, "best_later_half_normalized": 107.34962286384174}