{
    "final_weight_diff": 0.0012849717168137431,
    "final_weight_sim": 0.7785508036613464,
    "final_feature_diff": 0.34772933902032405,
    "final_feature_sim": 0.6667456000364272,
    "final_0_weight_diff": 0.0015657157637178898,
    "final_1_weight_diff": 0.0013476347085088491,
    "final_2_weight_diff": 0.0009392640204168856,
    "final_0_weight_sim": 0.740159273147583,
    "final_1_weight_sim": 0.7760301828384399,
    "final_2_weight_sim": 0.8024532794952393,
    "best_weight_diff": 0.00046836858382448554,
    "best_weight_sim": 0.9052737951278687,
    "best_feature_diff": 0.2409177261320055,
    "best_feature_sim": 0.7787227129714541,
    "best_0_weight_diff": 0.0006046118214726448,
    "best_1_weight_diff": 0.00044782081386074424,
    "best_2_weight_diff": 0.0003526042855810374,
    "best_0_weight_sim": 0.8810685873031616,
    "best_1_weight_sim": 0.9066615104675293,
    "best_2_weight_sim": 0.9172646403312683,
    "num_feature_traj": 128,
    "num_feature_timesteps": "81102",
    "final_test_returns": 2513.174064423839,
    "final_test_normalized_returns": 77.84268198717554,
    "best_return": 3625.529612074713,
    "best_return_normalized": 112.02092242577208,
    "convergence_step": "25000",
    "convergence_iter": "5",
    "best_step": "25000",
    "best_iter": "5"
}