{"final_weight_diff": 0.0009524580091238022, "final_weight_sim": 0.8108758330345154, "final_feature_diff": 0.8754349574737514, "final_feature_sim": 0.4615673271338235, "final_0_weight_diff": 0.0014743682695552707, "final_1_weight_diff": 0.0008717819000594318, "final_2_weight_diff": 0.0005078436806797981, "final_0_weight_sim": 0.7515854835510254, "final_1_weight_sim": 0.8118916749954224, "final_2_weight_sim": 0.8617525696754456, "best_weight_diff": 0.0009203205117955804, "best_weight_sim": 0.8159215450286865, "best_feature_diff": 0.8669175207681908, "best_feature_sim": 0.46836041734105416, "best_0_weight_diff": 0.0014328105608001351, "best_1_weight_diff": 0.0008351026917807758, "best_2_weight_diff": 0.0004899443010799587, "best_0_weight_sim": 0.7567110657691956, "best_1_weight_sim": 0.8177758455276489, "best_2_weight_sim": 0.8660269379615784, "num_feature_traj": 120, "num_feature_timesteps": "106539", "final_test_returns": 3489.238312647057, "final_test_normalized_returns": 90.715009931445, "best_return": 3834.863669941357, "best_return_normalized": 98.93381375743364, "convergence_step": "45000", "convergence_iter": "9", "best_step": "95000", "best_iter": "19", "best_5percent_normalized": 98.93381375743364, "best_10percent_normalized": 98.7853736878237, "best_25percent_normalized": 95.38052033785118, "best_50percent_normalized": 92.26860930201431, "best_100percent_normalized": 84.9742800171098, "best_later_half_normalized": 86.49953784684044, "best_last_four_normalized": 85.50894033681155, "target_steps": 5000}