{
    "final_weight_diff": 0.002118439646437764,
    "final_weight_sim": 0.709176778793335,
    "final_feature_diff": 0.2545450134311737,
    "final_feature_sim": 0.5982513541087866,
    "final_0_weight_diff": 0.0025443623308092356,
    "final_1_weight_diff": 0.0021570278331637383,
    "final_2_weight_diff": 0.0016424308996647596,
    "final_0_weight_sim": 0.6809813380241394,
    "final_1_weight_sim": 0.7122129797935486,
    "final_2_weight_sim": 0.7300692796707153,
    "best_weight_diff": 0.002118439646437764,
    "best_weight_sim": 0.709176778793335,
    "best_feature_diff": 0.2545450134311737,
    "best_feature_sim": 0.5982513541087866,
    "best_0_weight_diff": 0.0025443623308092356,
    "best_1_weight_diff": 0.0021570278331637383,
    "best_2_weight_diff": 0.0016424308996647596,
    "best_0_weight_sim": 0.6809813380241394,
    "best_1_weight_sim": 0.7122129797935486,
    "best_2_weight_sim": 0.7300692796707153,
    "num_feature_traj": 48,
    "num_feature_timesteps": "28017",
    "final_test_returns": 3702.531437392485,
    "final_test_normalized_returns": 95.78701727326194,
    "best_return": 3702.531437392485,
    "best_return_normalized": 95.78701727326194,
    "convergence_step": "100000",
    "convergence_iter": "20",
    "best_step": "100000",
    "best_iter": "20"
}