{
    "final_weight_diff": 0.0019725377205759287,
    "final_weight_sim": 0.8213027119636536,
    "final_feature_diff": 7.9046758050163515,
    "final_feature_sim": 0.3689223669865946,
    "final_0_weight_diff": 0.0019421452889218926,
    "final_1_weight_diff": 0.0020718248561024666,
    "final_2_weight_diff": 0.001888128463178873,
    "final_0_weight_sim": 0.7158074975013733,
    "final_1_weight_sim": 0.76664137840271,
    "final_2_weight_sim": 0.8001595735549927,
    "best_weight_diff": 0.0014805170940235257,
    "best_weight_sim": 0.8594462871551514,
    "best_feature_diff": 7.875598505388141,
    "best_feature_sim": 0.37889584284341493,
    "best_0_weight_diff": 0.0015156416920945048,
    "best_1_weight_diff": 0.0015489001525565982,
    "best_2_weight_diff": 0.0013693259097635746,
    "best_0_weight_sim": 0.7592544555664062,
    "best_1_weight_sim": 0.8120929002761841,
    "best_2_weight_sim": 0.8462780714035034,
    "num_feature_traj": 21,
    "num_feature_timesteps": "5525",
    "final_test_returns": 2593.5280917886057,
    "final_test_normalized_returns": 56.4601359649911,
    "best_return": 3224.647976626524,
    "best_return_normalized": 70.20801478135037,
    "convergence_step": "70000",
    "convergence_iter": "14",
    "best_step": "70000",
    "best_iter": "14"
}