{"final_weight_diff": 0.0013026108499616385, "final_weight_sim": 0.775850236415863, "final_feature_diff": 0.43087086045191486, "final_feature_sim": 0.5991811729183008, "final_0_weight_diff": 0.0015323167899623513, "final_1_weight_diff": 0.0013355101691558957, "final_2_weight_diff": 0.0010373415425419807, "final_0_weight_sim": 0.7504273653030396, "final_1_weight_sim": 0.77394038438797, "final_2_weight_sim": 0.7833963632583618, "best_weight_diff": 0.000937853881623596, "best_weight_sim": 0.8267383575439453, "best_feature_diff": 0.39170851746167634, "best_feature_sim": 0.6397923572971427, "best_0_weight_diff": 0.001141669345088303, "best_1_weight_diff": 0.0009435378015041351, "best_2_weight_diff": 0.0007272252114489675, "best_0_weight_sim": 0.8016282320022583, "best_1_weight_sim": 0.8248998522758484, "best_2_weight_sim": 0.8371706008911133, "num_feature_traj": 321, "num_feature_timesteps": "203500", "final_test_returns": 3436.854629974345, "final_test_normalized_returns": 106.22369426738992, "best_return": 3618.8636846116906, "best_return_normalized": 111.81610511528304, "convergence_step": "20000", "convergence_iter": "4", "best_step": "65000", "best_iter": "13", "best_5percent_normalized": 111.81610511528304, "best_10percent_normalized": 111.70835413132976, "best_25percent_normalized": 109.09603893599714, "best_50percent_normalized": 106.94725859603413, "best_100percent_normalized": 89.88492036096768, "best_later_half_normalized": 101.55225237162406, "best_last_four_normalized": 102.43123924172784}