{
    "final_weight_diff": 0.0012013934319838881,
    "final_weight_sim": 0.7865595817565918,
    "final_feature_diff": 0.33582793633088376,
    "final_feature_sim": 0.6700263018009311,
    "final_0_weight_diff": 0.001455955789424479,
    "final_1_weight_diff": 0.0012707659043371677,
    "final_2_weight_diff": 0.0008759517222642899,
    "final_0_weight_sim": 0.7465447783470154,
    "final_1_weight_sim": 0.7815054059028625,
    "final_2_weight_sim": 0.8131815195083618,
    "best_weight_diff": 0.00047320156591013074,
    "best_weight_sim": 0.9032268524169922,
    "best_feature_diff": 0.25822626001416255,
    "best_feature_sim": 0.7528694570510259,
    "best_0_weight_diff": 0.0006059968727640808,
    "best_1_weight_diff": 0.00047065626131370664,
    "best_2_weight_diff": 0.0003427953051868826,
    "best_0_weight_sim": 0.8784233331680298,
    "best_1_weight_sim": 0.902016818523407,
    "best_2_weight_sim": 0.9183586835861206,
    "num_feature_traj": 174,
    "num_feature_timesteps": "81732",
    "final_test_returns": 1883.7116108152525,
    "final_test_normalized_returns": 58.50181644113918,
    "best_return": 2449.7565838311543,
    "best_return_normalized": 75.89411625719448,
    "convergence_step": "30000",
    "convergence_iter": "6",
    "best_step": "30000",
    "best_iter": "6"
}