{
    "final_weight_diff": 0.002302758628502488,
    "final_weight_sim": 0.6399396061897278,
    "final_feature_diff": 0.4054191123354348,
    "final_feature_sim": 0.6106177734303515,
    "final_0_weight_diff": 0.002335943980142474,
    "final_1_weight_diff": 0.0019989004358649254,
    "final_2_weight_diff": 0.0025517072062939405,
    "final_0_weight_sim": 0.5874089002609253,
    "final_1_weight_sim": 0.6544712781906128,
    "final_2_weight_sim": 0.6464552879333496,
    "best_weight_diff": 0.0006916545098647475,
    "best_weight_sim": 0.88575679063797,
    "best_feature_diff": 0.2920856718753681,
    "best_feature_sim": 0.7446948724810406,
    "best_0_weight_diff": 0.0008315778686664999,
    "best_1_weight_diff": 0.0005719970213249326,
    "best_2_weight_diff": 0.0006707120919600129,
    "best_0_weight_sim": 0.838081955909729,
    "best_1_weight_sim": 0.8844507336616516,
    "best_2_weight_sim": 0.9084693789482117,
    "num_feature_traj": 2,
    "num_feature_timesteps": "2000",
    "final_test_returns": 3341.9531943020475,
    "final_test_normalized_returns": 29.17502970367412,
    "best_return": 4110.346177982815,
    "best_return_normalized": 35.36417112958238,
    "convergence_step": "15000",
    "convergence_iter": "3",
    "best_step": "15000",
    "best_iter": "3"
}