{"final_weight_diff": 0.0011162594892084599, "final_weight_sim": 0.7911120057106018, "final_feature_diff": 0.6932207372423225, "final_feature_sim": 0.5422591677284941, "final_0_weight_diff": 0.0013107776176184416, "final_1_weight_diff": 0.001165465684607625, "final_2_weight_diff": 0.0008699760655872524, "final_0_weight_sim": 0.7583444714546204, "final_1_weight_sim": 0.7758593559265137, "final_2_weight_sim": 0.8038880825042725, "best_weight_diff": 0.0005102599388919771, "best_weight_sim": 0.8878418207168579, "best_feature_diff": 0.4371591696280218, "best_feature_sim": 0.7058623840678702, "best_0_weight_diff": 0.0006542173796333373, "best_1_weight_diff": 0.0004928797134198248, "best_2_weight_diff": 0.00038349226815626025, "best_0_weight_sim": 0.8565989136695862, "best_1_weight_sim": 0.8823140263557434, "best_2_weight_sim": 0.9001491665840149, "num_feature_traj": 204, "num_feature_timesteps": "37349", "final_test_returns": 1607.203129383397, "final_test_normalized_returns": 50.00581587580974, "best_return": 2739.415960183019, "best_return_normalized": 84.7941912657251, "convergence_step": "40000", "convergence_iter": "8", "best_step": "40000", "best_iter": "8", "best_5percent_normalized": 84.7941912657251, "best_10percent_normalized": 84.68925530415956, "best_25percent_normalized": 81.05768095997057, "best_50percent_normalized": 66.34230713174885, "best_100percent_normalized": 44.26062273107023, "best_later_half_normalized": 46.42614938500386, "best_last_four_normalized": 60.4383760690427, "target_steps": 10000}