{
    "final_weight_diff": 0.001186053385026753,
    "final_weight_sim": 0.7696577906608582,
    "final_feature_diff": 0.4210015813701432,
    "final_feature_sim": 0.6360548214883148,
    "final_0_weight_diff": 0.0013150040758773685,
    "final_1_weight_diff": 0.0013193018967285752,
    "final_2_weight_diff": 0.0009211539872922003,
    "final_0_weight_sim": 0.7465094327926636,
    "final_1_weight_sim": 0.7415012717247009,
    "final_2_weight_sim": 0.7900310754776001,
    "best_weight_diff": 0.0002807372948154807,
    "best_weight_sim": 0.9321178793907166,
    "best_feature_diff": 0.15882611660005522,
    "best_feature_sim": 0.8707550852469256,
    "best_0_weight_diff": 0.0002729085099417716,
    "best_1_weight_diff": 0.0003117140440735966,
    "best_2_weight_diff": 0.0002575762919150293,
    "best_0_weight_sim": 0.9296152591705322,
    "best_1_weight_sim": 0.9170299768447876,
    "best_2_weight_sim": 0.9336923956871033,
    "num_feature_traj": 119,
    "num_feature_timesteps": "101758",
    "final_test_returns": 3255.4816180914663,
    "final_test_normalized_returns": 70.87967348916618,
    "best_return": 3515.390130730304,
    "best_return_normalized": 76.54134066356772,
    "convergence_step": "10000",
    "convergence_iter": "2",
    "best_step": "10000",
    "best_iter": "2"
}