{
    "final_weight_diff": 0.0016394815174862742,
    "final_weight_sim": 0.7355996370315552,
    "final_feature_diff": 0.4135374532290778,
    "final_feature_sim": 0.6014191693574238,
    "final_0_weight_diff": 0.0021693590097129345,
    "final_1_weight_diff": 0.0016027087112888694,
    "final_2_weight_diff": 0.001138005405664444,
    "final_0_weight_sim": 0.6908242702484131,
    "final_1_weight_sim": 0.7453279495239258,
    "final_2_weight_sim": 0.7624961733818054,
    "best_weight_diff": 0.0014368862612172961,
    "best_weight_sim": 0.7605549693107605,
    "best_feature_diff": 0.403806423468156,
    "best_feature_sim": 0.6164686932533627,
    "best_0_weight_diff": 0.0019317847909405828,
    "best_1_weight_diff": 0.001386071089655161,
    "best_2_weight_diff": 0.0009867666522040963,
    "best_0_weight_sim": 0.7157415747642517,
    "best_1_weight_sim": 0.7703663110733032,
    "best_2_weight_sim": 0.7878450751304626,
    "num_feature_traj": 223,
    "num_feature_timesteps": "196344",
    "final_test_returns": 4861.487164204994,
    "final_test_normalized_returns": 123.34642389853266,
    "best_return": 5301.019084982046,
    "best_return_normalized": 133.79828038385003,
    "convergence_step": "65000",
    "convergence_iter": "13",
    "best_step": "80000",
    "best_iter": "16"
}