{"final_weight_diff": 0.0018686932744458318, "final_weight_sim": 0.7384181022644043, "final_feature_diff": 0.30931337560253835, "final_feature_sim": 0.5676830046272283, "final_0_weight_diff": 0.002075368072837591, "final_1_weight_diff": 0.0017458365764468908, "final_2_weight_diff": 0.001780835329554975, "final_0_weight_sim": 0.6855263113975525, "final_1_weight_sim": 0.7351776957511902, "final_2_weight_sim": 0.765347421169281, "best_weight_diff": 0.0015565765788778663, "best_weight_sim": 0.7732576727867126, "best_feature_diff": 0.26168569261633545, "best_feature_sim": 0.6530576159102043, "best_0_weight_diff": 0.0017665292834863067, "best_1_weight_diff": 0.0014575677923858166, "best_2_weight_diff": 0.001443008310161531, "best_0_weight_sim": 0.7212244272232056, "best_1_weight_sim": 0.7669050693511963, "best_2_weight_sim": 0.8032611608505249, "num_feature_traj": 321, "num_feature_timesteps": "203500", "final_test_returns": 3200.211350434642, "final_test_normalized_returns": 98.9525920345052, "best_return": 3592.5933376802072, "best_return_normalized": 111.00892234379802, "convergence_step": "75000", "convergence_iter": "15", "best_step": "75000", "best_iter": "15", "best_5percent_normalized": 111.00892234379802, "best_10percent_normalized": 110.56043910253132, "best_25percent_normalized": 107.30198590414216, "best_50percent_normalized": 99.05885528371876, "best_100percent_normalized": 79.2363910878739, "best_later_half_normalized": 84.21154592146355, "best_last_four_normalized": 82.24538223671479, "target_steps": 15000}