{"final_weight_diff": 0.001592008164152503, "final_weight_sim": 0.7398809194564819, "final_feature_diff": 0.1872178585722419, "final_feature_sim": 0.7091443259355604, "final_0_weight_diff": 0.0020115114748477936, "final_1_weight_diff": 0.0014660836895927787, "final_2_weight_diff": 0.0012969323433935642, "final_0_weight_sim": 0.7090857028961182, "final_1_weight_sim": 0.7384775876998901, "final_2_weight_sim": 0.7531903982162476, "best_weight_diff": 0.001592008164152503, "best_weight_sim": 0.7398809194564819, "best_feature_diff": 0.1872178585722419, "best_feature_sim": 0.7091443259355604, "best_0_weight_diff": 0.0020115114748477936, "best_1_weight_diff": 0.0014660836895927787, "best_2_weight_diff": 0.0012969323433935642, "best_0_weight_sim": 0.7090857028961182, "best_1_weight_sim": 0.7384775876998901, "best_2_weight_sim": 0.7531903982162476, "num_feature_traj": 100, "num_feature_timesteps": "100000", "final_test_returns": 5093.786239096662, "final_test_normalized_returns": 43.285442863456254, "best_return": 5093.786239096662, "best_return_normalized": 43.285442863456254, "convergence_step": "5000", "convergence_iter": "1", "best_step": "100000", "best_iter": "20", "best_5percent_normalized": 43.285442863456254, "best_10percent_normalized": 43.250230754220404, "best_25percent_normalized": 43.159862220886325, "best_50percent_normalized": 43.02539797164431, "best_100percent_normalized": 42.59286875744531, "best_later_half_normalized": 42.65937089892354, "best_last_four_normalized": 42.942069968235856}