{"final_weight_diff": 0.001249391003511846, "final_weight_sim": 0.7699699997901917, "final_feature_diff": 0.10621081992921544, "final_feature_sim": 0.7654675669421519, "final_0_weight_diff": 0.0015368083259090781, "final_1_weight_diff": 0.0012173113645985723, "final_2_weight_diff": 0.0009915564442053437, "final_0_weight_sim": 0.7349271178245544, "final_1_weight_sim": 0.7637080550193787, "final_2_weight_sim": 0.7857711911201477, "best_weight_diff": 0.00040301616536453366, "best_weight_sim": 0.9101088643074036, "best_feature_diff": 0.12467863537879983, "best_feature_sim": 0.8842334131116055, "best_0_weight_diff": 0.0004666897584684193, "best_1_weight_diff": 0.00038694607792422175, "best_2_weight_diff": 0.0003555003204382956, "best_0_weight_sim": 0.9010000228881836, "best_1_weight_sim": 0.9032829403877258, "best_2_weight_sim": 0.9091238379478455, "num_feature_traj": 1752, "num_feature_timesteps": "1595930", "final_test_returns": 4982.90702105532, "final_test_normalized_returns": 108.50871303423872, "best_return": 5058.911527195889, "best_return_normalized": 110.16434259847932, "convergence_step": "10000", "convergence_iter": "2", "best_step": "15000", "best_iter": "3", "best_5percent_normalized": 110.16434259847932, "best_10percent_normalized": 109.83954094355948, "best_25percent_normalized": 109.3241651747931, "best_50percent_normalized": 108.85685058740611, "best_100percent_normalized": 104.59136352593592, "best_later_half_normalized": 106.40874132638093, "best_last_four_normalized": 108.41995056435486, "target_steps": 10000}