{
    "final_weight_diff": 0.0010996528435498476,
    "final_weight_sim": 0.8162598609924316,
    "final_feature_diff": 0.4408988620990238,
    "final_feature_sim": 0.6256801930516609,
    "final_0_weight_diff": 0.0013507903786376119,
    "final_1_weight_diff": 0.001167447306215763,
    "final_2_weight_diff": 0.0007778381113894284,
    "final_0_weight_sim": 0.7840889096260071,
    "final_1_weight_sim": 0.8035520315170288,
    "final_2_weight_sim": 0.8465137481689453,
    "best_weight_diff": 0.0009597197640687227,
    "best_weight_sim": 0.8360470533370972,
    "best_feature_diff": 0.4175508886796286,
    "best_feature_sim": 0.648003378022432,
    "best_0_weight_diff": 0.0011964116711169481,
    "best_1_weight_diff": 0.0010036943713203073,
    "best_2_weight_diff": 0.0006767825107090175,
    "best_0_weight_sim": 0.8043645024299622,
    "best_1_weight_sim": 0.8255982995033264,
    "best_2_weight_sim": 0.864498496055603,
    "num_feature_traj": 218,
    "num_feature_timesteps": "100692",
    "final_test_returns": 1825.5497126102853,
    "final_test_normalized_returns": 56.71473375394207,
    "best_return": 2268.418694830729,
    "best_return_normalized": 70.32232764700333,
    "convergence_step": "85000",
    "convergence_iter": "17",
    "best_step": "85000",
    "best_iter": "17"
}