{
    "final_weight_diff": 0.0025518969632685184,
    "final_weight_sim": 0.6894070506095886,
    "final_feature_diff": 0.8814047734049051,
    "final_feature_sim": 0.5642322154159458,
    "final_0_weight_diff": 0.0030134571716189384,
    "final_1_weight_diff": 0.0025239824317395687,
    "final_2_weight_diff": 0.0021191532723605633,
    "final_0_weight_sim": 0.660668671131134,
    "final_1_weight_sim": 0.6678870916366577,
    "final_2_weight_sim": 0.6884695291519165,
    "best_weight_diff": 0.0018118043662980199,
    "best_weight_sim": 0.7438634634017944,
    "best_feature_diff": 0.7874959537542687,
    "best_feature_sim": 0.6170577060909449,
    "best_0_weight_diff": 0.002170494757592678,
    "best_1_weight_diff": 0.0017512424383312464,
    "best_2_weight_diff": 0.0015136308502405882,
    "best_0_weight_sim": 0.7123314738273621,
    "best_1_weight_sim": 0.7250710129737854,
    "best_2_weight_sim": 0.7433009743690491,
    "num_feature_traj": 223,
    "num_feature_timesteps": "196344",
    "final_test_returns": 3934.5882084226687,
    "final_test_normalized_returns": 101.30521504821698,
    "best_return": 5191.964733110786,
    "best_return_normalized": 131.2050206432546,
    "convergence_step": "65000",
    "convergence_iter": "13",
    "best_step": "65000",
    "best_iter": "13"
}