{
    "final_weight_diff": 0.0012000894639641047,
    "final_weight_sim": 0.7830097079277039,
    "final_feature_diff": 0.2896355620694696,
    "final_feature_sim": 0.7288224098431851,
    "final_0_weight_diff": 0.001652614795602858,
    "final_1_weight_diff": 0.0011992466170340776,
    "final_2_weight_diff": 0.0007435008883476257,
    "final_0_weight_sim": 0.7282130122184753,
    "final_1_weight_sim": 0.7868910431861877,
    "final_2_weight_sim": 0.8280976414680481,
    "best_weight_diff": 0.0005231731338426471,
    "best_weight_sim": 0.8942029476165771,
    "best_feature_diff": 0.23098628309583952,
    "best_feature_sim": 0.7944431168971287,
    "best_0_weight_diff": 0.0007242624997161329,
    "best_1_weight_diff": 0.0004939563805237412,
    "best_2_weight_diff": 0.00035045272670686245,
    "best_0_weight_sim": 0.8609067797660828,
    "best_1_weight_sim": 0.8983563184738159,
    "best_2_weight_sim": 0.9152534604072571,
    "num_feature_traj": 800,
    "num_feature_timesteps": "800000",
    "final_test_returns": 5000.926413343318,
    "final_test_normalized_returns": 42.53748887821865,
    "best_return": 5062.270129884501,
    "best_return_normalized": 43.03159143423827,
    "convergence_step": "10000",
    "convergence_iter": "2",
    "best_step": "30000",
    "best_iter": "6"
}