{
    "final_weight_diff": 0.0015478171408176422,
    "final_weight_sim": 0.7725782990455627,
    "final_feature_diff": 0.15511255863137582,
    "final_feature_sim": 0.7823980558244938,
    "final_0_weight_diff": 0.002258818596601486,
    "final_1_weight_diff": 0.00141045858617872,
    "final_2_weight_diff": 0.0009709191508591175,
    "final_0_weight_sim": 0.71958988904953,
    "final_1_weight_sim": 0.7901238203048706,
    "final_2_weight_sim": 0.8163893818855286,
    "best_weight_diff": 0.0006689720321446657,
    "best_weight_sim": 0.8926971554756165,
    "best_feature_diff": 0.1323652174478112,
    "best_feature_sim": 0.821687280840562,
    "best_0_weight_diff": 0.0009713121689856052,
    "best_1_weight_diff": 0.0005944610456936061,
    "best_2_weight_diff": 0.00044054878526367247,
    "best_0_weight_sim": 0.8662240505218506,
    "best_1_weight_sim": 0.9005683064460754,
    "best_2_weight_sim": 0.9130010604858398,
    "num_feature_traj": 100,
    "num_feature_timesteps": "100000",
    "final_test_returns": 5027.693264952088,
    "final_test_normalized_returns": 42.75308666951993,
    "best_return": 5092.706600760854,
    "best_return_normalized": 43.276746747678175,
    "convergence_step": "5000",
    "convergence_iter": "1",
    "best_step": "30000",
    "best_iter": "6"
}