{
    "final_weight_diff": 0.0019470870029181242,
    "final_weight_sim": 0.7429551482200623,
    "final_feature_diff": 0.275873637880071,
    "final_feature_sim": 0.8163950646126071,
    "final_0_weight_diff": 0.002168576465919614,
    "final_1_weight_diff": 0.0018164387438446283,
    "final_2_weight_diff": 0.001855603069998324,
    "final_0_weight_sim": 0.7158536911010742,
    "final_1_weight_sim": 0.7340367436408997,
    "final_2_weight_sim": 0.7270430326461792,
    "best_weight_diff": 0.0019470870029181242,
    "best_weight_sim": 0.7429551482200623,
    "best_feature_diff": 0.275873637880071,
    "best_feature_sim": 0.8163950646126071,
    "best_0_weight_diff": 0.002168576465919614,
    "best_1_weight_diff": 0.0018164387438446283,
    "best_2_weight_diff": 0.001855603069998324,
    "best_0_weight_sim": 0.7158536911010742,
    "best_1_weight_sim": 0.7340367436408997,
    "best_2_weight_sim": 0.7270430326461792,
    "num_feature_traj": 20,
    "num_feature_timesteps": "2746",
    "final_test_returns": 1279.9748060257002,
    "final_test_normalized_returns": 39.95139727048406,
    "best_return": 1279.9748060257002,
    "best_return_normalized": 39.95139727048406,
    "convergence_step": "20000",
    "convergence_iter": "4",
    "best_step": "100000",
    "best_iter": "20"
}