current_itr_train_time	current_itr_train_loss_mean	current_itr_train_loss_std	current_itr_eval_3600_return_mean	current_itr_eval_3600_return_std	current_itr_eval_3600_length_mean	current_itr_eval_3600_length_std	current_itr_eval_1800_return_mean	current_itr_eval_1800_return_std	current_itr_eval_1800_length_mean	current_itr_eval_1800_length_std	TestEpRet	TestEpNormRet	Iteration	Steps	total_time	current_eval_time
1280.0970814228058	0.3591499933645129	0.26931076853377206	687.9694577756422	228.3871875543663	207.8	57.99620677251229	852.8835192096482	108.15175893677194	254.9	25.661059993694728	687.9694577756422	21.761438874397424	1	5000	1331.0582919120789	50.96035695075989
