{"final_weight_diff": 0.0020250550005584955, "final_weight_sim": 0.7244352102279663, "final_feature_diff": 0.22442168710106286, "final_feature_sim": 0.6374998969482808, "final_0_weight_diff": 0.002443056320771575, "final_1_weight_diff": 0.001992165809497237, "final_2_weight_diff": 0.0016313189407810569, "final_0_weight_sim": 0.7014946341514587, "final_1_weight_sim": 0.7308854460716248, "final_2_weight_sim": 0.7344383001327515, "best_weight_diff": 0.0006253438768908381, "best_weight_sim": 0.9034762978553772, "best_feature_diff": 0.15540041459395043, "best_feature_sim": 0.763711182286427, "best_0_weight_diff": 0.0008058174280449748, "best_1_weight_diff": 0.0005858754157088697, "best_2_weight_diff": 0.0004838145396206528, "best_0_weight_sim": 0.8925328254699707, "best_1_weight_sim": 0.9053653478622437, "best_2_weight_sim": 0.9093529582023621, "num_feature_traj": 109, "num_feature_timesteps": "31150", "final_test_returns": 3260.6003148341315, "final_test_normalized_returns": 70.99117563670814, "best_return": 3778.828098653238, "best_return_normalized": 82.27989104938318, "convergence_step": "20000", "convergence_iter": "4", "best_step": "20000", "best_iter": "4", "best_5percent_normalized": 82.27989104938318, "best_10percent_normalized": 81.87468399412543, "best_25percent_normalized": 77.12509990470913, "best_50percent_normalized": 71.46228147256804, "best_100percent_normalized": 59.20564407361244, "best_later_half_normalized": 56.66109393770758, "best_last_four_normalized": 66.37807696674196, "target_steps": 10000}