{
    "final_weight_diff": 0.0019378546858206391,
    "final_weight_sim": 0.7355016469955444,
    "final_feature_diff": 0.34708811411559104,
    "final_feature_sim": 0.6884601337259841,
    "final_0_weight_diff": 0.002109985798597336,
    "final_1_weight_diff": 0.0016693039797246456,
    "final_2_weight_diff": 0.002029284369200468,
    "final_0_weight_sim": 0.6726599931716919,
    "final_1_weight_sim": 0.7484658360481262,
    "final_2_weight_sim": 0.7545175552368164,
    "best_weight_diff": 0.0008771477150730789,
    "best_weight_sim": 0.8629810214042664,
    "best_feature_diff": 0.2856985424884141,
    "best_feature_sim": 0.7553465537269349,
    "best_0_weight_diff": 0.0010023876093328,
    "best_1_weight_diff": 0.0007503976812586188,
    "best_2_weight_diff": 0.0008777587790973485,
    "best_0_weight_sim": 0.8141494393348694,
    "best_1_weight_sim": 0.8634150624275208,
    "best_2_weight_sim": 0.8843274712562561,
    "num_feature_traj": 321,
    "num_feature_timesteps": "203500",
    "final_test_returns": 2687.985640437468,
    "final_test_normalized_returns": 83.21394308176133,
    "best_return": 3633.105640779651,
    "best_return_normalized": 112.25370351019598,
    "convergence_step": "30000",
    "convergence_iter": "6",
    "best_step": "30000",
    "best_iter": "6"
}