{
    "final_weight_diff": 0.0015107764629647136,
    "final_weight_sim": 0.7234322428703308,
    "final_feature_diff": 0.09426875572139287,
    "final_feature_sim": 0.6707267767531292,
    "final_0_weight_diff": 0.0017261223401874304,
    "final_1_weight_diff": 0.0014759049518033862,
    "final_2_weight_diff": 0.0013112060260027647,
    "final_0_weight_sim": 0.6827903985977173,
    "final_1_weight_sim": 0.7268015146255493,
    "final_2_weight_sim": 0.7420267462730408,
    "best_weight_diff": 0.0013201150577515364,
    "best_weight_sim": 0.7508942484855652,
    "best_feature_diff": 0.09447900244442968,
    "best_feature_sim": 0.6887676344673879,
    "best_0_weight_diff": 0.0015227849362418056,
    "best_1_weight_diff": 0.0012857340043410659,
    "best_2_weight_diff": 0.0011401871452108026,
    "best_0_weight_sim": 0.7131326198577881,
    "best_1_weight_sim": 0.7516369819641113,
    "best_2_weight_sim": 0.766750156879425,
    "num_feature_traj": 19,
    "num_feature_timesteps": "10344",
    "final_test_returns": 3334.3317540682065,
    "final_test_normalized_returns": 87.03140689292574,
    "best_return": 3647.529401319337,
    "best_return_normalized": 94.4790954585722,
    "convergence_step": "35000",
    "convergence_iter": "7",
    "best_step": "80000",
    "best_iter": "16"
}