{
    "final_weight_diff": 0.0008103647851385176,
    "final_weight_sim": 0.8303021788597107,
    "final_feature_diff": 0.4275679550978122,
    "final_feature_sim": 0.7312862237728384,
    "final_0_weight_diff": 0.0011961390264332294,
    "final_1_weight_diff": 0.0007061507785692811,
    "final_2_weight_diff": 0.0005271713598631322,
    "final_0_weight_sim": 0.7697048783302307,
    "final_1_weight_sim": 0.8364846110343933,
    "final_2_weight_sim": 0.8619611859321594,
    "best_weight_diff": 0.0003585107624530792,
    "best_weight_sim": 0.9157567024230957,
    "best_feature_diff": 0.25287519364470445,
    "best_feature_sim": 0.8373200833584413,
    "best_0_weight_diff": 0.000533832237124443,
    "best_1_weight_diff": 0.0003014547983184457,
    "best_2_weight_diff": 0.00024010824563447386,
    "best_0_weight_sim": 0.8756142854690552,
    "best_1_weight_sim": 0.9213441014289856,
    "best_2_weight_sim": 0.932841956615448,
    "num_feature_traj": 218,
    "num_feature_timesteps": "100692",
    "final_test_returns": 2340.2612827755847,
    "final_test_normalized_returns": 72.52976325488595,
    "best_return": 2455.6629550844536,
    "best_return_normalized": 76.07559544093317,
    "convergence_step": "35000",
    "convergence_iter": "7",
    "best_step": "35000",
    "best_iter": "7"
}