{"final_weight_diff": 0.002273042919114232, "final_weight_sim": 0.7292513251304626, "final_feature_diff": 0.10805491982555664, "final_feature_sim": 0.700835206854047, "final_0_weight_diff": 0.0021902532316744328, "final_1_weight_diff": 0.002559523331001401, "final_2_weight_diff": 0.0020590140484273434, "final_0_weight_sim": 0.6869032979011536, "final_1_weight_sim": 0.7271523475646973, "final_2_weight_sim": 0.7642425298690796, "best_weight_diff": 0.001841285964474082, "best_weight_sim": 0.7736209630966187, "best_feature_diff": 0.10151356401692703, "best_feature_sim": 0.7194505766804145, "best_0_weight_diff": 0.0018213058356195688, "best_1_weight_diff": 0.0020826891995966434, "best_2_weight_diff": 0.0016134101897478104, "best_0_weight_sim": 0.7308497428894043, "best_1_weight_sim": 0.7694577574729919, "best_2_weight_sim": 0.8105178475379944, "num_feature_traj": 204, "num_feature_timesteps": "37349", "final_test_returns": 2687.756616368536, "final_test_normalized_returns": 83.20690608742015, "best_return": 2904.840636114607, "best_return_normalized": 89.87703043563529, "convergence_step": "75000", "convergence_iter": "15", "best_step": "75000", "best_iter": "15", "best_5percent_normalized": 89.87703043563529, "best_10percent_normalized": 87.33221999720811, "best_25percent_normalized": 84.79238021481304, "best_50percent_normalized": 80.37347625512447, "best_100percent_normalized": 59.848242200776895, "best_later_half_normalized": 79.19317063500695, "best_last_four_normalized": 76.97813378915501}