{"final_weight_diff": 0.0013227303279563785, "final_weight_sim": 0.7711248993873596, "final_feature_diff": 0.49044810902952424, "final_feature_sim": 0.5395113629581767, "final_0_weight_diff": 0.0019081906648352742, "final_1_weight_diff": 0.0012846305035054684, "final_2_weight_diff": 0.0007688216282986104, "final_0_weight_sim": 0.7252569794654846, "final_1_weight_sim": 0.7690573334693909, "final_2_weight_sim": 0.8212156295776367, "best_weight_diff": 0.0006497298600152135, "best_weight_sim": 0.87298184633255, "best_feature_diff": 0.39377588853053025, "best_feature_sim": 0.6466350884293587, "best_0_weight_diff": 0.0009452723315916955, "best_1_weight_diff": 0.0006207668338902295, "best_2_weight_diff": 0.00038149816100485623, "best_0_weight_sim": 0.8397219181060791, "best_1_weight_sim": 0.8714476227760315, "best_2_weight_sim": 0.9054033756256104, "num_feature_traj": 120, "num_feature_timesteps": "106539", "final_test_returns": 2955.7446578063914, "final_test_normalized_returns": 78.02878885707064, "best_return": 3913.633410419044, "best_return_normalized": 100.8069200870103, "convergence_step": "35000", "convergence_iter": "7", "best_step": "35000", "best_iter": "7", "best_5percent_normalized": 100.8069200870103, "best_10percent_normalized": 100.74550289398768, "best_25percent_normalized": 97.06809198412375, "best_50percent_normalized": 94.82785146955156, "best_100percent_normalized": 88.37861024009716, "best_later_half_normalized": 89.24145089354843, "best_last_four_normalized": 88.75590080647105}