{"final_weight_diff": 0.0019104442326352, "final_weight_sim": 0.8174276351928711, "final_feature_diff": 7.739640675563675, "final_feature_sim": 0.3893238722308027, "final_0_weight_diff": 0.0019188624573871493, "final_1_weight_diff": 0.001983942463994026, "final_2_weight_diff": 0.0018093276303261518, "final_0_weight_sim": 0.696540117263794, "final_1_weight_sim": 0.7620103359222412, "final_2_weight_sim": 0.7943844199180603, "best_weight_diff": 0.0005829951842315495, "best_weight_sim": 0.938633143901825, "best_feature_diff": 5.795354946274415, "best_feature_sim": 0.5424679869653891, "best_0_weight_diff": 0.0006991995614953339, "best_1_weight_diff": 0.0005698261666111648, "best_2_weight_diff": 0.00047847192035987973, "best_0_weight_sim": 0.8637501001358032, "best_1_weight_sim": 0.9175825119018555, "best_2_weight_sim": 0.9405531287193298, "num_feature_traj": 5, "num_feature_timesteps": "5000", "final_test_returns": 3608.3716877438615, "final_test_normalized_returns": 31.320939113843647, "best_return": 4406.628566467616, "best_return_normalized": 37.750623951619296, "convergence_step": "5000", "convergence_iter": "1", "best_step": "25000", "best_iter": "5", "best_5percent_normalized": 37.750623951619296, "best_10percent_normalized": 37.43088816458648, "best_25percent_normalized": 36.511068656938306, "best_50percent_normalized": 35.06549122625745, "best_100percent_normalized": 32.434307376769105, "best_later_half_normalized": 32.365477381459144, "best_last_four_normalized": 31.479979450292596}