{"final_weight_diff": 0.0018882418517023325, "final_weight_sim": 0.7072550654411316, "final_feature_diff": 0.3467353640556835, "final_feature_sim": 0.661908849463202, "final_0_weight_diff": 0.0023294456768780947, "final_1_weight_diff": 0.001997574931010604, "final_2_weight_diff": 0.001325655379332602, "final_0_weight_sim": 0.6675700545310974, "final_1_weight_sim": 0.7068822979927063, "final_2_weight_sim": 0.7370771169662476, "best_weight_diff": 0.001129618613049388, "best_weight_sim": 0.8006048798561096, "best_feature_diff": 0.3026660033398343, "best_feature_sim": 0.7178568924981424, "best_0_weight_diff": 0.001457523787394166, "best_1_weight_diff": 0.0011475979117676616, "best_2_weight_diff": 0.0007799106533639133, "best_0_weight_sim": 0.7633436322212219, "best_1_weight_sim": 0.8004404306411743, "best_2_weight_sim": 0.8275797367095947, "num_feature_traj": 219, "num_feature_timesteps": "197797", "final_test_returns": 4981.823619679061, "final_test_normalized_returns": 108.48511296840636, "best_return": 5001.1519792244335, "best_return_normalized": 108.90614857690576, "convergence_step": "15000", "convergence_iter": "3", "best_step": "75000", "best_iter": "15", "best_5percent_normalized": 108.90614857690576, "best_10percent_normalized": 108.80106025836972, "best_25percent_normalized": 108.57145001593268, "best_50percent_normalized": 108.26409778208287, "best_100percent_normalized": 104.21265085471516, "best_later_half_normalized": 107.64512817369827, "best_last_four_normalized": 108.2360386741208, "target_steps": 10000}