{"final_weight_diff": 0.000986218568868935, "final_weight_sim": 0.7924257516860962, "final_feature_diff": 0.20277679811303523, "final_feature_sim": 0.7791117574649442, "final_0_weight_diff": 0.0011568680638447404, "final_1_weight_diff": 0.0009734281920827925, "final_2_weight_diff": 0.0008277554879896343, "final_0_weight_sim": 0.7586017847061157, "final_1_weight_sim": 0.784528374671936, "final_2_weight_sim": 0.7978995442390442, "best_weight_diff": 0.000436457252362743, "best_weight_sim": 0.893245279788971, "best_feature_diff": 0.13390462887879076, "best_feature_sim": 0.8608123281375957, "best_0_weight_diff": 0.0005230281967669725, "best_1_weight_diff": 0.0004151397733949125, "best_2_weight_diff": 0.0003713052428793162, "best_0_weight_sim": 0.8718219995498657, "best_1_weight_sim": 0.8887007236480713, "best_2_weight_sim": 0.8956231474876404, "num_feature_traj": 321, "num_feature_timesteps": "203500", "final_test_returns": 3183.1689050849754, "final_test_normalized_returns": 98.42894579922309, "best_return": 3641.2087527683298, "best_return_normalized": 112.50267975743527, "convergence_step": "35000", "convergence_iter": "7", "best_step": "35000", "best_iter": "7", "best_5percent_normalized": 112.50267975743527, "best_10percent_normalized": 112.33918253592451, "best_25percent_normalized": 110.77988313180485, "best_50percent_normalized": 107.23038400745759, "best_100percent_normalized": 93.08805415869323, "best_later_half_normalized": 103.88069759091638, "best_last_four_normalized": 105.26752223635354}