{"final_weight_diff": 0.001119802356697619, "final_weight_sim": 0.7907298803329468, "final_feature_diff": 0.1043591543209726, "final_feature_sim": 0.7785199355315418, "final_0_weight_diff": 0.0013626327272504568, "final_1_weight_diff": 0.0011038231896236539, "final_2_weight_diff": 0.0008915960206650198, "final_0_weight_sim": 0.7637925744056702, "final_1_weight_sim": 0.7816293239593506, "final_2_weight_sim": 0.8027241826057434, "best_weight_diff": 0.0003562721249181777, "best_weight_sim": 0.9214043617248535, "best_feature_diff": 0.08955215061149238, "best_feature_sim": 0.8822300481857651, "best_0_weight_diff": 0.0004153129120822996, "best_1_weight_diff": 0.0003475506673566997, "best_2_weight_diff": 0.0003060743911191821, "best_0_weight_sim": 0.9147666692733765, "best_1_weight_sim": 0.914422333240509, "best_2_weight_sim": 0.9209979176521301, "num_feature_traj": 321, "num_feature_timesteps": "203500", "final_test_returns": 3052.121935110918, "final_test_normalized_returns": 94.40239614252226, "best_return": 3639.416482769754, "best_return_normalized": 112.44761046320504, "convergence_step": "20000", "convergence_iter": "4", "best_step": "20000", "best_iter": "4", "best_5percent_normalized": 112.44761046320504, "best_10percent_normalized": 112.06771050474234, "best_25percent_normalized": 110.32692958145101, "best_50percent_normalized": 105.72720599601537, "best_100percent_normalized": 92.04295506895409, "best_later_half_normalized": 101.40702726912488}