{"final_weight_diff": 0.001108580152504146, "final_weight_sim": 0.785792350769043, "final_feature_diff": 0.14193968408129237, "final_feature_sim": 0.7100030522885901, "final_0_weight_diff": 0.0013755616964772344, "final_1_weight_diff": 0.0010728229535743594, "final_2_weight_diff": 0.0008764374651946127, "final_0_weight_sim": 0.7497480511665344, "final_1_weight_sim": 0.77897047996521, "final_2_weight_sim": 0.8014402389526367, "best_weight_diff": 0.0008041880209930241, "best_weight_sim": 0.8337778449058533, "best_feature_diff": 0.14481507077814074, "best_feature_sim": 0.750574488354947, "best_0_weight_diff": 0.0010232782224193215, "best_1_weight_diff": 0.0007608059095218778, "best_2_weight_diff": 0.0006282893009483814, "best_0_weight_sim": 0.8027448058128357, "best_1_weight_sim": 0.8276811242103577, "best_2_weight_sim": 0.847223162651062, "num_feature_traj": 321, "num_feature_timesteps": "203500", "final_test_returns": 2724.5042637417487, "final_test_normalized_returns": 84.33601442883747, "best_return": 3616.7273338277664, "best_return_normalized": 111.75046359364156, "convergence_step": "65000", "convergence_iter": "13", "best_step": "65000", "best_iter": "13", "best_5percent_normalized": 111.75046359364156, "best_10percent_normalized": 111.35674375752528, "best_25percent_normalized": 105.76087205675921, "best_50percent_normalized": 100.11411323851044, "best_100percent_normalized": 79.83138250714066, "best_later_half_normalized": 89.71232974012257, "best_last_four_normalized": 92.25335413580073}