current_itr_train_time	current_itr_train_loss_mean	current_itr_train_loss_std	current_itr_eval_2000_return_mean	current_itr_eval_2000_return_std	current_itr_eval_2000_length_mean	current_itr_eval_2000_length_std	current_itr_eval_5000_return_mean	current_itr_eval_5000_return_std	current_itr_eval_5000_length_mean	current_itr_eval_5000_length_std	TestEpRet	TestEpNormRet	Iteration	Steps	total_time	current_eval_time
916.7565550804138	0.09331581586003304	0.1577411539431721	3418.7983836979865	952.2195595109531	882.1	239.3242361316547	3330.6074225140537	860.1178783679187	893.1	222.46727849281564	3330.6074225140537	86.9428440899354	1	5000	1083.9170994758606	167.15914630889893
903.4178380966187	0.018523578317835927	0.0021714445069015717	3311.1974503426145	1029.4559278969634	843.6	256.23980955347275	3311.4697246063674	1152.6141283169084	873.1	280.9207895475164	3311.4697246063674	86.48775889012359	2	10000	2140.0134859085083	152.65913105010986
900.542398929596	0.016689018639922143	0.0017303852531020227	3193.8828638435734	1168.9582389529241	862.4	284.4630731747093	3948.5872303954457	67.98234772680986	1000.0	0.0	3948.5872303954457	101.6381050197476	3	15000	3195.545702934265	154.95397090911865
896.1007783412933	0.015948374605923892	0.001515862771263839	3808.517726414422	294.3674404989125	1000.0	0.0	3296.761877703767	1325.753443828709	839.9	324.9545968285416	3296.761877703767	86.13801340460292	4	20000	4235.166439294815	143.50166773796082
