{"final_weight_diff": 0.0011909542372450233, "final_weight_sim": 0.8448996543884277, "final_feature_diff": 1.2244468196744944, "final_feature_sim": 0.6444798829026479, "final_0_weight_diff": 0.0015976069262251258, "final_1_weight_diff": 0.001147350063547492, "final_2_weight_diff": 0.0008248683880083263, "final_0_weight_sim": 0.7987917065620422, "final_1_weight_sim": 0.8498928546905518, "final_2_weight_sim": 0.8449215292930603, "best_weight_diff": 0.0006555869476869702, "best_weight_sim": 0.9078842997550964, "best_feature_diff": 0.9158682327206412, "best_feature_sim": 0.7362093171258353, "best_0_weight_diff": 0.0009202256333082914, "best_1_weight_diff": 0.00057753681903705, "best_2_weight_diff": 0.0004680479469243437, "best_0_weight_sim": 0.8733727931976318, "best_1_weight_sim": 0.9157534241676331, "best_2_weight_sim": 0.9066563248634338, "num_feature_traj": 321, "num_feature_timesteps": "203500", "final_test_returns": 3613.553259751614, "final_test_normalized_returns": 111.65293698250204, "best_return": 3627.042932386381, "best_return_normalized": 112.06742071094904, "convergence_step": "30000", "convergence_iter": "6", "best_step": "50000", "best_iter": "10", "best_5percent_normalized": 112.06742071094904, "best_10percent_normalized": 112.04682731622671, "best_25percent_normalized": 111.81899488755394, "best_50percent_normalized": 111.34846063556772, "best_100percent_normalized": 87.31936750139741, "best_later_half_normalized": 92.93327275300632, "best_last_four_normalized": 109.3219726897153, "target_steps": 15000}