{
    "final_weight_diff": 0.0015961173921823502,
    "final_weight_sim": 0.7420734167098999,
    "final_feature_diff": 0.4744741424243063,
    "final_feature_sim": 0.5005204512466601,
    "final_0_weight_diff": 0.0018549105152487755,
    "final_1_weight_diff": 0.0016248997999355197,
    "final_2_weight_diff": 0.0012985282810404897,
    "final_0_weight_sim": 0.716736376285553,
    "final_1_weight_sim": 0.7398024797439575,
    "final_2_weight_sim": 0.7525838017463684,
    "best_weight_diff": 0.0013218616368249059,
    "best_weight_sim": 0.7786045670509338,
    "best_feature_diff": 0.45844868605749,
    "best_feature_sim": 0.530229120441483,
    "best_0_weight_diff": 0.0015683372039347887,
    "best_1_weight_diff": 0.0013261646963655949,
    "best_2_weight_diff": 0.0010654183570295572,
    "best_0_weight_sim": 0.7548615336418152,
    "best_1_weight_sim": 0.7764180302619934,
    "best_2_weight_sim": 0.7878907918930054,
    "num_feature_traj": 109,
    "num_feature_timesteps": "31150",
    "final_test_returns": 2351.084702998417,
    "final_test_normalized_returns": 51.178916962089644,
    "best_return": 3430.4508178478463,
    "best_return_normalized": 74.69108145243108,
    "convergence_step": "20000",
    "convergence_iter": "4",
    "best_step": "75000",
    "best_iter": "15"
}