{"final_weight_diff": 0.0011661897879093885, "final_weight_sim": 0.7583608031272888, "final_feature_diff": 0.2772793064294221, "final_feature_sim": 0.6374427819654243, "final_0_weight_diff": 0.0012983460910618305, "final_1_weight_diff": 0.0012130242539569736, "final_2_weight_diff": 0.000980681856162846, "final_0_weight_sim": 0.7292856574058533, "final_1_weight_sim": 0.7461161613464355, "final_2_weight_sim": 0.7660304307937622, "best_weight_diff": 0.0011661897879093885, "best_weight_sim": 0.7583608031272888, "best_feature_diff": 0.2772793064294221, "best_feature_sim": 0.6374427819654243, "best_0_weight_diff": 0.0012983460910618305, "best_1_weight_diff": 0.0012130242539569736, "best_2_weight_diff": 0.000980681856162846, "best_0_weight_sim": 0.7292856574058533, "best_1_weight_sim": 0.7461161613464355, "best_2_weight_sim": 0.7660304307937622, "num_feature_traj": 20, "num_feature_timesteps": "20000", "final_test_returns": 4861.365504046519, "final_test_normalized_returns": 41.41337371382889, "best_return": 4861.365504046519, "best_return_normalized": 41.41337371382889, "convergence_step": "25000", "convergence_iter": "5", "best_step": "100000", "best_iter": "20", "best_5percent_normalized": 41.41337371382889, "best_10percent_normalized": 41.40250932855362, "best_25percent_normalized": 41.17930951808067, "best_50percent_normalized": 40.948600325995784, "best_100percent_normalized": 38.353954373650026, "best_later_half_normalized": 40.69644737032952, "best_last_four_normalized": 40.79014417138983, "target_steps": 20000}