{
    "final_weight_diff": 0.0018653786974027753,
    "final_weight_sim": 0.6938222646713257,
    "final_feature_diff": 0.23988176233288291,
    "final_feature_sim": 0.6926418784638863,
    "final_0_weight_diff": 0.001821091747842729,
    "final_1_weight_diff": 0.002010115422308445,
    "final_2_weight_diff": 0.0017497384687885642,
    "final_0_weight_sim": 0.6524462699890137,
    "final_1_weight_sim": 0.6872170567512512,
    "final_2_weight_sim": 0.7183653116226196,
    "best_weight_diff": 0.0012774864444509149,
    "best_weight_sim": 0.7813118696212769,
    "best_feature_diff": 0.2163443215716185,
    "best_feature_sim": 0.7279831365998987,
    "best_0_weight_diff": 0.0012829332845285535,
    "best_1_weight_diff": 0.0013937311014160514,
    "best_2_weight_diff": 0.0011506740702316165,
    "best_0_weight_sim": 0.7418918609619141,
    "best_1_weight_sim": 0.7730011940002441,
    "best_2_weight_sim": 0.8073734045028687,
    "num_feature_traj": 12,
    "num_feature_timesteps": "12000",
    "final_test_returns": 3619.220880482209,
    "final_test_normalized_returns": 31.408325633034544,
    "best_return": 4676.839640565264,
    "best_return_normalized": 39.92708129565423,
    "convergence_step": "10000",
    "convergence_iter": "2",
    "best_step": "55000",
    "best_iter": "11"
}