{"final_weight_diff": 0.0010907945688813925, "final_weight_sim": 0.7958239316940308, "final_feature_diff": 0.9080834301998982, "final_feature_sim": 0.49841449960196377, "final_0_weight_diff": 0.001382908201776445, "final_1_weight_diff": 0.001016105292364955, "final_2_weight_diff": 0.0008667043875902891, "final_0_weight_sim": 0.7591992020606995, "final_1_weight_sim": 0.792631983757019, "final_2_weight_sim": 0.8019214868545532, "best_weight_diff": 0.0007430880796164274, "best_weight_sim": 0.8499446511268616, "best_feature_diff": 0.7511066036905217, "best_feature_sim": 0.6012892002750114, "best_0_weight_diff": 0.0009955496061593294, "best_1_weight_diff": 0.0006865279865451157, "best_2_weight_diff": 0.0005455213831737638, "best_0_weight_sim": 0.8137372732162476, "best_1_weight_sim": 0.8461151719093323, "best_2_weight_sim": 0.8617026805877686, "num_feature_traj": 48, "num_feature_timesteps": "28017", "final_test_returns": 2997.118720290649, "final_test_normalized_returns": 79.01264405133162, "best_return": 3612.841436899055, "best_return_normalized": 93.65423244237164, "convergence_step": "60000", "convergence_iter": "12", "best_step": "60000", "best_iter": "12", "best_5percent_normalized": 93.65423244237164, "best_10percent_normalized": 90.13329678574459, "best_25percent_normalized": 87.03670033507656, "best_50percent_normalized": 84.80550245792328, "best_100percent_normalized": 77.36420421048845, "best_later_half_normalized": 76.94749095208697, "best_last_four_normalized": 79.9944697282969, "target_steps": 5000}