{"final_weight_diff": 0.0010850364342331886, "final_weight_sim": 0.7815276384353638, "final_feature_diff": 0.20058556569211905, "final_feature_sim": 0.7781279097284992, "final_0_weight_diff": 0.0012700660154223442, "final_1_weight_diff": 0.0010335572296753526, "final_2_weight_diff": 0.0009501524618826807, "final_0_weight_sim": 0.7472519874572754, "final_1_weight_sim": 0.778611958026886, "final_2_weight_sim": 0.7831053733825684, "best_weight_diff": 0.0004986865096725523, "best_weight_sim": 0.8833823800086975, "best_feature_diff": 0.13589713148763222, "best_feature_sim": 0.8584249477525272, "best_0_weight_diff": 0.0006057856371626258, "best_1_weight_diff": 0.00048117426922544837, "best_2_weight_diff": 0.0004091410373803228, "best_0_weight_sim": 0.8593285083770752, "best_1_weight_sim": 0.8781882524490356, "best_2_weight_sim": 0.8889876008033752, "num_feature_traj": 219, "num_feature_timesteps": "197797", "final_test_returns": 4955.040426380951, "final_test_normalized_returns": 107.9016864204184, "best_return": 5047.604504660232, "best_return_normalized": 109.91803824438028, "convergence_step": "30000", "convergence_iter": "6", "best_step": "30000", "best_iter": "6", "best_5percent_normalized": 109.91803824438028, "best_10percent_normalized": 109.21604764913826, "best_25percent_normalized": 108.49681098393326, "best_50percent_normalized": 108.0042646114528, "best_100percent_normalized": 102.08848874601043, "best_later_half_normalized": 103.56841192409578, "best_last_four_normalized": 106.325184619878}