{"final_weight_diff": 0.0010348019422963262, "final_weight_sim": 0.8020180463790894, "final_feature_diff": 0.40983676661568547, "final_feature_sim": 0.7278688099305404, "final_0_weight_diff": 0.0014088141033425927, "final_1_weight_diff": 0.0009751287288963795, "final_2_weight_diff": 0.0007167598814703524, "final_0_weight_sim": 0.7567901015281677, "final_1_weight_sim": 0.8032203912734985, "final_2_weight_sim": 0.8260382413864136, "best_weight_diff": 0.00046820382704026997, "best_weight_sim": 0.8972561955451965, "best_feature_diff": 0.270641726985127, "best_feature_sim": 0.8264261370804268, "best_0_weight_diff": 0.0006359152612276375, "best_1_weight_diff": 0.00044198997784405947, "best_2_weight_diff": 0.0003264463448431343, "best_0_weight_sim": 0.8637913465499878, "best_1_weight_sim": 0.8966344594955444, "best_2_weight_sim": 0.9137775897979736, "num_feature_traj": 219, "num_feature_timesteps": "197797", "final_test_returns": 4969.705681496655, "final_test_normalized_returns": 108.22114418903786, "best_return": 5007.651117033372, "best_return_normalized": 109.04772129732643, "convergence_step": "30000", "convergence_iter": "6", "best_step": "30000", "best_iter": "6", "best_5percent_normalized": 109.04772129732643, "best_10percent_normalized": 108.86176819980079, "best_25percent_normalized": 108.46189671312202, "best_50percent_normalized": 107.9110996040391, "best_100percent_normalized": 95.0468897626578, "best_later_half_normalized": 106.451052172083, "best_last_four_normalized": 107.0109974086395, "target_steps": 30000}