{"final_weight_diff": 0.0011172207305207849, "final_weight_sim": 0.7785800695419312, "final_feature_diff": 0.10930674401126052, "final_feature_sim": 0.7299799573751161, "final_0_weight_diff": 0.0015873044030740857, "final_1_weight_diff": 0.0009416783577762544, "final_2_weight_diff": 0.0008210914093069732, "final_0_weight_sim": 0.7182050943374634, "final_1_weight_sim": 0.78990638256073, "final_2_weight_sim": 0.8069460988044739, "best_weight_diff": 0.0011172207305207849, "best_weight_sim": 0.7785800695419312, "best_feature_diff": 0.10930674401126052, "best_feature_sim": 0.7299799573751161, "best_0_weight_diff": 0.0015873044030740857, "best_1_weight_diff": 0.0009416783577762544, "best_2_weight_diff": 0.0008210914093069732, "best_0_weight_sim": 0.7182050943374634, "best_1_weight_sim": 0.78990638256073, "best_2_weight_sim": 0.8069460988044739, "num_feature_traj": 100, "num_feature_timesteps": "100000", "final_test_returns": 5112.1997090239865, "final_test_normalized_returns": 43.4337570359465, "best_return": 5112.1997090239865, "best_return_normalized": 43.4337570359465, "convergence_step": "5000", "convergence_iter": "1", "best_step": "100000", "best_iter": "20", "best_5percent_normalized": 43.4337570359465, "best_10percent_normalized": 43.32049255710977, "best_25percent_normalized": 43.10990031268631, "best_50percent_normalized": 42.916288263620956, "best_100percent_normalized": 42.5181496920542, "best_later_half_normalized": 42.466981345966325, "best_last_four_normalized": 43.115124329058474, "target_steps": 5000}