{"final_weight_diff": 0.0016128915594890714, "final_weight_sim": 0.7346412539482117, "final_feature_diff": 0.4095189961066065, "final_feature_sim": 0.5944511438302282, "final_0_weight_diff": 0.002085844986140728, "final_1_weight_diff": 0.0016076056053861976, "final_2_weight_diff": 0.0011359526542946696, "final_0_weight_sim": 0.6900505423545837, "final_1_weight_sim": 0.7394547462463379, "final_2_weight_sim": 0.7640449404716492, "best_weight_diff": 0.0014663051115348935, "best_weight_sim": 0.7533964514732361, "best_feature_diff": 0.40250641515656965, "best_feature_sim": 0.6063175256220896, "best_0_weight_diff": 0.00191866559907794, "best_1_weight_diff": 0.0014558344846591353, "best_2_weight_diff": 0.0010171951726078987, "best_0_weight_sim": 0.709262490272522, "best_1_weight_sim": 0.7576161026954651, "best_2_weight_sim": 0.7835178375244141, "num_feature_traj": 44, "num_feature_timesteps": "40164", "final_test_returns": 5257.121153368778, "final_test_normalized_returns": 132.7544088024345, "best_return": 5331.835512563112, "best_return_normalized": 134.53108012658103, "convergence_step": "85000", "convergence_iter": "17", "best_step": "85000", "best_iter": "17", "best_5percent_normalized": 134.53108012658103, "best_10percent_normalized": 133.64274446450776, "best_25percent_normalized": 132.20916712536453, "best_50percent_normalized": 129.48587756157946, "best_100percent_normalized": 120.42481161684361, "best_later_half_normalized": 126.3891831243856, "best_last_four_normalized": 129.52137522080704, "target_steps": 5000}