{"final_weight_diff": 0.002143146237358451, "final_weight_sim": 0.7370467185974121, "final_feature_diff": 0.33483192584232746, "final_feature_sim": 0.6489356167028757, "final_0_weight_diff": 0.0016339501598849893, "final_1_weight_diff": 0.002304116729646921, "final_2_weight_diff": 0.0024818559177219868, "final_0_weight_sim": 0.7700274586677551, "final_1_weight_sim": 0.7304893732070923, "final_2_weight_sim": 0.6926984786987305, "best_weight_diff": 0.0020128258038312197, "best_weight_sim": 0.7509369850158691, "best_feature_diff": 0.34228357660881575, "best_feature_sim": 0.6439479822082738, "best_0_weight_diff": 0.0015159957110881805, "best_1_weight_diff": 0.002183431526646018, "best_2_weight_diff": 0.002330844523385167, "best_0_weight_sim": 0.7850211262702942, "best_1_weight_sim": 0.7427899241447449, "best_2_weight_sim": 0.7077687978744507, "num_feature_traj": 20, "num_feature_timesteps": "20000", "final_test_returns": 4746.202358203102, "final_test_normalized_returns": 40.48577414978404, "best_return": 4858.714557421125, "best_return_normalized": 41.39202124975705, "convergence_step": "15000", "convergence_iter": "3", "best_step": "90000", "best_iter": "18", "best_5percent_normalized": 41.39202124975705, "best_10percent_normalized": 41.30189627580306, "best_25percent_normalized": 41.07556277943862, "best_50percent_normalized": 40.73819390974737, "best_100percent_normalized": 37.87203820607682, "best_later_half_normalized": 39.66196551142056, "best_last_four_normalized": 40.42963306448101}