{"final_weight_diff": 0.000985172693617642, "final_weight_sim": 0.7994813919067383, "final_feature_diff": 0.23980712316889008, "final_feature_sim": 0.7745254724028029, "final_0_weight_diff": 0.0012280691880732775, "final_1_weight_diff": 0.0009692569146864116, "final_2_weight_diff": 0.0007560271769762039, "final_0_weight_sim": 0.7606514692306519, "final_1_weight_sim": 0.7900756597518921, "final_2_weight_sim": 0.8127468228340149, "best_weight_diff": 0.00023721548495814204, "best_weight_sim": 0.9402779340744019, "best_feature_diff": 0.13689795135212, "best_feature_sim": 0.8825551322258038, "best_0_weight_diff": 0.00028563314117491245, "best_1_weight_diff": 0.00021213848958723247, "best_2_weight_diff": 0.00021376716904342175, "best_0_weight_sim": 0.9252229928970337, "best_1_weight_sim": 0.9405525922775269, "best_2_weight_sim": 0.9385817050933838, "num_feature_traj": 120, "num_feature_timesteps": "106539", "final_test_returns": 3655.7216469789537, "final_test_normalized_returns": 94.6739030979705, "best_return": 3977.684059691879, "best_return_normalized": 102.33001354699732, "convergence_step": "10000", "convergence_iter": "2", "best_step": "10000", "best_iter": "2", "best_5percent_normalized": 102.33001354699732, "best_10percent_normalized": 100.85195703697069, "best_25percent_normalized": 99.46085747644868, "best_50percent_normalized": 96.03974268186178, "best_100percent_normalized": 89.24159298608573, "best_later_half_normalized": 90.41872089593384, "best_last_four_normalized": 88.18540816277628}