{"final_weight_diff": 0.0014531532069668174, "final_weight_sim": 0.757924497127533, "final_feature_diff": 0.45396500580149046, "final_feature_sim": 0.5672850607437689, "final_0_weight_diff": 0.0019777182023972273, "final_1_weight_diff": 0.0014725947985425591, "final_2_weight_diff": 0.0009005785104818642, "final_0_weight_sim": 0.7206357717514038, "final_1_weight_sim": 0.7532331347465515, "final_2_weight_sim": 0.7984503507614136, "best_weight_diff": 0.0006904725451022387, "best_weight_sim": 0.870006263256073, "best_feature_diff": 0.35647505059879153, "best_feature_sim": 0.6800370549263138, "best_0_weight_diff": 0.0009950816165655851, "best_1_weight_diff": 0.0006627601105719805, "best_2_weight_diff": 0.00041226582834497094, "best_0_weight_sim": 0.8384515047073364, "best_1_weight_sim": 0.8685568571090698, "best_2_weight_sim": 0.9008022546768188, "num_feature_traj": 223, "num_feature_timesteps": "196344", "final_test_returns": 3338.2652408096933, "final_test_normalized_returns": 87.12494330510768, "best_return": 4290.302030737633, "best_return_normalized": 109.76391769285505, "convergence_step": "20000", "convergence_iter": "4", "best_step": "30000", "best_iter": "6", "best_5percent_normalized": 109.76391769285505, "best_10percent_normalized": 109.23350997516195, "best_25percent_normalized": 106.29470486841478, "best_50percent_normalized": 102.21935880056034, "best_100percent_normalized": 94.70705079876286, "best_later_half_normalized": 94.09792594438332, "best_last_four_normalized": 91.4454618626284}