{"final_weight_diff": 0.0020329649560153484, "final_weight_sim": 0.6946506500244141, "final_feature_diff": 0.33506155275442784, "final_feature_sim": 0.6359594409218908, "final_0_weight_diff": 0.002364597050473094, "final_1_weight_diff": 0.0021656244061887264, "final_2_weight_diff": 0.0015557982260361314, "final_0_weight_sim": 0.6594762802124023, "final_1_weight_sim": 0.693585216999054, "final_2_weight_sim": 0.7150935530662537, "best_weight_diff": 0.001702908775769174, "best_weight_sim": 0.7314221262931824, "best_feature_diff": 0.3185062418346806, "best_feature_sim": 0.6579680684301611, "best_0_weight_diff": 0.0020118083339184523, "best_1_weight_diff": 0.0018064649775624275, "best_2_weight_diff": 0.00128254818264395, "best_0_weight_sim": 0.6973832249641418, "best_1_weight_sim": 0.7292144894599915, "best_2_weight_sim": 0.7517883777618408, "num_feature_traj": 204, "num_feature_timesteps": "37349", "final_test_returns": 1674.672026301502, "final_test_normalized_returns": 52.07886543794275, "best_return": 2834.208932577669, "best_return_normalized": 87.70680046629565, "convergence_step": "85000", "convergence_iter": "17", "best_step": "125000", "best_iter": "25", "best_5percent_normalized": 87.70680046629565, "best_10percent_normalized": 86.34802228230528, "best_25percent_normalized": 83.51893886500862, "best_50percent_normalized": 77.71264817661358, "best_100percent_normalized": 59.522894744464395, "best_later_half_normalized": 70.6124626689681, "best_last_four_normalized": 63.863222470714035, "target_steps": 25000}