{
    "final_weight_diff": 0.0011880098609253764,
    "final_weight_sim": 0.7680298089981079,
    "final_feature_diff": 0.09741866328604647,
    "final_feature_sim": 0.6614720623703331,
    "final_0_weight_diff": 0.0016358497086912394,
    "final_1_weight_diff": 0.0010495212627574801,
    "final_2_weight_diff": 0.0008747137617319822,
    "final_0_weight_sim": 0.7092819809913635,
    "final_1_weight_sim": 0.7774388194084167,
    "final_2_weight_sim": 0.7973529100418091,
    "best_weight_diff": 0.0007795387646183372,
    "best_weight_sim": 0.8358577489852905,
    "best_feature_diff": 0.08434915094110312,
    "best_feature_sim": 0.7284881483931231,
    "best_0_weight_diff": 0.0010608837474137545,
    "best_1_weight_diff": 0.0006769197061657906,
    "best_2_weight_diff": 0.00059974828036502,
    "best_0_weight_sim": 0.7944754958152771,
    "best_1_weight_sim": 0.8417678475379944,
    "best_2_weight_sim": 0.8516466617584229,
    "num_feature_traj": 120,
    "num_feature_timesteps": "106539",
    "final_test_returns": 3353.9952437918773,
    "final_test_normalized_returns": 87.49899516780913,
    "best_return": 3798.332034284894,
    "best_return_normalized": 98.06510913097505,
    "convergence_step": "20000",
    "convergence_iter": "4",
    "best_step": "50000",
    "best_iter": "10"
}