{"final_weight_diff": 0.0010421972256153822, "final_weight_sim": 0.786413311958313, "final_feature_diff": 0.25936948489035117, "final_feature_sim": 0.7568828921494375, "final_0_weight_diff": 0.0013127845013514161, "final_1_weight_diff": 0.0010190398897975683, "final_2_weight_diff": 0.0007926145335659385, "final_0_weight_sim": 0.7563230991363525, "final_1_weight_sim": 0.7754693627357483, "final_2_weight_sim": 0.7983206510543823, "best_weight_diff": 0.00031877003493718803, "best_weight_sim": 0.9224624633789062, "best_feature_diff": 0.15020227516643717, "best_feature_sim": 0.8770244226180776, "best_0_weight_diff": 0.0003714036720339209, "best_1_weight_diff": 0.0003092497936449945, "best_2_weight_diff": 0.00027569825761020184, "best_0_weight_sim": 0.9142191410064697, "best_1_weight_sim": 0.9156806468963623, "best_2_weight_sim": 0.9203971028327942, "num_feature_traj": 200, "num_feature_timesteps": "200000", "final_test_returns": 5071.8928168560205, "final_test_normalized_returns": 43.1090988709651, "best_return": 7659.845187082641, "best_return_normalized": 63.95416586535803, "convergence_step": "15000", "convergence_iter": "3", "best_step": "15000", "best_iter": "3", "best_5percent_normalized": 63.95416586535803, "best_10percent_normalized": 61.77489062582646, "best_25percent_normalized": 54.23113468858024, "best_50percent_normalized": 48.68243933353078, "best_100percent_normalized": 45.572680933230856, "best_later_half_normalized": 42.63992402935788, "best_last_four_normalized": 42.137735780327986}