{
    "final_weight_diff": 0.0031375328544527292,
    "final_weight_sim": 0.6506001949310303,
    "final_feature_diff": 0.9500523874674377,
    "final_feature_sim": 0.5110702219695478,
    "final_0_weight_diff": 0.003807780100032687,
    "final_1_weight_diff": 0.0031053218990564346,
    "final_2_weight_diff": 0.0025010574609041214,
    "final_0_weight_sim": 0.6206865310668945,
    "final_1_weight_sim": 0.6356285214424133,
    "final_2_weight_sim": 0.648021936416626,
    "best_weight_diff": 0.001288154860958457,
    "best_weight_sim": 0.7907504439353943,
    "best_feature_diff": 0.6644100684303774,
    "best_feature_sim": 0.671939203463428,
    "best_0_weight_diff": 0.001554770045913756,
    "best_1_weight_diff": 0.0012543017510324717,
    "best_2_weight_diff": 0.0010557584464550018,
    "best_0_weight_sim": 0.7599137425422668,
    "best_1_weight_sim": 0.7758558392524719,
    "best_2_weight_sim": 0.7909294366836548,
    "num_feature_traj": 120,
    "num_feature_timesteps": "106539",
    "final_test_returns": 3649.960778170784,
    "final_test_normalized_returns": 94.53691242410252,
    "best_return": 3922.7899854585617,
    "best_return_normalized": 101.02465901264029,
    "convergence_step": "40000",
    "convergence_iter": "8",
    "best_step": "40000",
    "best_iter": "8"
}