{"final_weight_diff": 0.001222132588736713, "final_weight_sim": 0.7668737173080444, "final_feature_diff": 0.2985712473781851, "final_feature_sim": 0.7452645830171638, "final_0_weight_diff": 0.001425019814632833, "final_1_weight_diff": 0.0013434565626084805, "final_2_weight_diff": 0.0008948487811721861, "final_0_weight_sim": 0.7409690618515015, "final_1_weight_sim": 0.7384717464447021, "final_2_weight_sim": 0.7939292192459106, "best_weight_diff": 0.0011791113065555692, "best_weight_sim": 0.7728933691978455, "best_feature_diff": 0.2956550105074464, "best_feature_sim": 0.7485578728522944, "best_0_weight_diff": 0.0013748997589573264, "best_1_weight_diff": 0.0012956670252606273, "best_2_weight_diff": 0.000863961351569742, "best_0_weight_sim": 0.7474179267883301, "best_1_weight_sim": 0.7445144057273865, "best_2_weight_sim": 0.7995452880859375, "num_feature_traj": 219, "num_feature_timesteps": "197797", "final_test_returns": 4753.177901527302, "final_test_normalized_returns": 103.50445287426736, "best_return": 4990.281773104142, "best_return_normalized": 108.66935952930828, "convergence_step": "20000", "convergence_iter": "4", "best_step": "95000", "best_iter": "19", "best_5percent_normalized": 108.66935952930828, "best_10percent_normalized": 108.52573891853383, "best_25percent_normalized": 108.14094448596579, "best_50percent_normalized": 107.79345817730886, "best_100percent_normalized": 104.27059219725625, "best_later_half_normalized": 105.6199894882277, "best_last_four_normalized": 106.76259440751839, "target_steps": 10000}