{"final_weight_diff": 0.001665277173742652, "final_weight_sim": 0.7554646730422974, "final_feature_diff": 0.1658742033615019, "final_feature_sim": 0.7909891248903828, "final_0_weight_diff": 0.0021999638993293047, "final_1_weight_diff": 0.00163378962315619, "final_2_weight_diff": 0.0011568611953407526, "final_0_weight_sim": 0.7158188819885254, "final_1_weight_sim": 0.7667631506919861, "final_2_weight_sim": 0.7825291156768799, "best_weight_diff": 0.0007535133045166731, "best_weight_sim": 0.8757208585739136, "best_feature_diff": 0.1346950780541767, "best_feature_sim": 0.8365915676038133, "best_0_weight_diff": 0.0010208131279796362, "best_1_weight_diff": 0.0007067481055855751, "best_2_weight_diff": 0.0005322566721588373, "best_0_weight_sim": 0.8512625694274902, "best_1_weight_sim": 0.8811548352241516, "best_2_weight_sim": 0.8921594023704529, "num_feature_traj": 219, "num_feature_timesteps": "197797", "final_test_returns": 4936.968186239017, "final_test_normalized_returns": 107.50801324772912, "best_return": 4993.217351728521, "best_return_normalized": 108.73330614254834, "convergence_step": "25000", "convergence_iter": "5", "best_step": "30000", "best_iter": "6", "best_5percent_normalized": 108.73330614254834, "best_10percent_normalized": 108.50175455435539, "best_25percent_normalized": 108.24371286496259, "best_50percent_normalized": 107.97574523608913, "best_100percent_normalized": 101.6371798642887, "best_later_half_normalized": 107.23830893551778, "best_last_four_normalized": 106.49342426377176, "target_steps": 15000}