{"final_weight_diff": 0.0015819126274436712, "final_weight_sim": 0.8529401421546936, "final_feature_diff": 9.239223987119622, "final_feature_sim": 0.3305592222186954, "final_0_weight_diff": 0.0013768421486020088, "final_1_weight_diff": 0.0018566043581813574, "final_2_weight_diff": 0.0015104003250598907, "final_0_weight_sim": 0.7560256123542786, "final_1_weight_sim": 0.7855426073074341, "final_2_weight_sim": 0.8394700288772583, "best_weight_diff": 0.0008025262504816055, "best_weight_sim": 0.9188898801803589, "best_feature_diff": 8.627511395261065, "best_feature_sim": 0.3816807732253382, "best_0_weight_diff": 0.0008044472197070718, "best_1_weight_diff": 0.0009311814210377634, "best_2_weight_diff": 0.0006713678012602031, "best_0_weight_sim": 0.841324508190155, "best_1_weight_sim": 0.8756457567214966, "best_2_weight_sim": 0.9209899306297302, "num_feature_traj": 240, "num_feature_timesteps": "150850", "final_test_returns": 2630.167627574163, "final_test_normalized_returns": 81.43742661677209, "best_return": 3406.441466728977, "best_return_normalized": 105.28921930738844, "convergence_step": "25000", "convergence_iter": "5", "best_step": "45000", "best_iter": "9", "best_5percent_normalized": 105.28921930738844, "best_10percent_normalized": 104.95453833633024, "best_25percent_normalized": 100.99373870393428, "best_50percent_normalized": 96.27461036818036, "best_100percent_normalized": 73.88843344250299, "best_later_half_normalized": 71.05263000038491, "best_last_four_normalized": 86.01603852393899, "target_steps": 20000}