{"final_weight_diff": 0.001537760836072266, "final_weight_sim": 0.7575342059135437, "final_feature_diff": 0.22672951039355838, "final_feature_sim": 0.7082091951078326, "final_0_weight_diff": 0.0016146444249898195, "final_1_weight_diff": 0.0016729822382330894, "final_2_weight_diff": 0.0013204963179305196, "final_0_weight_sim": 0.7140299081802368, "final_1_weight_sim": 0.7525393962860107, "final_2_weight_sim": 0.787527322769165, "best_weight_diff": 0.0008992396760731936, "best_weight_sim": 0.8451886177062988, "best_feature_diff": 0.2056843800575348, "best_feature_sim": 0.7376361084619851, "best_0_weight_diff": 0.0009656620095483959, "best_1_weight_diff": 0.0009658984490670264, "best_2_weight_diff": 0.000764348020311445, "best_0_weight_sim": 0.8072965145111084, "best_1_weight_sim": 0.840338408946991, "best_2_weight_sim": 0.8707156181335449, "num_feature_traj": 119, "num_feature_timesteps": "101758", "final_test_returns": 3567.45547348138, "final_test_normalized_returns": 77.6754960591909, "best_return": 3751.42867904268, "best_return_normalized": 81.68304105385299, "convergence_step": "45000", "convergence_iter": "9", "best_step": "45000", "best_iter": "9", "best_5percent_normalized": 81.68304105385299, "best_10percent_normalized": 81.34321309847445, "best_25percent_normalized": 80.24898691080719, "best_50percent_normalized": 78.41911070771965, "best_100percent_normalized": 72.78933335589434, "best_later_half_normalized": 76.44601009393973, "best_last_four_normalized": 75.18290768047792, "target_steps": 10000}