{
    "final_weight_diff": 0.0024767431896179914,
    "final_weight_sim": 0.7077240943908691,
    "final_feature_diff": 0.5539708406749807,
    "final_feature_sim": 0.7482947276129652,
    "final_0_weight_diff": 0.00252365181222558,
    "final_1_weight_diff": 0.0024457930121570826,
    "final_2_weight_diff": 0.0024568764492869377,
    "final_0_weight_sim": 0.6891449093818665,
    "final_1_weight_sim": 0.6882513761520386,
    "final_2_weight_sim": 0.686834454536438,
    "best_weight_diff": 0.0024149734526872635,
    "best_weight_sim": 0.7117437124252319,
    "best_feature_diff": 0.5462179889291678,
    "best_feature_sim": 0.7525961467193049,
    "best_0_weight_diff": 0.0024646262172609568,
    "best_1_weight_diff": 0.002376413205638528,
    "best_2_weight_diff": 0.0023996673990041018,
    "best_0_weight_sim": 0.6928960680961609,
    "best_1_weight_sim": 0.69264155626297,
    "best_2_weight_sim": 0.6905813217163086,
    "num_feature_traj": 12,
    "num_feature_timesteps": "12000",
    "final_test_returns": 3997.8131530497167,
    "final_test_normalized_returns": 34.45775628563118,
    "best_return": 4497.8815017623765,
    "best_return_normalized": 38.48563498641964,
    "convergence_step": "35000",
    "convergence_iter": "7",
    "best_step": "95000",
    "best_iter": "19"
}