{"final_weight_diff": 0.0019117722986266017, "final_weight_sim": 0.7063799500465393, "final_feature_diff": 0.30581492936027677, "final_feature_sim": 0.7017076065667297, "final_0_weight_diff": 0.0023126560263335705, "final_1_weight_diff": 0.0020521357655525208, "final_2_weight_diff": 0.0013605646090582013, "final_0_weight_sim": 0.6688820719718933, "final_1_weight_sim": 0.7023081183433533, "final_2_weight_sim": 0.7355197668075562, "best_weight_diff": 0.000550305237993598, "best_weight_sim": 0.8914539813995361, "best_feature_diff": 0.2101405941752532, "best_feature_sim": 0.8107607381345854, "best_0_weight_diff": 0.0007090144790709019, "best_1_weight_diff": 0.0005481067346408963, "best_2_weight_diff": 0.0003933289845008403, "best_0_weight_sim": 0.8658500909805298, "best_1_weight_sim": 0.8900746703147888, "best_2_weight_sim": 0.9081187844276428, "num_feature_traj": 219, "num_feature_timesteps": "197797", "final_test_returns": 4967.381431434327, "final_test_normalized_returns": 108.17051433413478, "best_return": 5013.396835979964, "best_return_normalized": 109.17288206263952, "convergence_step": "20000", "convergence_iter": "4", "best_step": "25000", "best_iter": "5", "best_5percent_normalized": 109.17288206263952, "best_10percent_normalized": 108.91150054952645, "best_25percent_normalized": 108.4812657905812, "best_50percent_normalized": 108.1681702984766, "best_100percent_normalized": 104.53091492105433, "best_later_half_normalized": 107.60161503160651, "best_last_four_normalized": 107.61723258672002, "target_steps": 20000}