{"final_weight_diff": 0.0012803651625290513, "final_weight_sim": 0.7527616024017334, "final_feature_diff": 0.23477736376287678, "final_feature_sim": 0.6817003978035718, "final_0_weight_diff": 0.0014324267394840717, "final_1_weight_diff": 0.0011308653047308326, "final_2_weight_diff": 0.0012736438075080514, "final_0_weight_sim": 0.7287912368774414, "final_1_weight_sim": 0.7575206160545349, "final_2_weight_sim": 0.7379769086837769, "best_weight_diff": 0.00041780530591495335, "best_weight_sim": 0.9003312587738037, "best_feature_diff": 0.14843403087503002, "best_feature_sim": 0.8174836933790995, "best_0_weight_diff": 0.0005069770268164575, "best_1_weight_diff": 0.0004137827199883759, "best_2_weight_diff": 0.00033257974428124726, "best_0_weight_sim": 0.8819909691810608, "best_1_weight_sim": 0.8920323252677917, "best_2_weight_sim": 0.90779709815979, "num_feature_traj": 178, "num_feature_timesteps": "160479", "final_test_returns": 3298.9573052960586, "final_test_normalized_returns": 86.19021961087338, "best_return": 4383.293361450114, "best_return_normalized": 111.9752065595823, "convergence_step": "15000", "convergence_iter": "3", "best_step": "15000", "best_iter": "3", "best_5percent_normalized": 111.9752065595823, "best_10percent_normalized": 111.52623779520732, "best_25percent_normalized": 107.82663939901049, "best_50percent_normalized": 104.4859937132037, "best_100percent_normalized": 94.5170079503643, "best_later_half_normalized": 91.46018984566292, "best_last_four_normalized": 86.69612637041693, "target_steps": 5000}