current_itr_train_time	current_itr_train_loss_mean	current_itr_train_loss_std	current_itr_eval_2000_return_mean	current_itr_eval_2000_return_std	current_itr_eval_2000_length_mean	current_itr_eval_2000_length_std	current_itr_eval_5000_return_mean	current_itr_eval_5000_return_std	current_itr_eval_5000_length_mean	current_itr_eval_5000_length_std	TestEpRet	TestEpNormRet	Iteration	Steps	total_time	current_eval_time
949.5317912101746	0.11338876955807209	0.15929896006571728	3979.114670743818	1330.365452289309	816.4	245.84556127780706	4295.979608920978	1484.630515175113	1000.0	0.0	4295.979608920978	109.8989277559503	1	5000	1120.3477227687836	170.81449913978577
941.7442955970764	0.030172502150014043	0.003522080039782398	3678.751541509041	1036.9580738109614	882.1	237.6680247740533	3464.0739000167428	1389.5817368366693	837.7	330.8830760253537	3464.0739000167428	90.11661237050251	2	10000	2214.269921064377	152.1359190940857
936.4110136032104	0.02613080077879131	0.002673587809229815	3761.347236029999	762.3173886773195	941.2	176.4	3176.8446356526683	1571.5710137301962	761.5	372.1298832397097	3176.8446356526683	83.28643938964326	3	15000	3296.166038751602	145.46074652671814
929.564779996872	0.024476416625455022	0.002358760706699209	3636.9872690210045	817.6341574434849	920.7	200.8332890733008	3523.19214673473	672.4634131058812	948.1	155.7	3523.19214673473	91.52241568341688	4	20000	4375.036045789719	149.28601503372192
