{
    "final_weight_diff": 0.002160029485821724,
    "final_weight_sim": 0.7521800994873047,
    "final_feature_diff": 0.21578495491821012,
    "final_feature_sim": 0.715801557653115,
    "final_0_weight_diff": 0.002384923631325364,
    "final_1_weight_diff": 0.001738238730467856,
    "final_2_weight_diff": 0.002355733886361122,
    "final_0_weight_sim": 0.7207984924316406,
    "final_1_weight_sim": 0.739628255367279,
    "final_2_weight_sim": 0.7557429075241089,
    "best_weight_diff": 0.0008378498023375869,
    "best_weight_sim": 0.8878089785575867,
    "best_feature_diff": 0.17152536393837434,
    "best_feature_sim": 0.7923088412566001,
    "best_0_weight_diff": 0.0010259582195430994,
    "best_1_weight_diff": 0.0006671073497273028,
    "best_2_weight_diff": 0.0008204493205994368,
    "best_0_weight_sim": 0.8633695840835571,
    "best_1_weight_sim": 0.8805947303771973,
    "best_2_weight_sim": 0.8968868255615234,
    "num_feature_traj": 218,
    "num_feature_timesteps": "100692",
    "final_test_returns": 2047.663850374969,
    "final_test_normalized_returns": 63.53941352594926,
    "best_return": 2414.783281089444,
    "best_return_normalized": 74.81952643511615,
    "convergence_step": "25000",
    "convergence_iter": "5",
    "best_step": "25000",
    "best_iter": "5"
}