{"final_weight_diff": 0.00127790542319417, "final_weight_sim": 0.8167293071746826, "final_feature_diff": 1.984768738329518, "final_feature_sim": 0.38811171605347994, "final_0_weight_diff": 0.0013576451456174254, "final_1_weight_diff": 0.001362972310744226, "final_2_weight_diff": 0.001111693331040442, "final_0_weight_sim": 0.7878373861312866, "final_1_weight_sim": 0.799727201461792, "final_2_weight_sim": 0.8052246570587158, "best_weight_diff": 0.0006576261948794127, "best_weight_sim": 0.8943537473678589, "best_feature_diff": 1.596654198222032, "best_feature_sim": 0.5061619413930311, "best_0_weight_diff": 0.0007978338398970664, "best_1_weight_diff": 0.0006475457921624184, "best_2_weight_diff": 0.0005269331159070134, "best_0_weight_sim": 0.8649471402168274, "best_1_weight_sim": 0.8883057236671448, "best_2_weight_sim": 0.8930130004882812, "num_feature_traj": 218, "num_feature_timesteps": "100692", "final_test_returns": 2042.0727434685675, "final_test_normalized_returns": 63.36762115563345, "best_return": 2294.110026457156, "best_return_normalized": 71.11171959220478, "convergence_step": "50000", "convergence_iter": "10", "best_step": "50000", "best_iter": "10", "best_5percent_normalized": 71.11171959220478, "best_10percent_normalized": 69.76629138454274, "best_25percent_normalized": 67.83961902342257, "best_50percent_normalized": 65.363919194628, "best_100percent_normalized": 60.97040825673473, "best_later_half_normalized": 61.73784390263474, "best_last_four_normalized": 62.063089516578145, "target_steps": 5000}