{
    "final_weight_diff": 0.001532725291326642,
    "final_weight_sim": 0.8533463478088379,
    "final_feature_diff": 8.091124548592692,
    "final_feature_sim": 0.3671147631168493,
    "final_0_weight_diff": 0.0017752312123775482,
    "final_1_weight_diff": 0.0015929335495457053,
    "final_2_weight_diff": 0.0012241954682394862,
    "final_0_weight_sim": 0.727838397026062,
    "final_1_weight_sim": 0.8035382032394409,
    "final_2_weight_sim": 0.8561606407165527,
    "best_weight_diff": 0.0007093057502061129,
    "best_weight_sim": 0.9266576170921326,
    "best_feature_diff": 7.273424841393252,
    "best_feature_sim": 0.439398049601479,
    "best_0_weight_diff": 0.0008830483420751989,
    "best_1_weight_diff": 0.0007055886089801788,
    "best_2_weight_diff": 0.0005375997861847281,
    "best_0_weight_sim": 0.8375937342643738,
    "best_1_weight_sim": 0.9000411033630371,
    "best_2_weight_sim": 0.9337058067321777,
    "num_feature_traj": 200,
    "num_feature_timesteps": "200000",
    "final_test_returns": 4999.968314549784,
    "final_test_normalized_returns": 42.529771721686615,
    "best_return": 6876.310404493869,
    "best_return_normalized": 57.64306245271299,
    "convergence_step": "35000",
    "convergence_iter": "7",
    "best_step": "35000",
    "best_iter": "7"
}