{"final_weight_diff": 0.0010231321211904287, "final_weight_sim": 0.7879005074501038, "final_feature_diff": 0.33064248084822323, "final_feature_sim": 0.5989368463093743, "final_0_weight_diff": 0.001163377659395337, "final_1_weight_diff": 0.0009733465849421918, "final_2_weight_diff": 0.0009320033132098615, "final_0_weight_sim": 0.7634927034378052, "final_1_weight_sim": 0.7828707695007324, "final_2_weight_sim": 0.7807893753051758, "best_weight_diff": 0.000980977900326252, "best_weight_sim": 0.7945807576179504, "best_feature_diff": 0.32508031927451614, "best_feature_sim": 0.6080602992852752, "best_0_weight_diff": 0.0011199358850717545, "best_1_weight_diff": 0.0009313257760368288, "best_2_weight_diff": 0.0008911000331863761, "best_0_weight_sim": 0.7703557014465332, "best_1_weight_sim": 0.7896932363510132, "best_2_weight_sim": 0.7878329157829285, "num_feature_traj": 321, "num_feature_timesteps": "203500", "final_test_returns": 3442.5000156486576, "final_test_normalized_returns": 106.39715440731796, "best_return": 3617.6044845145466, "best_return_normalized": 111.77741492870432, "convergence_step": "85000", "convergence_iter": "17", "best_step": "95000", "best_iter": "19", "best_5percent_normalized": 111.77741492870432, "best_10percent_normalized": 111.31485309926927, "best_25percent_normalized": 109.6202582950342, "best_50percent_normalized": 107.77029300894894, "best_100percent_normalized": 93.30794195675108, "best_later_half_normalized": 103.94945857822765, "best_last_four_normalized": 107.98591203269672, "target_steps": 15000}