{"final_weight_diff": 0.0010887915268540382, "final_weight_sim": 0.7815461158752441, "final_feature_diff": 0.23290597530763457, "final_feature_sim": 0.768245529455583, "final_0_weight_diff": 0.0012801522389054298, "final_1_weight_diff": 0.0010284899035468698, "final_2_weight_diff": 0.0009563923231326044, "final_0_weight_sim": 0.7475495934486389, "final_1_weight_sim": 0.7788399457931519, "final_2_weight_sim": 0.7831153869628906, "best_weight_diff": 0.0007220970001071692, "best_weight_sim": 0.8414049744606018, "best_feature_diff": 0.1889188050267423, "best_feature_sim": 0.8148481415791426, "best_0_weight_diff": 0.0008945828885771334, "best_1_weight_diff": 0.0006812177016399801, "best_2_weight_diff": 0.0005902110133320093, "best_0_weight_sim": 0.8093038201332092, "best_1_weight_sim": 0.8376995921134949, "best_2_weight_sim": 0.8491132855415344, "num_feature_traj": 219, "num_feature_timesteps": "197797", "final_test_returns": 4936.084615316284, "final_test_normalized_returns": 107.48876615020734, "best_return": 5036.634222003475, "best_return_normalized": 109.67906919876854, "convergence_step": "10000", "convergence_iter": "2", "best_step": "55000", "best_iter": "11", "best_5percent_normalized": 109.67906919876854, "best_10percent_normalized": 109.39613514579145, "best_25percent_normalized": 108.72314615695754, "best_50percent_normalized": 108.29336864563102, "best_100percent_normalized": 99.07120058818954, "best_later_half_normalized": 103.52249812173264, "best_last_four_normalized": 98.84182744804849, "target_steps": 10000}