{"final_weight_diff": 0.0015663153026252985, "final_weight_sim": 0.7372239828109741, "final_feature_diff": 0.26644455237252607, "final_feature_sim": 0.44434385229721846, "final_0_weight_diff": 0.0016583516262471676, "final_1_weight_diff": 0.0015192999271675944, "final_2_weight_diff": 0.0015117139555513859, "final_0_weight_sim": 0.7256489396095276, "final_1_weight_sim": 0.7323158979415894, "final_2_weight_sim": 0.7299903035163879, "best_weight_diff": 0.0005542177241295576, "best_weight_sim": 0.8895013332366943, "best_feature_diff": 0.12989223113140755, "best_feature_sim": 0.7362323298769974, "best_0_weight_diff": 0.0005850928137078881, "best_1_weight_diff": 0.0005072860512882471, "best_2_weight_diff": 0.0005700454348698258, "best_0_weight_sim": 0.890734851360321, "best_1_weight_sim": 0.8855555057525635, "best_2_weight_sim": 0.8735190629959106, "num_feature_traj": 109, "num_feature_timesteps": "31150", "final_test_returns": 1718.223211571006, "final_test_normalized_returns": 37.39310019303178, "best_return": 3760.99775510733, "best_return_normalized": 81.89148718474159, "convergence_step": "20000", "convergence_iter": "4", "best_step": "20000", "best_iter": "4", "best_5percent_normalized": 81.89148718474159, "best_10percent_normalized": 78.24790251246654, "best_25percent_normalized": 74.76634503498244, "best_50percent_normalized": 71.60149553824743, "best_100percent_normalized": 57.61519276829811, "best_later_half_normalized": 57.30744854784564, "best_last_four_normalized": 56.074446214246635}