{"final_weight_diff": 0.001015142654068768, "final_weight_sim": 0.797639012336731, "final_feature_diff": 0.26102100133182826, "final_feature_sim": 0.7908349519295153, "final_0_weight_diff": 0.0012653148733079433, "final_1_weight_diff": 0.0010051927529275417, "final_2_weight_diff": 0.0007727465708740056, "final_0_weight_sim": 0.7594643235206604, "final_1_weight_sim": 0.7877241969108582, "final_2_weight_sim": 0.8117547631263733, "best_weight_diff": 0.0003421150613576174, "best_weight_sim": 0.9174697399139404, "best_feature_diff": 0.1649063054186096, "best_feature_sim": 0.8829798381585423, "best_0_weight_diff": 0.00041145720751956105, "best_1_weight_diff": 0.00033648390672169626, "best_2_weight_diff": 0.0002783900999929756, "best_0_weight_sim": 0.8978936076164246, "best_1_weight_sim": 0.9115634560585022, "best_2_weight_sim": 0.921568751335144, "num_feature_traj": 219, "num_feature_timesteps": "197797", "final_test_returns": 4910.580417643158, "final_test_normalized_returns": 106.93320035780856, "best_return": 4954.053477965792, "best_return_normalized": 107.88018741914212, "convergence_step": "20000", "convergence_iter": "4", "best_step": "20000", "best_iter": "4", "best_5percent_normalized": 107.88018741914212, "best_10percent_normalized": 107.40669388847533, "best_25percent_normalized": 106.79595926041694, "best_50percent_normalized": 102.856478698222, "best_100percent_normalized": 87.95803733043924, "best_later_half_normalized": 93.16504871285309, "best_last_four_normalized": 99.58188606169912}