{
    "final_weight_diff": 0.0015560983447358012,
    "final_weight_sim": 0.7814608216285706,
    "final_feature_diff": 1.4712359172243015,
    "final_feature_sim": 0.5650489567062953,
    "final_0_weight_diff": 0.0018579857423901558,
    "final_1_weight_diff": 0.0015991415129974484,
    "final_2_weight_diff": 0.0011899381643161178,
    "final_0_weight_sim": 0.740108847618103,
    "final_1_weight_sim": 0.7711165547370911,
    "final_2_weight_sim": 0.7726629376411438,
    "best_weight_diff": 0.00010291724174749106,
    "best_weight_sim": 0.9843886494636536,
    "best_feature_diff": 0.5110655209950644,
    "best_feature_sim": 0.8610931085519434,
    "best_0_weight_diff": 0.0001148738301708363,
    "best_1_weight_diff": 9.050474182004109e-05,
    "best_2_weight_diff": 0.00010322476009605452,
    "best_0_weight_sim": 0.9818546175956726,
    "best_1_weight_sim": 0.985518217086792,
    "best_2_weight_sim": 0.9788579940795898,
    "num_feature_traj": 40,
    "num_feature_timesteps": "40000",
    "final_test_returns": 4308.506371942664,
    "final_test_normalized_returns": 36.96028339433525,
    "best_return": 4538.495909126933,
    "best_return_normalized": 38.81277008063222,
    "convergence_step": "5000",
    "convergence_iter": "1",
    "best_step": "5000",
    "best_iter": "1"
}