{"final_weight_diff": 0.0011420215014368296, "final_weight_sim": 0.7636303901672363, "final_feature_diff": 0.11032571538291051, "final_feature_sim": 0.6415364452038391, "final_0_weight_diff": 0.0017359209014102817, "final_1_weight_diff": 0.0009184607770293951, "final_2_weight_diff": 0.0007662639254704118, "final_0_weight_sim": 0.6806379556655884, "final_1_weight_sim": 0.786208987236023, "final_2_weight_sim": 0.8111377954483032, "best_weight_diff": 0.00022272275236900896, "best_weight_sim": 0.9477965831756592, "best_feature_diff": 0.032634678557241156, "best_feature_sim": 0.9024069265131032, "best_0_weight_diff": 0.000216550994082354, "best_1_weight_diff": 0.00019730240455828607, "best_2_weight_diff": 0.00025431643007323146, "best_0_weight_sim": 0.9515470266342163, "best_1_weight_sim": 0.9463610649108887, "best_2_weight_sim": 0.9335427284240723, "num_feature_traj": 12, "num_feature_timesteps": "11130", "final_test_returns": 3498.7369176803977, "final_test_normalized_returns": 90.94088216489662, "best_return": 3922.359920193861, "best_return_normalized": 101.01443226865766, "convergence_step": "5000", "convergence_iter": "1", "best_step": "5000", "best_iter": "1", "best_5percent_normalized": 101.01443226865766, "best_10percent_normalized": 100.58216551109867, "best_25percent_normalized": 97.72813880430832, "best_50percent_normalized": 94.60978492156657, "best_100percent_normalized": 87.41173411048106, "best_later_half_normalized": 86.38848917089518, "best_last_four_normalized": 85.3194638138179, "target_steps": 5000}