{
    "final_weight_diff": 0.0012905296171084046,
    "final_weight_sim": 0.7422287464141846,
    "final_feature_diff": 0.24786149871695995,
    "final_feature_sim": 0.7124193018649829,
    "final_0_weight_diff": 0.001549851498566568,
    "final_1_weight_diff": 0.001307980390265584,
    "final_2_weight_diff": 0.0010106578702107072,
    "final_0_weight_sim": 0.7042133212089539,
    "final_1_weight_sim": 0.7334105968475342,
    "final_2_weight_sim": 0.7575646042823792,
    "best_weight_diff": 0.0006779888644814491,
    "best_weight_sim": 0.8477399945259094,
    "best_feature_diff": 0.1933578268286914,
    "best_feature_sim": 0.7926919439716879,
    "best_0_weight_diff": 0.0008743811631575227,
    "best_1_weight_diff": 0.0006705616251565516,
    "best_2_weight_diff": 0.000488577235955745,
    "best_0_weight_sim": 0.814784049987793,
    "best_1_weight_sim": 0.8383538126945496,
    "best_2_weight_sim": 0.8692658543586731,
    "num_feature_traj": 20,
    "num_feature_timesteps": "20000",
    "final_test_returns": 5026.710435658724,
    "final_test_normalized_returns": 42.74517031731039,
    "best_return": 5103.009510803595,
    "best_return_normalized": 43.35973314748559,
    "convergence_step": "10000",
    "convergence_iter": "2",
    "best_step": "40000",
    "best_iter": "8"
}