{"final_weight_diff": 0.0012903447495773435, "final_weight_sim": 0.8324062824249268, "final_feature_diff": 1.804141590229514, "final_feature_sim": 0.47788828234751957, "final_0_weight_diff": 0.001656966982409358, "final_1_weight_diff": 0.0012451884103938937, "final_2_weight_diff": 0.0009635951719246805, "final_0_weight_sim": 0.7915676236152649, "final_1_weight_sim": 0.8349788784980774, "final_2_weight_sim": 0.8247743248939514, "best_weight_diff": 0.0012903447495773435, "best_weight_sim": 0.8324062824249268, "best_feature_diff": 1.804141590229514, "best_feature_sim": 0.47788828234751957, "best_0_weight_diff": 0.001656966982409358, "best_1_weight_diff": 0.0012451884103938937, "best_2_weight_diff": 0.0009635951719246805, "best_0_weight_sim": 0.7915676236152649, "best_1_weight_sim": 0.8349788784980774, "best_2_weight_sim": 0.8247743248939514, "num_feature_traj": 476, "num_feature_timesteps": "401535", "final_test_returns": 3802.574849710085, "final_test_normalized_returns": 82.79717384090165, "best_return": 3802.574849710085, "best_return_normalized": 82.79717384090165, "convergence_step": "100000", "convergence_iter": "20", "best_step": "100000", "best_iter": "20", "best_5percent_normalized": 82.79717384090165, "best_10percent_normalized": 80.90802096729341, "best_25percent_normalized": 78.80121009588306, "best_50percent_normalized": 76.30604375796273, "best_100percent_normalized": 68.95438361698984, "best_later_half_normalized": 68.77336356002317, "best_last_four_normalized": 75.43864987369722, "target_steps": 5000}