{"final_weight_diff": 0.0013088640989735723, "final_weight_sim": 0.7695515751838684, "final_feature_diff": 0.5215769710783266, "final_feature_sim": 0.4987229811523537, "final_0_weight_diff": 0.0018780460814014077, "final_1_weight_diff": 0.001300609321333468, "final_2_weight_diff": 0.0007429574616253376, "final_0_weight_sim": 0.7158665657043457, "final_1_weight_sim": 0.7679252028465271, "final_2_weight_sim": 0.8253921270370483, "best_weight_diff": 0.0002545665774960071, "best_weight_sim": 0.9459161162376404, "best_feature_diff": 0.313158966459172, "best_feature_sim": 0.7234291684354012, "best_0_weight_diff": 0.0003395367821212858, "best_1_weight_diff": 0.000247972464421764, "best_2_weight_diff": 0.00017582606233190745, "best_0_weight_sim": 0.9322207570075989, "best_1_weight_sim": 0.9441538453102112, "best_2_weight_sim": 0.9559969902038574, "num_feature_traj": 120, "num_feature_timesteps": "106539", "final_test_returns": 3758.626220392552, "final_test_normalized_returns": 97.12092408133908, "best_return": 3871.8218817860457, "best_return_normalized": 99.81266215932384, "convergence_step": "10000", "convergence_iter": "2", "best_step": "10000", "best_iter": "2", "best_5percent_normalized": 99.81266215932384, "best_10percent_normalized": 99.19474898680653, "best_25percent_normalized": 97.40794419248373, "best_50percent_normalized": 95.4467043883034, "best_100percent_normalized": 90.99049525400467, "best_later_half_normalized": 92.2545412790074, "best_last_four_normalized": 91.6057660743185, "target_steps": 10000}