{"final_weight_diff": 0.0010952523443847895, "final_weight_sim": 0.7806447744369507, "final_feature_diff": 0.11140850639959213, "final_feature_sim": 0.7177165615517022, "final_0_weight_diff": 0.001520190155133605, "final_1_weight_diff": 0.0009522055042907596, "final_2_weight_diff": 0.000811574689578265, "final_0_weight_sim": 0.7218966484069824, "final_1_weight_sim": 0.7881404757499695, "final_2_weight_sim": 0.80961012840271, "best_weight_diff": 0.0007851236150600016, "best_weight_sim": 0.8346286416053772, "best_feature_diff": 0.11363795787763926, "best_feature_sim": 0.7601149341592734, "best_0_weight_diff": 0.0010823938064277172, "best_1_weight_diff": 0.000679828051943332, "best_2_weight_diff": 0.0005926208104938269, "best_0_weight_sim": 0.7908824682235718, "best_1_weight_sim": 0.8391029238700867, "best_2_weight_sim": 0.8536278605461121, "num_feature_traj": 600, "num_feature_timesteps": "600000", "final_test_returns": 4962.180977483108, "final_test_normalized_returns": 42.22540770720301, "best_return": 5117.284565214326, "best_return_normalized": 43.47471380515288, "convergence_step": "10000", "convergence_iter": "2", "best_step": "60000", "best_iter": "12", "best_5percent_normalized": 43.47471380515288, "best_10percent_normalized": 43.24756530257595, "best_25percent_normalized": 43.03777624075599, "best_50percent_normalized": 42.8326044133393, "best_100percent_normalized": 42.381707477197324, "best_later_half_normalized": 42.65798007347014, "best_last_four_normalized": 42.502173395311544, "target_steps": 5000}