{
    "final_weight_diff": 0.0015970130916684866,
    "final_weight_sim": 0.8501690626144409,
    "final_feature_diff": 8.247518144487604,
    "final_feature_sim": 0.3452242527408399,
    "final_0_weight_diff": 0.0017227710923179984,
    "final_1_weight_diff": 0.0019265974406152964,
    "final_2_weight_diff": 0.0011377985356375575,
    "final_0_weight_sim": 0.7334693670272827,
    "final_1_weight_sim": 0.7805535197257996,
    "final_2_weight_sim": 0.8654875755310059,
    "best_weight_diff": 0.0006398633122444153,
    "best_weight_sim": 0.9337044954299927,
    "best_feature_diff": 6.995064878640071,
    "best_feature_sim": 0.4665098177575382,
    "best_0_weight_diff": 0.0007934189634397626,
    "best_1_weight_diff": 0.0006900796433910728,
    "best_2_weight_diff": 0.0004350310773588717,
    "best_0_weight_sim": 0.8532423973083496,
    "best_1_weight_sim": 0.9041846990585327,
    "best_2_weight_sim": 0.9455530047416687,
    "num_feature_traj": 200,
    "num_feature_timesteps": "200000",
    "final_test_returns": 5006.823029879835,
    "final_test_normalized_returns": 42.58498409805269,
    "best_return": 8598.432804990985,
    "best_return_normalized": 71.51416658271816,
    "convergence_step": "30000",
    "convergence_iter": "6",
    "best_step": "30000",
    "best_iter": "6"
}