{"final_weight_diff": 0.0011733138235285878, "final_weight_sim": 0.7585329413414001, "final_feature_diff": 0.26713043771822115, "final_feature_sim": 0.6813140866028321, "final_0_weight_diff": 0.0013156367931514978, "final_1_weight_diff": 0.001211714232340455, "final_2_weight_diff": 0.000986136612482369, "final_0_weight_sim": 0.7235120534896851, "final_1_weight_sim": 0.7498469352722168, "final_2_weight_sim": 0.7676737904548645, "best_weight_diff": 0.0010096414480358362, "best_weight_sim": 0.7871826887130737, "best_feature_diff": 0.2544235416380149, "best_feature_sim": 0.7030356537084598, "best_0_weight_diff": 0.0011491364566609263, "best_1_weight_diff": 0.001035322085954249, "best_2_weight_diff": 0.0008408927242271602, "best_0_weight_sim": 0.7552598714828491, "best_1_weight_sim": 0.7773482799530029, "best_2_weight_sim": 0.7955553531646729, "num_feature_traj": 20, "num_feature_timesteps": "20000", "final_test_returns": 4723.3712880159455, "final_test_normalized_returns": 40.30187772530567, "best_return": 4861.455491656097, "best_return_normalized": 41.41409853309987, "convergence_step": "30000", "convergence_iter": "6", "best_step": "80000", "best_iter": "16", "best_5percent_normalized": 41.41409853309987, "best_10percent_normalized": 41.050770516649976, "best_25percent_normalized": 40.721277573448795, "best_50percent_normalized": 40.06656046074671, "best_100percent_normalized": 37.77173517418116, "best_later_half_normalized": 38.42080631785834, "best_last_four_normalized": 39.43202685077581, "target_steps": 10000}