{"final_weight_diff": 0.0014248645165935159, "final_weight_sim": 0.7397135496139526, "final_feature_diff": 0.3787983315867379, "final_feature_sim": 0.6926679908663758, "final_0_weight_diff": 0.001448479713872075, "final_1_weight_diff": 0.001325744204223156, "final_2_weight_diff": 0.0014921404654160142, "final_0_weight_sim": 0.7294921875, "final_1_weight_sim": 0.7381352186203003, "final_2_weight_sim": 0.7210416793823242, "best_weight_diff": 0.0011562991421669722, "best_weight_sim": 0.7778992056846619, "best_feature_diff": 0.3596351840197596, "best_feature_sim": 0.7138529494759968, "best_0_weight_diff": 0.0012220873031765223, "best_1_weight_diff": 0.0010707490146160126, "best_2_weight_diff": 0.0011723458301275969, "best_0_weight_sim": 0.76678866147995, "best_1_weight_sim": 0.7747843861579895, "best_2_weight_sim": 0.7604334950447083, "num_feature_traj": 48, "num_feature_timesteps": "28017", "final_test_returns": 3248.639476522465, "final_test_normalized_returns": 84.99368598013137, "best_return": 3705.742340874897, "best_return_normalized": 95.8633710050388, "convergence_step": "20000", "convergence_iter": "4", "best_step": "75000", "best_iter": "15", "best_5percent_normalized": 95.8633710050388, "best_10percent_normalized": 95.21307019740308, "best_25percent_normalized": 94.02912330922385, "best_50percent_normalized": 91.9596469763386, "best_100percent_normalized": 85.66009527355166, "best_later_half_normalized": 87.48398474689031, "best_last_four_normalized": 84.83475232061946}