{"final_weight_diff": 0.0016091769794002175, "final_weight_sim": 0.748145580291748, "final_feature_diff": 0.21682177438839673, "final_feature_sim": 0.7270178764226645, "final_0_weight_diff": 0.0017549784388393164, "final_1_weight_diff": 0.0017015860648825765, "final_2_weight_diff": 0.0013648644089698792, "final_0_weight_sim": 0.7004278898239136, "final_1_weight_sim": 0.7476497888565063, "final_2_weight_sim": 0.7794113755226135, "best_weight_diff": 0.0006680164951831102, "best_weight_sim": 0.8819486498832703, "best_feature_diff": 0.16635749934188265, "best_feature_sim": 0.7993346328949876, "best_0_weight_diff": 0.0007980773807503283, "best_1_weight_diff": 0.0006634173914790154, "best_2_weight_diff": 0.0005414856714196503, "best_0_weight_sim": 0.8386802673339844, "best_1_weight_sim": 0.8848220705986023, "best_2_weight_sim": 0.9067736268043518, "num_feature_traj": 200, "num_feature_timesteps": "200000", "final_test_returns": 5603.237402648658, "final_test_normalized_returns": 47.38889691337869, "best_return": 8466.276090190328, "best_return_normalized": 70.44968966054925, "convergence_step": "25000", "convergence_iter": "5", "best_step": "25000", "best_iter": "5", "best_5percent_normalized": 70.44968966054925, "best_10percent_normalized": 67.09269286432287, "best_25percent_normalized": 56.27760108482946, "best_50percent_normalized": 49.68001619169439, "best_100percent_normalized": 45.65029034388393, "best_later_half_normalized": 43.66984431214037, "best_last_four_normalized": 47.17329139109373}