{"final_weight_diff": 0.0012773546623066068, "final_weight_sim": 0.7447599768638611, "final_feature_diff": 0.2708480883762349, "final_feature_sim": 0.674154208787783, "final_0_weight_diff": 0.0014048117445781827, "final_1_weight_diff": 0.0013147100107744336, "final_2_weight_diff": 0.0011060290271416306, "final_0_weight_sim": 0.7238779664039612, "final_1_weight_sim": 0.7313603758811951, "final_2_weight_sim": 0.7465957403182983, "best_weight_diff": 0.0012773546623066068, "best_weight_sim": 0.7447599768638611, "best_feature_diff": 0.2708480883762349, "best_feature_sim": 0.674154208787783, "best_0_weight_diff": 0.0014048117445781827, "best_1_weight_diff": 0.0013147100107744336, "best_2_weight_diff": 0.0011060290271416306, "best_0_weight_sim": 0.7238779664039612, "best_1_weight_sim": 0.7313603758811951, "best_2_weight_sim": 0.7465957403182983, "num_feature_traj": 20, "num_feature_timesteps": "20000", "final_test_returns": 4917.360150782732, "final_test_normalized_returns": 41.86439135077308, "best_return": 4917.360150782732, "best_return_normalized": 41.86439135077308, "convergence_step": "30000", "convergence_iter": "6", "best_step": "100000", "best_iter": "20", "best_5percent_normalized": 41.86439135077308, "best_10percent_normalized": 41.69897258038571, "best_25percent_normalized": 41.37402237824624, "best_50percent_normalized": 41.03961106861125, "best_100percent_normalized": 38.91528939379741, "best_later_half_normalized": 39.99283717716891, "best_last_four_normalized": 40.47918351289815}