{
    "final_weight_diff": 0.0013333832612261176,
    "final_weight_sim": 0.7719055414199829,
    "final_feature_diff": 0.2985539809433115,
    "final_feature_sim": 0.7126293495178667,
    "final_0_weight_diff": 0.0016273489454761147,
    "final_1_weight_diff": 0.0013818398583680391,
    "final_2_weight_diff": 0.00098668213468045,
    "final_0_weight_sim": 0.735577404499054,
    "final_1_weight_sim": 0.7706782221794128,
    "final_2_weight_sim": 0.7936186194419861,
    "best_weight_diff": 0.000709783926140517,
    "best_weight_sim": 0.8637216091156006,
    "best_feature_diff": 0.24301248335865147,
    "best_feature_sim": 0.774532966262759,
    "best_0_weight_diff": 0.0008846449782140553,
    "best_1_weight_diff": 0.0007155392086133361,
    "best_2_weight_diff": 0.0005281459889374673,
    "best_0_weight_sim": 0.8367292284965515,
    "best_1_weight_sim": 0.8621739745140076,
    "best_2_weight_sim": 0.8793794512748718,
    "num_feature_traj": 119,
    "num_feature_timesteps": "101758",
    "final_test_returns": 3137.9430425173205,
    "final_test_normalized_returns": 68.31929449927613,
    "best_return": 3700.131056553896,
    "best_return_normalized": 80.56560914513683,
    "convergence_step": "20000",
    "convergence_iter": "4",
    "best_step": "40000",
    "best_iter": "8"
}