{
    "final_weight_diff": 0.0021725757978856564,
    "final_weight_sim": 0.7149667143821716,
    "final_feature_diff": 0.7333580113680563,
    "final_feature_sim": 0.6428081016713085,
    "final_0_weight_diff": 0.0024845555890351534,
    "final_1_weight_diff": 0.0022199908271431923,
    "final_2_weight_diff": 0.0018133762059733272,
    "final_0_weight_sim": 0.6847013831138611,
    "final_1_weight_sim": 0.6926516890525818,
    "final_2_weight_sim": 0.7137631773948669,
    "best_weight_diff": 0.0017817497719079256,
    "best_weight_sim": 0.7459219694137573,
    "best_feature_diff": 0.6789117575918238,
    "best_feature_sim": 0.6713014357368479,
    "best_0_weight_diff": 0.0020230687223374844,
    "best_1_weight_diff": 0.0018031925428658724,
    "best_2_weight_diff": 0.0015186379896476865,
    "best_0_weight_sim": 0.715965747833252,
    "best_1_weight_sim": 0.7249171137809753,
    "best_2_weight_sim": 0.7431496381759644,
    "num_feature_traj": 119,
    "num_feature_timesteps": "101758",
    "final_test_returns": 2670.3013998162705,
    "final_test_normalized_returns": 58.13251257750493,
    "best_return": 3618.20653643007,
    "best_return_normalized": 78.78102209312216,
    "convergence_step": "85000",
    "convergence_iter": "17",
    "best_step": "85000",
    "best_iter": "17"
}