{
    "final_weight_diff": 0.001963316695764661,
    "final_weight_sim": 0.7051636576652527,
    "final_feature_diff": 0.265996566546474,
    "final_feature_sim": 0.6440835912992677,
    "final_0_weight_diff": 0.00207680556923151,
    "final_1_weight_diff": 0.002152451314032078,
    "final_2_weight_diff": 0.0016483607469126582,
    "final_0_weight_sim": 0.6729114651679993,
    "final_1_weight_sim": 0.7003840804100037,
    "final_2_weight_sim": 0.7334851026535034,
    "best_weight_diff": 0.0017269788077101111,
    "best_weight_sim": 0.7330042719841003,
    "best_feature_diff": 0.25738007604469504,
    "best_feature_sim": 0.6582490082360222,
    "best_0_weight_diff": 0.0018471181392669678,
    "best_1_weight_diff": 0.0018901278963312507,
    "best_2_weight_diff": 0.0014343870570883155,
    "best_0_weight_sim": 0.6990079283714294,
    "best_1_weight_sim": 0.7275412082672119,
    "best_2_weight_sim": 0.7631866931915283,
    "num_feature_traj": 223,
    "num_feature_timesteps": "196344",
    "final_test_returns": 4858.4511869716425,
    "final_test_normalized_returns": 123.27422982835095,
    "best_return": 5345.291216982272,
    "best_return_normalized": 134.85105026947596,
    "convergence_step": "80000",
    "convergence_iter": "16",
    "best_step": "80000",
    "best_iter": "16"
}