{
    "final_weight_diff": 0.0030903981532901525,
    "final_weight_sim": 0.6535967588424683,
    "final_feature_diff": 0.9651947599352023,
    "final_feature_sim": 0.506810023702743,
    "final_0_weight_diff": 0.003638448193669319,
    "final_1_weight_diff": 0.0031275630462914705,
    "final_2_weight_diff": 0.002506858902052045,
    "final_0_weight_sim": 0.6268240809440613,
    "final_1_weight_sim": 0.6343913674354553,
    "final_2_weight_sim": 0.6511366367340088,
    "best_weight_diff": 0.0022913729771971703,
    "best_weight_sim": 0.7046090364456177,
    "best_feature_diff": 0.8747691092745296,
    "best_feature_sim": 0.5631602190984137,
    "best_0_weight_diff": 0.0027063777670264244,
    "best_1_weight_diff": 0.002292095450684428,
    "best_2_weight_diff": 0.0018767932197079062,
    "best_0_weight_sim": 0.6766647696495056,
    "best_1_weight_sim": 0.6848744750022888,
    "best_2_weight_sim": 0.7025305032730103,
    "num_feature_traj": 120,
    "num_feature_timesteps": "106539",
    "final_test_returns": 3083.5727971731417,
    "final_test_normalized_returns": 81.06848018389037,
    "best_return": 3761.6913775815374,
    "best_return_normalized": 97.19381203675212,
    "convergence_step": "50000",
    "convergence_iter": "10",
    "best_step": "110000",
    "best_iter": "22"
}