{"final_weight_diff": 0.0010491956491023302, "final_weight_sim": 0.7979030013084412, "final_feature_diff": 0.9317163697529031, "final_feature_sim": 0.4676249792984685, "final_0_weight_diff": 0.0011847963323816657, "final_1_weight_diff": 0.0010633987840265036, "final_2_weight_diff": 0.0008977879188023508, "final_0_weight_sim": 0.7718158960342407, "final_1_weight_sim": 0.7818681597709656, "final_2_weight_sim": 0.7942786812782288, "best_weight_diff": 0.0009999898029491305, "best_weight_sim": 0.8050532937049866, "best_feature_diff": 0.9116527355081306, "best_feature_sim": 0.47902194085890704, "best_0_weight_diff": 0.001140251406468451, "best_1_weight_diff": 0.0010106697445735335, "best_2_weight_diff": 0.0008476738585159183, "best_0_weight_sim": 0.7784305810928345, "best_1_weight_sim": 0.7892858386039734, "best_2_weight_sim": 0.8027083277702332, "num_feature_traj": 204, "num_feature_timesteps": "37349", "final_test_returns": 1314.9771723162644, "final_test_normalized_returns": 41.02688009926589, "best_return": 2759.308441632017, "best_return_normalized": 85.40540772014027, "convergence_step": "95000", "convergence_iter": "19", "best_step": "95000", "best_iter": "19", "best_5percent_normalized": 85.40540772014027, "best_10percent_normalized": 84.27650682490572, "best_25percent_normalized": 78.92206066002832, "best_50percent_normalized": 66.02222772585394, "best_100percent_normalized": 47.155288268373745, "best_later_half_normalized": 61.06026336017643, "best_last_four_normalized": 68.25770880028732}