{"final_weight_diff": 0.0011925463331863284, "final_weight_sim": 0.7616472244262695, "final_feature_diff": 0.2113915540856555, "final_feature_sim": 0.6871835495396751, "final_0_weight_diff": 0.001217054552398622, "final_1_weight_diff": 0.0012451228685677052, "final_2_weight_diff": 0.0011132430518046021, "final_0_weight_sim": 0.7452695369720459, "final_1_weight_sim": 0.7498819828033447, "final_2_weight_sim": 0.7526965141296387, "best_weight_diff": 0.000491563230752945, "best_weight_sim": 0.8825268745422363, "best_feature_diff": 0.12456911151733707, "best_feature_sim": 0.8133301309188894, "best_0_weight_diff": 0.0005478778621181846, "best_1_weight_diff": 0.0004888492985628545, "best_2_weight_diff": 0.00043800577986985445, "best_0_weight_sim": 0.8695178031921387, "best_1_weight_sim": 0.8735721111297607, "best_2_weight_sim": 0.8797407150268555, "num_feature_traj": 81, "num_feature_timesteps": "13561", "final_test_returns": 2421.4048921008352, "final_test_normalized_returns": 75.02298207815774, "best_return": 2767.4690527447624, "best_return_normalized": 85.65615068566628, "convergence_step": "35000", "convergence_iter": "7", "best_step": "35000", "best_iter": "7", "best_5percent_normalized": 85.65615068566628, "best_10percent_normalized": 81.64134807071926, "best_25percent_normalized": 77.49369623733398, "best_50percent_normalized": 65.57728934649214, "best_100percent_normalized": 45.73158709405185, "best_later_half_normalized": 51.38606017366641, "best_last_four_normalized": 41.05074264176564, "target_steps": 35000}