{
    "final_weight_diff": 0.0017277946462854743,
    "final_weight_sim": 0.7515729069709778,
    "final_feature_diff": 0.18637828277642604,
    "final_feature_sim": 0.7216900964629513,
    "final_0_weight_diff": 0.0020273784175515175,
    "final_1_weight_diff": 0.0018335776403546333,
    "final_2_weight_diff": 0.0013170231832191348,
    "final_0_weight_sim": 0.7288265228271484,
    "final_1_weight_sim": 0.7491779327392578,
    "final_2_weight_sim": 0.7691139578819275,
    "best_weight_diff": 0.001667954376898706,
    "best_weight_sim": 0.758682131767273,
    "best_feature_diff": 0.18621308711245116,
    "best_feature_sim": 0.7224878363367354,
    "best_0_weight_diff": 0.0019612214528024197,
    "best_1_weight_diff": 0.0017694042762741446,
    "best_2_weight_diff": 0.0012683843960985541,
    "best_0_weight_sim": 0.7364880442619324,
    "best_1_weight_sim": 0.7559283971786499,
    "best_2_weight_sim": 0.7760623097419739,
    "num_feature_traj": 204,
    "num_feature_timesteps": "37349",
    "final_test_returns": 1226.3983951196492,
    "final_test_normalized_returns": 38.30520828203413,
    "best_return": 2710.689838660098,
    "best_return_normalized": 83.91155235557436,
    "convergence_step": "75000",
    "convergence_iter": "15",
    "best_step": "95000",
    "best_iter": "19"
}