{"final_weight_diff": 0.0007722790469415486, "final_weight_sim": 0.8341901302337646, "final_feature_diff": 0.5023510997905238, "final_feature_sim": 0.7201585458744683, "final_0_weight_diff": 0.0010649105533957481, "final_1_weight_diff": 0.0007375598652288318, "final_2_weight_diff": 0.0005132179358042777, "final_0_weight_sim": 0.7826822400093079, "final_1_weight_sim": 0.825493574142456, "final_2_weight_sim": 0.8605777025222778, "best_weight_diff": 0.0002925428852904588, "best_weight_sim": 0.9285243153572083, "best_feature_diff": 0.2575269523649697, "best_feature_sim": 0.851059829500852, "best_0_weight_diff": 0.00037382476148195565, "best_1_weight_diff": 0.0002923186693806201, "best_2_weight_diff": 0.00021147906954865903, "best_0_weight_sim": 0.9051110148429871, "best_1_weight_sim": 0.9209433794021606, "best_2_weight_sim": 0.9378595352172852, "num_feature_traj": 218, "num_feature_timesteps": "100692", "final_test_returns": 1625.8454047491668, "final_test_normalized_returns": 50.578618493749104, "best_return": 2247.703625777674, "best_return_normalized": 69.6858363629956, "convergence_step": "30000", "convergence_iter": "6", "best_step": "30000", "best_iter": "6", "best_5percent_normalized": 69.6858363629956, "best_10percent_normalized": 67.81168359669319, "best_25percent_normalized": 65.4393154334912, "best_50percent_normalized": 63.22808977055915, "best_100percent_normalized": 58.119120037647896, "best_later_half_normalized": 59.125527078391414, "best_last_four_normalized": 58.87584698821214}