{"final_weight_diff": 0.0007996861822903156, "final_weight_sim": 0.8331835269927979, "final_feature_diff": 0.464384048191406, "final_feature_sim": 0.7510730381998156, "final_0_weight_diff": 0.001123680267482996, "final_1_weight_diff": 0.0007527385605499148, "final_2_weight_diff": 0.0005215982091613114, "final_0_weight_sim": 0.7822902202606201, "final_1_weight_sim": 0.8263319730758667, "final_2_weight_sim": 0.8598227500915527, "best_weight_diff": 0.00076617969898507, "best_weight_sim": 0.8388105630874634, "best_feature_diff": 0.4562588025251607, "best_feature_sim": 0.7556457766609932, "best_0_weight_diff": 0.001078483765013516, "best_1_weight_diff": 0.0007194522186182439, "best_2_weight_diff": 0.0004996971692889929, "best_0_weight_sim": 0.7886099815368652, "best_1_weight_sim": 0.8323088884353638, "best_2_weight_sim": 0.8648642301559448, "num_feature_traj": 321, "num_feature_timesteps": "203500", "final_test_returns": 3057.085080154832, "final_test_normalized_returns": 94.55489375446008, "best_return": 3521.5341484368632, "best_return_normalized": 108.82555744715168, "convergence_step": "95000", "convergence_iter": "19", "best_step": "95000", "best_iter": "19", "best_5percent_normalized": 108.82555744715168, "best_10percent_normalized": 106.97255814988071, "best_25percent_normalized": 104.0571353200049, "best_50percent_normalized": 99.53448011611032, "best_100percent_normalized": 71.99677600770931, "best_later_half_normalized": 95.96049897175233, "best_last_four_normalized": 96.18711098966071, "target_steps": 