{
    "final_weight_diff": 0.002450427273288369,
    "final_weight_sim": 0.6399641036987305,
    "final_feature_diff": 0.6960968473112995,
    "final_feature_sim": 0.22714594589952325,
    "final_0_weight_diff": 0.0025106400717049837,
    "final_1_weight_diff": 0.00223956978879869,
    "final_2_weight_diff": 0.0025793856475502253,
    "final_0_weight_sim": 0.5629221200942993,
    "final_1_weight_sim": 0.6594256162643433,
    "final_2_weight_sim": 0.6606450080871582,
    "best_weight_diff": 0.0016144969267770648,
    "best_weight_sim": 0.7498284578323364,
    "best_feature_diff": 0.6384472631202744,
    "best_feature_sim": 0.26746424304546995,
    "best_0_weight_diff": 0.0018168591195717454,
    "best_1_weight_diff": 0.0014157295227050781,
    "best_2_weight_diff": 0.001603255164809525,
    "best_0_weight_sim": 0.6686502695083618,
    "best_1_weight_sim": 0.7588338255882263,
    "best_2_weight_sim": 0.7835702300071716,
    "num_feature_traj": 4,
    "num_feature_timesteps": "1277",
    "final_test_returns": 2921.1916738078294,
    "final_test_normalized_returns": 77.20713561001187,
    "best_return": 3496.464930310044,
    "best_return_normalized": 90.88685540413393,
    "convergence_step": "45000",
    "convergence_iter": "9",
    "best_step": "45000",
    "best_iter": "9"
}