{"final_weight_diff": 0.000914905103854835, "final_weight_sim": 0.816057562828064, "final_feature_diff": 0.7004636390452988, "final_feature_sim": 0.6234968180299317, "final_0_weight_diff": 0.0012018990237265825, "final_1_weight_diff": 0.0008989553898572922, "final_2_weight_diff": 0.0006416113465093076, "final_0_weight_sim": 0.7727240324020386, "final_1_weight_sim": 0.804119348526001, "final_2_weight_sim": 0.8367706537246704, "best_weight_diff": 0.000506266369484365, "best_weight_sim": 0.8867210745811462, "best_feature_diff": 0.4627946440701345, "best_feature_sim": 0.7566244181462483, "best_0_weight_diff": 0.0006563587812706828, "best_1_weight_diff": 0.000494484615046531, "best_2_weight_diff": 0.00036757075577042997, "best_0_weight_sim": 0.8548088073730469, "best_1_weight_sim": 0.8778307437896729, "best_2_weight_sim": 0.8992746472358704, "num_feature_traj": 119, "num_feature_timesteps": "101758", "final_test_returns": 3418.2357037862057, "final_test_normalized_returns": 74.42499586095813, "best_return": 3746.367780765529, "best_return_normalized": 81.57279794808541, "convergence_step": "45000", "convergence_iter": "9", "best_step": "45000", "best_iter": "9", "best_5percent_normalized": 81.57279794808541, "best_10percent_normalized": 79.89595700912598, "best_25percent_normalized": 78.24231073766, "best_50percent_normalized": 75.39323933387867, "best_100percent_normalized": 68.80724344909183, "best_later_half_normalized": 68.23016044523054, "best_last_four_normalized": 64.83054734474369, "target_steps": 15000}