{
    "final_weight_diff": 0.0010898048058152199,
    "final_weight_sim": 0.77366042137146,
    "final_feature_diff": 0.19268619924887603,
    "final_feature_sim": 0.7539099376395023,
    "final_0_weight_diff": 0.00123390625230968,
    "final_1_weight_diff": 0.0010443219216540456,
    "final_2_weight_diff": 0.0009897348936647177,
    "final_0_weight_sim": 0.7392387390136719,
    "final_1_weight_sim": 0.770784318447113,
    "final_2_weight_sim": 0.7737258672714233,
    "best_weight_diff": 0.00032571449992246926,
    "best_weight_sim": 0.919147253036499,
    "best_feature_diff": 0.08608574216330325,
    "best_feature_sim": 0.8984552644743654,
    "best_0_weight_diff": 0.0003734791825991124,
    "best_1_weight_diff": 0.0003198820340912789,
    "best_2_weight_diff": 0.0002838684304151684,
    "best_0_weight_sim": 0.9069643616676331,
    "best_1_weight_sim": 0.9131839871406555,
    "best_2_weight_sim": 0.9194620251655579,
    "num_feature_traj": 23,
    "num_feature_timesteps": "19459",
    "final_test_returns": 2240.589802902381,
    "final_test_normalized_returns": 48.77197252436821,
    "best_return": 3612.097968632033,
    "best_return_normalized": 78.64795727953211,
    "convergence_step": "15000",
    "convergence_iter": "3",
    "best_step": "15000",
    "best_iter": "3"
}