{"final_weight_diff": 0.00114746845792979, "final_weight_sim": 0.7788475155830383, "final_feature_diff": 0.3406083738565087, "final_feature_sim": 0.6783706189567468, "final_0_weight_diff": 0.0013500867644324899, "final_1_weight_diff": 0.0011727528180927038, "final_2_weight_diff": 0.000917297787964344, "final_0_weight_sim": 0.7608723044395447, "final_1_weight_sim": 0.7622146010398865, "final_2_weight_sim": 0.7833765149116516, "best_weight_diff": 0.00114746845792979, "best_weight_sim": 0.7788475155830383, "best_feature_diff": 0.3406083738565087, "best_feature_sim": 0.6783706189567468, "best_0_weight_diff": 0.0013500867644324899, "best_1_weight_diff": 0.0011727528180927038, "best_2_weight_diff": 0.000917297787964344, "best_0_weight_sim": 0.7608723044395447, "best_1_weight_sim": 0.7622146010398865, "best_2_weight_sim": 0.7833765149116516, "num_feature_traj": 204, "num_feature_timesteps": "37349", "final_test_returns": 2874.059902432737, "final_test_normalized_returns": 88.93126150511925, "best_return": 2874.059902432737, "best_return_normalized": 88.93126150511925, "convergence_step": "100000", "convergence_iter": "20", "best_step": "100000", "best_iter": "20", "best_5percent_normalized": 88.93126150511925, "best_10percent_normalized": 83.05245491829433, "best_25percent_normalized": 78.05318557845581, "best_50percent_normalized": 71.09395583228388, "best_100percent_normalized": 56.69159189834197, "best_later_half_normalized": 64.79656977217246, "best_last_four_normalized": 68.02344920519492}