{
    "final_weight_diff": 0.0013087233528494835,
    "final_weight_sim": 0.7612678408622742,
    "final_feature_diff": 0.3944457821759173,
    "final_feature_sim": 0.6749575740987684,
    "final_0_weight_diff": 0.001322205294854939,
    "final_1_weight_diff": 0.0014102708082646132,
    "final_2_weight_diff": 0.0011839627986773849,
    "final_0_weight_sim": 0.7446989417076111,
    "final_1_weight_sim": 0.7447511553764343,
    "final_2_weight_sim": 0.7597265243530273,
    "best_weight_diff": 0.0007455050363205373,
    "best_weight_sim": 0.8463360071182251,
    "best_feature_diff": 0.3125193982869185,
    "best_feature_sim": 0.7461271016882193,
    "best_0_weight_diff": 0.0008374382159672678,
    "best_1_weight_diff": 0.0007954651373438537,
    "best_2_weight_diff": 0.0006023645983077586,
    "best_0_weight_sim": 0.825691819190979,
    "best_1_weight_sim": 0.830406904220581,
    "best_2_weight_sim": 0.8528686165809631,
    "num_feature_traj": 48,
    "num_feature_timesteps": "28017",
    "final_test_returns": 3337.2931774650533,
    "final_test_normalized_returns": 87.10182810893522,
    "best_return": 3596.669730519991,
    "best_return_normalized": 93.26967708653343,
    "convergence_step": "45000",
    "convergence_iter": "9",
    "best_step": "45000",
    "best_iter": "9"
}