{"final_weight_diff": 0.0019078359473496675, "final_weight_sim": 0.7283205389976501, "final_feature_diff": 0.7317384425759703, "final_feature_sim": 0.653874232182684, "final_0_weight_diff": 0.002245286712422967, "final_1_weight_diff": 0.0018540140008553863, "final_2_weight_diff": 0.0016236547380685806, "final_0_weight_sim": 0.6927057504653931, "final_1_weight_sim": 0.7123880982398987, "final_2_weight_sim": 0.7225269675254822, "best_weight_diff": 0.0014813001034781337, "best_weight_sim": 0.7683330774307251, "best_feature_diff": 0.6594565785978924, "best_feature_sim": 0.6897598163682355, "best_0_weight_diff": 0.0017174381064251065, "best_1_weight_diff": 0.0014281651237979531, "best_2_weight_diff": 0.0012972118565812707, "best_0_weight_sim": 0.7357200384140015, "best_1_weight_sim": 0.7538939714431763, "best_2_weight_sim": 0.7601498365402222, "num_feature_traj": 100, "num_feature_timesteps": "100000", "final_test_returns": 4989.254297019784, "final_test_normalized_returns": 42.44347399234611, "best_return": 5105.0468271220025, "best_return_normalized": 43.37614303030821, "convergence_step": "15000", "convergence_iter": "3", "best_step": "65000", "best_iter": "13", "best_5percent_normalized": 43.37614303030821, "best_10percent_normalized": 43.163302039119216, "best_25percent_normalized": 42.96192093031597, "best_50percent_normalized": 42.788971128678526, "best_100percent_normalized": 41.83728220652888, "best_later_half_normalized": 42.30547526388909, "best_last_four_normalized": 42.44489492592317, "target_steps": 5000}