{
    "final_weight_diff": 0.001420802902430296,
    "final_weight_sim": 0.7531545162200928,
    "final_feature_diff": 0.4048831688200892,
    "final_feature_sim": 0.6221426165034688,
    "final_0_weight_diff": 0.0016342346789315343,
    "final_1_weight_diff": 0.001481271698139608,
    "final_2_weight_diff": 0.0011350511340424418,
    "final_0_weight_sim": 0.725311815738678,
    "final_1_weight_sim": 0.7436842918395996,
    "final_2_weight_sim": 0.7711594700813293,
    "best_weight_diff": 0.0009301975951530039,
    "best_weight_sim": 0.832824170589447,
    "best_feature_diff": 0.3720240506307881,
    "best_feature_sim": 0.6711089882106418,
    "best_0_weight_diff": 0.0011166147887706757,
    "best_1_weight_diff": 0.0009593591094017029,
    "best_2_weight_diff": 0.000711549655534327,
    "best_0_weight_sim": 0.8101803660392761,
    "best_1_weight_sim": 0.8248757123947144,
    "best_2_weight_sim": 0.8485280275344849,
    "num_feature_traj": 20,
    "num_feature_timesteps": "20000",
    "final_test_returns": 4452.085098350048,
    "final_test_normalized_returns": 38.1167606948311,
    "best_return": 4821.325391803074,
    "best_return_normalized": 41.0908643694608,
    "convergence_step": "5000",
    "convergence_iter": "1",
    "best_step": "55000",
    "best_iter": "11"
}