current_itr_train_time	current_itr_train_loss_mean	current_itr_train_loss_std	current_itr_eval_2000_return_mean	current_itr_eval_2000_return_std	current_itr_eval_2000_length_mean	current_itr_eval_2000_length_std	current_itr_eval_5000_return_mean	current_itr_eval_5000_return_std	current_itr_eval_5000_length_mean	current_itr_eval_5000_length_std	TestEpRet	TestEpNormRet	Iteration	Steps	total_time	current_eval_time
568.7873885631561	0.14518379354178906	0.18109220836375692	2626.5822004397096	1259.3866874226755	920.0	240.0	3383.927039141706	264.8729468528051	976.6	70.19999999999999	3383.927039141706	88.2107587839561	1	5000	691.1319577693939	122.34383392333984
571.8135075569153	0.051919487795233726	0.008864769408304664	3474.581680435755	101.87191352629642	994.4	16.799999999999997	3445.352708436548	567.955739397021	1000.0	0.0	3445.352708436548	89.6714314897046	2	10000	1385.7457327842712	122.77580833435059
564.8934273719788	0.04881391103938222	0.008380384015223447	3022.451747007709	723.6681741540151	883.8	201.86569792810266	2663.62288270732	1210.4828112951272	774.7	351.88323347383295	2663.62288270732	71.08227433732004	3	15000	2054.199279308319	103.54666924476624
568.339661359787	0.04692195220589638	0.007998033522117094	2478.759929640905	828.8323978792951	831.8	254.71034529441476	3446.7948453753497	581.1510651324085	947.4	157.8	3446.7948453753497	89.7057248085832	4	20000	2728.1061334609985	105.54678273200989
564.2969160079956	0.0455291434712708	0.007818815571418624	2212.8920232737355	758.6110185848588	763.1	272.28016820914445	2524.877059658755	1322.6620635927347	827.5	345.95700599930046	2524.877059658755	67.78296577316138	5	25000	3388.3123264312744	95.89115977287292
563.9343078136444	0.044215158485621214	0.00736664979080883	2424.596196024505	1144.1092506988691	749.5	352.19916240672694	2303.329001092021	1166.5298780636458	750.5	336.57963396498013	2303.329001092021	62.514660097781864	6	30000	4042.665739297867	90.4054126739502
