{"final_weight_diff": 0.001512425602413714, "final_weight_sim": 0.7676152586936951, "final_feature_diff": 0.1989330711859932, "final_feature_sim": 0.7695418626693348, "final_0_weight_diff": 0.001804678118787706, "final_1_weight_diff": 0.0015758845256641507, "final_2_weight_diff": 0.0011537176324054599, "final_0_weight_sim": 0.7388875484466553, "final_1_weight_sim": 0.7709535956382751, "final_2_weight_sim": 0.7817322611808777, "best_weight_diff": 0.0010566982673481107, "best_weight_sim": 0.8255863189697266, "best_feature_diff": 0.18685954310098407, "best_feature_sim": 0.7873215410231493, "best_0_weight_diff": 0.0012769633904099464, "best_1_weight_diff": 0.0010809805244207382, "best_2_weight_diff": 0.0008109838818199933, "best_0_weight_sim": 0.8023004531860352, "best_1_weight_sim": 0.8267079591751099, "best_2_weight_sim": 0.8374590277671814, "num_feature_traj": 321, "num_feature_timesteps": "203500", "final_test_returns": 3631.46105281535, "final_test_normalized_returns": 112.20317189466618, "best_return": 3637.103788559668, "best_return_normalized": 112.37655061283598, "convergence_step": "25000", "convergence_iter": "5", "best_step": "60000", "best_iter": "12", "best_5percent_normalized": 112.37655061283598, "best_10percent_normalized": 112.28986125375108, "best_25percent_normalized": 111.72365828762125, "best_50percent_normalized": 108.26182670874326, "best_100percent_normalized": 88.38161288510987, "best_later_half_normalized": 96.90442121944037, "best_last_four_normalized": 107.42595763402817}