{"final_weight_diff": 0.000978482305072248, "final_weight_sim": 0.8057039380073547, "final_feature_diff": 0.4630744247114005, "final_feature_sim": 0.7231099414585008, "final_0_weight_diff": 0.0013718453701585531, "final_1_weight_diff": 0.0009021386504173279, "final_2_weight_diff": 0.0006578980828635395, "final_0_weight_sim": 0.7532778978347778, "final_1_weight_sim": 0.8059977889060974, "final_2_weight_sim": 0.8343805074691772, "best_weight_diff": 0.0002935747033916414, "best_weight_sim": 0.931081235408783, "best_feature_diff": 0.24607462428876326, "best_feature_sim": 0.8602549579569839, "best_0_weight_diff": 0.0003843858139589429, "best_1_weight_diff": 0.00028214315534569323, "best_2_weight_diff": 0.00021419121185317636, "best_0_weight_sim": 0.9066644906997681, "best_1_weight_sim": 0.9278695583343506, "best_2_weight_sim": 0.941429853439331, "num_feature_traj": 200, "num_feature_timesteps": "200000", "final_test_returns": 5005.090594564594, "final_test_normalized_returns": 42.57102992693845, "best_return": 6564.570777897813, "best_return_normalized": 55.13210688955756, "convergence_step": "15000", "convergence_iter": "3", "best_step": "15000", "best_iter": "3", "best_5percent_normalized": 55.13210688955756, "best_10percent_normalized": 54.109153566359645, "best_25percent_normalized": 47.87310730137214, "best_50percent_normalized": 45.320826765083616, "best_100percent_normalized": 43.102200705474985, "best_later_half_normalized": 42.599799212894126, "best_last_four_normalized": 42.649329977474885, "target_steps": 15000}