{"final_weight_diff": 0.0009961803443729877, "final_weight_sim": 0.7962070107460022, "final_feature_diff": 0.34889902607556134, "final_feature_sim": 0.6809909162844368, "final_0_weight_diff": 0.0012376870727166533, "final_1_weight_diff": 0.0010287303011864424, "final_2_weight_diff": 0.0007194028585217893, "final_0_weight_sim": 0.7554176449775696, "final_1_weight_sim": 0.7850962281227112, "final_2_weight_sim": 0.817142128944397, "best_weight_diff": 0.0009288422879762948, "best_weight_sim": 0.8069230318069458, "best_feature_diff": 0.341990697738791, "best_feature_sim": 0.6883386873008458, "best_0_weight_diff": 0.0011633016401901841, "best_1_weight_diff": 0.0009517272119410336, "best_2_weight_diff": 0.0006692197639495134, "best_0_weight_sim": 0.7669588327407837, "best_1_weight_sim": 0.7964198589324951, "best_2_weight_sim": 0.8272403478622437, "num_feature_traj": 120, "num_feature_timesteps": "106539", "final_test_returns": 3638.579682150185, "final_test_normalized_returns": 94.26627546548843, "best_return": 3959.0607029485086, "best_return_normalized": 101.8871591312988, "convergence_step": "90000", "convergence_iter": "18", "best_step": "90000", "best_iter": "18", "best_5percent_normalized": 101.8871591312988, "best_10percent_normalized": 100.51911023825086, "best_25percent_normalized": 97.6043191066699, "best_50percent_normalized": 94.5299764374115, "best_100percent_normalized": 87.9892781777722, "best_later_half_normalized": 87.17661215734407, "best_last_four_normalized": 92.81140303776975}