{"final_weight_diff": 0.0014491495676338673, "final_weight_sim": 0.7547760009765625, "final_feature_diff": 1.513528550885526, "final_feature_sim": 0.333846811556232, "final_0_weight_diff": 0.0016252802452072501, "final_1_weight_diff": 0.0014904418494552374, "final_2_weight_diff": 0.0012226559920236468, "final_0_weight_sim": 0.7235091328620911, "final_1_weight_sim": 0.7295321822166443, "final_2_weight_sim": 0.7483110427856445, "best_weight_diff": 0.0008114025113172829, "best_weight_sim": 0.8429901599884033, "best_feature_diff": 1.2953711022100594, "best_feature_sim": 0.46863294093641644, "best_0_weight_diff": 0.001011272077448666, "best_1_weight_diff": 0.0008145113242790103, "best_2_weight_diff": 0.0006065682391636074, "best_0_weight_sim": 0.8070762157440186, "best_1_weight_sim": 0.8243163228034973, "best_2_weight_sim": 0.8492138385772705, "num_feature_traj": 48, "num_feature_timesteps": "28017", "final_test_returns": 3284.2279850242094, "final_test_normalized_returns": 85.83996349901813, "best_return": 3466.2602988548288, "best_return_normalized": 90.16860387736496, "convergence_step": "40000", "convergence_iter": "8", "best_step": "45000", "best_iter": "9", "best_5percent_normalized": 90.16860387736496, "best_10percent_normalized": 89.6974344682975, "best_25percent_normalized": 88.60164841543364, "best_50percent_normalized": 87.42589803957694, "best_100percent_normalized": 81.92556811481214, "best_later_half_normalized": 80.62710133183938, "best_last_four_normalized": 79.83334954986361}