{"final_weight_diff": 0.0013012757990509272, "final_weight_sim": 0.7522110342979431, "final_feature_diff": 0.23313752262017431, "final_feature_sim": 0.7302033363814755, "final_0_weight_diff": 0.0014300240436568856, "final_1_weight_diff": 0.0013300382997840643, "final_2_weight_diff": 0.001142027322202921, "final_0_weight_sim": 0.7282001972198486, "final_1_weight_sim": 0.7429801225662231, "final_2_weight_sim": 0.7507004737854004, "best_weight_diff": 0.0007074403110891581, "best_weight_sim": 0.84628826379776, "best_feature_diff": 0.18386774295616323, "best_feature_sim": 0.7922552096526733, "best_0_weight_diff": 0.000819126726128161, "best_1_weight_diff": 0.0006806079181842506, "best_2_weight_diff": 0.0006223071250133216, "best_0_weight_sim": 0.8259268403053284, "best_1_weight_sim": 0.8402676582336426, "best_2_weight_sim": 0.8465802073478699, "num_feature_traj": 71, "num_feature_timesteps": "64305", "final_test_returns": 3468.0423976599195, "final_test_normalized_returns": 75.50995041249341, "best_return": 3634.277190985297, "best_return_normalized": 79.13109411055126, "convergence_step": "40000", "convergence_iter": "8", "best_step": "40000", "best_iter": "8", "best_5percent_normalized": 79.13109411055126, "best_10percent_normalized": 78.9671487329361, "best_25percent_normalized": 78.11657632714683, "best_50percent_normalized": 76.80515364934004, "best_100percent_normalized": 70.97758401446632, "best_later_half_normalized": 69.9458973560468, "best_last_four_normalized": 67.99112318534908, "target_steps": 10000}