{
    "final_weight_diff": 0.0015908041968941689,
    "final_weight_sim": 0.8481594920158386,
    "final_feature_diff": 10.485586313653277,
    "final_feature_sim": 0.23895962448503316,
    "final_0_weight_diff": 0.0017696282593533397,
    "final_1_weight_diff": 0.0017770294798538089,
    "final_2_weight_diff": 0.0012184835504740477,
    "final_0_weight_sim": 0.7222855091094971,
    "final_1_weight_sim": 0.7864332795143127,
    "final_2_weight_sim": 0.8571077585220337,
    "best_weight_diff": 0.0010486275423318148,
    "best_weight_sim": 0.8947772979736328,
    "best_feature_diff": 10.316307088938066,
    "best_feature_sim": 0.25457864753175696,
    "best_0_weight_diff": 0.0011795818572863936,
    "best_1_weight_diff": 0.001152434037066996,
    "best_2_weight_diff": 0.0008099875994957983,
    "best_0_weight_sim": 0.7893210053443909,
    "best_1_weight_sim": 0.8493686318397522,
    "best_2_weight_sim": 0.9024545550346375,
    "num_feature_traj": 24,
    "num_feature_timesteps": "20987",
    "final_test_returns": 3416.0009630065338,
    "final_test_normalized_returns": 88.97346118009496,
    "best_return": 3710.7071486160903,
    "best_return_normalized": 95.9814317317692,
    "convergence_step": "15000",
    "convergence_iter": "3",
    "best_step": "55000",
    "best_iter": "11"
}