{
    "final_weight_diff": 0.00145659688860178,
    "final_weight_sim": 0.7569522261619568,
    "final_feature_diff": 0.3284995449132004,
    "final_feature_sim": 0.6365311040220886,
    "final_0_weight_diff": 0.0016208854503929615,
    "final_1_weight_diff": 0.0015328361187130213,
    "final_2_weight_diff": 0.0012119882740080357,
    "final_0_weight_sim": 0.7290123701095581,
    "final_1_weight_sim": 0.7535821199417114,
    "final_2_weight_sim": 0.7661223411560059,
    "best_weight_diff": 0.0013436443405225873,
    "best_weight_sim": 0.7718946933746338,
    "best_feature_diff": 0.31802082073259474,
    "best_feature_sim": 0.648671702947065,
    "best_0_weight_diff": 0.0015111989341676235,
    "best_1_weight_diff": 0.0014137057587504387,
    "best_2_weight_diff": 0.0011027851141989231,
    "best_0_weight_sim": 0.7442495226860046,
    "best_1_weight_sim": 0.7680102586746216,
    "best_2_weight_sim": 0.7821998596191406,
    "num_feature_traj": 122,
    "num_feature_timesteps": "19420",
    "final_test_returns": 1074.4330711103707,
    "final_test_normalized_returns": 33.63592120625419,
    "best_return": 2465.001764349904,
    "best_return_normalized": 76.36253972701043,
    "convergence_step": "90000",
    "convergence_iter": "18",
    "best_step": "90000",
    "best_iter": "18"
}