{"final_weight_diff": 0.0017696742434054613, "final_weight_sim": 0.7512114644050598, "final_feature_diff": 0.35824250359854887, "final_feature_sim": 0.674410053450005, "final_0_weight_diff": 0.0018959947628900409, "final_1_weight_diff": 0.001524833613075316, "final_2_weight_diff": 0.0018847978208214045, "final_0_weight_sim": 0.6878017783164978, "final_1_weight_sim": 0.7554063200950623, "final_2_weight_sim": 0.7729558348655701, "best_weight_diff": 0.001322894706390798, "best_weight_sim": 0.8035486936569214, "best_feature_diff": 0.3376764901949241, "best_feature_sim": 0.7011266015443729, "best_0_weight_diff": 0.0014398643979802728, "best_1_weight_diff": 0.0011278890306130052, "best_2_weight_diff": 0.0013990614097565413, "best_0_weight_sim": 0.745711088180542, "best_1_weight_sim": 0.8055903911590576, "best_2_weight_sim": 0.8247029185295105, "num_feature_traj": 131, "num_feature_timesteps": "59763", "final_test_returns": 1870.9563212785877, "final_test_normalized_returns": 58.10989737032704, "best_return": 2196.83749111854, "best_return_normalized": 68.12292333196572, "convergence_step": "65000", "convergence_iter": "13", "best_step": "65000", "best_iter": "13", "best_5percent_normalized": 68.12292333196572, "best_10percent_normalized": 67.09343429036738, "best_25percent_normalized": 63.87687731286826, "best_50percent_normalized": 61.18135532753216, "best_100percent_normalized": 56.711234873126934, "best_later_half_normalized": 58.722418618713405, "best_last_four_normalized": 59.0550283318287, "target_steps": 10000}