{"final_weight_diff": 0.0015200392808765173, "final_weight_sim": 0.731799840927124, "final_feature_diff": 0.08595266384821963, "final_feature_sim": 0.6932613062606795, "final_0_weight_diff": 0.0016980670625343919, "final_1_weight_diff": 0.0014944212744012475, "final_2_weight_diff": 0.0013530842261388898, "final_0_weight_sim": 0.701591968536377, "final_1_weight_sim": 0.7305498719215393, "final_2_weight_sim": 0.74214106798172, "best_weight_diff": 0.0014223160687834024, "best_weight_sim": 0.7453667521476746, "best_feature_diff": 0.08428105219060568, "best_feature_sim": 0.7016300765977412, "best_0_weight_diff": 0.001599475392140448, "best_1_weight_diff": 0.001393650658428669, "best_2_weight_diff": 0.0012626424431800842, "best_0_weight_sim": 0.7162759304046631, "best_1_weight_sim": 0.7430776953697205, "best_2_weight_sim": 0.7544546127319336, "num_feature_traj": 48, "num_feature_timesteps": "28017", "final_test_returns": 3767.486999391566, "final_test_normalized_returns": 97.33162912019512, "best_return": 3777.3113684021073, "best_return_normalized": 97.56524786346056, "convergence_step": "90000", "convergence_iter": "18", "best_step": "90000", "best_iter": "18", "best_5percent_normalized": 97.56524786346056, "best_10percent_normalized": 97.44843849182783, "best_25percent_normalized": 94.40681225638914, "best_50percent_normalized": 92.0411655251838, "best_100percent_normalized": 82.3939338756563, "best_later_half_normalized": 88.45354789563244, "best_last_four_normalized": 91.75437237763293, "target_steps": 20000}