{
    "final_weight_diff": 0.00016274712106678635,
    "final_weight_sim": 0.8781406283378601,
    "final_feature_diff": 0.6665889862147166,
    "final_feature_sim": 0.6795769300685562,
    "final_0_weight_diff": 0.002354380674660206,
    "final_1_weight_diff": 0.0018923633033409715,
    "final_2_weight_diff": 0.0016666436567902565,
    "final_0_weight_sim": 0.9999999403953552,
    "final_1_weight_sim": 1.0000001192092896,
    "final_2_weight_sim": 1.0000001192092896,
    "best_weight_diff": 0.0001535081973997876,
    "best_weight_sim": 0.8837895393371582,
    "best_feature_diff": 0.6506002021364644,
    "best_feature_sim": 0.6878479522945268,
    "best_0_weight_diff": 0.0022177810315042734,
    "best_1_weight_diff": 0.0017792460275813937,
    "best_2_weight_diff": 0.0015804944559931755,
    "best_0_weight_sim": 1.0,
    "best_1_weight_sim": 1.0,
    "best_2_weight_sim": 1.0000001192092896,
    "num_feature_traj": 219,
    "num_feature_timesteps": "197797",
    "final_test_returns": 4943.075999901949,
    "final_test_normalized_returns": 107.64106163376192,
    "best_return": 5005.07789475439,
    "best_return_normalized": 108.99166800395244,
    "convergence_step": "5000",
    "convergence_iter": "1",
    "best_step": "90000",
    "best_iter": "18"
}