{"final_weight_diff": 0.0010136936325579882, "final_weight_sim": 0.7994565367698669, "final_feature_diff": 1.022841649625949, "final_feature_sim": 0.5989039655202322, "final_0_weight_diff": 0.0014146813191473484, "final_1_weight_diff": 0.0009799770778045058, "final_2_weight_diff": 0.0006425264291465282, "final_0_weight_sim": 0.7360192537307739, "final_1_weight_sim": 0.7830219268798828, "final_2_weight_sim": 0.8269990682601929, "best_weight_diff": 0.0010136936325579882, "best_weight_sim": 0.7994565367698669, "best_feature_diff": 1.022841649625949, "best_feature_sim": 0.5989039655202322, "best_0_weight_diff": 0.0014146813191473484, "best_1_weight_diff": 0.0009799770778045058, "best_2_weight_diff": 0.0006425264291465282, "best_0_weight_sim": 0.7360192537307739, "best_1_weight_sim": 0.7830219268798828, "best_2_weight_sim": 0.8269990682601929, "num_feature_traj": 100, "num_feature_timesteps": "100000", "final_test_returns": 5096.977952572276, "final_test_normalized_returns": 43.31115101867252, "best_return": 5096.977952572276, "best_return_normalized": 43.31115101867252, "convergence_step": "5000", "convergence_iter": "1", "best_step": "100000", "best_iter": "20", "best_5percent_normalized": 43.31115101867252, "best_10percent_normalized": 43.267805376732156, "best_25percent_normalized": 43.07208908593585, "best_50percent_normalized": 42.91355354815058, "best_100percent_normalized": 42.343092622594526, "best_later_half_normalized": 42.75997801560436, "best_last_four_normalized": 42.898597002562106, "target_steps": 5000}