{
    "final_weight_diff": 0.0011905033607035875,
    "final_weight_sim": 0.7970043420791626,
    "final_feature_diff": 0.3379969707851426,
    "final_feature_sim": 0.6933772121071966,
    "final_0_weight_diff": 0.0015068866778165102,
    "final_1_weight_diff": 0.00123213033657521,
    "final_2_weight_diff": 0.0008275031577795744,
    "final_0_weight_sim": 0.7658960819244385,
    "final_1_weight_sim": 0.7886754870414734,
    "final_2_weight_sim": 0.8253213763237,
    "best_weight_diff": 0.0008318011532537639,
    "best_weight_sim": 0.8496941328048706,
    "best_feature_diff": 0.28939237057229106,
    "best_feature_sim": 0.7440007841197456,
    "best_0_weight_diff": 0.0010791984386742115,
    "best_1_weight_diff": 0.0008378792554140091,
    "best_2_weight_diff": 0.0005761835491284728,
    "best_0_weight_sim": 0.8217900395393372,
    "best_1_weight_sim": 0.8441382646560669,
    "best_2_weight_sim": 0.8732694387435913,
    "num_feature_traj": 119,
    "num_feature_timesteps": "101758",
    "final_test_returns": 3347.161967318132,
    "final_test_normalized_returns": 72.87677477101438,
    "best_return": 3664.458363465697,
    "best_return_normalized": 79.78853988553698,
    "convergence_step": "30000",
    "convergence_iter": "6",
    "best_step": "60000",
    "best_iter": "12"
}