{"final_weight_diff": 0.001204516738653183, "final_weight_sim": 0.769463837146759, "final_feature_diff": 0.2545606853352332, "final_feature_sim": 0.7079227041935706, "final_0_weight_diff": 0.0012575878063216805, "final_1_weight_diff": 0.001254221424460411, "final_2_weight_diff": 0.0010999486548826098, "final_0_weight_sim": 0.7630118131637573, "final_1_weight_sim": 0.75193852186203, "final_2_weight_sim": 0.7581194043159485, "best_weight_diff": 0.0005061300471425056, "best_weight_sim": 0.8850114941596985, "best_feature_diff": 0.16292543435883086, "best_feature_sim": 0.8132685060828139, "best_0_weight_diff": 0.0005675115389749408, "best_1_weight_diff": 0.00050981470849365, "best_2_weight_diff": 0.0004411111876834184, "best_0_weight_sim": 0.8784709572792053, "best_1_weight_sim": 0.8720231056213379, "best_2_weight_sim": 0.8811835050582886, "num_feature_traj": 204, "num_feature_timesteps": "37349", "final_test_returns": 1891.74328077844, "final_test_normalized_returns": 58.74859756045395, "best_return": 2564.877944551723, "best_return_normalized": 79.43133558840147, "convergence_step": "35000", "convergence_iter": "7", "best_step": "35000", "best_iter": "7", "best_5percent_normalized": 79.43133558840147, "best_10percent_normalized": 77.04901733781796, "best_25percent_normalized": 70.0619521414884, "best_50percent_normalized": 60.15266113798482, "best_100percent_normalized": 47.55878113325153, "best_later_half_normalized": 42.976421800817306, "best_last_four_normalized": 47.085052507852254, "target_steps": 5000}