{
    "final_weight_diff": 0.0016163408290594816,
    "final_weight_sim": 0.7360444664955139,
    "final_feature_diff": 0.41459736096855454,
    "final_feature_sim": 0.5881840415476335,
    "final_0_weight_diff": 0.0021147113293409348,
    "final_1_weight_diff": 0.001608858467079699,
    "final_2_weight_diff": 0.0011162682203575969,
    "final_0_weight_sim": 0.6913846731185913,
    "final_1_weight_sim": 0.7409681081771851,
    "final_2_weight_sim": 0.7671896815299988,
    "best_weight_diff": 0.0013026378583163023,
    "best_weight_sim": 0.7761451005935669,
    "best_feature_diff": 0.3971582332869627,
    "best_feature_sim": 0.6154211176240432,
    "best_0_weight_diff": 0.0017479859525337815,
    "best_1_weight_diff": 0.0012801379198208451,
    "best_2_weight_diff": 0.0008743875077925622,
    "best_0_weight_sim": 0.7319731116294861,
    "best_1_weight_sim": 0.7804790139198303,
    "best_2_weight_sim": 0.8083740472793579,
    "num_feature_traj": 178,
    "num_feature_timesteps": "160479",
    "final_test_returns": 4904.117241770267,
    "final_test_normalized_returns": 124.36014652391668,
    "best_return": 5272.188516325215,
    "best_return_normalized": 133.11270340582632,
    "convergence_step": "70000",
    "convergence_iter": "14",
    "best_step": "70000",
    "best_iter": "14"
}