{
    "final_weight_diff": 0.00017759711772669107,
    "final_weight_sim": 0.8712937831878662,
    "final_feature_diff": 0.5789851390682681,
    "final_feature_sim": 0.7232105755533038,
    "final_0_weight_diff": 0.002458979142829776,
    "final_1_weight_diff": 0.002048438647761941,
    "final_2_weight_diff": 0.0019453699933364987,
    "final_0_weight_sim": 0.9999998807907104,
    "final_1_weight_sim": 1.0,
    "final_2_weight_sim": 1.0,
    "best_weight_diff": 0.00017759711772669107,
    "best_weight_sim": 0.8712937831878662,
    "best_feature_diff": 0.5789851390682681,
    "best_feature_sim": 0.7232105755533038,
    "best_0_weight_diff": 0.002458979142829776,
    "best_1_weight_diff": 0.002048438647761941,
    "best_2_weight_diff": 0.0019453699933364987,
    "best_0_weight_sim": 0.9999998807907104,
    "best_1_weight_sim": 1.0,
    "best_2_weight_sim": 1.0,
    "num_feature_traj": 21,
    "num_feature_timesteps": "19067",
    "final_test_returns": 4906.525049619044,
    "final_test_normalized_returns": 106.84486102721438,
    "best_return": 4906.525049619044,
    "best_return_normalized": 106.84486102721438,
    "convergence_step": "5000",
    "convergence_iter": "1",
    "best_step": "100000",
    "best_iter": "20"
}