{"final_weight_diff": 0.0011001569218933582, "final_weight_sim": 0.779453456401825, "final_feature_diff": 0.21490051902395524, "final_feature_sim": 0.7812619322367513, "final_0_weight_diff": 0.00129490636754781, "final_1_weight_diff": 0.0010541059309616685, "final_2_weight_diff": 0.0009498762665316463, "final_0_weight_sim": 0.7453166842460632, "final_1_weight_sim": 0.7746254801750183, "final_2_weight_sim": 0.7834176421165466, "best_weight_diff": 0.0003321691183373332, "best_weight_sim": 0.9182783365249634, "best_feature_diff": 0.10611384530199988, "best_feature_sim": 0.8994238218637095, "best_0_weight_diff": 0.0003994974831584841, "best_1_weight_diff": 0.00033482207800261676, "best_2_weight_diff": 0.00026224160683341324, "best_0_weight_sim": 0.9010167717933655, "best_1_weight_sim": 0.9107362627983093, "best_2_weight_sim": 0.9253484010696411, "num_feature_traj": 219, "num_feature_timesteps": "197797", "final_test_returns": 4920.97456524804, "final_test_normalized_returns": 107.15961927615396, "best_return": 4997.317985789112, "best_return_normalized": 108.8226315171556, "convergence_step": "15000", "convergence_iter": "3", "best_step": "15000", "best_iter": "3", "best_5percent_normalized": 108.8226315171556, "best_10percent_normalized": 108.62921477189107, "best_25percent_normalized": 108.39952386431032, "best_50percent_normalized": 107.94111285314277, "best_100percent_normalized": 100.10214236605606, "best_later_half_normalized": 106.20330596674346, "best_last_four_normalized": 107.52802613170076, "target_steps": 15000}