{
    "final_weight_diff": 0.0015194397419691086,
    "final_weight_sim": 0.7666354179382324,
    "final_feature_diff": 0.1546818909932264,
    "final_feature_sim": 0.8076813721415114,
    "final_0_weight_diff": 0.002087560249492526,
    "final_1_weight_diff": 0.0014880788512527943,
    "final_2_weight_diff": 0.0009793968638405204,
    "final_0_weight_sim": 0.7160941362380981,
    "final_1_weight_sim": 0.7767547965049744,
    "final_2_weight_sim": 0.8085454702377319,
    "best_weight_diff": 0.00028501899214461446,
    "best_weight_sim": 0.9491918683052063,
    "best_feature_diff": 0.11176861169805416,
    "best_feature_sim": 0.8693600367584571,
    "best_0_weight_diff": 0.00037171863368712366,
    "best_1_weight_diff": 0.0002605902263894677,
    "best_2_weight_diff": 0.00022259184333961457,
    "best_0_weight_sim": 0.9399145245552063,
    "best_1_weight_sim": 0.9510486125946045,
    "best_2_weight_sim": 0.9537723660469055,
    "num_feature_traj": 100,
    "num_feature_timesteps": "100000",
    "final_test_returns": 4957.386038660803,
    "final_test_normalized_returns": 42.18678612276626,
    "best_return": 5094.217375564588,
    "best_return_normalized": 43.2889155195457,
    "convergence_step": "5000",
    "convergence_iter": "1",
    "best_step": "10000",
    "best_iter": "2"
}