{"final_weight_diff": 32.623207092285156, "final_feature_diff": 9.136350249742254, "best_weight_diff": 25.284265518188477, "best_feature_diff": 8.13831460059951, "num_feature_traj": 160, "num_feature_timesteps": "96946", "final_test_returns": 3108.750155830108, "final_test_normalized_returns": 96.14235504993972, "best_return": 3308.712120505925, "best_return_normalized": 102.2863870743202, "convergence_step": "5000", "convergence_iter": "1", "best_step": "45000", "best_iter": "9", "best_5percent_normalized": 102.2863870743202, "best_10percent_normalized": 101.70772160588278, "best_25percent_normalized": 97.94370030617038, "best_50percent_normalized": 94.9783309485409, "best_100percent_normalized": 80.92267113265805, "best_later_half_normalized": 89.48109947457638}