{"final_weight_diff": 0.001119248103350401, "final_weight_sim": 0.7854710221290588, "final_feature_diff": 0.09427531860753609, "final_feature_sim": 0.7798616701225333, "final_0_weight_diff": 0.0014852574095129967, "final_1_weight_diff": 0.0010153877083212137, "final_2_weight_diff": 0.0008559358539059758, "final_0_weight_sim": 0.7388477325439453, "final_1_weight_sim": 0.7872740030288696, "final_2_weight_sim": 0.8069654703140259, "best_weight_diff": 0.0010774877155199647, "best_weight_sim": 0.7916442155838013, "best_feature_diff": 0.09673932196901996, "best_feature_sim": 0.7826079989032338, "best_0_weight_diff": 0.0014348687836900353, "best_1_weight_diff": 0.0009731785394251347, "best_2_weight_diff": 0.0008234080742113292, "best_0_weight_sim": 0.7457285523414612, "best_1_weight_sim": 0.7935136556625366, "best_2_weight_sim": 0.8126670718193054, "num_feature_traj": 321, "num_feature_timesteps": "203500", "final_test_returns": 3439.688498424918, "final_test_normalized_returns": 106.31076771929078, "best_return": 3583.290929012933, "best_return_normalized": 110.72309650262731, "convergence_step": "85000", "convergence_iter": "17", "best_step": "95000", "best_iter": "19", "best_5percent_normalized": 110.72309650262731, "best_10percent_normalized": 110.60889606556204, "best_25percent_normalized": 108.97728714733428, "best_50percent_normalized": 106.68374426658991, "best_100percent_normalized": 94.01932129438919, "best_later_half_normalized": 104.5594150456424, "best_last_four_normalized": 106.23740387242844}