{
    "final_weight_diff": 0.0012154048308730125,
    "final_weight_sim": 0.7624412775039673,
    "final_feature_diff": 0.3226762713202224,
    "final_feature_sim": 0.7210500542465798,
    "final_0_weight_diff": 0.0013160330709069967,
    "final_1_weight_diff": 0.0013325853506103158,
    "final_2_weight_diff": 0.0009946896461769938,
    "final_0_weight_sim": 0.7362019419670105,
    "final_1_weight_sim": 0.7349692583084106,
    "final_2_weight_sim": 0.7805839776992798,
    "best_weight_diff": 0.0004406207299325615,
    "best_weight_sim": 0.898216962814331,
    "best_feature_diff": 0.28899370739839647,
    "best_feature_sim": 0.7715906055871073,
    "best_0_weight_diff": 0.0004716555413324386,
    "best_1_weight_diff": 0.0004953613388352096,
    "best_2_weight_diff": 0.0003547996748238802,
    "best_0_weight_sim": 0.888018786907196,
    "best_1_weight_sim": 0.8756340742111206,
    "best_2_weight_sim": 0.9094665050506592,
    "num_feature_traj": 21,
    "num_feature_timesteps": "19067",
    "final_test_returns": 4971.665169172596,
    "final_test_normalized_returns": 108.263828312543,
    "best_return": 5017.493911970649,
    "best_return_normalized": 109.26212993071424,
    "convergence_step": "10000",
    "convergence_iter": "2",
    "best_step": "20000",
    "best_iter": "4"
}