{
    "final_weight_diff": 0.0010136895580217242,
    "final_weight_sim": 0.7985278367996216,
    "final_feature_diff": 0.06558139883205075,
    "final_feature_sim": 0.7868648527524174,
    "final_0_weight_diff": 0.0012840884737670422,
    "final_1_weight_diff": 0.0008995746029540896,
    "final_2_weight_diff": 0.0008569880155846477,
    "final_0_weight_sim": 0.7606894969940186,
    "final_1_weight_sim": 0.8006471395492554,
    "final_2_weight_sim": 0.806959331035614,
    "best_weight_diff": 0.0009344638092443347,
    "best_weight_sim": 0.8111791610717773,
    "best_feature_diff": 0.06472773133421424,
    "best_feature_sim": 0.7952143197001498,
    "best_0_weight_diff": 0.0011883170809596777,
    "best_1_weight_diff": 0.0008278056047856808,
    "best_2_weight_diff": 0.0007869907421991229,
    "best_0_weight_sim": 0.7752830982208252,
    "best_1_weight_sim": 0.8128820061683655,
    "best_2_weight_sim": 0.8190739750862122,
    "num_feature_traj": 218,
    "num_feature_timesteps": "100692",
    "final_test_returns": 1831.7986504011856,
    "final_test_normalized_returns": 56.90673863831043,
    "best_return": 2358.854238659924,
    "best_return_normalized": 73.10105048226679,
    "convergence_step": "90000",
    "convergence_iter": "18",
    "best_step": "90000",
    "best_iter": "18"
}