{"final_weight_diff": 0.0013673629146069288, "final_weight_sim": 0.7687333822250366, "final_feature_diff": 0.27468270972994113, "final_feature_sim": 0.7393917489423064, "final_0_weight_diff": 0.00178057630546391, "final_1_weight_diff": 0.001370930578559637, "final_2_weight_diff": 0.0009446927579119802, "final_0_weight_sim": 0.7266951203346252, "final_1_weight_sim": 0.7716518044471741, "final_2_weight_sim": 0.7980303168296814, "best_weight_diff": 0.0013673629146069288, "best_weight_sim": 0.7687333822250366, "best_feature_diff": 0.27468270972994113, "best_feature_sim": 0.7393917489423064, "best_0_weight_diff": 0.00178057630546391, "best_1_weight_diff": 0.001370930578559637, "best_2_weight_diff": 0.0009446927579119802, "best_0_weight_sim": 0.7266951203346252, "best_1_weight_sim": 0.7716518044471741, "best_2_weight_sim": 0.7980303168296814, "num_feature_traj": 87, "num_feature_timesteps": "79976", "final_test_returns": 5018.886296341098, "final_test_normalized_returns": 109.29246066826605, "best_return": 5018.886296341098, "best_return_normalized": 109.29246066826605, "convergence_step": "10000", "convergence_iter": "2", "best_step": "100000", "best_iter": "20", "best_5percent_normalized": 109.29246066826605, "best_10percent_normalized": 109.2432719730188, "best_25percent_normalized": 108.9435310416239, "best_50percent_normalized": 108.51903108328686, "best_100percent_normalized": 105.49809061059784, "best_later_half_normalized": 107.2421203604246, "best_last_four_normalized": 106.93547399431856, "target_steps": 10000}