{"final_weight_diff": 0.0016809598309919238, "final_weight_sim": 0.730475902557373, "final_feature_diff": 0.28196506187216364, "final_feature_sim": 0.6141249187528788, "final_0_weight_diff": 0.0018208628753200173, "final_1_weight_diff": 0.0017593125812709332, "final_2_weight_diff": 0.0014574292581528425, "final_0_weight_sim": 0.679046630859375, "final_1_weight_sim": 0.7316492199897766, "final_2_weight_sim": 0.7602553367614746, "best_weight_diff": 0.0013565858826041222, "best_weight_sim": 0.7745729684829712, "best_feature_diff": 0.27648877355409507, "best_feature_sim": 0.6242845581026354, "best_0_weight_diff": 0.0014855248155072331, "best_1_weight_diff": 0.0013976367190480232, "best_2_weight_diff": 0.0011829586001113057, "best_0_weight_sim": 0.7268723249435425, "best_1_weight_sim": 0.7765694856643677, "best_2_weight_sim": 0.8012715578079224, "num_feature_traj": 72, "num_feature_timesteps": "58362", "final_test_returns": 3115.6751622463416, "final_test_normalized_returns": 81.831858898208, "best_return": 3844.7196543617183, "best_return_normalized": 99.168184299853, "convergence_step": "15000", "convergence_iter": "3", "best_step": "70000", "best_iter": "14", "best_5percent_normalized": 99.168184299853, "best_10percent_normalized": 98.61724473211478, "best_25percent_normalized": 96.76395395292667, "best_50percent_normalized": 94.15511214155187, "best_100percent_normalized": 86.22062809172152, "best_later_half_normalized": 86.26254019365857, "best_last_four_normalized": 82.98521721374743, "target_steps": 5000}