{"final_weight_diff": 34.71800994873047, "final_feature_diff": 9.712279884573773, "best_weight_diff": 22.328006744384766, "best_feature_diff": 7.803186956450624, "num_feature_traj": 150, "num_feature_timesteps": "150000", "final_test_returns": 4996.135585025558, "final_test_normalized_returns": 42.49890040248344, "best_return": 6130.897393208418, "best_return_normalized": 51.639016807399685, "convergence_step": "5000", "convergence_iter": "1", "best_step": "20000", "best_iter": "4", "best_5percent_normalized": 51.639016807399685, "best_10percent_normalized": 50.11361748589465, "best_25percent_normalized": 46.81868308940004, "best_50percent_normalized": 44.877413863895896, "best_100percent_normalized": 42.582079943355, "best_later_half_normalized": 42.47151852097481, "best_last_four_normalized": 42.458605704921325, "target_steps": 15000}