{
    "final_weight_diff": 0.0013180931564420462,
    "final_weight_sim": 0.7757082581520081,
    "final_feature_diff": 0.31526871926391853,
    "final_feature_sim": 0.7029209418694138,
    "final_0_weight_diff": 0.0016794259427115321,
    "final_1_weight_diff": 0.0013557621277868748,
    "final_2_weight_diff": 0.0009140862966887653,
    "final_0_weight_sim": 0.742493748664856,
    "final_1_weight_sim": 0.7715278267860413,
    "final_2_weight_sim": 0.8020083904266357,
    "best_weight_diff": 0.0009340786491520703,
    "best_weight_sim": 0.8292568922042847,
    "best_feature_diff": 0.2821501710760966,
    "best_feature_sim": 0.74073834999689,
    "best_0_weight_diff": 0.001219607307575643,
    "best_1_weight_diff": 0.0009416228858754039,
    "best_2_weight_diff": 0.0006388556212186813,
    "best_0_weight_sim": 0.7982810139656067,
    "best_1_weight_sim": 0.8257282376289368,
    "best_2_weight_sim": 0.8535710573196411,
    "num_feature_traj": 219,
    "num_feature_timesteps": "197797",
    "final_test_returns": 4926.371984398618,
    "final_test_normalized_returns": 107.27719291974512,
    "best_return": 5014.802030266395,
    "best_return_normalized": 109.20349184253618,
    "convergence_step": "10000",
    "convergence_iter": "2",
    "best_step": "60000",
    "best_iter": "12"
}