{"final_weight_diff": 0.0017183118034154177, "final_weight_sim": 0.7484280467033386, "final_feature_diff": 0.5772676634048586, "final_feature_sim": 0.7156021869183021, "final_0_weight_diff": 0.002012616954743862, "final_1_weight_diff": 0.0016982549568638206, "final_2_weight_diff": 0.0014435674529522657, "final_0_weight_sim": 0.7125173807144165, "final_1_weight_sim": 0.7316052317619324, "final_2_weight_sim": 0.7471573352813721, "best_weight_diff": 0.0016639507375657558, "best_weight_sim": 0.753217875957489, "best_feature_diff": 0.5711976170662365, "best_feature_sim": 0.7186931728902441, "best_0_weight_diff": 0.001945969765074551, "best_1_weight_diff": 0.001640829723328352, "best_2_weight_diff": 0.00140448659658432, "best_0_weight_sim": 0.7175066471099854, "best_1_weight_sim": 0.7366623878479004, "best_2_weight_sim": 0.7515503168106079, "num_feature_traj": 64, "num_feature_timesteps": "41579", "final_test_returns": 1258.3906578569454, "final_test_normalized_returns": 39.288202658534736, "best_return": 3207.2937714600102, "best_return_normalized": 99.1702065276442, "convergence_step": "95000", "convergence_iter": "19", "best_step": "95000", "best_iter": "19", "best_5percent_normalized": 99.1702065276442, "best_10percent_normalized": 93.51038992278441, "best_25percent_normalized": 87.79902090052866, "best_50percent_normalized": 78.70300995779239, "best_100percent_normalized": 63.48177019018483, "best_later_half_normalized": 65.299878498762, "best_last_four_normalized": 66.46902180746372, "target_steps": 30000}