{
    "final_weight_diff": 0.001051606610417366,
    "final_weight_sim": 0.7949351668357849,
    "final_feature_diff": 0.16737943595227234,
    "final_feature_sim": 0.7736935937682308,
    "final_0_weight_diff": 0.001214182935655117,
    "final_1_weight_diff": 0.001067263656295836,
    "final_2_weight_diff": 0.0008726175874471664,
    "final_0_weight_sim": 0.778279721736908,
    "final_1_weight_sim": 0.7796419858932495,
    "final_2_weight_sim": 0.7994951009750366,
    "best_weight_diff": 0.0004539219953585416,
    "best_weight_sim": 0.8991020917892456,
    "best_feature_diff": 0.10689727021892581,
    "best_feature_sim": 0.8532872173192928,
    "best_0_weight_diff": 0.0005339213530533016,
    "best_1_weight_diff": 0.00043842618470080197,
    "best_2_weight_diff": 0.0003894110268447548,
    "best_0_weight_sim": 0.8923547267913818,
    "best_1_weight_sim": 0.8905040621757507,
    "best_2_weight_sim": 0.8966057300567627,
    "num_feature_traj": 218,
    "num_feature_timesteps": "100692",
    "final_test_returns": 2001.1541731127995,
    "final_test_normalized_returns": 62.11035702010005,
    "best_return": 2176.919921898605,
    "best_return_normalized": 67.51093603061327,
    "convergence_step": "35000",
    "convergence_iter": "7",
    "best_step": "35000",
    "best_iter": "7"
}