{"final_weight_diff": 0.0026083302218466997, "final_weight_sim": 0.6368337273597717, "final_feature_diff": 0.4911244497888808, "final_feature_sim": 0.4707960024385891, "final_0_weight_diff": 0.002616575686261058, "final_1_weight_diff": 0.0022790771909058094, "final_2_weight_diff": 0.0029067634604871273, "final_0_weight_sim": 0.5867112278938293, "final_1_weight_sim": 0.6488791108131409, "final_2_weight_sim": 0.6441168785095215, "best_weight_diff": 0.0006924566114321351, "best_weight_sim": 0.8891558647155762, "best_feature_diff": 0.31590139043378695, "best_feature_sim": 0.6828251737422015, "best_0_weight_diff": 0.0008725327788852155, "best_1_weight_diff": 0.0005541417049244046, "best_2_weight_diff": 0.000650126370601356, "best_0_weight_sim": 0.8376920819282532, "best_1_weight_sim": 0.8910536766052246, "best_2_weight_sim": 0.9133626222610474, "num_feature_traj": 10, "num_feature_timesteps": "2726", "final_test_returns": 1725.7606671650556, "final_test_normalized_returns": 37.557290909534544, "best_return": 3016.412969302793, "best_return_normalized": 65.67196748703078, "convergence_step": "15000", "convergence_iter": "3", "best_step": "15000", "best_iter": "3", "best_5percent_normalized": 65.67196748703078, "best_10percent_normalized": 63.5157796224191, "best_25percent_normalized": 60.284864353543206, "best_50percent_normalized": 55.98032809914715, "best_100percent_normalized": 44.62990521079233, "best_later_half_normalized": 46.92388787189542, "best_last_four_normalized": 51.035163260568, "target_steps": 15000}