{
    "final_weight_diff": 0.0010886910604313016,
    "final_weight_sim": 0.7929019927978516,
    "final_feature_diff": 0.7073070623972947,
    "final_feature_sim": 0.5664996848661811,
    "final_0_weight_diff": 0.001552022760733962,
    "final_1_weight_diff": 0.0010104126995429397,
    "final_2_weight_diff": 0.0006979468162171543,
    "final_0_weight_sim": 0.7455950975418091,
    "final_1_weight_sim": 0.7941110134124756,
    "final_2_weight_sim": 0.822990894317627,
    "best_weight_diff": 0.0008695201249793172,
    "best_weight_sim": 0.8261711597442627,
    "best_feature_diff": 0.6473673444726064,
    "best_feature_sim": 0.6108029734534761,
    "best_0_weight_diff": 0.001259845681488514,
    "best_1_weight_diff": 0.0007850296096876264,
    "best_2_weight_diff": 0.0005608186475001276,
    "best_0_weight_sim": 0.7794309854507446,
    "best_1_weight_sim": 0.8293234705924988,
    "best_2_weight_sim": 0.8531383275985718,
    "num_feature_traj": 223,
    "num_feature_timesteps": "196344",
    "final_test_returns": 4328.580323521037,
    "final_test_normalized_returns": 110.67415698097729,
    "best_return": 5191.098524792448,
    "best_return_normalized": 131.18442262840816,
    "convergence_step": "65000",
    "convergence_iter": "13",
    "best_step": "70000",
    "best_iter": "14"
}