{
    "final_weight_diff": 0.001854129834100604,
    "final_weight_sim": 0.8365458250045776,
    "final_feature_diff": 9.32809033806823,
    "final_feature_sim": 0.2744666949241603,
    "final_0_weight_diff": 0.001614651526324451,
    "final_1_weight_diff": 0.0017861463129520416,
    "final_2_weight_diff": 0.0021574008278548717,
    "final_0_weight_sim": 0.7522928714752197,
    "final_1_weight_sim": 0.7948466539382935,
    "final_2_weight_sim": 0.7933267951011658,
    "best_weight_diff": 0.0013535848120227456,
    "best_weight_sim": 0.8738387227058411,
    "best_feature_diff": 9.321223752483315,
    "best_feature_sim": 0.2838092978067905,
    "best_0_weight_diff": 0.0012465122854337096,
    "best_1_weight_diff": 0.0012801558477804065,
    "best_2_weight_diff": 0.001531951129436493,
    "best_0_weight_sim": 0.7944771647453308,
    "best_1_weight_sim": 0.839814305305481,
    "best_2_weight_sim": 0.841713011264801,
    "num_feature_traj": 204,
    "num_feature_timesteps": "37349",
    "final_test_returns": 906.7668176240356,
    "final_test_normalized_returns": 28.484207316575063,
    "best_return": 2557.8373738576365,
    "best_return_normalized": 79.21500698868745,
    "convergence_step": "70000",
    "convergence_iter": "14",
    "best_step": "70000",
    "best_iter": "14"
}