{"final_weight_diff": 0.0010044778464362025, "final_weight_sim": 0.7889609336853027, "final_feature_diff": 0.20581438882879227, "final_feature_sim": 0.7755633512774411, "final_0_weight_diff": 0.0011619394645094872, "final_1_weight_diff": 0.0009714930783957243, "final_2_weight_diff": 0.000879197265021503, "final_0_weight_sim": 0.7591737508773804, "final_1_weight_sim": 0.7833162546157837, "final_2_weight_sim": 0.7888830304145813, "best_weight_diff": 0.0006268100114539266, "best_weight_sim": 0.8549355864524841, "best_feature_diff": 0.1688209704955889, "best_feature_sim": 0.8255192866452497, "best_0_weight_diff": 0.0007484095403924584, "best_1_weight_diff": 0.0005985759198665619, "best_2_weight_diff": 0.0005333677399903536, "best_0_weight_sim": 0.8304459452629089, "best_1_weight_sim": 0.8494977355003357, "best_2_weight_sim": 0.8570714592933655, "num_feature_traj": 321, "num_feature_timesteps": "203500", "final_test_returns": 3448.697903966723, "final_test_normalized_returns": 106.58759074540588, "best_return": 3665.374719250639, "best_return_normalized": 113.24520332789592, "convergence_step": "55000", "convergence_iter": "11", "best_step": "55000", "best_iter": "11", "best_5percent_normalized": 113.24520332789592, "best_10percent_normalized": 112.50858569223968, "best_25percent_normalized": 111.08293710557818, "best_50percent_normalized": 108.15906188622697, "best_100percent_normalized": 94.65424066380716, "best_later_half_normalized": 101.93480435284245, "best_last_four_normalized": 98.04835947799621}