{"final_weight_diff": 0.0012871542712673545, "final_weight_sim": 0.8306858539581299, "final_feature_diff": 1.7015053977854548, "final_feature_sim": 0.5026668874126736, "final_0_weight_diff": 0.0017141160788014531, "final_1_weight_diff": 0.0012318096123635769, "final_2_weight_diff": 0.0009099394083023071, "final_0_weight_sim": 0.7827516794204712, "final_1_weight_sim": 0.8344449996948242, "final_2_weight_sim": 0.8306150436401367, "best_weight_diff": 8.979879203252494e-05, "best_weight_sim": 0.9863104820251465, "best_feature_diff": 0.5360605477886129, "best_feature_sim": 0.848048939921855, "best_0_weight_diff": 9.924349433276802e-05, "best_1_weight_diff": 7.988171273609623e-05, "best_2_weight_diff": 9.009263158077374e-05, "best_0_weight_sim": 0.984270453453064, "best_1_weight_sim": 0.987160861492157, "best_2_weight_sim": 0.9813820123672485, "num_feature_traj": 238, "num_feature_timesteps": "201773", "final_test_returns": 3046.35985042546, "final_test_normalized_returns": 66.3243096212167, "best_return": 3561.2467836240407, "best_return_normalized": 77.54025025594866, "convergence_step": "5000", "convergence_iter": "1", "best_step": "5000", "best_iter": "1", "best_5percent_normalized": 77.54025025594866, "best_10percent_normalized": 77.4238721195911, "best_25percent_normalized": 75.21146371699929, "best_50percent_normalized": 73.805570960261, "best_100percent_normalized": 69.00598324455572, "best_later_half_normalized": 71.05455781344159, "best_last_four_normalized": 72.16258387037055, "target_steps": 5000}