{
    "final_weight_diff": 0.001614831038750708,
    "final_weight_sim": 0.7700193524360657,
    "final_feature_diff": 0.177275009698708,
    "final_feature_sim": 0.7425947174642739,
    "final_0_weight_diff": 0.0021754130721092224,
    "final_1_weight_diff": 0.0015699059003964067,
    "final_2_weight_diff": 0.0010953942546620965,
    "final_0_weight_sim": 0.732196033000946,
    "final_1_weight_sim": 0.7789774537086487,
    "final_2_weight_sim": 0.8010327816009521,
    "best_weight_diff": 0.0010085372487083077,
    "best_weight_sim": 0.84629225730896,
    "best_feature_diff": 0.16151024215065496,
    "best_feature_sim": 0.7721406994148313,
    "best_0_weight_diff": 0.0013849399983882904,
    "best_1_weight_diff": 0.0009533065604045987,
    "best_2_weight_diff": 0.0006860421854071319,
    "best_0_weight_sim": 0.818354606628418,
    "best_1_weight_sim": 0.8520711064338684,
    "best_2_weight_sim": 0.8691173791885376,
    "num_feature_traj": 119,
    "num_feature_timesteps": "101758",
    "final_test_returns": 3479.894873768519,
    "final_test_normalized_returns": 75.76813654975426,
    "best_return": 3600.3876731486,
    "best_return_normalized": 78.39286830661636,
    "convergence_step": "5000",
    "convergence_iter": "1",
    "best_step": "50000",
    "best_iter": "10"
}