{"final_weight_diff": 0.0017642652383074164, "final_weight_sim": 0.8044896721839905, "final_feature_diff": 0.7753833318018999, "final_feature_sim": 0.32534491416804906, "final_0_weight_diff": 0.0012064032489433885, "final_1_weight_diff": 0.0016968479612842202, "final_2_weight_diff": 0.0023859464563429356, "final_0_weight_sim": 0.8333597183227539, "final_1_weight_sim": 0.8170623183250427, "final_2_weight_sim": 0.7664936184883118, "best_weight_diff": 0.0008285808144137263, "best_weight_sim": 0.9020465016365051, "best_feature_diff": 0.7706378302388434, "best_feature_sim": 0.34419518493415985, "best_0_weight_diff": 0.0005370756261982024, "best_1_weight_diff": 0.0008152713417075574, "best_2_weight_diff": 0.0011323281796649098, "best_0_weight_sim": 0.9195262789726257, "best_1_weight_sim": 0.9036865234375, "best_2_weight_sim": 0.8874420523643494, "num_feature_traj": 204, "num_feature_timesteps": "37349", "final_test_returns": 1738.2984879397227, "final_test_normalized_returns": 54.03385232025818, "best_return": 2810.39062514254, "best_return_normalized": 86.9749590689318, "convergence_step": "40000", "convergence_iter": "8", "best_step": "40000", "best_iter": "8", "best_5percent_normalized": 86.9749590689318, "best_10percent_normalized": 86.3942837851865, "best_25percent_normalized": 83.83311341448915, "best_50percent_normalized": 75.3512876308513, "best_100percent_normalized": 59.66522830115931, "best_later_half_normalized": 63.52504331995938, "best_last_four_normalized": 61.077291990367875}