{
    "final_weight_diff": 0.0016931474674493074,
    "final_weight_sim": 0.7942882180213928,
    "final_feature_diff": 2.351288529770663,
    "final_feature_sim": 0.30007696511190285,
    "final_0_weight_diff": 0.002139138989150524,
    "final_1_weight_diff": 0.001633326755836606,
    "final_2_weight_diff": 0.0012963901972398162,
    "final_0_weight_sim": 0.7581799030303955,
    "final_1_weight_sim": 0.7944431304931641,
    "final_2_weight_sim": 0.78055739402771,
    "best_weight_diff": 0.0012273491593077779,
    "best_weight_sim": 0.8441169857978821,
    "best_feature_diff": 2.2838263272236334,
    "best_feature_sim": 0.3372536049876998,
    "best_0_weight_diff": 0.0016315142856910825,
    "best_1_weight_diff": 0.0011248376686125994,
    "best_2_weight_diff": 0.0009211110300384462,
    "best_0_weight_sim": 0.8089197278022766,
    "best_1_weight_sim": 0.8492709994316101,
    "best_2_weight_sim": 0.8339947462081909,
    "num_feature_traj": 48,
    "num_feature_timesteps": "28017",
    "final_test_returns": 3528.7796260637283,
    "final_test_normalized_returns": 91.65528323933437,
    "best_return": 3658.829870120103,
    "best_return_normalized": 94.74781514089608,
    "convergence_step": "25000",
    "convergence_iter": "5",
    "best_step": "65000",
    "best_iter": "13"
}