{"final_weight_diff": 0.0008600646979175508, "final_weight_sim": 0.8245574831962585, "final_feature_diff": 0.5716249938898834, "final_feature_sim": 0.6982852338896128, "final_0_weight_diff": 0.0011828260030597448, "final_1_weight_diff": 0.0007955896435305476, "final_2_weight_diff": 0.0005993730737827718, "final_0_weight_sim": 0.7771716713905334, "final_1_weight_sim": 0.8207752108573914, "final_2_weight_sim": 0.8441793918609619, "best_weight_diff": 0.00037646008422598243, "best_weight_sim": 0.9129128456115723, "best_feature_diff": 0.3074111299376034, "best_feature_sim": 0.8400871978884602, "best_0_weight_diff": 0.000490679987706244, "best_1_weight_diff": 0.00035679261782206595, "best_2_weight_diff": 0.0002817759523168206, "best_0_weight_sim": 0.8855680227279663, "best_1_weight_sim": 0.9083293080329895, "best_2_weight_sim": 0.9209200739860535, "num_feature_traj": 119, "num_feature_timesteps": "101758", "final_test_returns": 3528.050008785913, "final_test_normalized_returns": 76.81711468609451, "best_return": 3670.6318597321706, "best_return_normalized": 79.9230190559509, "convergence_step": "15000", "convergence_iter": "3", "best_step": "30000", "best_iter": "6", "best_5percent_normalized": 79.9230190559509, "best_10percent_normalized": 79.49621400195139, "best_25percent_normalized": 78.52438236311711, "best_50percent_normalized": 76.33797517061315, "best_100percent_normalized": 68.63125502688432, "best_later_half_normalized": 64.81861630144307, "best_last_four_normalized": 52.30676133044517, "target_steps": 