{"final_weight_diff": 0.0017668743385002017, "final_weight_sim": 0.8372788429260254, "final_feature_diff": 11.427085561393756, "final_feature_sim": 0.20341422729259745, "final_0_weight_diff": 0.0012714528711512685, "final_1_weight_diff": 0.0015714748296886683, "final_2_weight_diff": 0.002455459674820304, "final_0_weight_sim": 0.7625712752342224, "final_1_weight_sim": 0.8005703091621399, "final_2_weight_sim": 0.7721094489097595, "best_weight_diff": 0.0009501762106083333, "best_weight_sim": 0.9053045511245728, "best_feature_diff": 10.899476148308652, "best_feature_sim": 0.24663480088680345, "best_0_weight_diff": 0.0008091895724646747, "best_1_weight_diff": 0.0009216918842867017, "best_2_weight_diff": 0.0011189808137714863, "best_0_weight_sim": 0.8384681940078735, "best_1_weight_sim": 0.8736757040023804, "best_2_weight_sim": 0.8777463436126709, "num_feature_traj": 32, "num_feature_timesteps": "19840", "final_test_returns": 3224.232212636722, "final_test_normalized_returns": 99.6906571303452, "best_return": 3505.9733871043863, "best_return_normalized": 108.34743744015196, "convergence_step": "5000", "convergence_iter": "1", "best_step": "50000", "best_iter": "10", "best_5percent_normalized": 108.34743744015196, "best_10percent_normalized": 106.59410998246767, "best_25percent_normalized": 103.98944386064525, "best_50percent_normalized": 101.76064045579076, "best_100percent_normalized": 87.3834389113957, "best_later_half_normalized": 90.75940133157539, "best_last_four_normalized": 97.9687217467335, "target_steps": 10000}