{
    "final_weight_diff": 0.0016543740639463067,
    "final_weight_sim": 0.7234935760498047,
    "final_feature_diff": 0.23719998919705843,
    "final_feature_sim": 0.6936717976740933,
    "final_0_weight_diff": 0.001663580653257668,
    "final_1_weight_diff": 0.0020052262116223574,
    "final_2_weight_diff": 0.0012859638081863523,
    "final_0_weight_sim": 0.678165853023529,
    "final_1_weight_sim": 0.70162034034729,
    "final_2_weight_sim": 0.7745659947395325,
    "best_weight_diff": 0.0004753030079882592,
    "best_weight_sim": 0.911836564540863,
    "best_feature_diff": 0.168660559178681,
    "best_feature_sim": 0.7958203920096151,
    "best_0_weight_diff": 0.0004993211477994919,
    "best_1_weight_diff": 0.0005422038375400007,
    "best_2_weight_diff": 0.0003837404656223953,
    "best_0_weight_sim": 0.8867354393005371,
    "best_1_weight_sim": 0.9036379456520081,
    "best_2_weight_sim": 0.9321482181549072,
    "num_feature_traj": 10,
    "num_feature_timesteps": "10000",
    "final_test_returns": 4916.96103263122,
    "final_test_normalized_returns": 41.86117659121928,
    "best_return": 5026.362456175578,
    "best_return_normalized": 42.74236746215653,
    "convergence_step": "15000",
    "convergence_iter": "3",
    "best_step": "20000",
    "best_iter": "4"
}