{"final_weight_diff": 0.001763689098879695, "final_weight_sim": 0.7515836954116821, "final_feature_diff": 0.36360177412300443, "final_feature_sim": 0.6859173394243286, "final_0_weight_diff": 0.0020320473704487085, "final_1_weight_diff": 0.0014538312098011374, "final_2_weight_diff": 0.0018020853167399764, "final_0_weight_sim": 0.6760667562484741, "final_1_weight_sim": 0.7670291066169739, "final_2_weight_sim": 0.7773101925849915, "best_weight_diff": 0.0006740422686561942, "best_weight_sim": 0.8909561634063721, "best_feature_diff": 0.28916453681398735, "best_feature_sim": 0.7592570679419817, "best_0_weight_diff": 0.0008251375402323902, "best_1_weight_diff": 0.0005496755475178361, "best_2_weight_diff": 0.0006468265200965106, "best_0_weight_sim": 0.840194821357727, "best_1_weight_sim": 0.893877387046814, "best_2_weight_sim": 0.9130942821502686, "num_feature_traj": 218, "num_feature_timesteps": "100692", "final_test_returns": 1764.209206029063, "final_test_normalized_returns": 54.82998513468462, "best_return": 1975.5134877816129, "best_return_normalized": 61.32252123314287, "convergence_step": "25000", "convergence_iter": "5", "best_step": "25000", "best_iter": "5", "best_5percent_normalized": 61.32252123314287, "best_10percent_normalized": 60.46090763691189, "best_25percent_normalized": 59.29924526669572, "best_50percent_normalized": 57.675816965152514, "best_100percent_normalized": 54.03596436954798, "best_later_half_normalized": 55.077914091960395, "best_last_four_normalized": 55.64268289956797}