current_itr_train_time	current_itr_train_loss_mean	current_itr_train_loss_std	current_itr_eval_5000_return_mean	current_itr_eval_5000_return_std	current_itr_eval_5000_length_mean	current_itr_eval_5000_length_std	current_itr_eval_2500_return_mean	current_itr_eval_2500_return_std	current_itr_eval_2500_length_mean	current_itr_eval_2500_length_std	TestEpRet	TestEpNormRet	Iteration	Steps	total_time	current_eval_time
1781.3658752441406	0.31960649907290933	0.22148305189583187	-11.686834164915037	9.324663819771327	102.8	21.989997726239082	12.920361619713086	1.7449687249660426	59.0	0.4472135954999579	-11.686834164915037	-0.29006309073597486	1	5000	1821.3790066242218	40.01222586631775
1365.9977087974548	0.13751218335032464	0.013661064426128392	312.50562810033273	90.93265859699437	161.9	30.72604758181566	250.09024823825976	85.15121751585926	138.1	28.440991543896637	312.50562810033273	6.7719211557980605	2	10000	3291.0630009174347	103.55988788604736
1390.260703086853	0.1239877175629139	0.01157975417821392	1854.507892398768	1054.4187957074228	755.3	283.49569661636843	1268.1767337203391	991.2834454437879	676.6	300.32389182347777	1854.507892398768	40.36183136686803	3	15000	5139.8465440273285	458.4028694629669
1452.0400395393372	0.11687393606007099	0.011121335095920701	880.3502492498928	1156.8518617466539	285.1	271.43045149724816	1766.055485975778	832.6461260109194	538.4	208.91682555505193	880.3502492498928	19.141455416456747	4	20000	6807.799905538559	215.75361347198486
1590.595808506012	0.11265855848342181	0.010903152359980062	1783.3412247433566	1011.7670775438685	544.6	246.46021991388386	2485.8101087145524	1027.531040801228	686.4	257.16617195891064	1783.3412247433566	38.81158592825065	5	25000	8601.107257604599	202.57812428474426
