{"final_weight_diff": 0.0010957190534099936, "final_weight_sim": 0.7760733962059021, "final_feature_diff": 0.505311756884877, "final_feature_sim": 0.5824943148689473, "final_0_weight_diff": 0.0012231572763994336, "final_1_weight_diff": 0.0012032641097903252, "final_2_weight_diff": 0.0008587175398133695, "final_0_weight_sim": 0.7507567405700684, "final_1_weight_sim": 0.7487159967422485, "final_2_weight_sim": 0.7952218055725098, "best_weight_diff": 0.0006993065471760929, "best_weight_sim": 0.8445509076118469, "best_feature_diff": 0.4386291940973355, "best_feature_sim": 0.6473803132946896, "best_0_weight_diff": 0.0007775042904540896, "best_1_weight_diff": 0.000766102981287986, "best_2_weight_diff": 0.0005538532859645784, "best_0_weight_sim": 0.8263037204742432, "best_1_weight_sim": 0.8191920518875122, "best_2_weight_sim": 0.8598005771636963, "num_feature_traj": 32, "num_feature_timesteps": "19840", "final_test_returns": 3183.869710890576, "final_test_normalized_returns": 98.45047876085135, "best_return": 3377.2915293859137, "best_return_normalized": 104.3935582308691, "convergence_step": "25000", "convergence_iter": "5", "best_step": "55000", "best_iter": "11", "best_5percent_normalized": 104.3935582308691, "best_10percent_normalized": 103.96641509512615, "best_25percent_normalized": 102.98517290969298, "best_50percent_normalized": 100.32238732216314, "best_100percent_normalized": 80.72686133447141, "best_later_half_normalized": 90.00950128683523, "best_last_four_normalized": 95.7037548911909, "target_steps": 15000}