{
    "final_weight_diff": 0.001279805088415742,
    "final_weight_sim": 0.7446033358573914,
    "final_feature_diff": 0.22198871151338345,
    "final_feature_sim": 0.6682475228767825,
    "final_0_weight_diff": 0.001488173147663474,
    "final_1_weight_diff": 0.0013240193948149681,
    "final_2_weight_diff": 0.00102031824644655,
    "final_0_weight_sim": 0.7139197587966919,
    "final_1_weight_sim": 0.7301657199859619,
    "final_2_weight_sim": 0.7629156708717346,
    "best_weight_diff": 0.0004780033777933568,
    "best_weight_sim": 0.8938162326812744,
    "best_feature_diff": 0.17134553626564022,
    "best_feature_sim": 0.8420309615743988,
    "best_0_weight_diff": 0.0005495602381415665,
    "best_1_weight_diff": 0.0004821128386538476,
    "best_2_weight_diff": 0.0004024638037662953,
    "best_0_weight_sim": 0.8874644041061401,
    "best_1_weight_sim": 0.87950599193573,
    "best_2_weight_sim": 0.8945006132125854,
    "num_feature_traj": 20,
    "num_feature_timesteps": "20000",
    "final_test_returns": 4419.133130843726,
    "final_test_normalized_returns": 37.85134392048521,
    "best_return": 4829.655006198519,
    "best_return_normalized": 41.15795655095072,
    "convergence_step": "20000",
    "convergence_iter": "4",
    "best_step": "20000",
    "best_iter": "4"
}