{"final_weight_diff": 0.0008555207750760019, "final_weight_sim": 0.8204092979431152, "final_feature_diff": 0.5185857940142139, "final_feature_sim": 0.7259563360088759, "final_0_weight_diff": 0.0011706295190379024, "final_1_weight_diff": 0.0007973904721438885, "final_2_weight_diff": 0.0005955978413112462, "final_0_weight_sim": 0.7688636183738708, "final_1_weight_sim": 0.8159582614898682, "final_2_weight_sim": 0.8426077365875244, "best_weight_diff": 0.0006887724157422781, "best_weight_sim": 0.849865198135376, "best_feature_diff": 0.4643018261061893, "best_feature_sim": 0.7575443867455236, "best_0_weight_diff": 0.0009460872388444841, "best_1_weight_diff": 0.0006408373010344803, "best_2_weight_diff": 0.00047778047155588865, "best_0_weight_sim": 0.8030188679695129, "best_1_weight_sim": 0.8455697298049927, "best_2_weight_sim": 0.8697536587715149, "num_feature_traj": 100, "num_feature_timesteps": "100000", "final_test_returns": 4994.622044977674, "final_test_normalized_returns": 42.48670935752458, "best_return": 5125.397091263474, "best_return_normalized": 43.54005741461562, "convergence_step": "5000", "convergence_iter": "1", "best_step": "75000", "best_iter": "15", "best_5percent_normalized": 43.54005741461562, "best_10percent_normalized": 43.24165599121888, "best_25percent_normalized": 43.02457159704446, "best_50percent_normalized": 42.869184075150926, "best_100percent_normalized": 42.26714706349603, "best_later_half_normalized": 42.71388803146254, "best_last_four_normalized": 42.56716034615803}