{"final_weight_diff": 0.0013995859771966934, "final_weight_sim": 0.8468049764633179, "final_feature_diff": 0.8639050434392811, "final_feature_sim": 0.2886890224339559, "final_0_weight_diff": 0.0011202619643881917, "final_1_weight_diff": 0.0015407141763716936, "final_2_weight_diff": 0.001536442548967898, "final_0_weight_sim": 0.8723270297050476, "final_1_weight_sim": 0.8580453991889954, "final_2_weight_sim": 0.7837177515029907, "best_weight_diff": 0.0010421434417366982, "best_weight_sim": 0.8824788331985474, "best_feature_diff": 0.8432674912003796, "best_feature_sim": 0.3084695392989538, "best_0_weight_diff": 0.0008214151603169739, "best_1_weight_diff": 0.0011656779097393155, "best_2_weight_diff": 0.0011384187964722514, "best_0_weight_sim": 0.9027376770973206, "best_1_weight_sim": 0.8915303945541382, "best_2_weight_sim": 0.8303626775741577, "num_feature_traj": 321, "num_feature_timesteps": "203500", "final_test_returns": 3576.0332330860424, "final_test_normalized_returns": 110.50009651225255, "best_return": 3614.3566089420246, "best_return_normalized": 111.6776206925298, "convergence_step": "30000", "convergence_iter": "6", "best_step": "70000", "best_iter": "14", "best_5percent_normalized": 111.6776206925298, "best_10percent_normalized": 111.35775063729996, "best_25percent_normalized": 110.85679950654294, "best_50percent_normalized": 108.95134885929579, "best_100percent_normalized": 100.31513257473209, "best_later_half_normalized": 103.51758582483076}