current_itr_train_time	current_itr_train_loss_mean	current_itr_train_loss_std	current_itr_eval_2000_return_mean	current_itr_eval_2000_return_std	current_itr_eval_2000_length_mean	current_itr_eval_2000_length_std	current_itr_eval_5000_return_mean	current_itr_eval_5000_return_std	current_itr_eval_5000_length_mean	current_itr_eval_5000_length_std	TestEpRet	TestEpNormRet	Iteration	Steps	total_time	current_eval_time
587.9555969238281	0.11082318043336273	0.20040345547658137	3822.0431606418815	213.47619320870882	974.6	60.87396816373975	3521.149322475826	977.937946375292	879.3	244.20321455705695	3521.149322475826	91.4738383106039	1	5000	702.5814731121063	114.62515664100647
581.14519572258	0.01885915807746351	0.0021897309656041357	3702.3657639393837	421.1035409251509	961.9	114.3	3360.635491737685	1217.5821710391515	849.3	301.4438753731779	3360.635491737685	87.6568970522361	2	10000	1394.3180351257324	110.56319642066956
578.0379061698914	0.016970735112391413	0.0017722056687191083	3955.1804426498757	121.0713189770346	999.6	1.2	3669.4936218435673	777.5665478473065	932.2	185.4862798160554	3669.4936218435673	95.00139399908608	3	15000	2088.4813702106476	116.10757207870483
573.5735228061676	0.016187422321550547	0.0015677301762379858	3679.6092421552457	443.7950935231669	962.3	113.10000000000001	3674.238515435651	551.2561618247819	956.4	130.8	3674.238515435651	95.11422527371771	4	20000	2776.673842191696	114.5963363647461
574.3687236309052	0.015751489150710403	0.0015059633957511223	2986.4330872868613	1254.1170046772872	782.9	318.5160749475606	3531.56377585558	728.0239118535869	921.5	183.79513051220917	3531.56377585558	91.72148897475994	5	25000	3453.846262693405	102.76356434822083
576.9894766807556	0.015393131290562452	0.0014210830393530602	3004.400392789354	1177.9485608818375	785.8	300.0725912175252	3872.820782522476	174.5582307681249	999.0	3.0	3872.820782522476	99.83641553569248	6	30000	4134.521257400513	103.65414714813232
