{"final_weight_diff": 0.00188555964268744, "final_weight_sim": 0.693480372428894, "final_feature_diff": 0.3922329236495792, "final_feature_sim": 0.6095207129745969, "final_0_weight_diff": 0.0024573463015258312, "final_1_weight_diff": 0.0019009234383702278, "final_2_weight_diff": 0.0012908059870824218, "final_0_weight_sim": 0.6296776533126831, "final_1_weight_sim": 0.7013229727745056, "final_2_weight_sim": 0.735992431640625, "best_weight_diff": 0.0014393918681889772, "best_weight_sim": 0.7493155598640442, "best_feature_diff": 0.38371601800411315, "best_feature_sim": 0.6268896057241589, "best_0_weight_diff": 0.001928118639625609, "best_1_weight_diff": 0.0014131971402093768, "best_2_weight_diff": 0.0009725161944516003, "best_0_weight_sim": 0.6914111375808716, "best_1_weight_sim": 0.7569798231124878, "best_2_weight_sim": 0.7874119877815247, "num_feature_traj": 120, "num_feature_timesteps": "106539", "final_test_returns": 3490.908078948693, "final_test_normalized_returns": 90.75471616647307, "best_return": 3889.408155939867, "best_return_normalized": 100.23085525265418, "convergence_step": "65000", "convergence_iter": "13", "best_step": "105000", "best_iter": "21", "best_5percent_normalized": 100.23085525265418, "best_10percent_normalized": 99.47693727436082, "best_25percent_normalized": 97.75235348165086, "best_50percent_normalized": 94.78361114131602, "best_100percent_normalized": 88.08424128818353, "best_later_half_normalized": 88.97330607459165, "best_last_four_normalized": 88.27796921481253, "target_steps": 5000}