{
    "final_weight_diff": 0.0012252101441845298,
    "final_weight_sim": 0.7664143443107605,
    "final_feature_diff": 0.5778023612722455,
    "final_feature_sim": 0.604514181100194,
    "final_0_weight_diff": 0.0013612101320177317,
    "final_1_weight_diff": 0.0011982970172539353,
    "final_2_weight_diff": 0.0011064930586144328,
    "final_0_weight_sim": 0.7362047433853149,
    "final_1_weight_sim": 0.76457679271698,
    "final_2_weight_sim": 0.7639475464820862,
    "best_weight_diff": 0.0007569729932583869,
    "best_weight_sim": 0.8455079197883606,
    "best_feature_diff": 0.4919311147246036,
    "best_feature_sim": 0.6786470678050718,
    "best_0_weight_diff": 0.0009061699383892119,
    "best_1_weight_diff": 0.0007262275903485715,
    "best_2_weight_diff": 0.0006371048511937261,
    "best_0_weight_sim": 0.816741943359375,
    "best_1_weight_sim": 0.8436457514762878,
    "best_2_weight_sim": 0.848491907119751,
    "num_feature_traj": 20,
    "num_feature_timesteps": "20000",
    "final_test_returns": 4796.739181821536,
    "final_test_normalized_returns": 40.892830897091095,
    "best_return": 4876.058162224899,
    "best_return_normalized": 41.53171802633539,
    "convergence_step": "25000",
    "convergence_iter": "5",
    "best_step": "50000",
    "best_iter": "10"
}