{
    "final_weight_diff": 0.0013902445789426565,
    "final_weight_sim": 0.7695120573043823,
    "final_feature_diff": 0.3659631813849158,
    "final_feature_sim": 0.6162508323296051,
    "final_0_weight_diff": 0.0017197276465594769,
    "final_1_weight_diff": 0.0014764296356588602,
    "final_2_weight_diff": 0.0009693828760646284,
    "final_0_weight_sim": 0.7362171411514282,
    "final_1_weight_sim": 0.7641111612319946,
    "final_2_weight_sim": 0.7965800166130066,
    "best_weight_diff": 0.0010703104780986905,
    "best_weight_sim": 0.8129127621650696,
    "best_feature_diff": 0.33064347073411304,
    "best_feature_sim": 0.6557697413009426,
    "best_0_weight_diff": 0.0013626446016132832,
    "best_1_weight_diff": 0.0011076816590502858,
    "best_2_weight_diff": 0.0007381663890555501,
    "best_0_weight_sim": 0.7815172076225281,
    "best_1_weight_sim": 0.8085792660713196,
    "best_2_weight_sim": 0.8377538919448853,
    "num_feature_traj": 204,
    "num_feature_timesteps": "37349",
    "final_test_returns": 1955.7384278803827,
    "final_test_normalized_returns": 60.714912673614194,
    "best_return": 2700.5217112822547,
    "best_return_normalized": 83.59912643828187,
    "convergence_step": "70000",
    "convergence_iter": "14",
    "best_step": "70000",
    "best_iter": "14"
}