{"final_weight_diff": 0.0010920614004135132, "final_weight_sim": 0.7800402045249939, "final_feature_diff": 0.23990149179102252, "final_feature_sim": 0.7530928652911055, "final_0_weight_diff": 0.0012624231167137623, "final_1_weight_diff": 0.0010352282552048564, "final_2_weight_diff": 0.000977216404862702, "final_0_weight_sim": 0.7465947866439819, "final_1_weight_sim": 0.7772202491760254, "final_2_weight_sim": 0.7798776626586914, "best_weight_diff": 0.00032510864548385143, "best_weight_sim": 0.9196719527244568, "best_feature_diff": 0.12254562660277168, "best_feature_sim": 0.8798839544990509, "best_0_weight_diff": 0.00039028667379170656, "best_1_weight_diff": 0.0003142568748444319, "best_2_weight_diff": 0.0002708502288442105, "best_0_weight_sim": 0.9027041792869568, "best_1_weight_sim": 0.9152023792266846, "best_2_weight_sim": 0.9232310056686401, "num_feature_traj": 119, "num_feature_timesteps": "101758", "final_test_returns": 3332.855721001774, "final_test_normalized_returns": 72.56513740163442, "best_return": 3709.669313834548, "best_return_normalized": 80.77338394096242, "convergence_step": "15000", "convergence_iter": "3", "best_step": "15000", "best_iter": "3", "best_5percent_normalized": 80.77338394096242, "best_10percent_normalized": 79.51822662691994, "best_25percent_normalized": 78.09110972316614, "best_50percent_normalized": 75.99632831689618, "best_100percent_normalized": 69.60926485510527, "best_later_half_normalized": 72.11620472479811, "best_last_four_normalized": 71.57867252831636, "target_steps": 10000}