current_itr_train_time	current_itr_train_loss_mean	current_itr_train_loss_std	current_itr_eval_5000_return_mean	current_itr_eval_5000_return_std	current_itr_eval_5000_length_mean	current_itr_eval_5000_length_std	current_itr_eval_2500_return_mean	current_itr_eval_2500_return_std	current_itr_eval_2500_length_mean	current_itr_eval_2500_length_std	TestEpRet	TestEpNormRet	Iteration	Steps	total_time	current_eval_time
1804.9459471702576	0.3229736772149801	0.21881037420704633	39.83095302623461	4.562685997192525	154.0	4.47213595499958	29.50744612454728	6.907892321412215	143.5	6.815423684555495	39.83095302623461	0.8321647334955563	1	5000	1856.0003640651703	51.05369257926941
1547.9263441562653	0.13875803727060557	0.013853387417394798	1248.3530237965108	700.6884862513472	810.7	239.85122472065888	372.72467705286374	180.66731866090785	291.4	171.1275547654439	1248.3530237965108	27.157773187604434	2	10000	3680.889545440674	276.8640294075012
1476.6822862625122	0.12431506295651197	0.011853081369081	408.3783642200338	94.45893277095097	232.9	5.734980383575867	463.05038849297773	129.66073825515156	290.1	116.18042003711298	408.3783642200338	8.860346492459632	3	15000	5323.406615018845	165.71730160713196
1336.3932240009308	0.11713167967796326	0.010947962000788639	1875.921011302738	1442.2268370267677	480.6	328.171967114804	2312.8273105005746	906.7170416855214	610.2	202.86143053818782	1875.921011302738	40.828279930515606	4	20000	7086.872722387314	426.8949236869812
1333.4793438911438	0.11247235478162765	0.010654921575637652	1944.041167393006	1503.3182981468035	562.7	359.0779998830337	2149.4928550754894	1384.79953398372	616.2	328.59513082211066	1944.041167393006	42.3121622694804	5	25000	8785.814790964127	365.33756041526794
