{
    "final_weight_diff": 0.0016679823165759444,
    "final_weight_sim": 0.7121317386627197,
    "final_feature_diff": 0.35637981833367044,
    "final_feature_sim": 0.6403515171623806,
    "final_0_weight_diff": 0.0021448503248393536,
    "final_1_weight_diff": 0.0016095563769340515,
    "final_2_weight_diff": 0.0012308916775509715,
    "final_0_weight_sim": 0.6640711426734924,
    "final_1_weight_sim": 0.7202851176261902,
    "final_2_weight_sim": 0.7407416701316833,
    "best_weight_diff": 0.0009800432017073035,
    "best_weight_sim": 0.8142545223236084,
    "best_feature_diff": 0.3356948954943091,
    "best_feature_sim": 0.6790895364238874,
    "best_0_weight_diff": 0.0013591249007731676,
    "best_1_weight_diff": 0.0009198529296554625,
    "best_2_weight_diff": 0.0006577681633643806,
    "best_0_weight_sim": 0.7640848755836487,
    "best_1_weight_sim": 0.82215815782547,
    "best_2_weight_sim": 0.8469520211219788,
    "num_feature_traj": 4,
    "num_feature_timesteps": "1277",
    "final_test_returns": 2549.1738281108696,
    "final_test_normalized_returns": 68.36073117520436,
    "best_return": 3402.0747659674,
    "best_return_normalized": 88.64230295026273,
    "convergence_step": "40000",
    "convergence_iter": "8",
    "best_step": "40000",
    "best_iter": "8"
}