{"final_weight_diff": 0.0014698065351694822, "final_weight_sim": 0.7291097640991211, "final_feature_diff": 0.3868436898057494, "final_feature_sim": 0.541387546780347, "final_0_weight_diff": 0.001539648394100368, "final_1_weight_diff": 0.0014866682467982173, "final_2_weight_diff": 0.0013743293238803744, "final_0_weight_sim": 0.6853317022323608, "final_1_weight_sim": 0.7289239168167114, "final_2_weight_sim": 0.7343671917915344, "best_weight_diff": 0.0007766365888528526, "best_weight_sim": 0.8452470302581787, "best_feature_diff": 0.3374978267496945, "best_feature_sim": 0.6465403760093652, "best_0_weight_diff": 0.0008411888848058879, "best_1_weight_diff": 0.0007373140542767942, "best_2_weight_diff": 0.0007505500689148903, "best_0_weight_sim": 0.8144009113311768, "best_1_weight_sim": 0.8495158553123474, "best_2_weight_sim": 0.8437491059303284, "num_feature_traj": 20, "num_feature_timesteps": "20000", "final_test_returns": 4812.846427232208, "final_test_normalized_returns": 41.02256922363193, "best_return": 4924.9211787166905, "best_return_normalized": 41.92529283243985, "convergence_step": "30000", "convergence_iter": "6", "best_step": "35000", "best_iter": "7", "best_5percent_normalized": 41.92529283243985, "best_10percent_normalized": 41.706859687882414, "best_25percent_normalized": 41.447409946653565, "best_50percent_normalized": 41.18125742803976, "best_100percent_normalized": 39.89586198747861, "best_later_half_normalized": 40.171654656906526}