{
    "final_weight_diff": 0.0015556480502709746,
    "final_weight_sim": 0.7188022136688232,
    "final_feature_diff": 0.14449307828404612,
    "final_feature_sim": 0.6786440075950281,
    "final_0_weight_diff": 0.0017042740946635604,
    "final_1_weight_diff": 0.0014724370557814837,
    "final_2_weight_diff": 0.001479544211179018,
    "final_0_weight_sim": 0.6845082640647888,
    "final_1_weight_sim": 0.7213823795318604,
    "final_2_weight_sim": 0.7250072956085205,
    "best_weight_diff": 0.0014493464259430766,
    "best_weight_sim": 0.7326216697692871,
    "best_feature_diff": 0.14328171970819326,
    "best_feature_sim": 0.6850718909466947,
    "best_0_weight_diff": 0.001599798328243196,
    "best_1_weight_diff": 0.0013653688365593553,
    "best_2_weight_diff": 0.0013745323522016406,
    "best_0_weight_sim": 0.6992112994194031,
    "best_1_weight_sim": 0.7346006631851196,
    "best_2_weight_sim": 0.737687885761261,
    "num_feature_traj": 21,
    "num_feature_timesteps": "5525",
    "final_test_returns": 2167.4626426089894,
    "final_test_normalized_returns": 47.17902107084805,
    "best_return": 3293.1246145157616,
    "best_return_normalized": 71.69966247312722,
    "convergence_step": "25000",
    "convergence_iter": "5",
    "best_step": "90000",
    "best_iter": "18"
}