current_itr_train_time	current_itr_train_loss_mean	current_itr_train_loss_std	current_itr_eval_5000_return_mean	current_itr_eval_5000_return_std	current_itr_eval_5000_length_mean	current_itr_eval_5000_length_std	current_itr_eval_2500_return_mean	current_itr_eval_2500_return_std	current_itr_eval_2500_length_mean	current_itr_eval_2500_length_std	TestEpRet	TestEpNormRet	Iteration	Steps	total_time	current_eval_time
1778.8273429870605	0.35305155609250066	0.254292537408903	11.31591868271259	1.0454468485858956	84.7	1.004987562112089	13.610928078097922	1.0332267158515582	87.2	1.2489995996796797	11.31591868271259	0.21101295866320252	1	5000	1819.729321718216	40.90099787712097
1503.8851339817047	0.14294227647483349	0.020201284214545777	291.64343828568747	32.08317049479983	133.8	7.05407683541936	282.172046104248	145.62205824646037	130.3	41.51156465372029	291.64343828568747	6.317473650171954	2	10000	3405.915063381195	82.16296935081482
1332.0910007953644	0.12390141829401255	0.011620590857867827	300.6773899699663	373.8123655166111	178.8	117.97186105169317	485.99722036917757	763.9363497838746	225.1	202.99381763984832	300.6773899699663	6.514263001881584	3	15000	4861.55605173111	123.44689536094666
1683.683236837387	0.11668788001090288	0.011255100605572416	1058.1620336343847	1131.0810449641176	298.3	254.58752915254905	521.454996970014	209.14945868569117	175.7	41.27965600631865	1058.1620336343847	23.014784276101842	4	20000	6621.963925361633	76.57896184921265
1363.040364265442	0.1121271482527256	0.010572015395925019	1364.347958866223	950.8927753996928	383.4	243.36154174396577	3046.135098936807	686.8871748416495	809.2	180.59723142949892	1364.347958866223	29.684526580994042	5	25000	8426.693334817886	441.58498978614807
