{"final_weight_diff": 0.002852280857041478, "final_weight_sim": 0.6829997301101685, "final_feature_diff": 0.9470024543083809, "final_feature_sim": 0.4651405299343313, "final_0_weight_diff": 0.0029146678280085325, "final_1_weight_diff": 0.002710695844143629, "final_2_weight_diff": 0.002932796021923423, "final_0_weight_sim": 0.667011022567749, "final_1_weight_sim": 0.6687328219413757, "final_2_weight_sim": 0.6651499271392822, "best_weight_diff": 0.002852280857041478, "best_weight_sim": 0.6829997301101685, "best_feature_diff": 0.9470024543083809, "best_feature_sim": 0.4651405299343313, "best_0_weight_diff": 0.0029146678280085325, "best_1_weight_diff": 0.002710695844143629, "best_2_weight_diff": 0.002932796021923423, "best_0_weight_sim": 0.667011022567749, "best_1_weight_sim": 0.6687328219413757, "best_2_weight_sim": 0.6651499271392822, "num_feature_traj": 48, "num_feature_timesteps": "28017", "final_test_returns": 3755.43657778254, "final_test_normalized_returns": 97.04507592282452, "best_return": 3755.43657778254, "best_return_normalized": 97.04507592282452, "convergence_step": "120000", "convergence_iter": "24", "best_step": "120000", "best_iter": "24", "best_5percent_normalized": 97.04507592282452, "best_10percent_normalized": 95.4808884940557, "best_25percent_normalized": 91.41832422967106, "best_50percent_normalized": 87.00505365383405, "best_100percent_normalized": 79.12301012212434, "best_later_half_normalized": 83.8503493601472, "best_last_four_normalized": 86.99102276178915, "target_steps": 10000}