{
    "final_weight_diff": 0.0012674833415076137,
    "final_weight_sim": 0.7750228643417358,
    "final_feature_diff": 1.7672322006026637,
    "final_feature_sim": 0.36633661788874794,
    "final_0_weight_diff": 0.0013562352396547794,
    "final_1_weight_diff": 0.00130853324662894,
    "final_2_weight_diff": 0.0011354833841323853,
    "final_0_weight_sim": 0.7457542419433594,
    "final_1_weight_sim": 0.7499234676361084,
    "final_2_weight_sim": 0.7571448683738708,
    "best_weight_diff": 0.001047064084559679,
    "best_weight_sim": 0.8048661947250366,
    "best_feature_diff": 1.6647686957394547,
    "best_feature_sim": 0.4043840863483148,
    "best_0_weight_diff": 0.001161579741165042,
    "best_1_weight_diff": 0.0010619499953463674,
    "best_2_weight_diff": 0.0009163667564280331,
    "best_0_weight_sim": 0.7735900282859802,
    "best_1_weight_sim": 0.7825838327407837,
    "best_2_weight_sim": 0.7918223142623901,
    "num_feature_traj": 204,
    "num_feature_timesteps": "37349",
    "final_test_returns": 796.5513837127806,
    "final_test_normalized_returns": 25.097727509629888,
    "best_return": 2275.462286105928,
    "best_return_normalized": 70.53874905710315,
    "convergence_step": "10000",
    "convergence_iter": "2",
    "best_step": "80000",
    "best_iter": "16"
}