{"final_weight_diff": 0.0019946186803281307, "final_weight_sim": 0.7175080180168152, "final_feature_diff": 0.18280799685741067, "final_feature_sim": 0.7491849089566677, "final_0_weight_diff": 0.00249288696795702, "final_1_weight_diff": 0.001998009392991662, "final_2_weight_diff": 0.001484928303398192, "final_0_weight_sim": 0.6845923066139221, "final_1_weight_sim": 0.7280730605125427, "final_2_weight_sim": 0.7357302308082581, "best_weight_diff": 0.0019946186803281307, "best_weight_sim": 0.7175080180168152, "best_feature_diff": 0.18280799685741067, "best_feature_sim": 0.7491849089566677, "best_0_weight_diff": 0.00249288696795702, "best_1_weight_diff": 0.001998009392991662, "best_2_weight_diff": 0.001484928303398192, "best_0_weight_sim": 0.6845923066139221, "best_1_weight_sim": 0.7280730605125427, "best_2_weight_sim": 0.7357302308082581, "num_feature_traj": 223, "num_feature_timesteps": "196344", "final_test_returns": 5357.658478159458, "final_test_normalized_returns": 135.1451377585299, "best_return": 5357.658478159458, "best_return_normalized": 135.1451377585299, "convergence_step": "100000", "convergence_iter": "20", "best_step": "100000", "best_iter": "20", "best_5percent_normalized": 135.1451377585299, "best_10percent_normalized": 133.56716098862591, "best_25percent_normalized": 129.04009454718226, "best_50percent_normalized": 124.5717950486644, "best_100percent_normalized": 112.8571041011954, "best_later_half_normalized": 120.82268480846149, "best_last_four_normalized": 124.21458269390507}