{"final_weight_diff": 0.0014557605609297752, "final_weight_sim": 0.7355638742446899, "final_feature_diff": 0.15054892191619143, "final_feature_sim": 0.693862659370577, "final_0_weight_diff": 0.0016344425966963172, "final_1_weight_diff": 0.0013980664080008864, "final_2_weight_diff": 0.0013215283397585154, "final_0_weight_sim": 0.7151572108268738, "final_1_weight_sim": 0.7319135069847107, "final_2_weight_sim": 0.7371038198471069, "best_weight_diff": 0.0008048813324421644, "best_weight_sim": 0.8372865915298462, "best_feature_diff": 0.11749653039639191, "best_feature_sim": 0.7749809230856877, "best_0_weight_diff": 0.0009431570651941001, "best_1_weight_diff": 0.0007674958906136453, "best_2_weight_diff": 0.0007029070984572172, "best_0_weight_sim": 0.8246554136276245, "best_1_weight_sim": 0.8284071683883667, "best_2_weight_sim": 0.8352146148681641, "num_feature_traj": 48, "num_feature_timesteps": "28017", "final_test_returns": 3476.408620656227, "final_test_normalized_returns": 90.409926061309, "best_return": 3746.622194177442, "best_return_normalized": 96.83547414399548, "convergence_step": "40000", "convergence_iter": "8", "best_step": "40000", "best_iter": "8", "best_5percent_normalized": 96.83547414399548, "best_10percent_normalized": 96.43384472011027, "best_25percent_normalized": 95.47311763232176, "best_50percent_normalized": 93.80694440336507, "best_100percent_normalized": 87.13393375628371, "best_later_half_normalized": 87.4134929334316, "best_last_four_normalized": 89.24008893724837, "target_steps": 5000}