{"final_weight_diff": 0.0015465575270354748, "final_weight_sim": 0.852965235710144, "final_feature_diff": 6.888858504871194, "final_feature_sim": 0.40837509961155527, "final_0_weight_diff": 0.001582605647854507, "final_1_weight_diff": 0.0017173860687762499, "final_2_weight_diff": 0.001334459986537695, "final_0_weight_sim": 0.748473048210144, "final_1_weight_sim": 0.7927836775779724, "final_2_weight_sim": 0.8470278382301331, "best_weight_diff": 0.0006986184162087739, "best_weight_sim": 0.9280109405517578, "best_feature_diff": 6.543421102654175, "best_feature_sim": 0.4633187877829808, "best_0_weight_diff": 0.0007846816442906857, "best_1_weight_diff": 0.0007399292080663145, "best_2_weight_diff": 0.0005696798907592893, "best_0_weight_sim": 0.85157310962677, "best_1_weight_sim": 0.8966193199157715, "best_2_weight_sim": 0.930757999420166, "num_feature_traj": 219, "num_feature_timesteps": "197797", "final_test_returns": 4979.3596963589935, "final_test_normalized_returns": 108.431440567915, "best_return": 4983.90387163239, "best_return_normalized": 108.53042773735744, "convergence_step": "25000", "convergence_iter": "5", "best_step": "35000", "best_iter": "7", "best_5percent_normalized": 108.53042773735744, "best_10percent_normalized": 108.49663216573057, "best_25percent_normalized": 108.45595232828002, "best_50percent_normalized": 108.18273573827526, "best_100percent_normalized": 101.79167869193778, "best_later_half_normalized": 107.31861764840252, "best_last_four_normalized": 107.63828791049896, "target_steps": 25000}