{
    "final_weight_diff": 0.001264050486497581,
    "final_weight_sim": 0.755038857460022,
    "final_feature_diff": 0.2685148789717548,
    "final_feature_sim": 0.6744279117828271,
    "final_0_weight_diff": 0.0014587434707209468,
    "final_1_weight_diff": 0.0011034063063561916,
    "final_2_weight_diff": 0.0012261205120012164,
    "final_0_weight_sim": 0.7281454205513,
    "final_1_weight_sim": 0.7617512941360474,
    "final_2_weight_sim": 0.7417845726013184,
    "best_weight_diff": 0.0009695570915937424,
    "best_weight_sim": 0.7997896671295166,
    "best_feature_diff": 0.24531324382243752,
    "best_feature_sim": 0.7115845484989669,
    "best_0_weight_diff": 0.0011661183089017868,
    "best_1_weight_diff": 0.0008494120556861162,
    "best_2_weight_diff": 0.000891494273673743,
    "best_0_weight_sim": 0.7725502252578735,
    "best_1_weight_sim": 0.8035789728164673,
    "best_2_weight_sim": 0.7926609516143799,
    "num_feature_traj": 223,
    "num_feature_timesteps": "196344",
    "final_test_returns": 4924.368128051528,
    "final_test_normalized_returns": 124.84170280483028,
    "best_return": 5338.759346217787,
    "best_return_normalized": 134.69572554200147,
    "convergence_step": "65000",
    "convergence_iter": "13",
    "best_step": "65000",
    "best_iter": "13"
}