{
    "final_weight_diff": 0.0018708533607423306,
    "final_weight_sim": 0.7034714221954346,
    "final_feature_diff": 0.24305746420472998,
    "final_feature_sim": 0.6886317842818139,
    "final_0_weight_diff": 0.0019037441816180944,
    "final_1_weight_diff": 0.001996575854718685,
    "final_2_weight_diff": 0.0016962827648967505,
    "final_0_weight_sim": 0.6612086296081543,
    "final_1_weight_sim": 0.700394868850708,
    "final_2_weight_sim": 0.7300775051116943,
    "best_weight_diff": 0.0016857321606948972,
    "best_weight_sim": 0.7286059260368347,
    "best_feature_diff": 0.23310752919952146,
    "best_feature_sim": 0.7044601498714245,
    "best_0_weight_diff": 0.0017239793669432402,
    "best_1_weight_diff": 0.001809793058782816,
    "best_2_weight_diff": 0.0015109338564798236,
    "best_0_weight_sim": 0.687369704246521,
    "best_1_weight_sim": 0.7244985699653625,
    "best_2_weight_sim": 0.7556478977203369,
    "num_feature_traj": 20,
    "num_feature_timesteps": "20000",
    "final_test_returns": 4120.58366602668,
    "final_test_normalized_returns": 35.44663057767105,
    "best_return": 4823.440165218689,
    "best_return_normalized": 41.107898142583366,
    "convergence_step": "25000",
    "convergence_iter": "5",
    "best_step": "85000",
    "best_iter": "17"
}