{"final_weight_diff": 0.00130650179926306, "final_weight_sim": 0.8361320495605469, "final_feature_diff": 1.8745523481097182, "final_feature_sim": 0.47308733962001465, "final_0_weight_diff": 0.0016207409789785743, "final_1_weight_diff": 0.0012175166048109531, "final_2_weight_diff": 0.0010759386932477355, "final_0_weight_sim": 0.800199031829834, "final_1_weight_sim": 0.8422586917877197, "final_2_weight_sim": 0.8181842565536499, "best_weight_diff": 0.0005445429706014693, "best_weight_sim": 0.9241815805435181, "best_feature_diff": 1.2825380122148597, "best_feature_sim": 0.6494472680141601, "best_0_weight_diff": 0.0007302892045117915, "best_1_weight_diff": 0.0004632549826055765, "best_2_weight_diff": 0.0004384213825687766, "best_0_weight_sim": 0.8993089199066162, "best_1_weight_sim": 0.9316436648368835, "best_2_weight_sim": 0.9163475036621094, "num_feature_traj": 100, "num_feature_timesteps": "100000", "final_test_returns": 5017.896641654441, "final_test_normalized_returns": 42.67417823545922, "best_return": 5092.838443709264, "best_return_normalized": 43.2778086973199, "convergence_step": "5000", "convergence_iter": "1", "best_step": "35000", "best_iter": "7", "best_5percent_normalized": 43.2778086973199, "best_10percent_normalized": 43.2431592707182, "best_25percent_normalized": 43.070616750822246, "best_50percent_normalized": 42.87699209636952, "best_100percent_normalized": 42.475970331467494, "best_later_half_normalized": 42.22911730378303, "best_last_four_normalized": 42.23542454258687, "target_steps": 5000}