{"final_weight_diff": 0.0008276657899841666, "final_weight_sim": 0.828914999961853, "final_feature_diff": 0.5167075798350755, "final_feature_sim": 0.7236955433217162, "final_0_weight_diff": 0.001117104897275567, "final_1_weight_diff": 0.0007820093887858093, "final_2_weight_diff": 0.0005827178829349577, "final_0_weight_sim": 0.783044695854187, "final_1_weight_sim": 0.8212926387786865, "final_2_weight_sim": 0.847662627696991, "best_weight_diff": 0.00047851953422650695, "best_weight_sim": 0.8914303779602051, "best_feature_diff": 0.36817184871839004, "best_feature_sim": 0.803893513068326, "best_0_weight_diff": 0.0006380982813425362, "best_1_weight_diff": 0.00043686944991350174, "best_2_weight_diff": 0.00036050143535248935, "best_0_weight_sim": 0.8570241928100586, "best_1_weight_sim": 0.8884186744689941, "best_2_weight_sim": 0.9003152847290039, "num_feature_traj": 321, "num_feature_timesteps": "203500", "final_test_returns": 2895.1377148190336, "final_test_normalized_returns": 89.57889844204992, "best_return": 3627.838448589177, "best_return_normalized": 112.091863744572, "convergence_step": "50000", "convergence_iter": "10", "best_step": "50000", "best_iter": "10", "best_5percent_normalized": 112.091863744572, "best_10percent_normalized": 111.00994167554936, "best_25percent_normalized": 106.90743349002571, "best_50percent_normalized": 100.79841501009734, "best_100percent_normalized": 82.56340857873417, "best_later_half_normalized": 90.34212189714316, "best_last_four_normalized": 85.12304211715607, "target_steps": 