{"final_weight_diff": 0.001542055164463818, "final_weight_sim": 0.7255673408508301, "final_feature_diff": 0.08763805083236637, "final_feature_sim": 0.6740721723277717, "final_0_weight_diff": 0.0017713365377858281, "final_1_weight_diff": 0.0015382379060611129, "final_2_weight_diff": 0.0013001110637560487, "final_0_weight_sim": 0.6884190440177917, "final_1_weight_sim": 0.7228662967681885, "final_2_weight_sim": 0.7457257509231567, "best_weight_diff": 0.001445849658921361, "best_weight_sim": 0.7388515472412109, "best_feature_diff": 0.08579497279556074, "best_feature_sim": 0.6862778892132059, "best_0_weight_diff": 0.001670633559115231, "best_1_weight_diff": 0.0014386415714398026, "best_2_weight_diff": 0.0012153518619015813, "best_0_weight_sim": 0.702795147895813, "best_1_weight_sim": 0.7352018356323242, "best_2_weight_sim": 0.7576708197593689, "num_feature_traj": 291, "num_feature_timesteps": "174946", "final_test_returns": 3314.388716812964, "final_test_normalized_returns": 86.55717111295182, "best_return": 3548.5215903106, "best_return_normalized": 92.12473760042327, "convergence_step": "90000", "convergence_iter": "18", "best_step": "90000", "best_iter": "18", "best_5percent_normalized": 92.12473760042327, "best_10percent_normalized": 90.68007258633563, "best_25percent_normalized": 89.22975438757786, "best_50percent_normalized": 86.90580752392286, "best_100percent_normalized": 81.81253028139318, "best_later_half_normalized": 82.71838522483117, "best_last_four_normalized": 86.78843622499132, "target_steps": 5000}