{
    "final_weight_diff": 0.001300669857300818,
    "final_weight_sim": 0.7526552081108093,
    "final_feature_diff": 0.23532333021512844,
    "final_feature_sim": 0.7297446402793966,
    "final_0_weight_diff": 0.0014639797154814005,
    "final_1_weight_diff": 0.0013556461781263351,
    "final_2_weight_diff": 0.0010807178914546967,
    "final_0_weight_sim": 0.727443277835846,
    "final_1_weight_sim": 0.7393161654472351,
    "final_2_weight_sim": 0.7584588527679443,
    "best_weight_diff": 0.0005925545701757073,
    "best_weight_sim": 0.867576003074646,
    "best_feature_diff": 0.167307555727388,
    "best_feature_sim": 0.8151952899402004,
    "best_0_weight_diff": 0.0006744757993146777,
    "best_1_weight_diff": 0.0005895353388041258,
    "best_2_weight_diff": 0.0005135616520419717,
    "best_0_weight_sim": 0.8510327339172363,
    "best_1_weight_sim": 0.8575950860977173,
    "best_2_weight_sim": 0.8703495860099792,
    "num_feature_traj": 95,
    "num_feature_timesteps": "79844",
    "final_test_returns": 3557.6520355736247,
    "final_test_normalized_returns": 77.4619447520979,
    "best_return": 3613.935628076,
    "best_return_normalized": 78.68798758114093,
    "convergence_step": "30000",
    "convergence_iter": "6",
    "best_step": "30000",
    "best_iter": "6"
}