{"final_weight_diff": 0.0014104597503319383, "final_weight_sim": 0.7725666761398315, "final_feature_diff": 0.4834604775320913, "final_feature_sim": 0.5330850525725597, "final_0_weight_diff": 0.0015698405914008617, "final_1_weight_diff": 0.001504685846157372, "final_2_weight_diff": 0.0011523485882207751, "final_0_weight_sim": 0.75642329454422, "final_1_weight_sim": 0.7612938284873962, "final_2_weight_sim": 0.7800983786582947, "best_weight_diff": 0.0002945493906736374, "best_weight_sim": 0.9417804479598999, "best_feature_diff": 0.2404838527741078, "best_feature_sim": 0.7555616303639608, "best_0_weight_diff": 0.0003602237848099321, "best_1_weight_diff": 0.0003024338511750102, "best_2_weight_diff": 0.00022094963060226291, "best_0_weight_sim": 0.9313227534294128, "best_1_weight_sim": 0.9372649788856506, "best_2_weight_sim": 0.9497308731079102, "num_feature_traj": 204, "num_feature_timesteps": "37349", "final_test_returns": 754.5918637831664, "final_test_normalized_returns": 23.80847915385817, "best_return": 2803.6640603373157, "best_return_normalized": 86.76827861525464, "convergence_step": "15000", "convergence_iter": "3", "best_step": "15000", "best_iter": "3", "best_5percent_normalized": 86.76827861525464, "best_10percent_normalized": 86.20169059686735, "best_25percent_normalized": 76.06759006811072, "best_50percent_normalized": 66.30085252697293, "best_100percent_normalized": 47.70985492896145, "best_later_half_normalized": 51.47097227671769, "best_last_four_normalized": 49.881503913326014}