{"final_weight_diff": 597.470703125, "final_feature_diff": 37.812765903566785, "best_weight_diff": 596.8284912109375, "best_feature_diff": 38.31581162905069, "num_feature_traj": 219, "num_feature_timesteps": "197797", "final_test_returns": 4934.348971892923, "final_test_normalized_returns": 107.45095809499308, "best_return": 4987.242311967458, "best_return_normalized": 108.60315001131008, "convergence_step": "5000", "convergence_iter": "1", "best_step": "35000", "best_iter": "7", "best_5percent_normalized": 108.60315001131008, "best_10percent_normalized": 108.30520379028422, "best_25percent_normalized": 107.78479392194167, "best_50percent_normalized": 107.11439509593592, "best_100percent_normalized": 97.37880083271637, "best_later_half_normalized": 104.98640586863732}