{"final_weight_diff": 0.0012593545252457261, "final_weight_sim": 0.7749561667442322, "final_feature_diff": 0.3254190612515005, "final_feature_sim": 0.6966764292036264, "final_0_weight_diff": 0.0016764586325734854, "final_1_weight_diff": 0.0012792859924957156, "final_2_weight_diff": 0.0008186619961634278, "final_0_weight_sim": 0.7210617065429688, "final_1_weight_sim": 0.7766830325126648, "final_2_weight_sim": 0.816386342048645, "best_weight_diff": 0.0011280886828899384, "best_weight_sim": 0.7944942712783813, "best_feature_diff": 0.3166219043399934, "best_feature_sim": 0.7069423632044823, "best_0_weight_diff": 0.0015034446259960532, "best_1_weight_diff": 0.00114469975233078, "best_2_weight_diff": 0.000733269436750561, "best_0_weight_sim": 0.7441034913063049, "best_1_weight_sim": 0.7954261898994446, "best_2_weight_sim": 0.8332726955413818, "num_feature_traj": 80, "num_feature_timesteps": "80000", "final_test_returns": 4940.886196378116, "final_test_normalized_returns": 42.05388556333696, "best_return": 5118.803276364523, "best_return_normalized": 43.48694650156383, "convergence_step": "10000", "convergence_iter": "2", "best_step": "85000", "best_iter": "17", "best_5percent_normalized": 43.48694650156383, "best_10percent_normalized": 43.247406588581114, "best_25percent_normalized": 42.980435337743174, "best_50percent_normalized": 42.85829888040191, "best_100percent_normalized": 42.27835969089979, "best_later_half_normalized": 42.406894317784996, "best_last_four_normalized": 42.82495109779404, "target_steps": 5000}