{
    "final_weight_diff": 0.0020065903663635254,
    "final_weight_sim": 0.8239681124687195,
    "final_feature_diff": 5.418606602923984,
    "final_feature_sim": 0.5043208652802491,
    "final_0_weight_diff": 0.0017810947028920054,
    "final_1_weight_diff": 0.0021346325520426035,
    "final_2_weight_diff": 0.002090663416311145,
    "final_0_weight_sim": 0.7347278594970703,
    "final_1_weight_sim": 0.7735460996627808,
    "final_2_weight_sim": 0.7925891876220703,
    "best_weight_diff": 0.001700203400105238,
    "best_weight_sim": 0.8470135927200317,
    "best_feature_diff": 5.225216715396888,
    "best_feature_sim": 0.5276697945632656,
    "best_0_weight_diff": 0.0015418622642755508,
    "best_1_weight_diff": 0.0018048813799396157,
    "best_2_weight_diff": 0.0017446741694584489,
    "best_0_weight_sim": 0.761702835559845,
    "best_1_weight_sim": 0.8002586364746094,
    "best_2_weight_sim": 0.8210877180099487,
    "num_feature_traj": 109,
    "num_feature_timesteps": "31150",
    "final_test_returns": 2904.834201626077,
    "final_test_normalized_returns": 63.24141282800249,
    "best_return": 3177.632832827709,
    "best_return_normalized": 69.18386942480564,
    "convergence_step": "30000",
    "convergence_iter": "6",
    "best_step": "80000",
    "best_iter": "16"
}