{
    "final_weight_diff": 0.002796209417283535,
    "final_weight_sim": 0.6851511001586914,
    "final_feature_diff": 0.8529622153130224,
    "final_feature_sim": 0.5212642313779191,
    "final_0_weight_diff": 0.002939855679869652,
    "final_1_weight_diff": 0.002736176596954465,
    "final_2_weight_diff": 0.002713614609092474,
    "final_0_weight_sim": 0.6650990843772888,
    "final_1_weight_sim": 0.6707440614700317,
    "final_2_weight_sim": 0.6727873086929321,
    "best_weight_diff": 0.0027267448604106903,
    "best_weight_sim": 0.6892687082290649,
    "best_feature_diff": 0.8521938817164092,
    "best_feature_sim": 0.5245147592793159,
    "best_0_weight_diff": 0.002888140734285116,
    "best_1_weight_diff": 0.0026609161868691444,
    "best_2_weight_diff": 0.002632218413054943,
    "best_0_weight_sim": 0.6684499979019165,
    "best_1_weight_sim": 0.6749242544174194,
    "best_2_weight_sim": 0.6773611903190613,
    "num_feature_traj": 48,
    "num_feature_timesteps": "28017",
    "final_test_returns": 3115.6762667733738,
    "final_test_normalized_returns": 81.8318851633266,
    "best_return": 3634.931242189128,
    "best_return_normalized": 94.179517327875,
    "convergence_step": "65000",
    "convergence_iter": "13",
    "best_step": "115000",
    "best_iter": "23"
}