{
    "final_weight_diff": 0.0010654645739123225,
    "final_weight_sim": 0.7970196008682251,
    "final_feature_diff": 0.842321718217985,
    "final_feature_sim": 0.5426056843202699,
    "final_0_weight_diff": 0.0014476365176960826,
    "final_1_weight_diff": 0.0009116598521359265,
    "final_2_weight_diff": 0.0008327633258886635,
    "final_0_weight_sim": 0.7563428282737732,
    "final_1_weight_sim": 0.801917314529419,
    "final_2_weight_sim": 0.8010033369064331,
    "best_weight_diff": 0.0008059003739617765,
    "best_weight_sim": 0.8366262912750244,
    "best_feature_diff": 0.7522024419551708,
    "best_feature_sim": 0.6004235538678183,
    "best_0_weight_diff": 0.0011134272208437324,
    "best_1_weight_diff": 0.0006769464816898108,
    "best_2_weight_diff": 0.0006256155902519822,
    "best_0_weight_sim": 0.7967139482498169,
    "best_1_weight_sim": 0.8418845534324646,
    "best_2_weight_sim": 0.841697633266449,
    "num_feature_traj": 223,
    "num_feature_timesteps": "196344",
    "final_test_returns": 4213.879038027379,
    "final_test_normalized_returns": 107.94661589012388,
    "best_return": 4855.489202355585,
    "best_return_normalized": 123.20379526682008,
    "convergence_step": "65000",
    "convergence_iter": "13",
    "best_step": "65000",
    "best_iter": "13"
}