current_itr_train_time	current_itr_train_loss_mean	current_itr_train_loss_std	current_itr_eval_5000_return_mean	current_itr_eval_5000_return_std	current_itr_eval_5000_length_mean	current_itr_eval_5000_length_std	current_itr_eval_2500_return_mean	current_itr_eval_2500_return_std	current_itr_eval_2500_length_mean	current_itr_eval_2500_length_std	TestEpRet	TestEpNormRet	Iteration	Steps	total_time	current_eval_time
1797.4159853458405	0.3353575408414006	0.23231203611222867	19.34511264100766	4.407254034231734	148.1	6.057227088363124	1737.9812974152076	1142.6905591984166	617.8	327.56245206067194	19.34511264100766	0.3859153633941724	1	5000	1954.8453798294067	157.42867732048035
1572.8292915821075	0.13918573704957962	0.014293570166654482	583.3153428906443	430.4349270946865	370.4	130.44937715451155	237.52032182122093	73.19598789483234	159.0	45.661800227323496	583.3153428906443	12.671052573890146	2	10000	3614.286121606827	86.45653367042542
1473.1576464176178	0.12500287103652954	0.011783847831392635	386.1982424548718	227.25364538824107	210.5	88.98679677345397	-26.756992670418203	2.067731150878205	95.7	1.7349351572897471	386.1982424548718	8.37719006927412	3	15000	5183.107046365738	95.54841160774231
1343.3630962371826	0.11754535142630339	0.01107974754247465	905.1709810733098	958.956494864056	297.1	226.59410848475298	388.73278020550333	40.74070256901238	180.0	9.241212041718338	905.1709810733098	19.682133061765487	4	20000	6669.974977254868	143.423091173172
1458.43288564682	0.1127399319127202	0.010692152168233434	3144.870015671589	1308.6047718482248	836.2	327.6686741206733	2025.6248705331295	1470.1205097732527	538.8	358.4708635300783	3144.870015671589	68.47018688878389	5	25000	8455.069368362427	326.5652823448181
