{"final_weight_diff": 0.0018150067189708352, "final_weight_sim": 0.7468398809432983, "final_feature_diff": 0.3772642247963779, "final_feature_sim": 0.6179008848865722, "final_0_weight_diff": 0.0020029989536851645, "final_1_weight_diff": 0.001543319085612893, "final_2_weight_diff": 0.0018959350418299437, "final_0_weight_sim": 0.6790845990180969, "final_1_weight_sim": 0.7558701038360596, "final_2_weight_sim": 0.7696462273597717, "best_weight_diff": 0.0008016512147150934, "best_weight_sim": 0.8729751706123352, "best_feature_diff": 0.2889110388796847, "best_feature_sim": 0.7477687889986898, "best_0_weight_diff": 0.0009272455936297774, "best_1_weight_diff": 0.0006716338102705777, "best_2_weight_diff": 0.0008055121870711446, "best_0_weight_sim": 0.8238749504089355, "best_1_weight_sim": 0.8731030225753784, "best_2_weight_sim": 0.8939276933670044, "num_feature_traj": 174, "num_feature_timesteps": "81732", "final_test_returns": 1936.2406343940968, "final_test_normalized_returns": 60.11582340291859, "best_return": 2141.3628527969104, "best_return_normalized": 66.41840940132101, "convergence_step": "30000", "convergence_iter": "6", "best_step": "30000", "best_iter": "6", "best_5percent_normalized": 66.41840940132101, "best_10percent_normalized": 65.33108776155709, "best_25percent_normalized": 62.72413619530137, "best_50percent_normalized": 59.908799702149224, "best_100percent_normalized": 56.25014977319213, "best_later_half_normalized": 56.74981191829331, "best_last_four_normalized": 58.836048811820135, "target_steps": 5000}