{
    "final_weight_diff": 0.0021634616423398256,
    "final_weight_sim": 0.7064162492752075,
    "final_feature_diff": 0.7693705544965533,
    "final_feature_sim": 0.6351136801968431,
    "final_0_weight_diff": 0.0026022945530712605,
    "final_1_weight_diff": 0.0020992085337638855,
    "final_2_weight_diff": 0.001788632245734334,
    "final_0_weight_sim": 0.6669838428497314,
    "final_1_weight_sim": 0.6905253529548645,
    "final_2_weight_sim": 0.7043188810348511,
    "best_weight_diff": 0.0011520464904606342,
    "best_weight_sim": 0.8041659593582153,
    "best_feature_diff": 0.5759484161902897,
    "best_feature_sim": 0.729182969999415,
    "best_0_weight_diff": 0.001342186820693314,
    "best_1_weight_diff": 0.0010957247577607632,
    "best_2_weight_diff": 0.0010169598972424865,
    "best_0_weight_sim": 0.7722061276435852,
    "best_1_weight_sim": 0.792349100112915,
    "best_2_weight_sim": 0.7969517111778259,
    "num_feature_traj": 100,
    "num_feature_timesteps": "100000",
    "final_test_returns": 4958.935183456262,
    "final_test_normalized_returns": 42.19926395173131,
    "best_return": 5082.170483607795,
    "best_return_normalized": 43.19188194473861,
    "convergence_step": "10000",
    "convergence_iter": "2",
    "best_step": "40000",
    "best_iter": "8"
}