{"final_weight_diff": 0.0015354782808572054, "final_weight_sim": 0.8071482181549072, "final_feature_diff": 2.036145814365455, "final_feature_sim": 0.38033289648263646, "final_0_weight_diff": 0.0016621565446257591, "final_1_weight_diff": 0.0014712862903252244, "final_2_weight_diff": 0.0014689278323203325, "final_0_weight_sim": 0.7829586267471313, "final_1_weight_sim": 0.8097807168960571, "final_2_weight_sim": 0.7685556411743164, "best_weight_diff": 7.024836668279022e-05, "best_weight_sim": 0.9892795085906982, "best_feature_diff": 1.1260598502629684, "best_feature_sim": 0.650315623290199, "best_0_weight_diff": 6.827500328654423e-05, "best_1_weight_diff": 6.119026511441916e-05, "best_2_weight_diff": 8.123035513563082e-05, "best_0_weight_sim": 0.9890515208244324, "best_1_weight_sim": 0.9901376962661743, "best_2_weight_sim": 0.983356237411499, "num_feature_traj": 1632, "num_feature_timesteps": "325743", "final_test_returns": 935.3798316654528, "final_test_normalized_returns": 29.36337088585447, "best_return": 2504.2939147674674, "best_return_normalized": 77.56983047784729, "convergence_step": "5000", "convergence_iter": "1", "best_step": "5000", "best_iter": "1", "best_5percent_normalized": 77.56983047784729, "best_10percent_normalized": 76.69363205041282, "best_25percent_normalized": 62.395166591197196, "best_50percent_normalized": 47.26636886864063, "best_100percent_normalized": 33.90036211845548, "best_later_half_normalized": 33.9747470264277, "best_last_four_normalized": 33.10208571030058, "target_steps": 5000}