{
    "final_weight_diff": 0.0023741312325000763,
    "final_weight_sim": 0.6941720247268677,
    "final_feature_diff": 0.7162766932626186,
    "final_feature_sim": 0.631328668163685,
    "final_0_weight_diff": 0.002792945597320795,
    "final_1_weight_diff": 0.002413185779005289,
    "final_2_weight_diff": 0.0019172453321516514,
    "final_0_weight_sim": 0.6600016355514526,
    "final_1_weight_sim": 0.6756505370140076,
    "final_2_weight_sim": 0.6937748789787292,
    "best_weight_diff": 0.00195462629199028,
    "best_weight_sim": 0.7268078923225403,
    "best_feature_diff": 0.6661053842157838,
    "best_feature_sim": 0.6583569525190855,
    "best_0_weight_diff": 0.0023219967260956764,
    "best_1_weight_diff": 0.001943885232321918,
    "best_2_weight_diff": 0.0015985060017555952,
    "best_0_weight_sim": 0.6924787163734436,
    "best_1_weight_sim": 0.7096862196922302,
    "best_2_weight_sim": 0.725739598274231,
    "num_feature_traj": 218,
    "num_feature_timesteps": "100692",
    "final_test_returns": 2042.3151164637868,
    "final_test_normalized_returns": 63.37506830913031,
    "best_return": 2248.4139863477917,
    "best_return_normalized": 69.70766290435176,
    "convergence_step": "135000",
    "convergence_iter": "27",
    "best_step": "135000",
    "best_iter": "27"
}