{"final_weight_diff": 0.0024168433155864477, "final_weight_sim": 0.709142804145813, "final_feature_diff": 0.5732651708489211, "final_feature_sim": 0.732516251429194, "final_0_weight_diff": 0.0024467199109494686, "final_1_weight_diff": 0.002333068987354636, "final_2_weight_diff": 0.002466951496899128, "final_0_weight_sim": 0.6905303001403809, "final_1_weight_sim": 0.6897960305213928, "final_2_weight_sim": 0.6876559853553772, "best_weight_diff": 0.0015329588204622269, "best_weight_sim": 0.774244487285614, "best_feature_diff": 0.4731522232900259, "best_feature_sim": 0.7845771811219963, "best_0_weight_diff": 0.0015726549318060279, "best_1_weight_diff": 0.0014563828008249402, "best_2_weight_diff": 0.0015647447435185313, "best_0_weight_sim": 0.7543535232543945, "best_1_weight_sim": 0.7587084174156189, "best_2_weight_sim": 0.7519046068191528, "num_feature_traj": 15, "num_feature_timesteps": "15000", "final_test_returns": 4203.123422577976, "final_test_normalized_returns": 36.11145995196978, "best_return": 4630.423012109137, "best_return_normalized": 39.553211304477735, "convergence_step": "5000", "convergence_iter": "1", "best_step": "45000", "best_iter": "9", "best_5percent_normalized": 39.553211304477735, "best_10percent_normalized": 39.54470795222295, "best_25percent_normalized": 38.626943891048604, "best_50percent_normalized": 37.873924853777886, "best_100percent_normalized": 35.49334217799135, "best_later_half_normalized": 36.886232966230835, "best_last_four_normalized": 35.71983174475106}