{"final_weight_diff": 0.001222715131007135, "final_weight_sim": 0.7900829911231995, "final_feature_diff": 0.2859682974006248, "final_feature_sim": 0.7319036196043552, "final_0_weight_diff": 0.0015850926283746958, "final_1_weight_diff": 0.001241167075932026, "final_2_weight_diff": 0.000836396066006273, "final_0_weight_sim": 0.7607531547546387, "final_1_weight_sim": 0.7833724021911621, "final_2_weight_sim": 0.8169043064117432, "best_weight_diff": 0.0010506995022296906, "best_weight_sim": 0.8143326640129089, "best_feature_diff": 0.27140172459675443, "best_feature_sim": 0.7484350614951083, "best_0_weight_diff": 0.00137607310898602, "best_1_weight_diff": 0.0010555415647104383, "best_2_weight_diff": 0.00071669090539217, "best_0_weight_sim": 0.7858901023864746, "best_1_weight_sim": 0.8083734512329102, "best_2_weight_sim": 0.8397105932235718, "num_feature_traj": 219, "num_feature_timesteps": "197797", "final_test_returns": 4970.295364501609, "final_test_normalized_returns": 108.23398943553846, "best_return": 5008.180469539738, "best_return_normalized": 109.05925234599644, "convergence_step": "30000", "convergence_iter": "6", "best_step": "80000", "best_iter": "16", "best_5percent_normalized": 109.05925234599644, "best_10percent_normalized": 109.04639469341393, "best_25percent_normalized": 108.60408928818435, "best_50percent_normalized": 107.97975097361424, "best_100percent_normalized": 102.20004527289335, "best_later_half_normalized": 106.047954132125, "best_last_four_normalized": 107.92825103049017, "target_steps": 10000}