{
    "final_weight_diff": 0.001312005566433072,
    "final_weight_sim": 0.7610902786254883,
    "final_feature_diff": 0.39992894257693423,
    "final_feature_sim": 0.6101179580417697,
    "final_0_weight_diff": 0.0018818004755303264,
    "final_1_weight_diff": 0.0012234823079779744,
    "final_2_weight_diff": 0.000824827526230365,
    "final_0_weight_sim": 0.6924519538879395,
    "final_1_weight_sim": 0.7744476199150085,
    "final_2_weight_sim": 0.810586154460907,
    "best_weight_diff": 0.00014214054681360722,
    "best_weight_sim": 0.9687632322311401,
    "best_feature_diff": 0.21433818445808941,
    "best_feature_sim": 0.8102074021200258,
    "best_0_weight_diff": 0.0001632830681046471,
    "best_1_weight_diff": 0.00012962082109879702,
    "best_2_weight_diff": 0.00013335356197785586,
    "best_0_weight_sim": 0.9635297060012817,
    "best_1_weight_sim": 0.9702346324920654,
    "best_2_weight_sim": 0.9676170945167542,
    "num_feature_traj": 24,
    "num_feature_timesteps": "20987",
    "final_test_returns": 3503.7059524214333,
    "final_test_normalized_returns": 91.05904340763875,
    "best_return": 3890.811334394647,
    "best_return_normalized": 100.26422215762602,
    "convergence_step": "5000",
    "convergence_iter": "1",
    "best_step": "5000",
    "best_iter": "1"
}