{"final_weight_diff": 0.0021431639324873686, "final_weight_sim": 0.6913409233093262, "final_feature_diff": 0.40860914976501395, "final_feature_sim": 0.6003629946723402, "final_0_weight_diff": 0.002335841068997979, "final_1_weight_diff": 0.0018483710009604692, "final_2_weight_diff": 0.0022265054285526276, "final_0_weight_sim": 0.6273642182350159, "final_1_weight_sim": 0.6984564065933228, "final_2_weight_sim": 0.716895580291748, "best_weight_diff": 0.0011097685201093554, "best_weight_sim": 0.8316898941993713, "best_feature_diff": 0.3452361566462771, "best_feature_sim": 0.6844021700521014, "best_0_weight_diff": 0.001339716836810112, "best_1_weight_diff": 0.0009369647596031427, "best_2_weight_diff": 0.0010498849442228675, "best_0_weight_sim": 0.7683413624763489, "best_1_weight_sim": 0.8349292874336243, "best_2_weight_sim": 0.8625563383102417, "num_feature_traj": 20, "num_feature_timesteps": "20000", "final_test_returns": 4707.079851903265, "final_test_normalized_returns": 40.17065580595715, "best_return": 4927.821243898979, "best_return_normalized": 41.94865186087809, "convergence_step": "35000", "convergence_iter": "7", "best_step": "35000", "best_iter": "7", "best_5percent_normalized": 41.94865186087809, "best_10percent_normalized": 41.747363464533265, "best_25percent_normalized": 41.31644821742439, "best_50percent_normalized": 40.849024734866404, "best_100percent_normalized": 38.767434729226686, "best_later_half_normalized": 39.70093906077092, "best_last_four_normalized": 39.64575812798261, "target_steps": 10000}