{
    "final_weight_diff": 0.001669219578616321,
    "final_weight_sim": 0.705534815788269,
    "final_feature_diff": 0.31647577835218954,
    "final_feature_sim": 0.5948496850926155,
    "final_0_weight_diff": 0.001653873361647129,
    "final_1_weight_diff": 0.0016091736033558846,
    "final_2_weight_diff": 0.0017342366045340896,
    "final_0_weight_sim": 0.6916642189025879,
    "final_1_weight_sim": 0.7066149711608887,
    "final_2_weight_sim": 0.6860992312431335,
    "best_weight_diff": 0.0016143445391207933,
    "best_weight_sim": 0.7124057412147522,
    "best_feature_diff": 0.3167537254941887,
    "best_feature_sim": 0.5936838029492272,
    "best_0_weight_diff": 0.0016060294583439827,
    "best_1_weight_diff": 0.0015569275710731745,
    "best_2_weight_diff": 0.0016708389157429338,
    "best_0_weight_sim": 0.6985676884651184,
    "best_1_weight_sim": 0.712910532951355,
    "best_2_weight_sim": 0.6931498050689697,
    "num_feature_traj": 38,
    "num_feature_timesteps": "22985",
    "final_test_returns": 3351.1139281283454,
    "final_test_normalized_returns": 87.43047887495173,
    "best_return": 3752.8565574875706,
    "best_return_normalized": 96.9837242881024,
    "convergence_step": "40000",
    "convergence_iter": "8",
    "best_step": "95000",
    "best_iter": "19"
}