{"final_weight_diff": 0.0013958534691482782, "final_weight_sim": 0.7517468929290771, "final_feature_diff": 0.3049482051349809, "final_feature_sim": 0.7098336853886127, "final_0_weight_diff": 0.001822772086597979, "final_1_weight_diff": 0.0013983860844746232, "final_2_weight_diff": 0.0009594726143404841, "final_0_weight_sim": 0.6989869475364685, "final_1_weight_sim": 0.7538749575614929, "final_2_weight_sim": 0.7894982695579529, "best_weight_diff": 0.0001337362773483619, "best_weight_sim": 0.9708251953125, "best_feature_diff": 0.12690444972842918, "best_feature_sim": 0.8882034342479284, "best_0_weight_diff": 0.00015550908574368805, "best_1_weight_diff": 0.00013174816558603197, "best_2_weight_diff": 0.00011390836152713746, "best_0_weight_sim": 0.9654900431632996, "best_1_weight_sim": 0.9701347351074219, "best_2_weight_sim": 0.9723732471466064, "num_feature_traj": 11, "num_feature_timesteps": "10500", "final_test_returns": 2926.538961287264, "final_test_normalized_returns": 63.71421429208064, "best_return": 3630.248506978448, "best_return_normalized": 79.04333604612299, "convergence_step": "5000", "convergence_iter": "1", "best_step": "5000", "best_iter": "1", "best_5percent_normalized": 79.04333604612299, "best_10percent_normalized": 77.46442849359525, "best_25percent_normalized": 76.07265380835443, "best_50percent_normalized": 74.2260683347286, "best_100percent_normalized": 67.67600809560001, "best_later_half_normalized": 66.37044463104638, "best_last_four_normalized": 64.31132253439293, "target_steps": 5000}