current_itr_train_time	current_itr_train_loss_mean	current_itr_train_loss_std	current_itr_eval_5000_return_mean	current_itr_eval_5000_return_std	current_itr_eval_5000_length_mean	current_itr_eval_5000_length_std	current_itr_eval_2500_return_mean	current_itr_eval_2500_return_std	current_itr_eval_2500_length_mean	current_itr_eval_2500_length_std	TestEpRet	TestEpNormRet	Iteration	Steps	total_time	current_eval_time
1842.4832634925842	0.22738857628628611	0.2759073474223568	2237.6768284223244	565.3737106319483	749.5	140.21501346146923	2203.337072429109	884.4986491330388	694.1	227.69780411765063	2237.6768284223244	48.70851830416525	1	5000	2274.092795610428	431.60857629776
1626.385009765625	0.05554297790303826	0.006449753647836936	3530.97436564353	584.8260829463703	930.6	144.64314708965645	3345.5255473661155	642.7055866458726	890.1	170.30058719804813	3530.97436564353	76.88081685213328	2	10000	4448.430201768875	547.8237738609314
1699.3409569263458	0.046994268815219405	0.004152273966537845	2654.360974351609	905.2262271630597	745.8	231.30361000209228	2847.4394474238466	1010.2024617321385	787.0	249.83114297460995	2654.360974351609	57.78527738046205	3	15000	6608.549532175064	460.60689663887024
1660.572149515152	0.043652385429292916	0.0035782705877298324	3438.1578411900273	442.49185670007296	938.0	124.2328458983372	3181.8756418854814	589.4042878990917	865.8	144.99158596277232	3438.1578411900273	74.8589659154129	4	20000	8547.30600142479	278.0954303741455
