{"final_weight_diff": 0.0021155942231416702, "final_weight_sim": 0.7304400205612183, "final_feature_diff": 0.46757270773366544, "final_feature_sim": 0.7378235614100371, "final_0_weight_diff": 0.0023822940420359373, "final_1_weight_diff": 0.0021562145557254553, "final_2_weight_diff": 0.0018086301861330867, "final_0_weight_sim": 0.7035415172576904, "final_1_weight_sim": 0.7139232158660889, "final_2_weight_sim": 0.7250441908836365, "best_weight_diff": 0.0015574762364849448, "best_weight_sim": 0.7736172676086426, "best_feature_diff": 0.41513847860200187, "best_feature_sim": 0.7647141057274507, "best_0_weight_diff": 0.0017433161847293377, "best_1_weight_diff": 0.0015599686885252595, "best_2_weight_diff": 0.0013688970357179642, "best_0_weight_sim": 0.7465469241142273, "best_1_weight_sim": 0.758591890335083, "best_2_weight_sim": 0.7669400572776794, "num_feature_traj": 163, "num_feature_timesteps": "34862", "final_test_returns": 2516.2509626911447, "final_test_normalized_returns": 77.93722277407338, "best_return": 2594.4277252671104, "best_return_normalized": 80.33928225377406, "convergence_step": "25000", "convergence_iter": "5", "best_step": "60000", "best_iter": "12", "best_5percent_normalized": 80.33928225377406, "best_10percent_normalized": 79.8857546033154, "best_25percent_normalized": 77.05967591051315, "best_50percent_normalized": 67.45505097330623, "best_100percent_normalized": 50.58633005064921, "best_later_half_normalized": 56.015738832230774, "best_last_four_normalized": 58.580524688434174, "target_steps": 25000}