{
    "final_weight_diff": 0.0010177965741604567,
    "final_weight_sim": 0.8030346035957336,
    "final_feature_diff": 0.5320074575803709,
    "final_feature_sim": 0.6771292790897379,
    "final_0_weight_diff": 0.0013285953318700194,
    "final_1_weight_diff": 0.0009697460336610675,
    "final_2_weight_diff": 0.0007518481579609215,
    "final_0_weight_sim": 0.7621548771858215,
    "final_1_weight_sim": 0.7994872331619263,
    "final_2_weight_sim": 0.8190426230430603,
    "best_weight_diff": 0.0008248473168350756,
    "best_weight_sim": 0.833040177822113,
    "best_feature_diff": 0.479786349045483,
    "best_feature_sim": 0.7121726887269313,
    "best_0_weight_diff": 0.0010896781459450722,
    "best_1_weight_diff": 0.0007778539438731968,
    "best_2_weight_diff": 0.0006052323733456433,
    "best_0_weight_sim": 0.7931718230247498,
    "best_1_weight_sim": 0.8303042054176331,
    "best_2_weight_sim": 0.8489239811897278,
    "num_feature_traj": 219,
    "num_feature_timesteps": "197797",
    "final_test_returns": 4868.643570187566,
    "final_test_normalized_returns": 106.01967709446266,
    "best_return": 5041.05298029888,
    "best_return_normalized": 109.77532437155496,
    "convergence_step": "20000",
    "convergence_iter": "4",
    "best_step": "75000",
    "best_iter": "15"
}