{"final_weight_diff": 0.001818696386180818, "final_weight_sim": 0.7392857074737549, "final_feature_diff": 0.37357835299247694, "final_feature_sim": 0.6410455753692322, "final_0_weight_diff": 0.0021401059348136187, "final_1_weight_diff": 0.0016073151491582394, "final_2_weight_diff": 0.001701828557997942, "final_0_weight_sim": 0.6630915403366089, "final_1_weight_sim": 0.7491170763969421, "final_2_weight_sim": 0.7768510580062866, "best_weight_diff": 0.0012719599762931466, "best_weight_sim": 0.8069875240325928, "best_feature_diff": 0.35485900245823515, "best_feature_sim": 0.6667465618793567, "best_0_weight_diff": 0.0015323003754019737, "best_1_weight_diff": 0.0010965514229610562, "best_2_weight_diff": 0.0011838135542348027, "best_0_weight_sim": 0.737240195274353, "best_1_weight_sim": 0.8126924633979797, "best_2_weight_sim": 0.8416507244110107, "num_feature_traj": 119, "num_feature_timesteps": "101758", "final_test_returns": 3030.187661476913, "final_test_normalized_returns": 65.97202584882852, "best_return": 3689.966856619346, "best_return_normalized": 80.34419924771089, "convergence_step": "25000", "convergence_iter": "5", "best_step": "55000", "best_iter": "11", "best_5percent_normalized": 80.34419924771089, "best_10percent_normalized": 79.73028622554813, "best_25percent_normalized": 79.07470469722578, "best_50percent_normalized": 77.70793039795065, "best_100percent_normalized": 73.31186505544233, "best_later_half_normalized": 71.01006242700934, "best_last_four_normalized": 70.15195966049326}