{"final_weight_diff": 0.001194839016534388, "final_weight_sim": 0.8098580241203308, "final_feature_diff": 0.6726049304943725, "final_feature_sim": 0.6350572251637778, "final_0_weight_diff": 0.0017213545506820083, "final_1_weight_diff": 0.0011210436932742596, "final_2_weight_diff": 0.0007391899707727134, "final_0_weight_sim": 0.7498886585235596, "final_1_weight_sim": 0.8208567500114441, "final_2_weight_sim": 0.8398888111114502, "best_weight_diff": 0.0003253506438340992, "best_weight_sim": 0.9395729303359985, "best_feature_diff": 0.3299317331419473, "best_feature_sim": 0.8158751519280022, "best_0_weight_diff": 0.00048347224947065115, "best_1_weight_diff": 0.00027159362798556685, "best_2_weight_diff": 0.0002207967481808737, "best_0_weight_sim": 0.9118613600730896, "best_1_weight_sim": 0.9473811388015747, "best_2_weight_sim": 0.9486450552940369, "num_feature_traj": 218, "num_feature_timesteps": "100692", "final_test_returns": 2068.8075061057248, "final_test_normalized_returns": 64.18907356571157, "best_return": 2383.7626023426483, "best_return_normalized": 73.86638495169792, "convergence_step": "20000", "convergence_iter": "4", "best_step": "20000", "best_iter": "4", "best_5percent_normalized": 73.86638495169792, "best_10percent_normalized": 70.99103740488687, "best_25percent_normalized": 67.2898134396754, "best_50percent_normalized": 65.36623614622513, "best_100percent_normalized": 59.337009920532935, "best_later_half_normalized": 62.360199960306275}