{"final_weight_diff": 0.0013502580113708973, "final_weight_sim": 0.7532446384429932, "final_feature_diff": 0.41530770855903465, "final_feature_sim": 0.6002345778739057, "final_0_weight_diff": 0.0018992441473528743, "final_1_weight_diff": 0.001275368151254952, "final_2_weight_diff": 0.0008706482476554811, "final_0_weight_sim": 0.6840918660163879, "final_1_weight_sim": 0.7635278105735779, "final_2_weight_sim": 0.8027459383010864, "best_weight_diff": 0.00048129918286576867, "best_weight_sim": 0.9014650583267212, "best_feature_diff": 0.3086977436994617, "best_feature_sim": 0.7211982884420208, "best_0_weight_diff": 0.0007101364899426699, "best_1_weight_diff": 0.0004120195808354765, "best_2_weight_diff": 0.0003210740687791258, "best_0_weight_sim": 0.8643733859062195, "best_1_weight_sim": 0.91173255443573, "best_2_weight_sim": 0.9218556880950928, "num_feature_traj": 12, "num_feature_timesteps": "11130", "final_test_returns": 3154.434255560933, "final_test_normalized_returns": 82.7535313904105, "best_return": 3956.6930301687134, "best_return_normalized": 101.83085701778027, "convergence_step": "20000", "convergence_iter": "4", "best_step": "20000", "best_iter": "4", "best_5percent_normalized": 101.83085701778027, "best_10percent_normalized": 100.19331291974754, "best_25percent_normalized": 97.95669512685467, "best_50percent_normalized": 94.10518310931796, "best_100percent_normalized": 88.62134903007922, "best_later_half_normalized": 87.39904005713086, "best_last_four_normalized": 87.42950092182016, "target_steps": 5000}