{"final_weight_diff": 0.0013918844051659107, "final_weight_sim": 0.7355771064758301, "final_feature_diff": 0.18247883409457713, "final_feature_sim": 0.6520019417273171, "final_0_weight_diff": 0.0017065235879272223, "final_1_weight_diff": 0.0013457752065733075, "final_2_weight_diff": 0.0011160557623952627, "final_0_weight_sim": 0.6898909211158752, "final_1_weight_sim": 0.7340908646583557, "final_2_weight_sim": 0.7568044662475586, "best_weight_diff": 0.0007382206968031824, "best_weight_sim": 0.8490896821022034, "best_feature_diff": 0.17959811503278322, "best_feature_sim": 0.7845089494948059, "best_0_weight_diff": 0.000940578174777329, "best_1_weight_diff": 0.000696489354595542, "best_2_weight_diff": 0.0005774097517132759, "best_0_weight_sim": 0.8228985667228699, "best_1_weight_sim": 0.8422523736953735, "best_2_weight_sim": 0.8606136441230774, "num_feature_traj": 20, "num_feature_timesteps": "20000", "final_test_returns": 4634.0854533565625, "final_test_normalized_returns": 39.58271101013072, "best_return": 4771.2291887527845, "best_return_normalized": 40.68735666941122, "convergence_step": "15000", "convergence_iter": "3", "best_step": "35000", "best_iter": "7", "best_5percent_normalized": 40.68735666941122, "best_10percent_normalized": 40.56688994631416, "best_25percent_normalized": 40.12692797190708, "best_50percent_normalized": 39.71888842839113, "best_100percent_normalized": 38.47843819937841, "best_later_half_normalized": 38.18539727660444, "best_last_four_normalized": 38.80512984103315}