{
    "final_weight_diff": 0.0013242416316643357,
    "final_weight_sim": 0.7600257992744446,
    "final_feature_diff": 0.3650314722947376,
    "final_feature_sim": 0.6459034141233266,
    "final_0_weight_diff": 0.0019123135134577751,
    "final_1_weight_diff": 0.001251179608516395,
    "final_2_weight_diff": 0.0008039147942326963,
    "final_0_weight_sim": 0.6922241449356079,
    "final_1_weight_sim": 0.7706793546676636,
    "final_2_weight_sim": 0.813483715057373,
    "best_weight_diff": 0.0010673063807189465,
    "best_weight_sim": 0.7999601364135742,
    "best_feature_diff": 0.3598729595822497,
    "best_feature_sim": 0.6572650342294206,
    "best_0_weight_diff": 0.0015606069937348366,
    "best_1_weight_diff": 0.000989958643913269,
    "best_2_weight_diff": 0.0006482860189862549,
    "best_0_weight_sim": 0.7381681203842163,
    "best_1_weight_sim": 0.810615599155426,
    "best_2_weight_sim": 0.8465519547462463,
    "num_feature_traj": 24,
    "num_feature_timesteps": "20987",
    "final_test_returns": 2924.3941856985257,
    "final_test_normalized_returns": 77.28328979379653,
    "best_return": 3925.04099696323,
    "best_return_normalized": 101.0781869774625,
    "convergence_step": "70000",
    "convergence_iter": "14",
    "best_step": "70000",
    "best_iter": "14"
}