{"final_weight_diff": 0.0018694010796025395, "final_weight_sim": 0.7128589749336243, "final_feature_diff": 0.20302049198532254, "final_feature_sim": 0.7392311052353401, "final_0_weight_diff": 0.002193917753174901, "final_1_weight_diff": 0.001877933507785201, "final_2_weight_diff": 0.0015270027797669172, "final_0_weight_sim": 0.6852262020111084, "final_1_weight_sim": 0.7156904935836792, "final_2_weight_sim": 0.7258389592170715, "best_weight_diff": 0.0014733454445376992, "best_weight_sim": 0.7676440477371216, "best_feature_diff": 0.18146132687734742, "best_feature_sim": 0.7721875067674593, "best_0_weight_diff": 0.0017417139606550336, "best_1_weight_diff": 0.0014853299362584949, "best_2_weight_diff": 0.00118834909517318, "best_0_weight_sim": 0.745180070400238, "best_1_weight_sim": 0.7684533596038818, "best_2_weight_sim": 0.7783038020133972, "num_feature_traj": 20, "num_feature_timesteps": "20000", "final_test_returns": 4096.935874653426, "final_test_normalized_returns": 35.25615574470427, "best_return": 4819.225322297001, "best_return_normalized": 41.073949031276605, "convergence_step": "15000", "convergence_iter": "3", "best_step": "70000", "best_iter": "14", "best_5percent_normalized": 41.073949031276605, "best_10percent_normalized": 40.96747824286469, "best_25percent_normalized": 40.80477225621834, "best_50percent_normalized": 40.27576471348939, "best_100percent_normalized": 38.7245855882543, "best_later_half_normalized": 38.52011378575563, "best_last_four_normalized": 36.94586562617015}