{
    "final_weight_diff": 0.0016342181479558349,
    "final_weight_sim": 0.7480999231338501,
    "final_feature_diff": 0.22180791588931054,
    "final_feature_sim": 0.7219864114770431,
    "final_0_weight_diff": 0.0017427373677492142,
    "final_1_weight_diff": 0.0017885661218315363,
    "final_2_weight_diff": 0.0013649656902998686,
    "final_0_weight_sim": 0.7036409974098206,
    "final_1_weight_sim": 0.7424337863922119,
    "final_2_weight_sim": 0.7818930745124817,
    "best_weight_diff": 0.0016342181479558349,
    "best_weight_sim": 0.7480999231338501,
    "best_feature_diff": 0.22180791588931054,
    "best_feature_sim": 0.7219864114770431,
    "best_0_weight_diff": 0.0017427373677492142,
    "best_1_weight_diff": 0.0017885661218315363,
    "best_2_weight_diff": 0.0013649656902998686,
    "best_0_weight_sim": 0.7036409974098206,
    "best_1_weight_sim": 0.7424337863922119,
    "best_2_weight_sim": 0.7818930745124817,
    "num_feature_traj": 219,
    "num_feature_timesteps": "197797",
    "final_test_returns": 4992.319999328784,
    "final_test_normalized_returns": 108.71375883886874,
    "best_return": 4992.319999328784,
    "best_return_normalized": 108.71375883886874,
    "convergence_step": "30000",
    "convergence_iter": "6",
    "best_step": "100000",
    "best_iter": "20"
}