{"final_weight_diff": 0.0012864733580499887, "final_weight_sim": 0.7833923697471619, "final_feature_diff": 0.3011079064582483, "final_feature_sim": 0.7201904693221438, "final_0_weight_diff": 0.0016656086081638932, "final_1_weight_diff": 0.0013025349471718073, "final_2_weight_diff": 0.0008854267071001232, "final_0_weight_sim": 0.7510052919387817, "final_1_weight_sim": 0.7791335582733154, "final_2_weight_sim": 0.8106122612953186, "best_weight_diff": 0.0003517927252687514, "best_weight_sim": 0.9298275709152222, "best_feature_diff": 0.17321760086499227, "best_feature_sim": 0.8478557842695403, "best_0_weight_diff": 0.0004735896654892713, "best_1_weight_diff": 0.0003309605526737869, "best_2_weight_diff": 0.00025064012152142823, "best_0_weight_sim": 0.9129834771156311, "best_1_weight_sim": 0.9297428131103516, "best_2_weight_sim": 0.9404893517494202, "num_feature_traj": 219, "num_feature_timesteps": "197797", "final_test_returns": 4966.936657249247, "final_test_normalized_returns": 108.1608256810848, "best_return": 4988.034980096947, "best_return_normalized": 108.62041694529144, "convergence_step": "15000", "convergence_iter": "3", "best_step": "15000", "best_iter": "3", "best_5percent_normalized": 108.62041694529144, "best_10percent_normalized": 108.52659972123226, "best_25percent_normalized": 108.23341649439888, "best_50percent_normalized": 107.87892366820692, "best_100percent_normalized": 100.58701674138135, "best_later_half_normalized": 105.97873142236128, "best_last_four_normalized": 103.58722145758398}