current_itr_train_time	current_itr_train_loss_mean	current_itr_train_loss_std	current_itr_eval_3600_return_mean	current_itr_eval_3600_return_std	current_itr_eval_3600_length_mean	current_itr_eval_3600_length_std	current_itr_eval_1800_return_mean	current_itr_eval_1800_return_std	current_itr_eval_1800_length_mean	current_itr_eval_1800_length_std	TestEpRet	TestEpNormRet	Iteration	Steps	total_time	current_eval_time
1232.400713443756	0.43770833060443404	0.2589508815724032	614.5693172841236	1.7617199136953008	367.0	1.0954451150103321	602.3694360317207	3.4902770909242644	369.1	1.9209372712298547	614.5693172841236	19.506145901531095	1	5000	1351.2147879600525	118.81319046020508
