{"final_weight_diff": 0.0012135838624089956, "final_weight_sim": 0.7785032391548157, "final_feature_diff": 0.29925318064168355, "final_feature_sim": 0.7194523722887246, "final_0_weight_diff": 0.0016630372265353799, "final_1_weight_diff": 0.0012120958417654037, "final_2_weight_diff": 0.0007603802368976176, "final_0_weight_sim": 0.7221662998199463, "final_1_weight_sim": 0.7817370891571045, "final_2_weight_sim": 0.8243726491928101, "best_weight_diff": 0.00023333437275141478, "best_weight_sim": 0.9498460292816162, "best_feature_diff": 0.18792858935557494, "best_feature_sim": 0.8363830373709319, "best_0_weight_diff": 0.00029321800684556365, "best_1_weight_diff": 0.0002137863775715232, "best_2_weight_diff": 0.00019284820882603526, "best_0_weight_sim": 0.9370068311691284, "best_1_weight_sim": 0.9523133039474487, "best_2_weight_sim": 0.9532406330108643, "num_feature_traj": 40, "num_feature_timesteps": "40000", "final_test_returns": 5021.368751094649, "final_test_normalized_returns": 42.70214488381244, "best_return": 5207.900501827566, "best_return_normalized": 44.20459403447767, "convergence_step": "10000", "convergence_iter": "2", "best_step": "10000", "best_iter": "2", "best_5percent_normalized": 44.20459403447767, "best_10percent_normalized": 43.59953596533572, "best_25percent_normalized": 43.19054627628267, "best_50percent_normalized": 42.96401653230083, "best_100percent_normalized": 42.26582091894961, "best_later_half_normalized": 42.29350039210476, "best_last_four_normalized": 42.14725489702032, "target_steps": 5000}