{
    "final_weight_diff": 0.0001685002353042364,
    "final_weight_sim": 0.8746497631072998,
    "final_feature_diff": 0.7524994470899017,
    "final_feature_sim": 0.6467598701027031,
    "final_0_weight_diff": 0.002177600283175707,
    "final_1_weight_diff": 0.0021451101638376713,
    "final_2_weight_diff": 0.0017986349994316697,
    "final_0_weight_sim": 1.0,
    "final_1_weight_sim": 1.0,
    "final_2_weight_sim": 1.0,
    "best_weight_diff": 9.41166581469588e-05,
    "best_weight_sim": 0.9231455326080322,
    "best_feature_diff": 0.5655187153304464,
    "best_feature_sim": 0.7352691635941045,
    "best_0_weight_diff": 0.0011741550406441092,
    "best_1_weight_diff": 0.0011752961436286569,
    "best_2_weight_diff": 0.001068625831976533,
    "best_0_weight_sim": 1.0,
    "best_1_weight_sim": 0.9999998211860657,
    "best_2_weight_sim": 1.0,
    "num_feature_traj": 100,
    "num_feature_timesteps": "100000",
    "final_test_returns": 5029.548648585065,
    "final_test_normalized_returns": 42.768031147082446,
    "best_return": 7299.884907204707,
    "best_return_normalized": 61.054809511006376,
    "convergence_step": "5000",
    "convergence_iter": "1",
    "best_step": "35000",
    "best_iter": "7"
}