{"final_weight_diff": 0.0015641803620383143, "final_weight_sim": 0.7693727016448975, "final_feature_diff": 0.1617948799203567, "final_feature_sim": 0.7695015464113388, "final_0_weight_diff": 0.0022106131073087454, "final_1_weight_diff": 0.0014345756499096751, "final_2_weight_diff": 0.0010436837328597903, "final_0_weight_sim": 0.7219216823577881, "final_1_weight_sim": 0.7860127687454224, "final_2_weight_sim": 0.8045749664306641, "best_weight_diff": 0.0009600099874660373, "best_weight_sim": 0.8495614528656006, "best_feature_diff": 0.14679828405494874, "best_feature_sim": 0.7965585762193733, "best_0_weight_diff": 0.0013615032657980919, "best_1_weight_diff": 0.0008651887765154243, "best_2_weight_diff": 0.0006518515874631703, "best_0_weight_sim": 0.8168625235557556, "best_1_weight_sim": 0.8603770732879639, "best_2_weight_sim": 0.8730377554893494, "num_feature_traj": 100, "num_feature_timesteps": "100000", "final_test_returns": 4932.3127223651845, "final_test_normalized_returns": 41.98482917643035, "best_return": 5086.772164542044, "best_return_normalized": 43.22894690329997, "convergence_step": "5000", "convergence_iter": "1", "best_step": "50000", "best_iter": "10", "best_5percent_normalized": 43.22894690329997, "best_10percent_normalized": 43.177325672939986, "best_25percent_normalized": 43.05943054877848, "best_50percent_normalized": 42.848433848347256, "best_100percent_normalized": 42.39949487673765, "best_later_half_normalized": 42.00839336188363, "best_last_four_normalized": 42.263483803455784, "target_steps": 5000}