{
    "final_weight_diff": 0.0014551846543326974,
    "final_weight_sim": 0.7809881567955017,
    "final_feature_diff": 0.15073125361997608,
    "final_feature_sim": 0.7966130029229592,
    "final_0_weight_diff": 0.0019263771828263998,
    "final_1_weight_diff": 0.0013860398903489113,
    "final_2_weight_diff": 0.0010513957822695374,
    "final_0_weight_sim": 0.7401271462440491,
    "final_1_weight_sim": 0.7933639883995056,
    "final_2_weight_sim": 0.804841160774231,
    "best_weight_diff": 0.0007366914651356637,
    "best_weight_sim": 0.877196729183197,
    "best_feature_diff": 0.12451983336781607,
    "best_feature_sim": 0.8337970624102014,
    "best_0_weight_diff": 0.001008776482194662,
    "best_1_weight_diff": 0.0006809566402807832,
    "best_2_weight_diff": 0.0005200200830586255,
    "best_0_weight_sim": 0.8502899408340454,
    "best_1_weight_sim": 0.8836989998817444,
    "best_2_weight_sim": 0.8946720957756042,
    "num_feature_traj": 218,
    "num_feature_timesteps": "100692",
    "final_test_returns": 1838.9939182391304,
    "final_test_normalized_returns": 57.12782046300645,
    "best_return": 2275.652357373768,
    "best_return_normalized": 70.54458918754203,
    "convergence_step": "40000",
    "convergence_iter": "8",
    "best_step": "40000",
    "best_iter": "8"
}