{
    "final_weight_diff": 0.0011618677526712418,
    "final_weight_sim": 0.7723326683044434,
    "final_feature_diff": 0.35429097664545045,
    "final_feature_sim": 0.6958803548782347,
    "final_0_weight_diff": 0.0013176954817026854,
    "final_1_weight_diff": 0.0012687015114352107,
    "final_2_weight_diff": 0.0008966457098722458,
    "final_0_weight_sim": 0.7456412315368652,
    "final_1_weight_sim": 0.7458877563476562,
    "final_2_weight_sim": 0.7943068742752075,
    "best_weight_diff": 0.0007287830812856555,
    "best_weight_sim": 0.8425728678703308,
    "best_feature_diff": 0.31194509273526294,
    "best_feature_sim": 0.7403506072182843,
    "best_0_weight_diff": 0.0008156117983162403,
    "best_1_weight_diff": 0.0008067698800005019,
    "best_2_weight_diff": 0.00056329375365749,
    "best_0_weight_sim": 0.823543906211853,
    "best_1_weight_sim": 0.8165114521980286,
    "best_2_weight_sim": 0.8606919646263123,
    "num_feature_traj": 119,
    "num_feature_timesteps": "101758",
    "final_test_returns": 3353.676058795004,
    "final_test_normalized_returns": 73.01867323178894,
    "best_return": 3678.338793592118,
    "best_return_normalized": 80.09090156971365,
    "convergence_step": "20000",
    "convergence_iter": "4",
    "best_step": "50000",
    "best_iter": "10"
}