{"final_weight_diff": 0.0010293698869645596, "final_weight_sim": 0.792332112789154, "final_feature_diff": 0.6763552898010713, "final_feature_sim": 0.6306149959208267, "final_0_weight_diff": 0.001152513432316482, "final_1_weight_diff": 0.0010466338135302067, "final_2_weight_diff": 0.0008812829037196934, "final_0_weight_sim": 0.7619978189468384, "final_1_weight_sim": 0.7802624106407166, "final_2_weight_sim": 0.7917031049728394, "best_weight_diff": 0.0009171325946226716, "best_weight_sim": 0.8116708397865295, "best_feature_diff": 0.6564487737148994, "best_feature_sim": 0.6461538628280228, "best_0_weight_diff": 0.001041078008711338, "best_1_weight_diff": 0.0009290243615396321, "best_2_weight_diff": 0.0007763010216876864, "best_0_weight_sim": 0.7824500799179077, "best_1_weight_sim": 0.7993981838226318, "best_2_weight_sim": 0.8116231560707092, "num_feature_traj": 20, "num_feature_timesteps": "20000", "final_test_returns": 4733.880371603082, "final_test_normalized_returns": 40.3865247821618, "best_return": 4793.5680872145085, "best_return_normalized": 40.867288819775645, "convergence_step": "35000", "convergence_iter": "7", "best_step": "85000", "best_iter": "17", "best_5percent_normalized": 40.867288819775645, "best_10percent_normalized": 40.82633153748929, "best_25percent_normalized": 40.555481054235585, "best_50percent_normalized": 40.24795225198183, "best_100percent_normalized": 38.13476740800886, "best_later_half_normalized": 39.940305769649044, "best_last_four_normalized": 40.19890388588665, "target_steps": 15000}