{"final_weight_diff": 0.002201677765697241, "final_weight_sim": 0.6798332333564758, "final_feature_diff": 0.3933769537756014, "final_feature_sim": 0.6170559252531995, "final_0_weight_diff": 0.0023332813289016485, "final_1_weight_diff": 0.001917148008942604, "final_2_weight_diff": 0.0023341209162026644, "final_0_weight_sim": 0.62237548828125, "final_1_weight_sim": 0.6844249963760376, "final_2_weight_sim": 0.7013925313949585, "best_weight_diff": 0.002201677765697241, "best_weight_sim": 0.6798332333564758, "best_feature_diff": 0.3933769537756014, "best_feature_sim": 0.6170559252531995, "best_0_weight_diff": 0.0023332813289016485, "best_1_weight_diff": 0.001917148008942604, "best_2_weight_diff": 0.0023341209162026644, "best_0_weight_sim": 0.62237548828125, "best_1_weight_sim": 0.6844249963760376, "best_2_weight_sim": 0.7013925313949585, "num_feature_traj": 16, "num_feature_timesteps": "16000", "final_test_returns": 4882.308269859265, "final_test_normalized_returns": 41.58206049548567, "best_return": 4882.308269859265, "best_return_normalized": 41.58206049548567, "convergence_step": "15000", "convergence_iter": "3", "best_step": "100000", "best_iter": "20", "best_5percent_normalized": 41.58206049548567, "best_10percent_normalized": 41.37538904859923, "best_25percent_normalized": 41.09356396902634, "best_50percent_normalized": 40.58342951116477, "best_100percent_normalized": 38.975116937270585, "best_later_half_normalized": 39.31812013274841, "best_last_four_normalized": 40.19060583878351, "target_steps": 10000}