{
    "final_weight_diff": 0.0015655533643439412,
    "final_weight_sim": 0.8521191477775574,
    "final_feature_diff": 8.821676600742038,
    "final_feature_sim": 0.33037012832431,
    "final_0_weight_diff": 0.001652890001423657,
    "final_1_weight_diff": 0.001717418897897005,
    "final_2_weight_diff": 0.0013217814266681671,
    "final_0_weight_sim": 0.7410964369773865,
    "final_1_weight_sim": 0.7940429449081421,
    "final_2_weight_sim": 0.8488500118255615,
    "best_weight_diff": 0.00015337110380642116,
    "best_weight_sim": 0.9833563566207886,
    "best_feature_diff": 6.453542813669459,
    "best_feature_sim": 0.5044473967727372,
    "best_0_weight_diff": 0.00019442154734861106,
    "best_1_weight_diff": 0.00015092572721187025,
    "best_2_weight_diff": 0.00011460354289738461,
    "best_0_weight_sim": 0.954745888710022,
    "best_1_weight_sim": 0.9771335124969482,
    "best_2_weight_sim": 0.9857751727104187,
    "num_feature_traj": 20,
    "num_feature_timesteps": "2746",
    "final_test_returns": 1062.299669059847,
    "final_test_normalized_returns": 33.263110252511254,
    "best_return": 2106.5843948098,
    "best_return_normalized": 65.34980637985241,
    "convergence_step": "10000",
    "convergence_iter": "2",
    "best_step": "10000",
    "best_iter": "2"
}