{
    "final_weight_diff": 0.0015958253061398864,
    "final_weight_sim": 0.7521830797195435,
    "final_feature_diff": 0.23055414504330388,
    "final_feature_sim": 0.6969599259622244,
    "final_0_weight_diff": 0.0015377468662336469,
    "final_1_weight_diff": 0.0017560817068442702,
    "final_2_weight_diff": 0.0014896634966135025,
    "final_0_weight_sim": 0.7185479998588562,
    "final_1_weight_sim": 0.7445077896118164,
    "final_2_weight_sim": 0.7717978954315186,
    "best_weight_diff": 0.0008307779207825661,
    "best_weight_sim": 0.8560922741889954,
    "best_feature_diff": 0.1899252477933567,
    "best_feature_sim": 0.7577831414630349,
    "best_0_weight_diff": 0.0008574535022489727,
    "best_1_weight_diff": 0.000901591032743454,
    "best_2_weight_diff": 0.0007324541220441461,
    "best_0_weight_sim": 0.8234368562698364,
    "best_1_weight_sim": 0.8494572043418884,
    "best_2_weight_sim": 0.8774860501289368,
    "num_feature_traj": 128,
    "num_feature_timesteps": "81102",
    "final_test_returns": 3434.7195658564974,
    "final_test_normalized_returns": 106.1580922798548,
    "best_return": 3608.8384040235296,
    "best_return_normalized": 111.5080683089488,
    "convergence_step": "15000",
    "convergence_iter": "3",
    "best_step": "40000",
    "best_iter": "8"
}