{
    "final_weight_diff": 0.0020069351885467768,
    "final_weight_sim": 0.7265967726707458,
    "final_feature_diff": 0.6770280278091859,
    "final_feature_sim": 0.6744122152471541,
    "final_0_weight_diff": 0.002358407014980912,
    "final_1_weight_diff": 0.0019707605242729187,
    "final_2_weight_diff": 0.001691544777713716,
    "final_0_weight_sim": 0.6935551762580872,
    "final_1_weight_sim": 0.7079620361328125,
    "final_2_weight_sim": 0.7244993448257446,
    "best_weight_diff": 0.0013817516155540943,
    "best_weight_sim": 0.782703697681427,
    "best_feature_diff": 0.5733665859383799,
    "best_feature_sim": 0.7259065258523424,
    "best_0_weight_diff": 0.0016078996704891324,
    "best_1_weight_diff": 0.0013365632621571422,
    "best_2_weight_diff": 0.0011999921407550573,
    "best_0_weight_sim": 0.7511272430419922,
    "best_1_weight_sim": 0.7674570083618164,
    "best_2_weight_sim": 0.7783029079437256,
    "num_feature_traj": 131,
    "num_feature_timesteps": "117332",
    "final_test_returns": 4911.032337292936,
    "final_test_normalized_returns": 106.94304466271662,
    "best_return": 4943.381372918245,
    "best_return_normalized": 107.64771366822109,
    "convergence_step": "15000",
    "convergence_iter": "3",
    "best_step": "50000",
    "best_iter": "10"
}