{"final_weight_diff": 0.0020691282115876675, "final_weight_sim": 0.6948287487030029, "final_feature_diff": 0.2987968921335486, "final_feature_sim": 0.5773174618641934, "final_0_weight_diff": 0.0020065626595169306, "final_1_weight_diff": 0.0020795573946088552, "final_2_weight_diff": 0.0021064451429992914, "final_0_weight_sim": 0.6596180200576782, "final_1_weight_sim": 0.6954401135444641, "final_2_weight_sim": 0.7079045176506042, "best_weight_diff": 0.0020691282115876675, "best_weight_sim": 0.6948287487030029, "best_feature_diff": 0.2987968921335486, "best_feature_sim": 0.5773174618641934, "best_0_weight_diff": 0.0020065626595169306, "best_1_weight_diff": 0.0020795573946088552, "best_2_weight_diff": 0.0021064451429992914, "best_0_weight_sim": 0.6596180200576782, "best_1_weight_sim": 0.6954401135444641, "best_2_weight_sim": 0.7079045176506042, "num_feature_traj": 38, "num_feature_timesteps": "22985", "final_test_returns": 3689.875955237865, "final_test_normalized_returns": 95.48607602877, "best_return": 3689.875955237865, "best_return_normalized": 95.48607602877, "convergence_step": "50000", "convergence_iter": "10", "best_step": "100000", "best_iter": "20", "best_5percent_normalized": 95.48607602877, "best_10percent_normalized": 94.65484419620299, "best_25percent_normalized": 93.9710059383116, "best_50percent_normalized": 89.8951828226335, "best_100percent_normalized": 80.44455847401652, "best_later_half_normalized": 83.49821181751886, "best_last_four_normalized": 84.21501035874972, "target_steps": 5000}