{"final_weight_diff": 0.0010818387381732464, "final_weight_sim": 0.7950748801231384, "final_feature_diff": 0.930002938322174, "final_feature_sim": 0.4700487383487311, "final_0_weight_diff": 0.0012343646958470345, "final_1_weight_diff": 0.001114968559704721, "final_2_weight_diff": 0.0008943920838646591, "final_0_weight_sim": 0.7667019963264465, "final_1_weight_sim": 0.7772369980812073, "final_2_weight_sim": 0.7963487505912781, "best_weight_diff": 0.0009826471796259284, "best_weight_sim": 0.8092398047447205, "best_feature_diff": 0.9050564818512931, "best_feature_sim": 0.48490343800826624, "best_0_weight_diff": 0.0011382754892110825, "best_1_weight_diff": 0.0010053060250356793, "best_2_weight_diff": 0.0008030480239540339, "best_0_weight_sim": 0.7804290056228638, "best_1_weight_sim": 0.7922393083572388, "best_2_weight_sim": 0.8118166327476501, "num_feature_traj": 204, "num_feature_timesteps": "37349", "final_test_returns": 2200.8686892779274, "final_test_normalized_returns": 68.24678594067761, "best_return": 2662.616186332119, "best_return_normalized": 82.4344411463957, "convergence_step": "90000", "convergence_iter": "18", "best_step": "90000", "best_iter": "18", "best_5percent_normalized": 82.4344411463957, "best_10percent_normalized": 81.38361926315056, "best_25percent_normalized": 78.45612850716036, "best_50percent_normalized": 73.78310947657118, "best_100percent_normalized": 54.756646345877904, "best_later_half_normalized": 58.766183122920914, "best_last_four_normalized": 69.11878564624219, "target_steps": 15000}