{"final_weight_diff": 0.0019292871002107859, "final_weight_sim": 0.801660418510437, "final_feature_diff": 0.2964691694718934, "final_feature_sim": 0.5383382941043421, "final_0_weight_diff": 0.0014600539579987526, "final_1_weight_diff": 0.0018149352399632335, "final_2_weight_diff": 0.0025021780747920275, "final_0_weight_sim": 0.7850361466407776, "final_1_weight_sim": 0.784216046333313, "final_2_weight_sim": 0.8155474066734314, "best_weight_diff": 0.0016598602524027228, "best_weight_sim": 0.8272899985313416, "best_feature_diff": 0.29744470262812844, "best_feature_sim": 0.5416356213815394, "best_0_weight_diff": 0.0012502287281677127, "best_1_weight_diff": 0.001571008237078786, "best_2_weight_diff": 0.002150800544768572, "best_0_weight_sim": 0.8122673630714417, "best_1_weight_sim": 0.8095434904098511, "best_2_weight_sim": 0.8406969308853149, "num_feature_traj": 109, "num_feature_timesteps": "31150", "final_test_returns": 2872.7341237673622, "final_test_normalized_returns": 62.54216694619883, "best_return": 3734.3899357024966, "best_return_normalized": 81.3118808602805, "convergence_step": "30000", "convergence_iter": "6", "best_step": "80000", "best_iter": "16", "best_5percent_normalized": 81.3118808602805, "best_10percent_normalized": 80.93333589218251, "best_25percent_normalized": 79.43559205214666, "best_50percent_normalized": 75.63617042966878, "best_100percent_normalized": 64.58544251881322, "best_later_half_normalized": 69.77261700238083, "best_last_four_normalized": 62.58154415706095}