{
    "final_weight_diff": 0.0009388475446030498,
    "final_weight_sim": 0.806161642074585,
    "final_feature_diff": 0.3862848283374932,
    "final_feature_sim": 0.6782053950486633,
    "final_0_weight_diff": 0.0012384667061269283,
    "final_1_weight_diff": 0.0008903804118745029,
    "final_2_weight_diff": 0.0006849769852124155,
    "final_0_weight_sim": 0.7623813152313232,
    "final_1_weight_sim": 0.8009853959083557,
    "final_2_weight_sim": 0.8249214291572571,
    "best_weight_diff": 0.0002310042327735573,
    "best_weight_sim": 0.9416506290435791,
    "best_feature_diff": 0.19559710917704917,
    "best_feature_sim": 0.852855587171088,
    "best_0_weight_diff": 0.00026804214576259255,
    "best_1_weight_diff": 0.00021759590890724212,
    "best_2_weight_diff": 0.00020723349007312208,
    "best_0_weight_sim": 0.9288532137870789,
    "best_1_weight_sim": 0.9394564032554626,
    "best_2_weight_sim": 0.9402784109115601,
    "num_feature_traj": 120,
    "num_feature_timesteps": "106539",
    "final_test_returns": 3573.898880145994,
    "final_test_normalized_returns": 92.7281972783391,
    "best_return": 3757.709455977115,
    "best_return_normalized": 97.09912386695632,
    "convergence_step": "10000",
    "convergence_iter": "2",
    "best_step": "10000",
    "best_iter": "2"
}