{"final_weight_diff": 64.43578338623047, "final_feature_diff": 32.584974709541775, "best_weight_diff": 56.00954818725586, "best_feature_diff": 31.453406035992728, "num_feature_traj": 54, "num_feature_timesteps": "23762", "final_test_returns": 1981.0071075234184, "final_test_normalized_returns": 61.49131821249915, "best_return": 2188.9561630162507, "best_return_normalized": 67.88076161719353, "convergence_step": "5000", "convergence_iter": "1", "best_step": "75000", "best_iter": "15", "best_5percent_normalized": 67.88076161719353, "best_10percent_normalized": 67.77312798144587, "best_25percent_normalized": 67.04625974926896, "best_50percent_normalized": 65.46789550361277, "best_100percent_normalized": 59.627425272929486, "best_later_half_normalized": 59.48060659723039, "best_last_four_normalized": 61.143608035259355}