{"final_weight_diff": 0.0008451294270344079, "final_weight_sim": 0.8174967169761658, "final_feature_diff": 0.2832956663141925, "final_feature_sim": 0.7576592101881005, "final_0_weight_diff": 0.0009711848106235266, "final_1_weight_diff": 0.0008875734638422728, "final_2_weight_diff": 0.0006760518299415708, "final_0_weight_sim": 0.7855952978134155, "final_1_weight_sim": 0.8012593984603882, "final_2_weight_sim": 0.8279045820236206, "best_weight_diff": 0.0007649434846825898, "best_weight_sim": 0.8311639428138733, "best_feature_diff": 0.27334093909177737, "best_feature_sim": 0.7669948342148908, "best_0_weight_diff": 0.0008887648582458496, "best_1_weight_diff": 0.0007931464351713657, "best_2_weight_diff": 0.0006124617648310959, "best_0_weight_sim": 0.7997826933860779, "best_1_weight_sim": 0.8168615102767944, "best_2_weight_sim": 0.8408740758895874, "num_feature_traj": 218, "num_feature_timesteps": "100692", "final_test_returns": 1743.910125106666, "final_test_normalized_returns": 54.20627550343103, "best_return": 2205.3536909834884, "best_return_normalized": 68.38459211873274, "convergence_step": "60000", "convergence_iter": "12", "best_step": "90000", "best_iter": "18", "best_5percent_normalized": 68.38459211873274, "best_10percent_normalized": 67.78811746834269, "best_25percent_normalized": 65.59178275538993, "best_50percent_normalized": 62.168381670111046, "best_100percent_normalized": 57.06836872219573, "best_later_half_normalized": 56.77313892556964, "best_last_four_normalized": 56.7244574214197}