{
    "final_weight_diff": 0.0014734913129359484,
    "final_weight_sim": 0.7316747903823853,
    "final_feature_diff": 0.35497309144722394,
    "final_feature_sim": 0.6702465603419449,
    "final_0_weight_diff": 0.0014070735778659582,
    "final_1_weight_diff": 0.0013449141988530755,
    "final_2_weight_diff": 0.0016604438424110413,
    "final_0_weight_sim": 0.732251763343811,
    "final_1_weight_sim": 0.7322651147842407,
    "final_2_weight_sim": 0.7021306753158569,
    "best_weight_diff": 0.0007873502909205854,
    "best_weight_sim": 0.8381643891334534,
    "best_feature_diff": 0.29204915241011403,
    "best_feature_sim": 0.7571652750874446,
    "best_0_weight_diff": 0.0008162562153302133,
    "best_1_weight_diff": 0.0007499821367673576,
    "best_2_weight_diff": 0.0007950604776851833,
    "best_0_weight_sim": 0.838706374168396,
    "best_1_weight_sim": 0.8279497027397156,
    "best_2_weight_sim": 0.8192189931869507,
    "num_feature_traj": 48,
    "num_feature_timesteps": "28017",
    "final_test_returns": 3683.6033988902063,
    "final_test_normalized_returns": 95.33691767270363,
    "best_return": 3749.989253270932,
    "best_return_normalized": 96.91554118067516,
    "convergence_step": "30000",
    "convergence_iter": "6",
    "best_step": "40000",
    "best_iter": "8"
}