{"final_weight_diff": 0.0024191050324589014, "final_weight_sim": 0.7126501202583313, "final_feature_diff": 0.6596037426014412, "final_feature_sim": 0.6493301774092892, "final_0_weight_diff": 0.0026074585039168596, "final_1_weight_diff": 0.002303672954440117, "final_2_weight_diff": 0.0023467906285077333, "final_0_weight_sim": 0.6908660531044006, "final_1_weight_sim": 0.7013436555862427, "final_2_weight_sim": 0.6958768963813782, "best_weight_diff": 0.0020525839645415545, "best_weight_sim": 0.7370244860649109, "best_feature_diff": 0.6055932229719916, "best_feature_sim": 0.6805522228250597, "best_0_weight_diff": 0.0022160597145557404, "best_1_weight_diff": 0.0019218464149162173, "best_2_weight_diff": 0.0020199869759380817, "best_0_weight_sim": 0.7140656113624573, "best_1_weight_sim": 0.7271648645401001, "best_2_weight_sim": 0.7195695042610168, "num_feature_traj": 109, "num_feature_timesteps": "31150", "final_test_returns": 1654.6659722960874, "final_test_normalized_returns": 36.008613276289594, "best_return": 3389.187649118366, "best_return_normalized": 73.7922331402478, "convergence_step": "75000", "convergence_iter": "15", "best_step": "75000", "best_iter": "15", "best_5percent_normalized": 73.7922331402478, "best_10percent_normalized": 72.26666720319525, "best_25percent_normalized": 66.15606750389603, "best_50percent_normalized": 60.10146182986948, "best_100percent_normalized": 44.926003624090484, "best_later_half_normalized": 41.62185992336532, "best_last_four_normalized": 44.82293741439013}