{
    "final_weight_diff": 0.002077925717458129,
    "final_weight_sim": 0.7133587002754211,
    "final_feature_diff": 0.23509061786007476,
    "final_feature_sim": 0.6373668914262166,
    "final_0_weight_diff": 0.00251229340210557,
    "final_1_weight_diff": 0.0020447077695280313,
    "final_2_weight_diff": 0.0016647267621010542,
    "final_0_weight_sim": 0.6841036677360535,
    "final_1_weight_sim": 0.7220922708511353,
    "final_2_weight_sim": 0.7288951277732849,
    "best_weight_diff": 0.00103244767524302,
    "best_weight_sim": 0.8462780117988586,
    "best_feature_diff": 0.1952390531276607,
    "best_feature_sim": 0.7229672959892051,
    "best_0_weight_diff": 0.0013977157650515437,
    "best_1_weight_diff": 0.0009541845065541565,
    "best_2_weight_diff": 0.0007435049046762288,
    "best_0_weight_sim": 0.8210159540176392,
    "best_1_weight_sim": 0.8542588353157043,
    "best_2_weight_sim": 0.86275714635849,
    "num_feature_traj": 48,
    "num_feature_timesteps": "28017",
    "final_test_returns": 3262.7259615387675,
    "final_test_normalized_returns": 85.32865578053331,
    "best_return": 3698.918881572778,
    "best_return_normalized": 95.70111244317356,
    "convergence_step": "35000",
    "convergence_iter": "7",
    "best_step": "35000",
    "best_iter": "7"
}