{
    "final_weight_diff": 0.0016471848357468843,
    "final_weight_sim": 0.8446248173713684,
    "final_feature_diff": 7.708101243649248,
    "final_feature_sim": 0.35447947983380235,
    "final_0_weight_diff": 0.0017989367479458451,
    "final_1_weight_diff": 0.0018766866996884346,
    "final_2_weight_diff": 0.0012588188983500004,
    "final_0_weight_sim": 0.7263575196266174,
    "final_1_weight_sim": 0.778361439704895,
    "final_2_weight_sim": 0.8534573912620544,
    "best_weight_diff": 0.0008883462869562209,
    "best_weight_sim": 0.9099490642547607,
    "best_feature_diff": 7.1543101353178695,
    "best_feature_sim": 0.402232572331089,
    "best_0_weight_diff": 0.0009879019344225526,
    "best_1_weight_diff": 0.0009857682744041085,
    "best_2_weight_diff": 0.0006886393530294299,
    "best_0_weight_sim": 0.8208221197128296,
    "best_1_weight_sim": 0.8681199550628662,
    "best_2_weight_sim": 0.9165175557136536,
    "num_feature_traj": 120,
    "num_feature_timesteps": "106539",
    "final_test_returns": 3567.796168551294,
    "final_test_normalized_returns": 92.58307774834836,
    "best_return": 3878.205296101669,
    "best_return_normalized": 99.96445666424914,
    "convergence_step": "40000",
    "convergence_iter": "8",
    "best_step": "40000",
    "best_iter": "8"
}