{"final_weight_diff": 0.00109333754517138, "final_weight_sim": 0.7797640562057495, "final_feature_diff": 0.1711089805964678, "final_feature_sim": 0.756972189128789, "final_0_weight_diff": 0.0013033095747232437, "final_1_weight_diff": 0.0011142009170725942, "final_2_weight_diff": 0.000860198400914669, "final_0_weight_sim": 0.7500513195991516, "final_1_weight_sim": 0.768260657787323, "final_2_weight_sim": 0.7905478477478027, "best_weight_diff": 0.0006069974042475224, "best_weight_sim": 0.861984133720398, "best_feature_diff": 0.15800022684192183, "best_feature_sim": 0.799815735917245, "best_0_weight_diff": 0.000712153734639287, "best_1_weight_diff": 0.0006001836736686528, "best_2_weight_diff": 0.0005084575386717916, "best_0_weight_sim": 0.8423288464546204, "best_1_weight_sim": 0.8538514971733093, "best_2_weight_sim": 0.8638129234313965, "num_feature_traj": 219, "num_feature_timesteps": "197797", "final_test_returns": 4977.734800938471, "final_test_normalized_returns": 108.39604497055342, "best_return": 4993.634474019903, "best_return_normalized": 108.74239244588196, "convergence_step": "35000", "convergence_iter": "7", "best_step": "40000", "best_iter": "8", "best_5percent_normalized": 108.74239244588196, "best_10percent_normalized": 108.67987094481018, "best_25percent_normalized": 108.4310651088085, "best_50percent_normalized": 107.83839030763681, "best_100percent_normalized": 96.552046437325, "best_later_half_normalized": 100.13268669903623}