{
    "final_weight_diff": 0.0019157066708430648,
    "final_weight_sim": 0.7158112525939941,
    "final_feature_diff": 0.45352433002476067,
    "final_feature_sim": 0.520408921167101,
    "final_0_weight_diff": 0.002488659927621484,
    "final_1_weight_diff": 0.0015430316561833024,
    "final_2_weight_diff": 0.0017040061065927148,
    "final_0_weight_sim": 0.6178343892097473,
    "final_1_weight_sim": 0.7447824478149414,
    "final_2_weight_sim": 0.764245331287384,
    "best_weight_diff": 0.001071756356395781,
    "best_weight_sim": 0.8297146558761597,
    "best_feature_diff": 0.4145014153305333,
    "best_feature_sim": 0.5936043835814845,
    "best_0_weight_diff": 0.0014201744925230742,
    "best_1_weight_diff": 0.0008170903311111033,
    "best_2_weight_diff": 0.0009746895520947874,
    "best_0_weight_sim": 0.7479317784309387,
    "best_1_weight_sim": 0.8483636975288391,
    "best_2_weight_sim": 0.8658666610717773,
    "num_feature_traj": 120,
    "num_feature_timesteps": "106539",
    "final_test_returns": 3177.962476021742,
    "final_test_normalized_returns": 83.31302109294799,
    "best_return": 3881.8994296614633,
    "best_return_normalized": 100.05230137353966,
    "convergence_step": "35000",
    "convergence_iter": "7",
    "best_step": "35000",
    "best_iter": "7"
}