{"final_weight_diff": 0.001136728678829968, "final_weight_sim": 0.7704160213470459, "final_feature_diff": 0.3441861884491835, "final_feature_sim": 0.6726041456004183, "final_0_weight_diff": 0.001349673606455326, "final_1_weight_diff": 0.0010024295188486576, "final_2_weight_diff": 0.001056213746778667, "final_0_weight_sim": 0.7360277771949768, "final_1_weight_sim": 0.7760822176933289, "final_2_weight_sim": 0.7641698718070984, "best_weight_diff": 0.0005159339052625, "best_weight_sim": 0.8797458410263062, "best_feature_diff": 0.2651151471909782, "best_feature_sim": 0.7645511636510469, "best_0_weight_diff": 0.000634469382930547, "best_1_weight_diff": 0.0004563725378829986, "best_2_weight_diff": 0.00045666322694160044, "best_0_weight_sim": 0.8604471683502197, "best_1_weight_sim": 0.8797649145126343, "best_2_weight_sim": 0.8760839104652405, "num_feature_traj": 120, "num_feature_timesteps": "106539", "final_test_returns": 3210.181821728433, "final_test_normalized_returns": 84.07918155014941, "best_return": 3948.654550239095, "best_return_normalized": 101.63970585306862, "convergence_step": "30000", "convergence_iter": "6", "best_step": "30000", "best_iter": "6", "best_5percent_normalized": 101.63970585306862, "best_10percent_normalized": 100.71698292121799, "best_25percent_normalized": 98.27652798399923, "best_50percent_normalized": 95.49280699728277, "best_100percent_normalized": 87.49129487996841, "best_later_half_normalized": 85.93450315672492, "best_last_four_normalized": 80.72341572829949, "target_steps": 5000}