{
    "final_weight_diff": 0.0012995393481105566,
    "final_weight_sim": 0.7932843565940857,
    "final_feature_diff": 0.6704062433640267,
    "final_feature_sim": 0.44724995853699595,
    "final_0_weight_diff": 0.0019562304951250553,
    "final_1_weight_diff": 0.001167916227132082,
    "final_2_weight_diff": 0.000768275756854564,
    "final_0_weight_sim": 0.7357116341590881,
    "final_1_weight_sim": 0.8017799854278564,
    "final_2_weight_sim": 0.8459529876708984,
    "best_weight_diff": 0.0004197190864942968,
    "best_weight_sim": 0.9228196740150452,
    "best_feature_diff": 0.475073682815948,
    "best_feature_sim": 0.6306736496450867,
    "best_0_weight_diff": 0.0006522561889141798,
    "best_1_weight_diff": 0.0003669233701657504,
    "best_2_weight_diff": 0.000239137327298522,
    "best_0_weight_sim": 0.8892765045166016,
    "best_1_weight_sim": 0.9275118112564087,
    "best_2_weight_sim": 0.9491533041000366,
    "num_feature_traj": 120,
    "num_feature_timesteps": "106539",
    "final_test_returns": 3642.2355885663433,
    "final_test_normalized_returns": 94.3532111517928,
    "best_return": 3876.434630297096,
    "best_return_normalized": 99.92235108784382,
    "convergence_step": "20000",
    "convergence_iter": "4",
    "best_step": "20000",
    "best_iter": "4"
}