{"final_weight_diff": 0.001068741548806429, "final_weight_sim": 0.7790719270706177, "final_feature_diff": 0.43302049671432147, "final_feature_sim": 0.6514704246605091, "final_0_weight_diff": 0.001259466866031289, "final_1_weight_diff": 0.0010559494839981198, "final_2_weight_diff": 0.0008831274462863803, "final_0_weight_sim": 0.741367757320404, "final_1_weight_sim": 0.7723796963691711, "final_2_weight_sim": 0.7884923219680786, "best_weight_diff": 0.0006730108289048076, "best_weight_sim": 0.852218747138977, "best_feature_diff": 0.36504012641407757, "best_feature_sim": 0.7268415599869205, "best_0_weight_diff": 0.0008456817013211548, "best_1_weight_diff": 0.000638119294308126, "best_2_weight_diff": 0.0005341917276382446, "best_0_weight_sim": 0.8178238272666931, "best_1_weight_sim": 0.8490487933158875, "best_2_weight_sim": 0.8613039255142212, "num_feature_traj": 20, "num_feature_timesteps": "20000", "final_test_returns": 4780.748239150564, "final_test_normalized_returns": 40.7640293491512, "best_return": 4867.41741617406, "best_return_normalized": 41.46211978628142, "convergence_step": "10000", "convergence_iter": "2", "best_step": "50000", "best_iter": "10", "best_5percent_normalized": 41.46211978628142, "best_10percent_normalized": 41.46120532070548, "best_25percent_normalized": 41.38776600415646, "best_50percent_normalized": 41.13177868294957, "best_100percent_normalized": 39.796198817104866, "best_later_half_normalized": 40.667718858409145, "best_last_four_normalized": 40.86628821773488}