{
    "final_weight_diff": 0.0012275144690647721,
    "final_weight_sim": 0.8412469029426575,
    "final_feature_diff": 1.2243507018465922,
    "final_feature_sim": 0.6509073882732425,
    "final_0_weight_diff": 0.0016607745783403516,
    "final_1_weight_diff": 0.0011747940443456173,
    "final_2_weight_diff": 0.000843789370264858,
    "final_0_weight_sim": 0.7928558588027954,
    "final_1_weight_sim": 0.8467554450035095,
    "final_2_weight_sim": 0.8430086374282837,
    "best_weight_diff": 0.0009001135476864874,
    "best_weight_sim": 0.8779435753822327,
    "best_feature_diff": 1.0581803584949694,
    "best_feature_sim": 0.698970594311187,
    "best_0_weight_diff": 0.001244218903593719,
    "best_1_weight_diff": 0.0008261306211352348,
    "best_2_weight_diff": 0.0006282025133259594,
    "best_0_weight_sim": 0.835874617099762,
    "best_1_weight_sim": 0.885020911693573,
    "best_2_weight_sim": 0.8785620927810669,
    "num_feature_traj": 321,
    "num_feature_timesteps": "203500",
    "final_test_returns": 3471.175236809736,
    "final_test_normalized_returns": 107.27822935277317,
    "best_return": 3598.703767283401,
    "best_return_normalized": 111.1966714251076,
    "convergence_step": "70000",
    "convergence_iter": "14",
    "best_step": "70000",
    "best_iter": "14"
}