{"final_weight_diff": 0.0012154540745541453, "final_weight_sim": 0.7524974346160889, "final_feature_diff": 0.3124609806826264, "final_feature_sim": 0.7174928271405724, "final_0_weight_diff": 0.0013477791799232364, "final_1_weight_diff": 0.0012434357777237892, "final_2_weight_diff": 0.001048895763233304, "final_0_weight_sim": 0.7257139682769775, "final_1_weight_sim": 0.7412534356117249, "final_2_weight_sim": 0.7563931345939636, "best_weight_diff": 0.0009933793917298317, "best_weight_sim": 0.7910565137863159, "best_feature_diff": 0.29476302171176566, "best_feature_sim": 0.7417260875059596, "best_0_weight_diff": 0.0011123563162982464, "best_1_weight_diff": 0.001011726795695722, "best_2_weight_diff": 0.000853224890306592, "best_0_weight_sim": 0.7691106796264648, "best_1_weight_sim": 0.7780844569206238, "best_2_weight_sim": 0.793020486831665, "num_feature_traj": 20, "num_feature_timesteps": "20000", "final_test_returns": 4706.582660176801, "final_test_normalized_returns": 40.166651097460026, "best_return": 4804.739093341649, "best_return_normalized": 40.95726743522236, "convergence_step": "20000", "convergence_iter": "4", "best_step": "75000", "best_iter": "15", "best_5percent_normalized": 40.95726743522236, "best_10percent_normalized": 40.916992772621796, "best_25percent_normalized": 40.37010656556598, "best_50percent_normalized": 39.92803494335543, "best_100percent_normalized": 38.03623124337159, "best_later_half_normalized": 38.20445065707803, "best_last_four_normalized": 38.86510580263459, "target_steps": 10000}