{
    "final_weight_diff": 0.0011883387342095375,
    "final_weight_sim": 0.842719316482544,
    "final_feature_diff": 1.081435426037401,
    "final_feature_sim": 0.6877629756846855,
    "final_0_weight_diff": 0.001591522479429841,
    "final_1_weight_diff": 0.001164873014204204,
    "final_2_weight_diff": 0.000801502785179764,
    "final_0_weight_sim": 0.8020246028900146,
    "final_1_weight_sim": 0.844484806060791,
    "final_2_weight_sim": 0.8435488939285278,
    "best_weight_diff": 0.0010476603638380766,
    "best_weight_sim": 0.8586387038230896,
    "best_feature_diff": 1.0367363750874468,
    "best_feature_sim": 0.7024257808783344,
    "best_0_weight_diff": 0.0014200314180925488,
    "best_1_weight_diff": 0.0010032819118350744,
    "best_2_weight_diff": 0.0007140036323107779,
    "best_0_weight_sim": 0.8189692497253418,
    "best_1_weight_sim": 0.8621923327445984,
    "best_2_weight_sim": 0.8589792847633362,
    "num_feature_traj": 1600,
    "num_feature_timesteps": "1600000",
    "final_test_returns": 5015.280978110171,
    "final_test_normalized_returns": 42.65310996448084,
    "best_return": 7948.585897291555,
    "best_return_normalized": 66.27987306057443,
    "convergence_step": "85000",
    "convergence_iter": "17",
    "best_step": "85000",
    "best_iter": "17"
}