{"final_weight_diff": 0.0013466487871482968, "final_weight_sim": 0.7421115636825562, "final_feature_diff": 0.2418472817483904, "final_feature_sim": 0.7332112474746018, "final_0_weight_diff": 0.001611472456716001, "final_1_weight_diff": 0.0013999994844198227, "final_2_weight_diff": 0.0010251955827698112, "final_0_weight_sim": 0.7101122736930847, "final_1_weight_sim": 0.7283459305763245, "final_2_weight_sim": 0.759758472442627, "best_weight_diff": 0.0012529323576018214, "best_weight_sim": 0.7554434537887573, "best_feature_diff": 0.2365993432741008, "best_feature_sim": 0.7411020466627742, "best_0_weight_diff": 0.0015093584079295397, "best_1_weight_diff": 0.001298123737797141, "best_2_weight_diff": 0.0009485983173362911, "best_0_weight_sim": 0.7237429618835449, "best_1_weight_sim": 0.741493821144104, "best_2_weight_sim": 0.7736579775810242, "num_feature_traj": 120, "num_feature_timesteps": "120000", "final_test_returns": 5042.84842545883, "final_test_normalized_returns": 42.87515627934284, "best_return": 5540.086062396778, "best_return_normalized": 46.88023456955786, "convergence_step": "90000", "convergence_iter": "18", "best_step": "90000", "best_iter": "18", "best_5percent_normalized": 46.88023456955786, "best_10percent_normalized": 45.2202764535896, "best_25percent_normalized": 44.1091416322065, "best_50percent_normalized": 43.56202575975219, "best_100percent_normalized": 42.56300648012241, "best_later_half_normalized": 43.1043854025187, "best_last_four_normalized": 43.5946005197016, "target_steps": 10000}