{"final_weight_diff": 0.001034690998494625, "final_weight_sim": 0.7845175266265869, "final_feature_diff": 0.21216707478992547, "final_feature_sim": 0.7447070091297587, "final_0_weight_diff": 0.0011916683288291097, "final_1_weight_diff": 0.0011637306306511164, "final_2_weight_diff": 0.0007470553973689675, "final_0_weight_sim": 0.7545673847198486, "final_1_weight_sim": 0.7586758732795715, "final_2_weight_sim": 0.8104209303855896, "best_weight_diff": 0.0009593736031092703, "best_weight_sim": 0.7968998551368713, "best_feature_diff": 0.2073135781324747, "best_feature_sim": 0.7523496604959443, "best_0_weight_diff": 0.0011093446519225836, "best_1_weight_diff": 0.0010758843272924423, "best_2_weight_diff": 0.0006915914709679782, "best_0_weight_sim": 0.7680193185806274, "best_1_weight_sim": 0.7716381549835205, "best_2_weight_sim": 0.8218703866004944, "num_feature_traj": 100, "num_feature_timesteps": "100000", "final_test_returns": 4900.289057387646, "final_test_normalized_returns": 41.72688955994338, "best_return": 5151.019455993219, "best_return_normalized": 43.74643675740836, "convergence_step": "5000", "convergence_iter": "1", "best_step": "90000", "best_iter": "18", "best_5percent_normalized": 43.74643675740836, "best_10percent_normalized": 43.70751084531089, "best_25percent_normalized": 43.364792081227094, "best_50percent_normalized": 43.01368647656328, "best_100percent_normalized": 42.57442556850266, "best_later_half_normalized": 42.72101287269602, "best_last_four_normalized": 42.81710204075059, "target_steps": 5000}