{"final_weight_diff": 0.0015991147374734282, "final_weight_sim": 0.7677736282348633, "final_feature_diff": 0.15828712439994294, "final_feature_sim": 0.793851397845524, "final_0_weight_diff": 0.002075048629194498, "final_1_weight_diff": 0.0015934972325339913, "final_2_weight_diff": 0.001125867827795446, "final_0_weight_sim": 0.7298405766487122, "final_1_weight_sim": 0.7787916660308838, "final_2_weight_sim": 0.7917208671569824, "best_weight_diff": 0.0010506692342460155, "best_weight_sim": 0.8352040648460388, "best_feature_diff": 0.14114591487496236, "best_feature_sim": 0.8193035923283455, "best_0_weight_diff": 0.001395377330482006, "best_1_weight_diff": 0.0010151418391615152, "best_2_weight_diff": 0.0007405495271086693, "best_0_weight_sim": 0.8046690225601196, "best_1_weight_sim": 0.8431363105773926, "best_2_weight_sim": 0.8547520637512207, "num_feature_traj": 321, "num_feature_timesteps": "203500", "final_test_returns": 2806.809968654564, "final_test_normalized_returns": 86.86493980518783, "best_return": 3623.544942436604, "best_return_normalized": 111.9599414595462, "convergence_step": "40000", "convergence_iter": "8", "best_step": "55000", "best_iter": "11", "best_5percent_normalized": 111.9599414595462, "best_10percent_normalized": 111.93661919923036, "best_25percent_normalized": 110.51924959277426, "best_50percent_normalized": 103.72512147867982, "best_100percent_normalized": 85.89364499316996, "best_later_half_normalized": 98.17138920955324, "best_last_four_normalized": 86.89913712310185, "target_steps": 15000}