{"final_weight_diff": 0.001097900909371674, "final_weight_sim": 0.7771478891372681, "final_feature_diff": 0.22868381060714288, "final_feature_sim": 0.7528176264301759, "final_0_weight_diff": 0.0012130682589486241, "final_1_weight_diff": 0.0010327596683055162, "final_2_weight_diff": 0.001046850928105414, "final_0_weight_sim": 0.7503292560577393, "final_1_weight_sim": 0.7755791544914246, "final_2_weight_sim": 0.768545389175415, "best_weight_diff": 0.0008975234813988209, "best_weight_sim": 0.8094686269760132, "best_feature_diff": 0.2098299228558448, "best_feature_sim": 0.7745705722248417, "best_0_weight_diff": 0.0010160505771636963, "best_1_weight_diff": 0.0008417080389335752, "best_2_weight_diff": 0.0008342934306710958, "best_0_weight_sim": 0.7844082117080688, "best_1_weight_sim": 0.806982696056366, "best_2_weight_sim": 0.8033088445663452, "num_feature_traj": 95, "num_feature_timesteps": "79844", "final_test_returns": 3182.2554057249777, "final_test_normalized_returns": 69.28456435383286, "best_return": 3640.711988668178, "best_return_normalized": 79.27126529019132, "convergence_step": "25000", "convergence_iter": "5", "best_step": "75000", "best_iter": "15", "best_5percent_normalized": 79.27126529019132, "best_10percent_normalized": 78.87985371640761, "best_25percent_normalized": 77.97778407462513, "best_50percent_normalized": 76.20918713292896, "best_100percent_normalized": 71.0814983111965, "best_later_half_normalized": 71.49826883000482, "best_last_four_normalized": 74.48163851577465, "target_steps": 5000}