{"final_weight_diff": 0.0013424331555142999, "final_weight_sim": 0.7682297229766846, "final_feature_diff": 0.2989935720749363, "final_feature_sim": 0.7131539867732469, "final_0_weight_diff": 0.0016303880838677287, "final_1_weight_diff": 0.0014000340597704053, "final_2_weight_diff": 0.0009926289785653353, "final_0_weight_sim": 0.7303760647773743, "final_1_weight_sim": 0.7650203704833984, "final_2_weight_sim": 0.7924341559410095, "best_weight_diff": 0.0008395917830057442, "best_weight_sim": 0.8423388004302979, "best_feature_diff": 0.26320330292019384, "best_feature_sim": 0.7549223892227694, "best_0_weight_diff": 0.001051807776093483, "best_1_weight_diff": 0.0008488765452057123, "best_2_weight_diff": 0.0006167747196741402, "best_0_weight_sim": 0.8108848929405212, "best_1_weight_sim": 0.8403383493423462, "best_2_weight_sim": 0.8617470264434814, "num_feature_traj": 47, "num_feature_timesteps": "39704", "final_test_returns": 3394.786014165312, "final_test_normalized_returns": 73.91418405018453, "best_return": 3744.6285229538807, "best_return_normalized": 81.53491115953797, "convergence_step": "5000", "convergence_iter": "1", "best_step": "50000", "best_iter": "10", "best_5percent_normalized": 81.53491115953797, "best_10percent_normalized": 81.1493273862736, "best_25percent_normalized": 80.07708029966754, "best_50percent_normalized": 79.05703485892454, "best_100percent_normalized": 75.6490473778487, "best_later_half_normalized": 74.76882896094772, "best_last_four_normalized": 71.89855413133012, "target_steps": 5000}