{
    "final_weight_diff": 0.0012424762826412916,
    "final_weight_sim": 0.7653345465660095,
    "final_feature_diff": 0.1363435851155514,
    "final_feature_sim": 0.7340861767778021,
    "final_0_weight_diff": 0.0016793463146314025,
    "final_1_weight_diff": 0.0011453856714069843,
    "final_2_weight_diff": 0.000900643935892731,
    "final_0_weight_sim": 0.7158797383308411,
    "final_1_weight_sim": 0.7653080224990845,
    "final_2_weight_sim": 0.7925211191177368,
    "best_weight_diff": 0.001202586106956005,
    "best_weight_sim": 0.7712003588676453,
    "best_feature_diff": 0.13655412091246025,
    "best_feature_sim": 0.7394867874975296,
    "best_0_weight_diff": 0.0016285012243315578,
    "best_1_weight_diff": 0.0011059710523113608,
    "best_2_weight_diff": 0.000871457566972822,
    "best_0_weight_sim": 0.7225247621536255,
    "best_1_weight_sim": 0.771092414855957,
    "best_2_weight_sim": 0.7978227734565735,
    "num_feature_traj": 200,
    "num_feature_timesteps": "200000",
    "final_test_returns": 5114.867369893125,
    "final_test_normalized_returns": 43.45524412750786,
    "best_return": 7541.029831348384,
    "best_return_normalized": 62.99714900572149,
    "convergence_step": "95000",
    "convergence_iter": "19",
    "best_step": "95000",
    "best_iter": "19"
}