{"final_weight_diff": 0.0012047169730067253, "final_weight_sim": 0.7719739079475403, "final_feature_diff": 0.10199025534625118, "final_feature_sim": 0.7690796055532317, "final_0_weight_diff": 0.0015009526396170259, "final_1_weight_diff": 0.0011830166913568974, "final_2_weight_diff": 0.0009277688222937286, "final_0_weight_sim": 0.7333813905715942, "final_1_weight_sim": 0.765058696269989, "final_2_weight_sim": 0.792451798915863, "best_weight_diff": 0.0009134563151746988, "best_weight_sim": 0.8169040083885193, "best_feature_diff": 0.10132106088428684, "best_feature_sim": 0.799318634194461, "best_0_weight_diff": 0.0011526868911460042, "best_1_weight_diff": 0.0008755071903578937, "best_2_weight_diff": 0.0007114195614121854, "best_0_weight_sim": 0.7844111323356628, "best_1_weight_sim": 0.8106746673583984, "best_2_weight_sim": 0.8318281769752502, "num_feature_traj": 87, "num_feature_timesteps": "79976", "final_test_returns": 4956.496424764655, "final_test_normalized_returns": 107.933402881612, "best_return": 4995.465444166824, "best_return_normalized": 108.78227703247316, "convergence_step": "20000", "convergence_iter": "4", "best_step": "65000", "best_iter": "13", "best_5percent_normalized": 108.78227703247316, "best_10percent_normalized": 108.70300690957052, "best_25percent_normalized": 108.46341636812421, "best_50percent_normalized": 108.12151336593698, "best_100percent_normalized": 97.9966541460685, "best_later_half_normalized": 102.25164305352818, "best_last_four_normalized": 100.60128618722408, "target_steps": 15000}