{"final_weight_diff": 0.002403835067525506, "final_weight_sim": 0.7054081559181213, "final_feature_diff": 0.5715744320778466, "final_feature_sim": 0.736999171844311, "final_0_weight_diff": 0.0024632492568343878, "final_1_weight_diff": 0.002468415070325136, "final_2_weight_diff": 0.0022771679796278477, "final_0_weight_sim": 0.6858806610107422, "final_1_weight_sim": 0.6785324215888977, "final_2_weight_sim": 0.6915311813354492, "best_weight_diff": 0.0015316965291276574, "best_weight_sim": 0.7718142867088318, "best_feature_diff": 0.4684213756626564, "best_feature_sim": 0.7875748656275783, "best_0_weight_diff": 0.0015892923111096025, "best_1_weight_diff": 0.0015101319877430797, "best_2_weight_diff": 0.0014918253291398287, "best_0_weight_sim": 0.7516024112701416, "best_1_weight_sim": 0.7523221969604492, "best_2_weight_sim": 0.7534909248352051, "num_feature_traj": 20, "num_feature_timesteps": "20000", "final_test_returns": 4209.134110544039, "final_test_normalized_returns": 36.15987397796825, "best_return": 4624.24327343196, "best_return_normalized": 39.50343563309537, "convergence_step": "40000", "convergence_iter": "8", "best_step": "45000", "best_iter": "9", "best_5percent_normalized": 39.50343563309537, "best_10percent_normalized": 39.44929048150665, "best_25percent_normalized": 39.32831749940317, "best_50percent_normalized": 39.02634908225517, "best_100percent_normalized": 36.000654610175296, "best_later_half_normalized": 37.863826914970474, "best_last_four_normalized": 37.7019081347156, "target_steps": 15000}