{
    "final_weight_diff": 0.0014449259033426642,
    "final_weight_sim": 0.7374880909919739,
    "final_feature_diff": 0.2409979823304403,
    "final_feature_sim": 0.6766266144060447,
    "final_0_weight_diff": 0.0015591124538332224,
    "final_1_weight_diff": 0.0015292130410671234,
    "final_2_weight_diff": 0.0012403168948367238,
    "final_0_weight_sim": 0.7102559208869934,
    "final_1_weight_sim": 0.7249457836151123,
    "final_2_weight_sim": 0.7446423768997192,
    "best_weight_diff": 0.0005453372141346335,
    "best_weight_sim": 0.8779428601264954,
    "best_feature_diff": 0.13048256174155043,
    "best_feature_sim": 0.8364912721737124,
    "best_0_weight_diff": 0.0006240173825062811,
    "best_1_weight_diff": 0.0005834900075569749,
    "best_2_weight_diff": 0.0004286116163711995,
    "best_0_weight_sim": 0.8601728081703186,
    "best_1_weight_sim": 0.8620198965072632,
    "best_2_weight_sim": 0.8879017233848572,
    "num_feature_traj": 437,
    "num_feature_timesteps": "121445",
    "final_test_returns": 2891.9461001778427,
    "final_test_normalized_returns": 62.96066734502856,
    "best_return": 3320.0136871952795,
    "best_return_normalized": 72.28539542428788,
    "convergence_step": "25000",
    "convergence_iter": "5",
    "best_step": "25000",
    "best_iter": "5"
}