{
    "final_weight_diff": 0.0009947906946763396,
    "final_weight_sim": 0.7894456386566162,
    "final_feature_diff": 0.1701353334688981,
    "final_feature_sim": 0.7966658513186213,
    "final_0_weight_diff": 0.0011594429379329085,
    "final_1_weight_diff": 0.0009409945923835039,
    "final_2_weight_diff": 0.0008834654581733048,
    "final_0_weight_sim": 0.7571752071380615,
    "final_1_weight_sim": 0.7876373529434204,
    "final_2_weight_sim": 0.7874434590339661,
    "best_weight_diff": 0.00029600734706036747,
    "best_weight_sim": 0.9240045547485352,
    "best_feature_diff": 0.08496628741668887,
    "best_feature_sim": 0.898017234657115,
    "best_0_weight_diff": 0.0003443962486926466,
    "best_1_weight_diff": 0.00028106034733355045,
    "best_2_weight_diff": 0.00026265779160894454,
    "best_0_weight_sim": 0.911461591720581,
    "best_1_weight_sim": 0.9204099178314209,
    "best_2_weight_sim": 0.9227880239486694,
    "num_feature_traj": 131,
    "num_feature_timesteps": "59763",
    "final_test_returns": 1924.371926838537,
    "final_test_normalized_returns": 59.75114545315156,
    "best_return": 2098.065456345522,
    "best_return_normalized": 65.08805344687285,
    "convergence_step": "20000",
    "convergence_iter": "4",
    "best_step": "20000",
    "best_iter": "4"
}