{"final_weight_diff": 0.0015839237021282315, "final_weight_sim": 0.8264506459236145, "final_feature_diff": 0.43861188252706673, "final_feature_sim": 0.353677941298593, "final_0_weight_diff": 0.0013539270730689168, "final_1_weight_diff": 0.001543660182505846, "final_2_weight_diff": 0.001847195322625339, "final_0_weight_sim": 0.8072455525398254, "final_1_weight_sim": 0.8236391544342041, "final_2_weight_sim": 0.8350940942764282, "best_weight_diff": 0.0005555680836550891, "best_weight_sim": 0.9362189769744873, "best_feature_diff": 0.518104230684042, "best_feature_sim": 0.34974559953060924, "best_0_weight_diff": 0.0004644778382498771, "best_1_weight_diff": 0.0005750709096901119, "best_2_weight_diff": 0.0006253020255826414, "best_0_weight_sim": 0.9244281649589539, "best_1_weight_sim": 0.9303315877914429, "best_2_weight_sim": 0.9444953799247742, "num_feature_traj": 119, "num_feature_timesteps": "101758", "final_test_returns": 2985.033835125806, "final_test_normalized_returns": 64.98842614347402, "best_return": 3660.537549786288, "best_return_normalized": 79.703131593672, "convergence_step": "25000", "convergence_iter": "5", "best_step": "25000", "best_iter": "5", "best_5percent_normalized": 79.703131593672, "best_10percent_normalized": 78.23989802754349, "best_25percent_normalized": 75.14194950113631, "best_50percent_normalized": 72.36554850420839, "best_100percent_normalized": 63.76684915397597, "best_later_half_normalized": 63.18464557072368, "best_last_four_normalized": 67.830721627829}