{
    "final_weight_diff": 0.002266251714900136,
    "final_weight_sim": 0.6847060918807983,
    "final_feature_diff": 0.47352527634420305,
    "final_feature_sim": 0.49847784588375776,
    "final_0_weight_diff": 0.0024716288316994905,
    "final_1_weight_diff": 0.002087539527565241,
    "final_2_weight_diff": 0.0022132506128400564,
    "final_0_weight_sim": 0.6235671043395996,
    "final_1_weight_sim": 0.6886099576950073,
    "final_2_weight_sim": 0.7180410027503967,
    "best_weight_diff": 0.0019771901424974203,
    "best_weight_sim": 0.7196333408355713,
    "best_feature_diff": 0.44725630465299027,
    "best_feature_sim": 0.5527838134790123,
    "best_0_weight_diff": 0.0022331103682518005,
    "best_1_weight_diff": 0.0017934837378561497,
    "best_2_weight_diff": 0.001887473976239562,
    "best_0_weight_sim": 0.653454601764679,
    "best_1_weight_sim": 0.7229568362236023,
    "best_2_weight_sim": 0.7565324306488037,
    "num_feature_traj": 48,
    "num_feature_timesteps": "28017",
    "final_test_returns": 3383.959227985152,
    "final_test_normalized_returns": 88.21152421908431,
    "best_return": 3679.888062322385,
    "best_return_normalized": 95.2485687661376,
    "convergence_step": "15000",
    "convergence_iter": "3",
    "best_step": "80000",
    "best_iter": "16"
}