{"final_weight_diff": 0.0012841918505728245, "final_weight_sim": 0.766190767288208, "final_feature_diff": 0.105880717429011, "final_feature_sim": 0.700658449857963, "final_0_weight_diff": 0.001461661420762539, "final_1_weight_diff": 0.001340123824775219, "final_2_weight_diff": 0.0010483387159183621, "final_0_weight_sim": 0.7392851710319519, "final_1_weight_sim": 0.7506823539733887, "final_2_weight_sim": 0.781722366809845, "best_weight_diff": 0.0008799099596217275, "best_weight_sim": 0.8264703750610352, "best_feature_diff": 0.09346941826027694, "best_feature_sim": 0.7596843063079668, "best_0_weight_diff": 0.0010353690013289452, "best_1_weight_diff": 0.000894913449883461, "best_2_weight_diff": 0.0007090030121617019, "best_0_weight_sim": 0.8055070638656616, "best_1_weight_sim": 0.8116563558578491, "best_2_weight_sim": 0.8375723361968994, "num_feature_traj": 204, "num_feature_timesteps": "37349", "final_test_returns": 2230.427811875188, "final_test_normalized_returns": 69.15501964474524, "best_return": 2992.8207994443105, "best_return_normalized": 92.58030924110348, "convergence_step": "60000", "convergence_iter": "12", "best_step": "60000", "best_iter": "12", "best_5percent_normalized": 92.58030924110348, "best_10percent_normalized": 87.92853562976381, "best_25percent_normalized": 82.81369619884586, "best_50percent_normalized": 75.64740814633784, "best_100percent_normalized": 58.01212494298079, "best_later_half_normalized": 62.08012306224255, "best_last_four_normalized": 67.90506713605777}