{
    "final_weight_diff": 0.0014246983919292688,
    "final_weight_sim": 0.7622689604759216,
    "final_feature_diff": 0.5103296335586271,
    "final_feature_sim": 0.4978194848660336,
    "final_0_weight_diff": 0.0015702227829024196,
    "final_1_weight_diff": 0.0014828287530690432,
    "final_2_weight_diff": 0.0012167509412392974,
    "final_0_weight_sim": 0.745860755443573,
    "final_1_weight_sim": 0.7574217915534973,
    "final_2_weight_sim": 0.7612820863723755,
    "best_weight_diff": 0.0012578550959005952,
    "best_weight_sim": 0.7843907475471497,
    "best_feature_diff": 0.4946866063656185,
    "best_feature_sim": 0.5158671354249036,
    "best_0_weight_diff": 0.001410457189194858,
    "best_1_weight_diff": 0.0013066573301330209,
    "best_2_weight_diff": 0.0010534768225625157,
    "best_0_weight_sim": 0.7676716446876526,
    "best_1_weight_sim": 0.7785112261772156,
    "best_2_weight_sim": 0.7860333919525146,
    "num_feature_traj": 204,
    "num_feature_timesteps": "37349",
    "final_test_returns": 1207.1740891985442,
    "final_test_normalized_returns": 37.71452219122058,
    "best_return": 2860.848590399929,
    "best_return_normalized": 88.52533068549937,
    "convergence_step": "85000",
    "convergence_iter": "17",
    "best_step": "85000",
    "best_iter": "17"
}