{"final_weight_diff": 0.001368101336993277, "final_weight_sim": 0.7417885661125183, "final_feature_diff": 0.1954449789874302, "final_feature_sim": 0.6313956108990706, "final_0_weight_diff": 0.0015422134893015027, "final_1_weight_diff": 0.0013234077487140894, "final_2_weight_diff": 0.001234641415067017, "final_0_weight_sim": 0.7077380418777466, "final_1_weight_sim": 0.7412794828414917, "final_2_weight_sim": 0.7462100386619568, "best_weight_diff": 0.0006064528715796769, "best_weight_sim": 0.8662217855453491, "best_feature_diff": 0.18944227621839188, "best_feature_sim": 0.7220277017510668, "best_0_weight_diff": 0.0007054107263684273, "best_1_weight_diff": 0.0005836111959069967, "best_2_weight_diff": 0.0005304589867591858, "best_0_weight_sim": 0.8500712513923645, "best_1_weight_sim": 0.858384907245636, "best_2_weight_sim": 0.8665256500244141, "num_feature_traj": 20, "num_feature_timesteps": "2746", "final_test_returns": 553.1133086193661, "final_test_normalized_returns": 17.617848364851923, "best_return": 2148.3664114536523, "best_return_normalized": 66.63360076904644, "convergence_step": "35000", "convergence_iter": "7", "best_step": "35000", "best_iter": "7", "best_5percent_normalized": 66.63360076904644, "best_10percent_normalized": 66.10795007745912, "best_25percent_normalized": 56.13761981475443, "best_50percent_normalized": 47.40760365788145, "best_100percent_normalized": 35.09032425279601, "best_later_half_normalized": 36.47346656882132, "best_last_four_normalized": 38.10266013216585, "target_steps": 35000}