{"final_weight_diff": 0.0012827538885176182, "final_weight_sim": 0.7861359119415283, "final_feature_diff": 0.34608184737102465, "final_feature_sim": 0.6502678837313762, "final_0_weight_diff": 0.0016458902973681688, "final_1_weight_diff": 0.0013061250792816281, "final_2_weight_diff": 0.0008934218203648925, "final_0_weight_sim": 0.7558750510215759, "final_1_weight_sim": 0.7821379899978638, "final_2_weight_sim": 0.8104411363601685, "best_weight_diff": 0.0008222645265050232, "best_weight_sim": 0.85165935754776, "best_feature_diff": 0.2826380028104611, "best_feature_sim": 0.7171087065177746, "best_0_weight_diff": 0.0011031493777409196, "best_1_weight_diff": 0.0008036834769882262, "best_2_weight_diff": 0.0005591404624283314, "best_0_weight_sim": 0.8238238096237183, "best_1_weight_sim": 0.8498475551605225, "best_2_weight_sim": 0.8738000392913818, "num_feature_traj": 321, "num_feature_timesteps": "203500", "final_test_returns": 3445.231840756539, "final_test_normalized_returns": 106.48109247511522, "best_return": 3625.841911569742, "best_return_normalized": 112.0305181411461, "convergence_step": "55000", "convergence_iter": "11", "best_step": "55000", "best_iter": "11", "best_5percent_normalized": 112.0305181411461, "best_10percent_normalized": 111.80180011282907, "best_25percent_normalized": 109.66739600477277, "best_50percent_normalized": 103.3439264206232, "best_100percent_normalized": 79.45174333186515, "best_later_half_normalized": 100.57555754406044, "best_last_four_normalized": 101.43508303211794}