{
    "final_weight_diff": 0.001170473638921976,
    "final_weight_sim": 0.76307213306427,
    "final_feature_diff": 0.3865218627271436,
    "final_feature_sim": 0.6706352037218477,
    "final_0_weight_diff": 0.0015130286337807775,
    "final_1_weight_diff": 0.0011809427523985505,
    "final_2_weight_diff": 0.0008139923447743058,
    "final_0_weight_sim": 0.7137782573699951,
    "final_1_weight_sim": 0.7486571669578552,
    "final_2_weight_sim": 0.8002637624740601,
    "best_weight_diff": 0.0005144425667822361,
    "best_weight_sim": 0.8814265131950378,
    "best_feature_diff": 0.31141759895296467,
    "best_feature_sim": 0.7501339750955682,
    "best_0_weight_diff": 0.0006135230651125312,
    "best_1_weight_diff": 0.0005236071301624179,
    "best_2_weight_diff": 0.0004058336780872196,
    "best_0_weight_sim": 0.8607632517814636,
    "best_1_weight_sim": 0.8667402267456055,
    "best_2_weight_sim": 0.8946204781532288,
    "num_feature_traj": 12,
    "num_feature_timesteps": "11130",
    "final_test_returns": 2369.960989791633,
    "final_test_normalized_returns": 64.0991365608074,
    "best_return": 3859.271158412817,
    "best_return_normalized": 99.51421202798412,
    "convergence_step": "20000",
    "convergence_iter": "4",
    "best_step": "25000",
    "best_iter": "5"
}