current_itr_train_time	current_itr_train_loss_mean	current_itr_train_loss_std	current_itr_eval_2000_return_mean	current_itr_eval_2000_return_std	current_itr_eval_2000_length_mean	current_itr_eval_2000_length_std	current_itr_eval_5000_return_mean	current_itr_eval_5000_return_std	current_itr_eval_5000_length_mean	current_itr_eval_5000_length_std	TestEpRet	TestEpNormRet	Iteration	Steps	total_time	current_eval_time
583.7077157497406	0.11941544014364482	0.19420243649353996	3715.356400777546	1654.0787285287788	928.2	215.39999999999998	4756.203323164556	296.0311981301708	998.2	5.4	4756.203323164556	120.84282508179099	1	5000	702.2939381599426	118.5854971408844
580.9496207237244	0.0306138828959316	0.0035619785050709004	4065.447052262846	118.75437630597601	1000.0	0.0	3978.9470618178884	140.70862023310394	1000.0	0.0	3978.9470618178884	102.36004712667084	2	10000	1403.3073136806488	120.03634238243103
577.4367320537567	0.026247106689587234	0.002697599497332228	3343.948015435332	1805.8071572146305	859.3	286.76891393594246	2672.7133930429727	2216.5250859824987	883.3	274.3661968975041	2672.7133930429727	71.29844227624599	3	15000	2084.3822152614594	103.61437249183655
575.4163570404053	0.024471207877993582	0.0023694299179451653	3118.777254211932	1524.3724588628272	741.2	338.0256794978748	3315.929286543086	1350.8771805052052	873.8	262.104101455891	3315.929286543086	86.59380511599852	4	20000	2756.0470139980316	96.21344208717346
578.7742416858673	0.023429889414086937	0.0022927361033461147	3952.7733078752267	858.4796078066621	939.6	181.2	4069.513812619586	556.7372836388723	981.6	55.2	4069.513812619586	104.51368065582922	5	25000	3449.9549577236176	115.11361145973206
578.2809653282166	0.02274927129894495	0.002142647215745084	3885.766777355756	1061.9944459855526	901.8	229.15531850690263	3976.9206645238714	581.9214065773092	969.2	92.4	3976.9206645238714	102.31186037913754	6	30000	4140.752026081085	112.45715308189392
