{
    "final_weight_diff": 0.0013966731494292617,
    "final_weight_sim": 0.7392371892929077,
    "final_feature_diff": 0.22087233396608683,
    "final_feature_sim": 0.7572098112827531,
    "final_0_weight_diff": 0.0015666520921513438,
    "final_1_weight_diff": 0.001420683809556067,
    "final_2_weight_diff": 0.00120020832400769,
    "final_0_weight_sim": 0.7146351933479309,
    "final_1_weight_sim": 0.728722333908081,
    "final_2_weight_sim": 0.7402204275131226,
    "best_weight_diff": 0.00048575937398709357,
    "best_weight_sim": 0.8885471820831299,
    "best_feature_diff": 0.13310909210763702,
    "best_feature_sim": 0.8624067857809542,
    "best_0_weight_diff": 0.0005752617726102471,
    "best_1_weight_diff": 0.0004938975907862186,
    "best_2_weight_diff": 0.0003880903823301196,
    "best_0_weight_sim": 0.8703617453575134,
    "best_1_weight_sim": 0.8767915964126587,
    "best_2_weight_sim": 0.8985984921455383,
    "num_feature_traj": 43,
    "num_feature_timesteps": "40648",
    "final_test_returns": 4934.319107994152,
    "final_test_normalized_returns": 107.450307560489,
    "best_return": 4977.245475950903,
    "best_return_normalized": 108.38538585365262,
    "convergence_step": "20000",
    "convergence_iter": "4",
    "best_step": "20000",
    "best_iter": "4"
}