{"final_weight_diff": 0.001642995630390942, "final_weight_sim": 0.8186050653457642, "final_feature_diff": 0.37271900038727956, "final_feature_sim": 0.5105427344447743, "final_0_weight_diff": 0.0014325372176244855, "final_1_weight_diff": 0.001596782822161913, "final_2_weight_diff": 0.0018936059204861522, "final_0_weight_sim": 0.8001331090927124, "final_1_weight_sim": 0.8160287141799927, "final_2_weight_sim": 0.8263119459152222, "best_weight_diff": 0.0009203024092130363, "best_weight_sim": 0.8940466046333313, "best_feature_diff": 0.4026944383350231, "best_feature_sim": 0.5022316777923945, "best_0_weight_diff": 0.0007889221888035536, "best_1_weight_diff": 0.0009259947692044079, "best_2_weight_diff": 0.0010434123687446117, "best_0_weight_sim": 0.8791493773460388, "best_1_weight_sim": 0.8885717391967773, "best_2_weight_sim": 0.9033074378967285, "num_feature_traj": 219, "num_feature_timesteps": "197797", "final_test_returns": 4917.555345982663, "final_test_normalized_returns": 107.08513736988502, "best_return": 4985.318829638423, "best_return_normalized": 108.56125020336512, "convergence_step": "10000", "convergence_iter": "2", "best_step": "45000", "best_iter": "9", "best_5percent_normalized": 108.56125020336512, "best_10percent_normalized": 108.42220675802616, "best_25percent_normalized": 108.23652050977937, "best_50percent_normalized": 107.8875290552335, "best_100percent_normalized": 104.41157507785583, "best_later_half_normalized": 107.2475043685517, "best_last_four_normalized": 107.57074112159268}