{"final_weight_diff": 0.0014315167209133506, "final_weight_sim": 0.7420433163642883, "final_feature_diff": 0.12879489965430424, "final_feature_sim": 0.6616145513741825, "final_0_weight_diff": 0.001841085497289896, "final_1_weight_diff": 0.0014064721763134003, "final_2_weight_diff": 0.0010398391168564558, "final_0_weight_sim": 0.6965730786323547, "final_1_weight_sim": 0.7362493276596069, "final_2_weight_sim": 0.773677408695221, "best_weight_diff": 0.0011614231625571847, "best_weight_sim": 0.7799602746963501, "best_feature_diff": 0.12262525960187552, "best_feature_sim": 0.6948817029803146, "best_0_weight_diff": 0.001510811154730618, "best_1_weight_diff": 0.001132572302594781, "best_2_weight_diff": 0.0008374407771043479, "best_0_weight_sim": 0.7392975687980652, "best_1_weight_sim": 0.7719963788986206, "best_2_weight_sim": 0.8079012632369995, "num_feature_traj": 134, "num_feature_timesteps": "117833", "final_test_returns": 4662.699597933004, "final_test_normalized_returns": 118.61935172123285, "best_return": 5410.952984694457, "best_return_normalized": 136.41245534669244, "convergence_step": "70000", "convergence_iter": "14", "best_step": "70000", "best_iter": "14", "best_5percent_normalized": 136.41245534669244, "best_10percent_normalized": 135.07495216228557, "best_25percent_normalized": 132.66395573408246, "best_50percent_normalized": 127.03053546643045, "best_100percent_normalized": 113.38566753538188, "best_later_half_normalized": 125.53767579703522, "best_last_four_normalized": 123.40353767762133, "target_steps": 5000}