{
    "final_weight_diff": 0.0016531674191355705,
    "final_weight_sim": 0.708006739616394,
    "final_feature_diff": 0.31656129594348287,
    "final_feature_sim": 0.661917244069631,
    "final_0_weight_diff": 0.0016737483674660325,
    "final_1_weight_diff": 0.0017473857151344419,
    "final_2_weight_diff": 0.001527955406345427,
    "final_0_weight_sim": 0.6920517683029175,
    "final_1_weight_sim": 0.6981444358825684,
    "final_2_weight_sim": 0.7032349705696106,
    "best_weight_diff": 0.0010900102788582444,
    "best_weight_sim": 0.7869969606399536,
    "best_feature_diff": 0.27817949406925163,
    "best_feature_sim": 0.7030327290081423,
    "best_0_weight_diff": 0.0011827606940642,
    "best_1_weight_diff": 0.0011633179383352399,
    "best_2_weight_diff": 0.000921362719964236,
    "best_0_weight_sim": 0.7700284719467163,
    "best_1_weight_sim": 0.771641194820404,
    "best_2_weight_sim": 0.7913740873336792,
    "num_feature_traj": 48,
    "num_feature_timesteps": "28017",
    "final_test_returns": 2591.106942909994,
    "final_test_normalized_returns": 69.35788036311307,
    "best_return": 3672.034414046296,
    "best_return_normalized": 95.06181280874836,
    "convergence_step": "55000",
    "convergence_iter": "11",
    "best_step": "55000",
    "best_iter": "11"
}