{"final_weight_diff": 0.0011787180555984378, "final_weight_sim": 0.7733307480812073, "final_feature_diff": 0.12270889596189857, "final_feature_sim": 0.6588347258103544, "final_0_weight_diff": 0.0015787244774401188, "final_1_weight_diff": 0.00109164381865412, "final_2_weight_diff": 0.0008609966025687754, "final_0_weight_sim": 0.725155234336853, "final_1_weight_sim": 0.7751476168632507, "final_2_weight_sim": 0.8017553687095642, "best_weight_diff": 0.0005615738336928189, "best_weight_sim": 0.8802316784858704, "best_feature_diff": 0.09546865108802176, "best_feature_sim": 0.7542027593630128, "best_0_weight_diff": 0.0007168131996877491, "best_1_weight_diff": 0.0005286583327688277, "best_2_weight_diff": 0.00043861469021067023, "best_0_weight_sim": 0.8596043586730957, "best_1_weight_sim": 0.8758925199508667, "best_2_weight_sim": 0.8892719745635986, "num_feature_traj": 120, "num_feature_timesteps": "106539", "final_test_returns": 2875.500343701613, "final_test_normalized_returns": 76.12061787985667, "best_return": 3897.274349312992, "best_return_normalized": 100.41790952638316, "convergence_step": "10000", "convergence_iter": "2", "best_step": "30000", "best_iter": "6", "best_5percent_normalized": 100.41790952638316, "best_10percent_normalized": 99.95305032809698, "best_25percent_normalized": 96.83715569450581, "best_50percent_normalized": 94.33604102467385, "best_100percent_normalized": 88.73452634130356, "best_later_half_normalized": 86.72549830907118, "best_last_four_normalized": 87.90331476408377}