{
    "final_weight_diff": 0.0013295947574079037,
    "final_weight_sim": 0.7978786826133728,
    "final_feature_diff": 0.325371573887119,
    "final_feature_sim": 0.7182731338139116,
    "final_0_weight_diff": 0.0017627585912123322,
    "final_1_weight_diff": 0.0013461123453453183,
    "final_2_weight_diff": 0.000872761127538979,
    "final_0_weight_sim": 0.7578864693641663,
    "final_1_weight_sim": 0.7931975722312927,
    "final_2_weight_sim": 0.8394585251808167,
    "best_weight_diff": 0.0013295947574079037,
    "best_weight_sim": 0.7978786826133728,
    "best_feature_diff": 0.325371573887119,
    "best_feature_sim": 0.7182731338139116,
    "best_0_weight_diff": 0.0017627585912123322,
    "best_1_weight_diff": 0.0013461123453453183,
    "best_2_weight_diff": 0.000872761127538979,
    "best_0_weight_sim": 0.7578864693641663,
    "best_1_weight_sim": 0.7931975722312927,
    "best_2_weight_sim": 0.8394585251808167,
    "num_feature_traj": 219,
    "num_feature_timesteps": "197797",
    "final_test_returns": 5017.842692477085,
    "final_test_normalized_returns": 109.26972752389928,
    "best_return": 5017.842692477085,
    "best_return_normalized": 109.26972752389928,
    "convergence_step": "40000",
    "convergence_iter": "8",
    "best_step": "100000",
    "best_iter": "20"
}