{
    "final_weight_diff": 0.0012318528024479747,
    "final_weight_sim": 0.7754141092300415,
    "final_feature_diff": 0.8525381915268465,
    "final_feature_sim": 0.41991033148670204,
    "final_0_weight_diff": 0.0013536181068047881,
    "final_1_weight_diff": 0.0012101244647055864,
    "final_2_weight_diff": 0.0011293960269540548,
    "final_0_weight_sim": 0.7510324120521545,
    "final_1_weight_sim": 0.7723998427391052,
    "final_2_weight_sim": 0.765277087688446,
    "best_weight_diff": 0.001074553350917995,
    "best_weight_sim": 0.797504723072052,
    "best_feature_diff": 0.8193539576255102,
    "best_feature_sim": 0.44206385655626806,
    "best_0_weight_diff": 0.0012196036987006664,
    "best_1_weight_diff": 0.0010454251896589994,
    "best_2_weight_diff": 0.0009570331312716007,
    "best_0_weight_sim": 0.7714605331420898,
    "best_1_weight_sim": 0.7945942878723145,
    "best_2_weight_sim": 0.7915025949478149,
    "num_feature_traj": 204,
    "num_feature_timesteps": "37349",
    "final_test_returns": 2521.885702381034,
    "final_test_normalized_returns": 78.11035580544689,
    "best_return": 2764.341770481741,
    "best_return_normalized": 85.56006179994027,
    "convergence_step": "85000",
    "convergence_iter": "17",
    "best_step": "85000",
    "best_iter": "17"
}