{"final_weight_diff": 0.001478660968132317, "final_weight_sim": 0.7313848733901978, "final_feature_diff": 0.2319383752199352, "final_feature_sim": 0.6710488757452215, "final_0_weight_diff": 0.0014905859716236591, "final_1_weight_diff": 0.0015543581685051322, "final_2_weight_diff": 0.0013884539948776364, "final_0_weight_sim": 0.718763530254364, "final_1_weight_sim": 0.7159188389778137, "final_2_weight_sim": 0.7229995727539062, "best_weight_diff": 0.000566007336601615, "best_weight_sim": 0.8737777471542358, "best_feature_diff": 0.13709926908407571, "best_feature_sim": 0.7978285285232962, "best_0_weight_diff": 0.000610966410022229, "best_1_weight_diff": 0.0005887189763598144, "best_2_weight_diff": 0.0004983693943358958, "best_0_weight_sim": 0.8624300956726074, "best_1_weight_sim": 0.8582304120063782, "best_2_weight_sim": 0.8767060041427612, "num_feature_traj": 122, "num_feature_timesteps": "19420", "final_test_returns": 1110.6508337516548, "final_test_normalized_returns": 34.74874830754927, "best_return": 2821.0137559906534, "best_return_normalized": 87.30136542443948, "convergence_step": "30000", "convergence_iter": "6", "best_step": "30000", "best_iter": "6", "best_5percent_normalized": 87.30136542443948, "best_10percent_normalized": 86.20550695707792, "best_25percent_normalized": 76.68787860497642, "best_50percent_normalized": 64.28989788252946, "best_100percent_normalized": 45.866528964714774, "best_later_half_normalized": 50.628448961757684, "best_last_four_normalized": 61.41314662631434, "target_steps": 5000}