{"final_weight_diff": 0.002206437522545457, "final_weight_sim": 0.7120270133018494, "final_feature_diff": 0.8465240844102334, "final_feature_sim": 0.5763821790912574, "final_0_weight_diff": 0.0026001783553510904, "final_1_weight_diff": 0.0022720617707818747, "final_2_weight_diff": 0.0017481781542301178, "final_0_weight_sim": 0.6834180951118469, "final_1_weight_sim": 0.688671886920929, "final_2_weight_sim": 0.7157140970230103, "best_weight_diff": 0.001857367460615933, "best_weight_sim": 0.7389339804649353, "best_feature_diff": 0.7913178365331173, "best_feature_sim": 0.6062763309150173, "best_0_weight_diff": 0.002179633127525449, "best_1_weight_diff": 0.0019093425944447517, "best_2_weight_diff": 0.0014839386567473412, "best_0_weight_sim": 0.7109478712081909, "best_1_weight_sim": 0.7152982354164124, "best_2_weight_sim": 0.7422686219215393, "num_feature_traj": 96, "num_feature_timesteps": "77566", "final_test_returns": 3013.647141339736, "final_test_normalized_returns": 79.40568190948888, "best_return": 3676.650055539627, "best_return_normalized": 95.17157053098772, "convergence_step": "25000", "convergence_iter": "5", "best_step": "75000", "best_iter": "15", "best_5percent_normalized": 95.17157053098772, "best_10percent_normalized": 94.2691348938041, "best_25percent_normalized": 91.62701561102185, "best_50percent_normalized": 88.1324574654537, "best_100percent_normalized": 82.02998606706032, "best_later_half_normalized": 81.6282123670137, "best_last_four_normalized": 81.16036138327456, "target_steps": 10000}