{"final_weight_diff": 0.0013503022491931915, "final_weight_sim": 0.7622693777084351, "final_feature_diff": 0.4208541400088679, "final_feature_sim": 0.592758570598187, "final_0_weight_diff": 0.0019143198151141405, "final_1_weight_diff": 0.0013195592910051346, "final_2_weight_diff": 0.0008115922100841999, "final_0_weight_sim": 0.7002156972885132, "final_1_weight_sim": 0.7699178457260132, "final_2_weight_sim": 0.8141271471977234, "best_weight_diff": 0.00048510608030483127, "best_weight_sim": 0.9012975692749023, "best_feature_diff": 0.34744708624211507, "best_feature_sim": 0.6842691959948732, "best_0_weight_diff": 0.0006981961196288466, "best_1_weight_diff": 0.00043318612733855844, "best_2_weight_diff": 0.00032331288093701005, "best_0_weight_sim": 0.8667417168617249, "best_1_weight_sim": 0.9085293412208557, "best_2_weight_sim": 0.921664297580719, "num_feature_traj": 120, "num_feature_timesteps": "106539", "final_test_returns": 2883.394884271981, "final_test_normalized_returns": 76.30834623622528, "best_return": 3948.616163431624, "best_return_normalized": 101.63879303335372, "convergence_step": "10000", "convergence_iter": "2", "best_step": "20000", "best_iter": "4", "best_5percent_normalized": 101.63879303335372, "best_10percent_normalized": 100.86278516538275, "best_25percent_normalized": 98.26157991850798, "best_50percent_normalized": 94.62573269258657, "best_100percent_normalized": 86.53986561637741, "best_later_half_normalized": 84.07585084838101, "best_last_four_normalized": 84.1760791555318, "target_steps": 5000}