{
    "final_weight_diff": 0.001523443148471415,
    "final_weight_sim": 0.7359265089035034,
    "final_feature_diff": 0.10565043825488166,
    "final_feature_sim": 0.6951800223872792,
    "final_0_weight_diff": 0.0017488718731328845,
    "final_1_weight_diff": 0.0014628012431785464,
    "final_2_weight_diff": 0.0013490919955074787,
    "final_0_weight_sim": 0.7070459723472595,
    "final_1_weight_sim": 0.7321730256080627,
    "final_2_weight_sim": 0.7446880340576172,
    "best_weight_diff": 0.0006704714614897966,
    "best_weight_sim": 0.8642982244491577,
    "best_feature_diff": 0.10961439743231326,
    "best_feature_sim": 0.8030126214388921,
    "best_0_weight_diff": 0.0007702631410211325,
    "best_1_weight_diff": 0.0005994481616653502,
    "best_2_weight_diff": 0.0006414874806068838,
    "best_0_weight_sim": 0.8529009222984314,
    "best_1_weight_sim": 0.8611863851547241,
    "best_2_weight_sim": 0.8566238284111023,
    "num_feature_traj": 109,
    "num_feature_timesteps": "31150",
    "final_test_returns": 2437.4606102969865,
    "final_test_normalized_returns": 53.06046995181803,
    "best_return": 3705.9569257185385,
    "best_return_normalized": 80.69251584733342,
    "convergence_step": "25000",
    "convergence_iter": "5",
    "best_step": "25000",
    "best_iter": "5"
}