{"final_weight_diff": 0.0015323562547564507, "final_weight_sim": 0.8070688843727112, "final_feature_diff": 1.968246319458308, "final_feature_sim": 0.4037857877450329, "final_0_weight_diff": 0.0017886905698105693, "final_1_weight_diff": 0.0014760103076696396, "final_2_weight_diff": 0.0013286481844261289, "final_0_weight_sim": 0.7709542512893677, "final_1_weight_sim": 0.8098220825195312, "final_2_weight_sim": 0.7821785807609558, "best_weight_diff": 0.000998942763544619, "best_weight_sim": 0.8657886981964111, "best_feature_diff": 1.8577765105265611, "best_feature_sim": 0.43895190545080387, "best_0_weight_diff": 0.0012202727375552058, "best_1_weight_diff": 0.0009325118153356016, "best_2_weight_diff": 0.0008427816210314631, "best_0_weight_sim": 0.8339968323707581, "best_1_weight_sim": 0.8695851564407349, "best_2_weight_sim": 0.8494052886962891, "num_feature_traj": 204, "num_feature_timesteps": "37349", "final_test_returns": 543.527155943835, "final_test_normalized_returns": 17.323304204293443, "best_return": 2360.9703099121225, "best_return_normalized": 73.1660688949457, "convergence_step": "60000", "convergence_iter": "12", "best_step": "60000", "best_iter": "12", "best_5percent_normalized": 73.1660688949457, "best_10percent_normalized": 71.8584794319436, "best_25percent_normalized": 68.77623296609234, "best_50percent_normalized": 57.84292914180637, "best_100percent_normalized": 40.870457448887535, "best_later_half_normalized": 49.84222556596508, "best_last_four_normalized": 51.10363219324216}