{
    "final_weight_diff": 0.002355736680328846,
    "final_weight_sim": 0.7081488370895386,
    "final_feature_diff": 0.6021142155131781,
    "final_feature_sim": 0.7207282517042995,
    "final_0_weight_diff": 0.002463095122948289,
    "final_1_weight_diff": 0.002352792304009199,
    "final_2_weight_diff": 0.0022489195689558983,
    "final_0_weight_sim": 0.6887933611869812,
    "final_1_weight_sim": 0.6824930906295776,
    "final_2_weight_sim": 0.6932072043418884,
    "best_weight_diff": 0.0015991380205377936,
    "best_weight_sim": 0.7656667232513428,
    "best_feature_diff": 0.5102186609223468,
    "best_feature_sim": 0.7674572317796765,
    "best_0_weight_diff": 0.0016985784750431776,
    "best_1_weight_diff": 0.0015524065820500255,
    "best_2_weight_diff": 0.0015428047627210617,
    "best_0_weight_sim": 0.7446607351303101,
    "best_1_weight_sim": 0.7462169528007507,
    "best_2_weight_sim": 0.7480713725090027,
    "num_feature_traj": 20,
    "num_feature_timesteps": "20000",
    "final_test_returns": 3798.76405160054,
    "final_test_normalized_returns": 32.85448417652414,
    "best_return": 4568.922047522777,
    "best_return_normalized": 39.057842169492375,
    "convergence_step": "25000",
    "convergence_iter": "5",
    "best_step": "50000",
    "best_iter": "10"
}