{"final_weight_diff": 0.0017261889297515154, "final_weight_sim": 0.836374819278717, "final_feature_diff": 9.039204432219037, "final_feature_sim": 0.32395870656141196, "final_0_weight_diff": 0.0017513695638626814, "final_1_weight_diff": 0.0018350770696997643, "final_2_weight_diff": 0.0015832952922210097, "final_0_weight_sim": 0.7171183824539185, "final_1_weight_sim": 0.7769551873207092, "final_2_weight_sim": 0.8243517875671387, "best_weight_diff": 0.0015040753642097116, "best_weight_sim": 0.8550232648849487, "best_feature_diff": 8.72449187828752, "best_feature_sim": 0.3408605426642461, "best_0_weight_diff": 0.0015727472491562366, "best_1_weight_diff": 0.0016068813856691122, "best_2_weight_diff": 0.0013262309366837144, "best_0_weight_sim": 0.7399343252182007, "best_1_weight_sim": 0.7996217608451843, "best_2_weight_sim": 0.8490185737609863, "num_feature_traj": 20, "num_feature_timesteps": "20000", "final_test_returns": 4475.318616994428, "final_test_normalized_returns": 38.303898703331306, "best_return": 4865.250345391399, "best_return_normalized": 41.44466477583924, "convergence_step": "50000", "convergence_iter": "10", "best_step": "85000", "best_iter": "17", "best_5percent_normalized": 41.44466477583924, "best_10percent_normalized": 41.173391099185444, "best_25percent_normalized": 40.54655496967003, "best_50percent_normalized": 39.66566152141676, "best_100percent_normalized": 36.19128073167169, "best_later_half_normalized": 38.859745934423344, "best_last_four_normalized": 39.89840798520841}