{
    "final_weight_diff": 0.00015514624828938395,
    "final_weight_sim": 0.8846146464347839,
    "final_feature_diff": 0.45834887375266903,
    "final_feature_sim": 0.7676974091948212,
    "final_0_weight_diff": 0.002045276341959834,
    "final_1_weight_diff": 0.0018557156436145306,
    "final_2_weight_diff": 0.0017358625773340464,
    "final_0_weight_sim": 0.9999999403953552,
    "final_1_weight_sim": 0.9999999403953552,
    "final_2_weight_sim": 0.9999997615814209,
    "best_weight_diff": 0.00015005173918325454,
    "best_weight_sim": 0.8876461982727051,
    "best_feature_diff": 0.4529709474671724,
    "best_feature_sim": 0.7704480310703372,
    "best_0_weight_diff": 0.001976518426090479,
    "best_1_weight_diff": 0.001792118069715798,
    "best_2_weight_diff": 0.0016830251552164555,
    "best_0_weight_sim": 1.0000001192092896,
    "best_1_weight_sim": 0.9999998807907104,
    "best_2_weight_sim": 1.0,
    "num_feature_traj": 21,
    "num_feature_timesteps": "9625",
    "final_test_returns": 1639.6958031163845,
    "final_test_normalized_returns": 51.0041858823101,
    "best_return": 1833.1490071456312,
    "best_return_normalized": 56.94822970435224,
    "convergence_step": "5000",
    "convergence_iter": "1",
    "best_step": "95000",
    "best_iter": "19"
}