{
    "final_weight_diff": 0.0016936229076236486,
    "final_weight_sim": 0.7606655359268188,
    "final_feature_diff": 0.16872335490295493,
    "final_feature_sim": 0.7620252618275305,
    "final_0_weight_diff": 0.002161796670407057,
    "final_1_weight_diff": 0.001700995839200914,
    "final_2_weight_diff": 0.0012131101684644818,
    "final_0_weight_sim": 0.730521559715271,
    "final_1_weight_sim": 0.7677455544471741,
    "final_2_weight_sim": 0.7823376059532166,
    "best_weight_diff": 0.0016392451943829656,
    "best_weight_sim": 0.766944408416748,
    "best_feature_diff": 0.16877373153275468,
    "best_feature_sim": 0.7623928262002133,
    "best_0_weight_diff": 0.0020972928032279015,
    "best_1_weight_diff": 0.001642445451579988,
    "best_2_weight_diff": 0.0011733948485925794,
    "best_0_weight_sim": 0.7371948957443237,
    "best_1_weight_sim": 0.7738499641418457,
    "best_2_weight_sim": 0.7883692979812622,
    "num_feature_traj": 219,
    "num_feature_timesteps": "197797",
    "final_test_returns": 4951.248822962152,
    "final_test_normalized_returns": 107.81909275545294,
    "best_return": 5028.802029323002,
    "best_return_normalized": 109.50845813354252,
    "convergence_step": "10000",
    "convergence_iter": "2",
    "best_step": "95000",
    "best_iter": "19"
}