{"final_weight_diff": 0.0016829011728987098, "final_weight_sim": 0.6976978778839111, "final_feature_diff": 0.31425574302333736, "final_feature_sim": 0.6478249263077172, "final_0_weight_diff": 0.0016872853739187121, "final_1_weight_diff": 0.0017452785978093743, "final_2_weight_diff": 0.0016024925280362368, "final_0_weight_sim": 0.67740797996521, "final_1_weight_sim": 0.694724977016449, "final_2_weight_sim": 0.6899964809417725, "best_weight_diff": 0.0010102892993018031, "best_weight_sim": 0.7951595783233643, "best_feature_diff": 0.27310441931683654, "best_feature_sim": 0.7033942852493817, "best_0_weight_diff": 0.0010746814077720046, "best_1_weight_diff": 0.0010584625415503979, "best_2_weight_diff": 0.0008957221871241927, "best_0_weight_sim": 0.7779262065887451, "best_1_weight_sim": 0.7829484939575195, "best_2_weight_sim": 0.794390082359314, "num_feature_traj": 19, "num_feature_timesteps": "10344", "final_test_returns": 3240.005028694938, "final_test_normalized_returns": 84.78836298706247, "best_return": 3572.5076405630743, "best_return_normalized": 92.69511427396556, "convergence_step": "45000", "convergence_iter": "9", "best_step": "45000", "best_iter": "9", "best_5percent_normalized": 92.69511427396556, "best_10percent_normalized": 92.69169604133815, "best_25percent_normalized": 91.37085973238835, "best_50percent_normalized": 88.80171968389047, "best_100percent_normalized": 82.70343785086094, "best_later_half_normalized": 86.02867522695948, "best_last_four_normalized": 84.20209313280685, "target_steps": 5000}