{
    "final_weight_diff": 0.00124250422231853,
    "final_weight_sim": 0.7881171107292175,
    "final_feature_diff": 0.42981383417864744,
    "final_feature_sim": 0.6008088076339622,
    "final_0_weight_diff": 0.001469219452701509,
    "final_1_weight_diff": 0.0013434612192213535,
    "final_2_weight_diff": 0.0009121392504312098,
    "final_0_weight_sim": 0.7660740613937378,
    "final_1_weight_sim": 0.7738353610038757,
    "final_2_weight_sim": 0.8081312775611877,
    "best_weight_diff": 0.0009955971036106348,
    "best_weight_sim": 0.8225610256195068,
    "best_feature_diff": 0.3997870001709735,
    "best_feature_sim": 0.6324825260359558,
    "best_0_weight_diff": 0.0012123237829655409,
    "best_1_weight_diff": 0.0010615827050060034,
    "best_2_weight_diff": 0.0007113556494005024,
    "best_0_weight_sim": 0.8001607656478882,
    "best_1_weight_sim": 0.8097901344299316,
    "best_2_weight_sim": 0.8436358571052551,
    "num_feature_traj": 321,
    "num_feature_timesteps": "203500",
    "final_test_returns": 1129.4678602514457,
    "final_test_normalized_returns": 35.32692032944236,
    "best_return": 3539.569845646279,
    "best_return_normalized": 109.37972234254232,
    "convergence_step": "75000",
    "convergence_iter": "15",
    "best_step": "75000",
    "best_iter": "15"
}