{"final_weight_diff": 0.001189516275189817, "final_weight_sim": 0.7756422758102417, "final_feature_diff": 0.08890660805336634, "final_feature_sim": 0.770162403860674, "final_0_weight_diff": 0.0014708495000377297, "final_1_weight_diff": 0.0011341834906488657, "final_2_weight_diff": 0.000961547892075032, "final_0_weight_sim": 0.7381854057312012, "final_1_weight_sim": 0.7716532945632935, "final_2_weight_sim": 0.7907476425170898, "best_weight_diff": 0.000625909655354917, "best_weight_sim": 0.8676488399505615, "best_feature_diff": 0.09169617729648888, "best_feature_sim": 0.836532311391903, "best_0_weight_diff": 0.0007674618973396719, "best_1_weight_diff": 0.0005808723508380353, "best_2_weight_diff": 0.0005293716094456613, "best_0_weight_sim": 0.8472427129745483, "best_1_weight_sim": 0.8632479906082153, "best_2_weight_sim": 0.8711965680122375, "num_feature_traj": 119, "num_feature_timesteps": "101758", "final_test_returns": 3284.563282017687, "final_test_normalized_returns": 71.51316833070243, "best_return": 3663.270193600837, "best_return_normalized": 79.76265761545207, "convergence_step": "35000", "convergence_iter": "7", "best_step": "35000", "best_iter": "7", "best_5percent_normalized": 79.76265761545207, "best_10percent_normalized": 79.4323179279484, "best_25percent_normalized": 78.7262750624268, "best_50percent_normalized": 76.51800849165771, "best_100percent_normalized": 68.65272176457131, "best_later_half_normalized": 73.79395257445385, "best_last_four_normalized": 73.49909417673561, "target_steps": 10000}