{
    "final_weight_diff": 0.0008908820454962552,
    "final_weight_sim": 0.8196544647216797,
    "final_feature_diff": 0.7911132024245802,
    "final_feature_sim": 0.6900765115529737,
    "final_0_weight_diff": 0.00120840547606349,
    "final_1_weight_diff": 0.0008674585842527449,
    "final_2_weight_diff": 0.0005951916100457311,
    "final_0_weight_sim": 0.7592818737030029,
    "final_1_weight_sim": 0.8020286560058594,
    "final_2_weight_sim": 0.8413766622543335,
    "best_weight_diff": 0.0005800279323011637,
    "best_weight_sim": 0.8738168478012085,
    "best_feature_diff": 0.6276767372436302,
    "best_feature_sim": 0.7551583360576004,
    "best_0_weight_diff": 0.0007931330474093556,
    "best_1_weight_diff": 0.0005594934336841106,
    "best_2_weight_diff": 0.000386835919925943,
    "best_0_weight_sim": 0.8232295513153076,
    "best_1_weight_sim": 0.8613505959510803,
    "best_2_weight_sim": 0.8914785981178284,
    "num_feature_traj": 218,
    "num_feature_timesteps": "100692",
    "final_test_returns": 2330.8614746215417,
    "final_test_normalized_returns": 72.24094471674493,
    "best_return": 2401.172837283344,
    "best_return_normalized": 74.40133189123736,
    "convergence_step": "60000",
    "convergence_iter": "12",
    "best_step": "60000",
    "best_iter": "12"
}