{"final_weight_diff": 0.0011968966573476791, "final_weight_sim": 0.7963253259658813, "final_feature_diff": 5.255853060756612, "final_feature_sim": 0.2877034632293324, "final_0_weight_diff": 0.0009065799531526864, "final_1_weight_diff": 0.0010009317193180323, "final_2_weight_diff": 0.0020225567277520895, "final_3_weight_diff": 0.0008568551274947822, "final_0_weight_sim": 0.7153434157371521, "final_1_weight_sim": 0.7702856659889221, "final_2_weight_sim": 0.6979389786720276, "final_3_weight_sim": 0.8520617485046387, "best_weight_diff": 0.0008069555042311549, "best_weight_sim": 0.8503031730651855, "best_feature_diff": 5.151132020627291, "best_feature_sim": 0.30933169981841724, "best_0_weight_diff": 0.0006315555656328797, "best_1_weight_diff": 0.0006722633261233568, "best_2_weight_diff": 0.0013685190351679921, "best_3_weight_diff": 0.0005550992791540921, "best_0_weight_sim": 0.7842123508453369, "best_1_weight_sim": 0.8305990099906921, "best_2_weight_sim": 0.7651039361953735, "best_3_weight_sim": 0.8966476917266846, "num_feature_traj": 321, "num_feature_timesteps": "203500", "final_test_returns": 3447.0905166058446, "final_test_normalized_returns": 106.53820215574667, "best_return": 3664.134846685765, "best_return_normalized": 113.20710699914116, "convergence_step": "5000", "convergence_iter": "1", "best_step": "65000", "best_iter": "13", "best_5percent_normalized": 113.20710699914116, "best_10percent_normalized": 112.9396709193606, "best_25percent_normalized": 112.18321654802222, "best_50percent_normalized": 111.28658232942249, "best_100percent_normalized": 99.09881601548761, "best_later_half_normalized": 108.8658599388971, "best_last_four_normalized": 110.49185018059805, "target_steps": 15000}