{"final_weight_diff": 0.00164065882563591, "final_weight_sim": 0.763052761554718, "final_feature_diff": 0.14832522511674157, "final_feature_sim": 0.80738317887879, "final_0_weight_diff": 0.0021351780742406845, "final_1_weight_diff": 0.0016433331184089184, "final_2_weight_diff": 0.0011410181177780032, "final_0_weight_sim": 0.724064826965332, "final_1_weight_sim": 0.7722234725952148, "final_2_weight_sim": 0.7899656295776367, "best_weight_diff": 0.0008537884568795562, "best_weight_sim": 0.8620918393135071, "best_feature_diff": 0.1222979644028472, "best_feature_sim": 0.8442382380602964, "best_0_weight_diff": 0.0011426283745095134, "best_1_weight_diff": 0.0008183310274034739, "best_2_weight_diff": 0.0005999943241477013, "best_0_weight_sim": 0.8358569145202637, "best_1_weight_sim": 0.8671725392341614, "best_2_weight_sim": 0.8801440596580505, "num_feature_traj": 321, "num_feature_timesteps": "203500", "final_test_returns": 3539.1900286069067, "final_test_normalized_returns": 109.3680520828652, "best_return": 3649.5781906369766, "best_return_normalized": 112.7598391345918, "convergence_step": "40000", "convergence_iter": "8", "best_step": "40000", "best_iter": "8", "best_5percent_normalized": 112.7598391345918, "best_10percent_normalized": 112.28676681553026, "best_25percent_normalized": 111.5880552744145, "best_50percent_normalized": 110.71714890276027, "best_100percent_normalized": 102.11159801308985, "best_later_half_normalized": 108.47532903120066, "best_last_four_normalized": 107.21689300800296}