{
    "final_weight_diff": 0.0011036648647859693,
    "final_weight_sim": 0.7753490209579468,
    "final_feature_diff": 0.29978313396752093,
    "final_feature_sim": 0.7472347563016836,
    "final_0_weight_diff": 0.0013419472379609942,
    "final_1_weight_diff": 0.0011703899363055825,
    "final_2_weight_diff": 0.0007963269017636776,
    "final_0_weight_sim": 0.7333669662475586,
    "final_1_weight_sim": 0.7531179189682007,
    "final_2_weight_sim": 0.808810293674469,
    "best_weight_diff": 0.0009842806030064821,
    "best_weight_sim": 0.7947558164596558,
    "best_feature_diff": 0.2947251761210305,
    "best_feature_sim": 0.7539445420744487,
    "best_0_weight_diff": 0.0011998291593044996,
    "best_1_weight_diff": 0.001037029316648841,
    "best_2_weight_diff": 0.0007141694659367204,
    "best_0_weight_sim": 0.7558096647262573,
    "best_1_weight_sim": 0.7733387351036072,
    "best_2_weight_sim": 0.8254485726356506,
    "num_feature_traj": 80,
    "num_feature_timesteps": "80000",
    "final_test_returns": 4960.248184364593,
    "final_test_normalized_returns": 42.20983972283619,
    "best_return": 5059.360039765785,
    "best_return_normalized": 43.008151658382175,
    "convergence_step": "5000",
    "convergence_iter": "1",
    "best_step": "85000",
    "best_iter": "17"
}