{"final_weight_diff": 0.0009249888826161623, "final_weight_sim": 0.8037379384040833, "final_feature_diff": 0.2308839174731092, "final_feature_sim": 0.7629455357574679, "final_0_weight_diff": 0.0010880993213504553, "final_1_weight_diff": 0.0008900925749912858, "final_2_weight_diff": 0.000796075735706836, "final_0_weight_sim": 0.7816137075424194, "final_1_weight_sim": 0.7956991195678711, "final_2_weight_sim": 0.8020738959312439, "best_weight_diff": 0.0008031021570786834, "best_weight_sim": 0.8245906829833984, "best_feature_diff": 0.20498752693608208, "best_feature_sim": 0.7959205986160164, "best_0_weight_diff": 0.0009553473792038858, "best_1_weight_diff": 0.0007686274475418031, "best_2_weight_diff": 0.000684848171658814, "best_0_weight_sim": 0.803580641746521, "best_1_weight_sim": 0.8168131709098816, "best_2_weight_sim": 0.8239084482192993, "num_feature_traj": 218, "num_feature_timesteps": "100692", "final_test_returns": 1784.649747709759, "final_test_normalized_returns": 55.45804128969133, "best_return": 2142.6720126189243, "best_return_normalized": 66.45863465058044, "convergence_step": "75000", "convergence_iter": "15", "best_step": "85000", "best_iter": "17", "best_5percent_normalized": 66.45863465058044, "best_10percent_normalized": 66.25697258416034, "best_25percent_normalized": 62.105318949484214, "best_50percent_normalized": 59.203665103756826, "best_100percent_normalized": 54.44260907462518, "best_later_half_normalized": 57.204657028034546, "best_last_four_normalized": 59.23403182974657, "target_steps": 5000}