{"final_weight_diff": 0.0012042892631143332, "final_weight_sim": 0.7787320613861084, "final_feature_diff": 0.21440584101316587, "final_feature_sim": 0.7625199469465687, "final_0_weight_diff": 0.0014784097438678145, "final_1_weight_diff": 0.001153244636952877, "final_2_weight_diff": 0.000979658798314631, "final_0_weight_sim": 0.7464057803153992, "final_1_weight_sim": 0.7767339944839478, "final_2_weight_sim": 0.790202260017395, "best_weight_diff": 0.0008226936915889382, "best_weight_sim": 0.8365755677223206, "best_feature_diff": 0.1858784911259399, "best_feature_sim": 0.8007136852781356, "best_0_weight_diff": 0.0010363154578953981, "best_1_weight_diff": 0.0007651380728930235, "best_2_weight_diff": 0.0006662733503617346, "best_0_weight_sim": 0.808576226234436, "best_1_weight_sim": 0.8353608846664429, "best_2_weight_sim": 0.8465536832809448, "num_feature_traj": 321, "num_feature_timesteps": "203500", "final_test_returns": 3374.1908088982827, "final_test_normalized_returns": 104.29828548234644, "best_return": 3622.133030571085, "best_return_normalized": 111.91655905063952, "convergence_step": "55000", "convergence_iter": "11", "best_step": "60000", "best_iter": "12", "best_5percent_normalized": 111.91655905063952, "best_10percent_normalized": 110.95282811828164, "best_25percent_normalized": 108.54682682915309, "best_50percent_normalized": 106.32630986026045, "best_100percent_normalized": 90.11156342001074, "best_later_half_normalized": 105.18195107853496}