{"final_weight_diff": 0.0019736418034881353, "final_weight_sim": 0.7163069844245911, "final_feature_diff": 0.5099245649875428, "final_feature_sim": 0.4162935352177731, "final_0_weight_diff": 0.0023752849083393812, "final_1_weight_diff": 0.0018367964075878263, "final_2_weight_diff": 0.00170140212867409, "final_0_weight_sim": 0.6172714233398438, "final_1_weight_sim": 0.7276149392127991, "final_2_weight_sim": 0.7711514830589294, "best_weight_diff": 0.00045125832548364997, "best_weight_sim": 0.9245529770851135, "best_feature_diff": 0.3977888853611988, "best_feature_sim": 0.609162490574392, "best_0_weight_diff": 0.0006241280934773386, "best_1_weight_diff": 0.000343231949955225, "best_2_weight_diff": 0.00038565194699913263, "best_0_weight_sim": 0.8728024363517761, "best_1_weight_sim": 0.9300158619880676, "best_2_weight_sim": 0.9475704431533813, "num_feature_traj": 120, "num_feature_timesteps": "106539", "final_test_returns": 3133.9880846255523, "final_test_normalized_returns": 82.26733133487627, "best_return": 3772.595312032007, "best_return_normalized": 97.45310232401984, "convergence_step": "10000", "convergence_iter": "2", "best_step": "10000", "best_iter": "2", "best_5percent_normalized": 97.45310232401984, "best_10percent_normalized": 97.31795816207162, "best_25percent_normalized": 95.40527249412341, "best_50percent_normalized": 93.27446257125855, "best_100percent_normalized": 86.190742750716, "best_later_half_normalized": 85.79054555845204, "best_last_four_normalized": 90.88253070660795, "target_steps": 10000}