{"final_weight_diff": 0.0015271130250766873, "final_weight_sim": 0.7325005531311035, "final_feature_diff": 0.3558347188924079, "final_feature_sim": 0.6561679632325769, "final_0_weight_diff": 0.001765959314070642, "final_1_weight_diff": 0.0015573056880384684, "final_2_weight_diff": 0.0012471892405301332, "final_0_weight_sim": 0.6958044767379761, "final_1_weight_sim": 0.7311865091323853, "final_2_weight_sim": 0.7492814660072327, "best_weight_diff": 0.0012089185183867812, "best_weight_sim": 0.7820923924446106, "best_feature_diff": 0.33775271576081817, "best_feature_sim": 0.6834609701074155, "best_0_weight_diff": 0.0014344051014631987, "best_1_weight_diff": 0.0012177270837128162, "best_2_weight_diff": 0.0009695836924947798, "best_0_weight_sim": 0.7485093474388123, "best_1_weight_sim": 0.7813879251480103, "best_2_weight_sim": 0.796896755695343, "num_feature_traj": 20, "num_feature_timesteps": "20000", "final_test_returns": 4782.444620097034, "final_test_normalized_returns": 40.777693114715056, "best_return": 4890.599821456894, "best_return_normalized": 41.64884609421943, "convergence_step": "15000", "convergence_iter": "3", "best_step": "70000", "best_iter": "14", "best_5percent_normalized": 41.64884609421943, "best_10percent_normalized": 41.63841921731158, "best_25percent_normalized": 41.43956901442092, "best_50percent_normalized": 41.05322095079245, "best_100percent_normalized": 39.31254071646616, "best_later_half_normalized": 40.64508352408085, "best_last_four_normalized": 41.00071234805234}