{"final_weight_diff": 0.0012073341058567166, "final_weight_sim": 0.7730751037597656, "final_feature_diff": 0.10772352729403983, "final_feature_sim": 0.7732398710607153, "final_0_weight_diff": 0.0014960310654714704, "final_1_weight_diff": 0.0011796805774793029, "final_2_weight_diff": 0.00094395293854177, "final_0_weight_sim": 0.7368051409721375, "final_1_weight_sim": 0.7674129605293274, "final_2_weight_sim": 0.7896641492843628, "best_weight_diff": 0.0011662326287478209, "best_weight_sim": 0.7790027260780334, "best_feature_diff": 0.10742351998586457, "best_feature_sim": 0.7782483156415906, "best_0_weight_diff": 0.0014491297770291567, "best_1_weight_diff": 0.0011353465961292386, "best_2_weight_diff": 0.0009121610200963914, "best_0_weight_sim": 0.7432388067245483, "best_1_weight_sim": 0.7734178900718689, "best_2_weight_sim": 0.7951282858848572, "num_feature_traj": 175, "num_feature_timesteps": "161070", "final_test_returns": 4980.87311834132, "final_test_normalized_returns": 108.46440790504204, "best_return": 5001.064192412731, "best_return_normalized": 108.90423628975088, "convergence_step": "20000", "convergence_iter": "4", "best_step": "95000", "best_iter": "19", "best_5percent_normalized": 108.90423628975088, "best_10percent_normalized": 108.83553008760427, "best_25percent_normalized": 108.4805158431243, "best_50percent_normalized": 108.16855987306762, "best_100percent_normalized": 99.52968267892477, "best_later_half_normalized": 107.202388686419, "best_last_four_normalized": 107.4745876747407, "target_steps": 20000}