{"final_weight_diff": 0.0015239367494359612, "final_weight_sim": 0.7678755521774292, "final_feature_diff": 0.2365517357469867, "final_feature_sim": 0.7261606810990595, "final_0_weight_diff": 0.0019216988002881408, "final_1_weight_diff": 0.0015414198860526085, "final_2_weight_diff": 0.0011056889779865742, "final_0_weight_sim": 0.731670081615448, "final_1_weight_sim": 0.7751913666725159, "final_2_weight_sim": 0.7885630130767822, "best_weight_diff": 0.0012407739413902164, "best_weight_sim": 0.8024165034294128, "best_feature_diff": 0.2244506821710261, "best_feature_sim": 0.7428051924569459, "best_0_weight_diff": 0.0015827750321477652, "best_1_weight_diff": 0.0012432880466803908, "best_2_weight_diff": 0.0008944837027229369, "best_0_weight_sim": 0.7690513134002686, "best_1_weight_sim": 0.808165967464447, "best_2_weight_sim": 0.8223791122436523, "num_feature_traj": 321, "num_feature_timesteps": "203500", "final_test_returns": 2829.8507018940045, "final_test_normalized_returns": 87.57288945510167, "best_return": 3603.456920948652, "best_return_normalized": 111.34271684121184, "convergence_step": "75000", "convergence_iter": "15", "best_step": "75000", "best_iter": "15", "best_5percent_normalized": 111.34271684121184, "best_10percent_normalized": 110.17565508549322, "best_25percent_normalized": 106.28818840094156, "best_50percent_normalized": 98.75797859491054, "best_100percent_normalized": 73.57749231313545, "best_later_half_normalized": 85.97560105393627, "best_last_four_normalized": 72.81433266344143}