{"final_weight_diff": 0.0016079078195616603, "final_weight_sim": 0.7279293537139893, "final_feature_diff": 0.3353869912306806, "final_feature_sim": 0.6427473437372281, "final_0_weight_diff": 0.0018891122890636325, "final_1_weight_diff": 0.0016332136001437902, "final_2_weight_diff": 0.0012926732888445258, "final_0_weight_sim": 0.6910763382911682, "final_1_weight_sim": 0.7302626371383667, "final_2_weight_sim": 0.7416287064552307, "best_weight_diff": 0.001089719356968999, "best_weight_sim": 0.7985355854034424, "best_feature_diff": 0.31604049439537757, "best_feature_sim": 0.6715973851057577, "best_0_weight_diff": 0.0013109766878187656, "best_1_weight_diff": 0.0011013580951839685, "best_2_weight_diff": 0.0008540052222087979, "best_0_weight_sim": 0.7640519738197327, "best_1_weight_sim": 0.798384964466095, "best_2_weight_sim": 0.8139166235923767, "num_feature_traj": 204, "num_feature_timesteps": "37349", "final_test_returns": 1469.4927257936952, "final_test_normalized_returns": 45.77452553458311, "best_return": 1801.8208681076703, "best_return_normalized": 55.9856411949548, "convergence_step": "60000", "convergence_iter": "12", "best_step": "60000", "best_iter": "12", "best_5percent_normalized": 55.9856411949548, "best_10percent_normalized": 52.481275692079784, "best_25percent_normalized": 46.00165262635124, "best_50percent_normalized": 39.44472168099288, "best_100percent_normalized": 31.403909297762944, "best_later_half_normalized": 33.300526843840615, "best_last_four_normalized": 35.07840133789549, "target_steps": 60000}