{"final_weight_diff": 0.0012762557016685605, "final_weight_sim": 0.7782655358314514, "final_feature_diff": 0.312040690425499, "final_feature_sim": 0.702572420760308, "final_0_weight_diff": 0.001646137679927051, "final_1_weight_diff": 0.001321218442171812, "final_2_weight_diff": 0.0008556274697184563, "final_0_weight_sim": 0.7426981925964355, "final_1_weight_sim": 0.7747096419334412, "final_2_weight_sim": 0.8086363077163696, "best_weight_diff": 0.0010047989198938012, "best_weight_sim": 0.8165265321731567, "best_feature_diff": 0.28655339227040544, "best_feature_sim": 0.7320180337654937, "best_0_weight_diff": 0.0013143324758857489, "best_1_weight_diff": 0.0010243470314890146, "best_2_weight_diff": 0.0006724794511683285, "best_0_weight_sim": 0.7828929424285889, "best_1_weight_sim": 0.8134801983833313, "best_2_weight_sim": 0.8441800475120544, "num_feature_traj": 219, "num_feature_timesteps": "197797", "final_test_returns": 4958.336266067337, "final_test_normalized_returns": 107.9734807113212, "best_return": 5019.684393947927, "best_return_normalized": 109.30984587422437, "convergence_step": "30000", "convergence_iter": "6", "best_step": "70000", "best_iter": "14", "best_5percent_normalized": 109.30984587422437, "best_10percent_normalized": 109.02747303278552, "best_25percent_normalized": 108.7459865572317, "best_50percent_normalized": 108.48245298857728, "best_100percent_normalized": 102.74557923840837, "best_later_half_normalized": 108.16713252456546, "best_last_four_normalized": 108.03657147671711, "target_steps": 10000}