{"final_weight_diff": 0.0011871530441567302, "final_weight_sim": 0.7834732532501221, "final_feature_diff": 0.3428891440010947, "final_feature_sim": 0.6757055677223031, "final_0_weight_diff": 0.0016597943613305688, "final_1_weight_diff": 0.0011935256188735366, "final_2_weight_diff": 0.00070250837597996, "final_0_weight_sim": 0.7325369715690613, "final_1_weight_sim": 0.7836210131645203, "final_2_weight_sim": 0.8320344090461731, "best_weight_diff": 0.0011009189765900373, "best_weight_sim": 0.7962527871131897, "best_feature_diff": 0.3355950705447126, "best_feature_sim": 0.6845650255141961, "best_0_weight_diff": 0.0015411190688610077, "best_1_weight_diff": 0.0011057546362280846, "best_2_weight_diff": 0.000651091686449945, "best_0_weight_sim": 0.7468924522399902, "best_1_weight_sim": 0.7961187362670898, "best_2_weight_sim": 0.842952311038971, "num_feature_traj": 100, "num_feature_timesteps": "100000", "final_test_returns": 4969.154405974465, "final_test_normalized_returns": 42.2815762772877, "best_return": 5142.309404008238, "best_return_normalized": 43.6762802818718, "convergence_step": "5000", "convergence_iter": "1", "best_step": "90000", "best_iter": "18", "best_5percent_normalized": 43.6762802818718, "best_10percent_normalized": 43.37310896087622, "best_25percent_normalized": 43.055016248175015, "best_50percent_normalized": 42.805909421608575, "best_100percent_normalized": 42.25833563268889, "best_later_half_normalized": 42.55507369086478, "best_last_four_normalized": 42.63526348211424}