{"final_weight_diff": 0.00196590693667531, "final_weight_sim": 0.825221598148346, "final_feature_diff": 9.88713219835334, "final_feature_sim": 0.2171321980872362, "final_0_weight_diff": 0.0016496145399287343, "final_1_weight_diff": 0.002003332134336233, "final_2_weight_diff": 0.0022337064146995544, "final_0_weight_sim": 0.733677864074707, "final_1_weight_sim": 0.7741159200668335, "final_2_weight_sim": 0.7879815101623535, "best_weight_diff": 0.001315089757554233, "best_weight_sim": 0.8761430978775024, "best_feature_diff": 10.082136216258732, "best_feature_sim": 0.22919768808757496, "best_0_weight_diff": 0.0011908712331205606, "best_1_weight_diff": 0.0013868536334484816, "best_2_weight_diff": 0.0013630938483402133, "best_0_weight_sim": 0.7952523231506348, "best_1_weight_sim": 0.831190824508667, "best_2_weight_sim": 0.8563337326049805, "num_feature_traj": 109, "num_feature_timesteps": "31150", "final_test_returns": 2415.9611020982297, "final_test_normalized_returns": 52.59213954355694, "best_return": 3350.196577946327, "best_return_normalized": 72.94287862889232, "convergence_step": "30000", "convergence_iter": "6", "best_step": "60000", "best_iter": "12", "best_5percent_normalized": 72.94287862889232, "best_10percent_normalized": 72.91971594311343, "best_25percent_normalized": 67.0697302896875, "best_50percent_normalized": 58.490467387659876, "best_100percent_normalized": 37.808842276360366, "best_later_half_normalized": 41.980308927170114, "best_last_four_normalized": 33.31914641843835}