{"final_weight_diff": 0.0017365210223942995, "final_weight_sim": 0.7338683009147644, "final_feature_diff": 0.23977098530997237, "final_feature_sim": 0.6871611462142768, "final_0_weight_diff": 0.0019372672541067004, "final_1_weight_diff": 0.0016381898894906044, "final_2_weight_diff": 0.001631722436286509, "final_0_weight_sim": 0.6869722604751587, "final_1_weight_sim": 0.7115263342857361, "final_2_weight_sim": 0.7571403980255127, "best_weight_diff": 0.0009684509714134037, "best_weight_sim": 0.8355426788330078, "best_feature_diff": 0.21086626294813873, "best_feature_sim": 0.7361432318927044, "best_0_weight_diff": 0.0011540369596332312, "best_1_weight_diff": 0.0008440662641078234, "best_2_weight_diff": 0.0009066028287634254, "best_0_weight_sim": 0.7932478189468384, "best_1_weight_sim": 0.824317455291748, "best_2_weight_sim": 0.8548538684844971, "num_feature_traj": 100, "num_feature_timesteps": "100000", "final_test_returns": 5049.455114623912, "final_test_normalized_returns": 42.92837089018406, "best_return": 5092.6553458163535, "best_return_normalized": 43.27633390671395, "convergence_step": "10000", "convergence_iter": "2", "best_step": "40000", "best_iter": "8", "best_5percent_normalized": 43.27633390671395, "best_10percent_normalized": 43.23283452672305, "best_25percent_normalized": 43.13551972883489, "best_50percent_normalized": 42.953507056650736, "best_100percent_normalized": 42.36090974814995, "best_later_half_normalized": 42.77947491922208}