{"final_weight_diff": 0.0011239266023039818, "final_weight_sim": 0.7775084376335144, "final_feature_diff": 0.2924998560008426, "final_feature_sim": 0.7717676542121128, "final_0_weight_diff": 0.0012954379199072719, "final_1_weight_diff": 0.0011071679182350636, "final_2_weight_diff": 0.0009674584143795073, "final_0_weight_sim": 0.7556256651878357, "final_1_weight_sim": 0.7643619775772095, "final_2_weight_sim": 0.7781503796577454, "best_weight_diff": 0.0006048728246241808, "best_weight_sim": 0.8646514415740967, "best_feature_diff": 0.2161004285495337, "best_feature_sim": 0.8375630847084458, "best_0_weight_diff": 0.0007159810629673302, "best_1_weight_diff": 0.0006018974236212671, "best_2_weight_diff": 0.0004965984844602644, "best_0_weight_sim": 0.8485915064811707, "best_1_weight_sim": 0.852209210395813, "best_2_weight_sim": 0.8677857518196106, "num_feature_traj": 219, "num_feature_timesteps": "197797", "final_test_returns": 4898.41090042216, "final_test_normalized_returns": 106.6681080163577, "best_return": 4977.998100401058, "best_return_normalized": 108.40178050383484, "convergence_step": "10000", "convergence_iter": "2", "best_step": "40000", "best_iter": "8", "best_5percent_normalized": 108.40178050383484, "best_10percent_normalized": 108.04976392229167, "best_25percent_normalized": 107.6141445406412, "best_50percent_normalized": 107.11873319145964, "best_100percent_normalized": 100.21772224596722, "best_later_half_normalized": 103.45775586289751, "best_last_four_normalized": 106.71412063690141}