{
    "final_weight_diff": 0.001009398140013218,
    "final_weight_sim": 0.7915502786636353,
    "final_feature_diff": 0.24928949098471032,
    "final_feature_sim": 0.7750550162535179,
    "final_0_weight_diff": 0.0011744165094569325,
    "final_1_weight_diff": 0.00108463189098984,
    "final_2_weight_diff": 0.0007679051486775279,
    "final_0_weight_sim": 0.7570374608039856,
    "final_1_weight_sim": 0.7708215713500977,
    "final_2_weight_sim": 0.814936637878418,
    "best_weight_diff": 0.0008821652736514807,
    "best_weight_sim": 0.8123456835746765,
    "best_feature_diff": 0.2487725978649468,
    "best_feature_sim": 0.7772908508232765,
    "best_0_weight_diff": 0.0010232208296656609,
    "best_1_weight_diff": 0.0009482959285378456,
    "best_2_weight_diff": 0.0006740583339706063,
    "best_0_weight_sim": 0.7810125350952148,
    "best_1_weight_sim": 0.7915281057357788,
    "best_2_weight_sim": 0.8340285420417786,
    "num_feature_traj": 218,
    "num_feature_timesteps": "100692",
    "final_test_returns": 1879.6399682102424,
    "final_test_normalized_returns": 58.37671113624997,
    "best_return": 2207.605429061116,
    "best_return_normalized": 68.45377903076317,
    "convergence_step": "85000",
    "convergence_iter": "17",
    "best_step": "85000",
    "best_iter": "17"
}