{"final_weight_diff": 0.0008744625374674797, "final_weight_sim": 0.8219872713088989, "final_feature_diff": 0.5503559338138896, "final_feature_sim": 0.7054145656016051, "final_0_weight_diff": 0.001193552976474166, "final_1_weight_diff": 0.0008080843253992498, "final_2_weight_diff": 0.0006192935397848487, "final_0_weight_sim": 0.7741158604621887, "final_1_weight_sim": 0.8186736106872559, "final_2_weight_sim": 0.8408442139625549, "best_weight_diff": 0.0003423859307076782, "best_weight_sim": 0.919720470905304, "best_feature_diff": 0.2770653975601655, "best_feature_sim": 0.8539521040069468, "best_0_weight_diff": 0.00043865357292816043, "best_1_weight_diff": 0.00033034832449629903, "best_2_weight_diff": 0.0002580923610366881, "best_0_weight_sim": 0.8948512673377991, "best_1_weight_sim": 0.9143539071083069, "best_2_weight_sim": 0.927125871181488, "num_feature_traj": 119, "num_feature_timesteps": "101758", "final_test_returns": 3414.600445905243, "final_test_normalized_returns": 74.34580791899283, "best_return": 3666.317239923449, "best_return_normalized": 79.82903236389129, "convergence_step": "5000", "convergence_iter": "1", "best_step": "25000", "best_iter": "5", "best_5percent_normalized": 79.82903236389129, "best_10percent_normalized": 79.66595490023451, "best_25percent_normalized": 77.92287409687921, "best_50percent_normalized": 76.15933579440784, "best_100percent_normalized": 70.46409280656674, "best_later_half_normalized": 68.06182731439046, "best_last_four_normalized": 64.87627519210218, "target_steps": 5000}