{
    "final_weight_diff": 0.0016926529351621866,
    "final_weight_sim": 0.7273682355880737,
    "final_feature_diff": 0.44673313629654793,
    "final_feature_sim": 0.531661253217938,
    "final_0_weight_diff": 0.001982208341360092,
    "final_1_weight_diff": 0.0017435825429856777,
    "final_2_weight_diff": 0.0013385132187977433,
    "final_0_weight_sim": 0.6886313557624817,
    "final_1_weight_sim": 0.7276043891906738,
    "final_2_weight_sim": 0.749811053276062,
    "best_weight_diff": 0.0006663082167506218,
    "best_weight_sim": 0.874987006187439,
    "best_feature_diff": 0.3475102306064859,
    "best_feature_sim": 0.6759284288404334,
    "best_0_weight_diff": 0.0008989772759377956,
    "best_1_weight_diff": 0.0006361264968290925,
    "best_2_weight_diff": 0.0004629171162378043,
    "best_0_weight_sim": 0.841846764087677,
    "best_1_weight_sim": 0.8782012462615967,
    "best_2_weight_sim": 0.8958514332771301,
    "num_feature_traj": 38,
    "num_feature_timesteps": "22985",
    "final_test_returns": 2848.0943491374264,
    "final_test_normalized_returns": 75.46891658472467,
    "best_return": 3687.748478647079,
    "best_return_normalized": 95.43548566444912,
    "convergence_step": "25000",
    "convergence_iter": "5",
    "best_step": "25000",
    "best_iter": "5"
}