{"final_weight_diff": 0.0011993639636784792, "final_weight_sim": 0.7876356244087219, "final_feature_diff": 0.31334659788952274, "final_feature_sim": 0.6941526441574613, "final_0_weight_diff": 0.0014748713001608849, "final_1_weight_diff": 0.0012811808846890926, "final_2_weight_diff": 0.0008400968508794904, "final_0_weight_sim": 0.748934805393219, "final_1_weight_sim": 0.7824779748916626, "final_2_weight_sim": 0.8161846399307251, "best_weight_diff": 0.0009542549960315228, "best_weight_sim": 0.8231865763664246, "best_feature_diff": 0.2764385499660473, "best_feature_sim": 0.7313140011244207, "best_0_weight_diff": 0.0011949018808081746, "best_1_weight_diff": 0.0009996442822739482, "best_2_weight_diff": 0.0006669727736152709, "best_0_weight_sim": 0.7873759865760803, "best_1_weight_sim": 0.8194376230239868, "best_2_weight_sim": 0.8488477468490601, "num_feature_traj": 174, "num_feature_timesteps": "81732", "final_test_returns": 2037.546390710034, "final_test_normalized_returns": 63.22854442498041, "best_return": 2341.54769278933, "best_return_normalized": 72.5692894934571, "convergence_step": "65000", "convergence_iter": "13", "best_step": "75000", "best_iter": "15", "best_5percent_normalized": 72.5692894934571, "best_10percent_normalized": 72.56741331271898, "best_25percent_normalized": 69.23065728073377, "best_50percent_normalized": 66.42020327525617, "best_100percent_normalized": 60.88525090472535, "best_later_half_normalized": 65.74017652531487, "best_last_four_normalized": 65.47908350986376, "target_steps": 10000}