{"final_weight_diff": 0.001307393191382289, "final_weight_sim": 0.7626563310623169, "final_feature_diff": 0.11317640602667627, "final_feature_sim": 0.6999139505043204, "final_0_weight_diff": 0.0015571018448099494, "final_1_weight_diff": 0.0013249021722003818, "final_2_weight_diff": 0.0010373640106990933, "final_0_weight_sim": 0.7303546667098999, "final_1_weight_sim": 0.7509403824806213, "final_2_weight_sim": 0.7808486223220825, "best_weight_diff": 0.001307393191382289, "best_weight_sim": 0.7626563310623169, "best_feature_diff": 0.11317640602667627, "best_feature_sim": 0.6999139505043204, "best_0_weight_diff": 0.0015571018448099494, "best_1_weight_diff": 0.0013249021722003818, "best_2_weight_diff": 0.0010373640106990933, "best_0_weight_sim": 0.7303546667098999, "best_1_weight_sim": 0.7509403824806213, "best_2_weight_sim": 0.7808486223220825, "num_feature_traj": 204, "num_feature_timesteps": "37349", "final_test_returns": 2822.4277512889507, "final_test_normalized_returns": 87.34481184890899, "best_return": 2822.4277512889507, "best_return_normalized": 87.34481184890899, "convergence_step": "100000", "convergence_iter": "20", "best_step": "100000", "best_iter": "20", "best_5percent_normalized": 87.34481184890899, "best_10percent_normalized": 85.21674239877174, "best_25percent_normalized": 82.4361008072075, "best_50percent_normalized": 76.52570166039665, "best_100percent_normalized": 60.80225351342515, "best_later_half_normalized": 65.47127158953877, "best_last_four_normalized": 74.71594784858075, "target_steps": 10000}