{"final_weight_diff": 0.0016379940789192915, "final_weight_sim": 0.7136074900627136, "final_feature_diff": 0.19851924999463166, "final_feature_sim": 0.6569405995456451, "final_0_weight_diff": 0.0016441827174276114, "final_1_weight_diff": 0.0016658405074849725, "final_2_weight_diff": 0.001594957197085023, "final_0_weight_sim": 0.6969763040542603, "final_1_weight_sim": 0.7073496580123901, "final_2_weight_sim": 0.706120491027832, "best_weight_diff": 0.0015875162789598107, "best_weight_sim": 0.7211054563522339, "best_feature_diff": 0.1981957470501541, "best_feature_sim": 0.6586633740457568, "best_0_weight_diff": 0.0015959612792357802, "best_1_weight_diff": 0.0016139287035912275, "best_2_weight_diff": 0.001544538652524352, "best_0_weight_sim": 0.7049276828765869, "best_1_weight_sim": 0.7147462368011475, "best_2_weight_sim": 0.7134722471237183, "num_feature_traj": 20, "num_feature_timesteps": "20000", "final_test_returns": 4428.039577086303, "final_test_normalized_returns": 37.92308228427598, "best_return": 4828.950450877191, "best_return_normalized": 41.1522815999573, "convergence_step": "10000", "convergence_iter": "2", "best_step": "95000", "best_iter": "19", "best_5percent_normalized": 41.1522815999573, "best_10percent_normalized": 41.06797372016054, "best_25percent_normalized": 40.73852862465041, "best_50percent_normalized": 39.987434719269714, "best_100percent_normalized": 38.1316631412471, "best_later_half_normalized": 38.48795993778172, "best_last_four_normalized": 39.5038653302654, "target_steps": 5000}