{
    "final_weight_diff": 0.0008317026076838374,
    "final_weight_sim": 0.827301025390625,
    "final_feature_diff": 0.5907776450747732,
    "final_feature_sim": 0.6809195652813341,
    "final_0_weight_diff": 0.0011543487198650837,
    "final_1_weight_diff": 0.0007904624799266458,
    "final_2_weight_diff": 0.0005493502831086516,
    "final_0_weight_sim": 0.7766532897949219,
    "final_1_weight_sim": 0.818726122379303,
    "final_2_weight_sim": 0.8538674712181091,
    "best_weight_diff": 0.0003942122857552022,
    "best_weight_sim": 0.9075584411621094,
    "best_feature_diff": 0.33164409689851915,
    "best_feature_sim": 0.8209045292769046,
    "best_0_weight_diff": 0.0005401329253800213,
    "best_1_weight_diff": 0.0003637242189142853,
    "best_2_weight_diff": 0.00027880145353265107,
    "best_0_weight_sim": 0.8735671043395996,
    "best_1_weight_sim": 0.9041837453842163,
    "best_2_weight_sim": 0.9202364683151245,
    "num_feature_traj": 321,
    "num_feature_timesteps": "203500",
    "final_test_returns": 1656.2649109486345,
    "final_test_normalized_returns": 51.5132883473804,
    "best_return": 3464.505864211279,
    "best_return_normalized": 107.07330618704071,
    "convergence_step": "40000",
    "convergence_iter": "8",
    "best_step": "40000",
    "best_iter": "8"
}