{
    "final_weight_diff": 0.0010464084334671497,
    "final_weight_sim": 0.7906472682952881,
    "final_feature_diff": 0.6979191919703204,
    "final_feature_sim": 0.6146623913013533,
    "final_0_weight_diff": 0.0011983769945800304,
    "final_1_weight_diff": 0.001055444125086069,
    "final_2_weight_diff": 0.0008785109384916723,
    "final_0_weight_sim": 0.7562143206596375,
    "final_1_weight_sim": 0.77715665102005,
    "final_2_weight_sim": 0.795357346534729,
    "best_weight_diff": 0.0006057394784875214,
    "best_weight_sim": 0.8701491951942444,
    "best_feature_diff": 0.5767375320146848,
    "best_feature_sim": 0.6989554859997801,
    "best_0_weight_diff": 0.0007462782086804509,
    "best_1_weight_diff": 0.000585170288104564,
    "best_2_weight_diff": 0.0004853205755352974,
    "best_0_weight_sim": 0.8404372334480286,
    "best_1_weight_sim": 0.8612717390060425,
    "best_2_weight_sim": 0.8758344650268555,
    "num_feature_traj": 20,
    "num_feature_timesteps": "20000",
    "final_test_returns": 4735.043360551097,
    "final_test_normalized_returns": 40.39589225847784,
    "best_return": 4950.927581172104,
    "best_return_normalized": 42.13476546713859,
    "convergence_step": "25000",
    "convergence_iter": "5",
    "best_step": "45000",
    "best_iter": "9"
}