{
    "final_weight_diff": 0.0011477658990770578,
    "final_weight_sim": 0.7894178032875061,
    "final_feature_diff": 0.7401586330649311,
    "final_feature_sim": 0.5741493623253937,
    "final_0_weight_diff": 0.0013918569311499596,
    "final_1_weight_diff": 0.0010181594407185912,
    "final_2_weight_diff": 0.0010266522876918316,
    "final_0_weight_sim": 0.758594810962677,
    "final_1_weight_sim": 0.7890584468841553,
    "final_2_weight_sim": 0.7833843231201172,
    "best_weight_diff": 0.00035904085962101817,
    "best_weight_sim": 0.918751060962677,
    "best_feature_diff": 0.27706583601243984,
    "best_feature_sim": 0.8341837927010215,
    "best_0_weight_diff": 0.0004279165586922318,
    "best_1_weight_diff": 0.0003408233169466257,
    "best_2_weight_diff": 0.0003082615148741752,
    "best_0_weight_sim": 0.8997973203659058,
    "best_1_weight_sim": 0.9142940044403076,
    "best_2_weight_sim": 0.9184707403182983,
    "num_feature_traj": 109,
    "num_feature_timesteps": "31150",
    "final_test_returns": 2959.141155703498,
    "final_test_normalized_returns": 64.42439793349271,
    "best_return": 3912.38208601422,
    "best_return_normalized": 85.18913868646545,
    "convergence_step": "20000",
    "convergence_iter": "4",
    "best_step": "20000",
    "best_iter": "4"
}