{"final_weight_diff": 0.0009740930981934071, "final_weight_sim": 0.805325448513031, "final_feature_diff": 0.8666543132108183, "final_feature_sim": 0.6720251925861044, "final_0_weight_diff": 0.0012478907592594624, "final_1_weight_diff": 0.0010440874611958861, "final_2_weight_diff": 0.000626011227723211, "final_0_weight_sim": 0.7544347643852234, "final_1_weight_sim": 0.7767712473869324, "final_2_weight_sim": 0.8302202224731445, "best_weight_diff": 0.0003666195261757821, "best_weight_sim": 0.9160451889038086, "best_feature_diff": 0.5365735199432566, "best_feature_sim": 0.8072462520585556, "best_0_weight_diff": 0.00047001871280372143, "best_1_weight_diff": 0.00036560624721460044, "best_2_weight_diff": 0.00026373399305157363, "best_0_weight_sim": 0.8839845061302185, "best_1_weight_sim": 0.9051474332809448, "best_2_weight_sim": 0.9242267608642578, "num_feature_traj": 100, "num_feature_timesteps": "100000", "final_test_returns": 5043.732582718146, "final_test_normalized_returns": 42.88227786222668, "best_return": 5131.764715074145, "best_return_normalized": 43.59134643618169, "convergence_step": "10000", "convergence_iter": "2", "best_step": "25000", "best_iter": "5", "best_5percent_normalized": 43.59134643618169, "best_10percent_normalized": 43.402903071266905, "best_25percent_normalized": 43.195377161391505, "best_50percent_normalized": 42.93499991808843, "best_100percent_normalized": 42.44797420705167, "best_later_half_normalized": 42.52725472365258, "best_last_four_normalized": 42.49652319904331, "target_steps": 5000}