{
    "final_weight_diff": 0.001806347630918026,
    "final_weight_sim": 0.7528074383735657,
    "final_feature_diff": 0.16373997470724289,
    "final_feature_sim": 0.7390664375359659,
    "final_0_weight_diff": 0.0021671357098966837,
    "final_1_weight_diff": 0.0018431693315505981,
    "final_2_weight_diff": 0.001404738868586719,
    "final_0_weight_sim": 0.7305193543434143,
    "final_1_weight_sim": 0.7561928033828735,
    "final_2_weight_sim": 0.7647237777709961,
    "best_weight_diff": 0.001611562562175095,
    "best_weight_sim": 0.7751856446266174,
    "best_feature_diff": 0.1588429928118319,
    "best_feature_sim": 0.7472914618688767,
    "best_0_weight_diff": 0.0019452128326520324,
    "best_1_weight_diff": 0.0016365860356017947,
    "best_2_weight_diff": 0.0012500236043706536,
    "best_0_weight_sim": 0.7548664212226868,
    "best_1_weight_sim": 0.7778281569480896,
    "best_2_weight_sim": 0.7859689593315125,
    "num_feature_traj": 204,
    "num_feature_timesteps": "37349",
    "final_test_returns": 1504.5118090167473,
    "final_test_normalized_returns": 46.8505220078909,
    "best_return": 2725.544490041894,
    "best_return_normalized": 84.36797642576553,
    "convergence_step": "85000",
    "convergence_iter": "17",
    "best_step": "85000",
    "best_iter": "17"
}