{
    "final_weight_diff": 0.0015441222349181771,
    "final_weight_sim": 0.7412659525871277,
    "final_feature_diff": 0.5299214709821112,
    "final_feature_sim": 0.4778401325038037,
    "final_0_weight_diff": 0.001983498688787222,
    "final_1_weight_diff": 0.0015851735370233655,
    "final_2_weight_diff": 0.0010553753236308694,
    "final_0_weight_sim": 0.7027665376663208,
    "final_1_weight_sim": 0.7381272315979004,
    "final_2_weight_sim": 0.7731174230575562,
    "best_weight_diff": 0.00140189693775028,
    "best_weight_sim": 0.7597514986991882,
    "best_feature_diff": 0.5181490157302993,
    "best_feature_sim": 0.4947545748088602,
    "best_0_weight_diff": 0.0018244788516312838,
    "best_1_weight_diff": 0.001430761069059372,
    "best_2_weight_diff": 0.0009439968853257596,
    "best_0_weight_sim": 0.7216103076934814,
    "best_1_weight_sim": 0.7564109563827515,
    "best_2_weight_sim": 0.7920284271240234,
    "num_feature_traj": 223,
    "num_feature_timesteps": "196344",
    "final_test_returns": 4656.031880231067,
    "final_test_normalized_returns": 118.46079661929154,
    "best_return": 5392.560133660784,
    "best_return_normalized": 135.9750822452806,
    "convergence_step": "50000",
    "convergence_iter": "10",
    "best_step": "85000",
    "best_iter": "17"
}