{
    "final_weight_diff": 0.0013939663767814636,
    "final_weight_sim": 0.7555503845214844,
    "final_feature_diff": 0.47948566499828543,
    "final_feature_sim": 0.5232033099995265,
    "final_0_weight_diff": 0.0018855220405384898,
    "final_1_weight_diff": 0.0014496041694656014,
    "final_2_weight_diff": 0.000841734407003969,
    "final_0_weight_sim": 0.6968514919281006,
    "final_1_weight_sim": 0.7546215057373047,
    "final_2_weight_sim": 0.8092939257621765,
    "best_weight_diff": 0.0013074885355308652,
    "best_weight_sim": 0.7679314613342285,
    "best_feature_diff": 0.4750457182735222,
    "best_feature_sim": 0.5311003763393775,
    "best_0_weight_diff": 0.0017829835414886475,
    "best_1_weight_diff": 0.0013496982865035534,
    "best_2_weight_diff": 0.0007854254217818379,
    "best_0_weight_sim": 0.7106037139892578,
    "best_1_weight_sim": 0.7673124670982361,
    "best_2_weight_sim": 0.8202552199363708,
    "num_feature_traj": 48,
    "num_feature_timesteps": "39870",
    "final_test_returns": 2608.5458793422395,
    "final_test_normalized_returns": 69.77256983668796,
    "best_return": 3839.497756092703,
    "best_return_normalized": 99.04401008471936,
    "convergence_step": "30000",
    "convergence_iter": "6",
    "best_step": "90000",
    "best_iter": "18"
}