{"final_weight_diff": 0.0012900137808173895, "final_weight_sim": 0.7775053381919861, "final_feature_diff": 0.26423341956301705, "final_feature_sim": 0.7475502579436202, "final_0_weight_diff": 0.0016796300187706947, "final_1_weight_diff": 0.0013197652297094464, "final_2_weight_diff": 0.0008662357577122748, "final_0_weight_sim": 0.7318261861801147, "final_1_weight_sim": 0.7784883975982666, "final_2_weight_sim": 0.8118500113487244, "best_weight_diff": 0.00043405950418673456, "best_weight_sim": 0.9121637344360352, "best_feature_diff": 0.19458835225928647, "best_feature_sim": 0.8235956455477166, "best_0_weight_diff": 0.0005779924686066806, "best_1_weight_diff": 0.00042003588168881834, "best_2_weight_diff": 0.00030384783167392015, "best_0_weight_sim": 0.8871411085128784, "best_1_weight_sim": 0.9131686687469482, "best_2_weight_sim": 0.9276794791221619, "num_feature_traj": 119, "num_feature_timesteps": "101758", "final_test_returns": 3121.7555262804663, "final_test_normalized_returns": 67.96667684784644, "best_return": 3674.7214301727545, "best_return_normalized": 80.01210342831631, "convergence_step": "20000", "convergence_iter": "4", "best_step": "20000", "best_iter": "4", "best_5percent_normalized": 80.01210342831631, "best_10percent_normalized": 78.91313994895137, "best_25percent_normalized": 77.17481079913036, "best_50percent_normalized": 75.49732844388811, "best_100percent_normalized": 69.33823001812138, "best_later_half_normalized": 69.73336231908071, "best_last_four_normalized": 69.9522949514218}