{"final_weight_diff": 0.0017689468804746866, "final_weight_sim": 0.7427021861076355, "final_feature_diff": 0.6618971102635907, "final_feature_sim": 0.6729996453099757, "final_0_weight_diff": 0.0020611335057765245, "final_1_weight_diff": 0.0017397491028532386, "final_2_weight_diff": 0.0015056179836392403, "final_0_weight_sim": 0.7117422819137573, "final_1_weight_sim": 0.7249429821968079, "final_2_weight_sim": 0.7364505529403687, "best_weight_diff": 0.0015956800198182464, "best_weight_sim": 0.7581765651702881, "best_feature_diff": 0.6335647496906998, "best_feature_sim": 0.6871380112362113, "best_0_weight_diff": 0.0018529215594753623, "best_1_weight_diff": 0.0015517565188929439, "best_2_weight_diff": 0.0013818447478115559, "best_0_weight_sim": 0.7276700139045715, "best_1_weight_sim": 0.7417612075805664, "best_2_weight_sim": 0.7506054639816284, "num_feature_traj": 321, "num_feature_timesteps": "203500", "final_test_returns": 2949.848435884472, "final_test_normalized_returns": 91.25994024841526, "best_return": 3614.929762747358, "best_return_normalized": 111.69523141835244, "convergence_step": "85000", "convergence_iter": "17", "best_step": "85000", "best_iter": "17", "best_5percent_normalized": 111.69523141835244, "best_10percent_normalized": 105.486194458118, "best_25percent_normalized": 100.57505579910574, "best_50percent_normalized": 95.24731771266741, "best_100percent_normalized": 80.23968925653388, "best_later_half_normalized": 87.39965718528333, "best_last_four_normalized": 81.71450131490217, "target_steps": 30000}