{
    "final_weight_diff": 0.0014267383376136422,
    "final_weight_sim": 0.7646114230155945,
    "final_feature_diff": 0.3917691689792254,
    "final_feature_sim": 0.5851887085945607,
    "final_0_weight_diff": 0.0016078267944976687,
    "final_1_weight_diff": 0.0015305272536352277,
    "final_2_weight_diff": 0.0011380425421521068,
    "final_0_weight_sim": 0.743034839630127,
    "final_1_weight_sim": 0.7573581337928772,
    "final_2_weight_sim": 0.7739527821540833,
    "best_weight_diff": 0.0013713202206417918,
    "best_weight_sim": 0.7716708183288574,
    "best_feature_diff": 0.3899046089568188,
    "best_feature_sim": 0.5880582796177257,
    "best_0_weight_diff": 0.0015557566657662392,
    "best_1_weight_diff": 0.0014664880000054836,
    "best_2_weight_diff": 0.0010882962960749865,
    "best_0_weight_sim": 0.7499377131462097,
    "best_1_weight_sim": 0.7643941044807434,
    "best_2_weight_sim": 0.7815216779708862,
    "num_feature_traj": 204,
    "num_feature_timesteps": "37349",
    "final_test_returns": 1317.945784471888,
    "final_test_normalized_returns": 41.118093686718325,
    "best_return": 2702.801061588733,
    "best_return_normalized": 83.66916176375233,
    "convergence_step": "95000",
    "convergence_iter": "19",
    "best_step": "95000",
    "best_iter": "19"
}