{
    "final_weight_diff": 0.00189695053268224,
    "final_weight_sim": 0.6778929829597473,
    "final_feature_diff": 0.250550068627949,
    "final_feature_sim": 0.6797725360394836,
    "final_0_weight_diff": 0.002084634266793728,
    "final_1_weight_diff": 0.0018775981152430177,
    "final_2_weight_diff": 0.001710754120722413,
    "final_0_weight_sim": 0.6213276982307434,
    "final_1_weight_sim": 0.6855707168579102,
    "final_2_weight_sim": 0.7075743675231934,
    "best_weight_diff": 0.00035948801087215543,
    "best_weight_sim": 0.9337323904037476,
    "best_feature_diff": 0.13620103336723535,
    "best_feature_sim": 0.8435088763890338,
    "best_0_weight_diff": 0.00040966251981444657,
    "best_1_weight_diff": 0.00036542091402225196,
    "best_2_weight_diff": 0.00030332812457345426,
    "best_0_weight_sim": 0.9074696898460388,
    "best_1_weight_sim": 0.9336565136909485,
    "best_2_weight_sim": 0.9476642608642578,
    "num_feature_traj": 4,
    "num_feature_timesteps": "4000",
    "final_test_returns": 3315.1715884372848,
    "final_test_normalized_returns": 28.959313071911097,
    "best_return": 4403.719075410022,
    "best_return_normalized": 37.72718900099467,
    "convergence_step": "10000",
    "convergence_iter": "2",
    "best_step": "10000",
    "best_iter": "2"
}