{"final_weight_diff": 0.001206980086863041, "final_weight_sim": 0.7802044153213501, "final_feature_diff": 1.0222292160161153, "final_feature_sim": 0.3823615385357749, "final_0_weight_diff": 0.001360362977720797, "final_1_weight_diff": 0.0012585046933963895, "final_2_weight_diff": 0.0009936369024217129, "final_0_weight_sim": 0.7540484070777893, "final_1_weight_sim": 0.7635821104049683, "final_2_weight_sim": 0.7866003513336182, "best_weight_diff": 0.0011644744081422687, "best_weight_sim": 0.7863960862159729, "best_feature_diff": 1.0157196131654898, "best_feature_sim": 0.389705312159923, "best_0_weight_diff": 0.001322712516412139, "best_1_weight_diff": 0.0012104777852073312, "best_2_weight_diff": 0.0009529345552437007, "best_0_weight_sim": 0.7599074244499207, "best_1_weight_sim": 0.7699114084243774, "best_2_weight_sim": 0.7930965423583984, "num_feature_traj": 48, "num_feature_timesteps": "28017", "final_test_returns": 3164.2862688639507, "final_test_normalized_returns": 82.98780750158015, "best_return": 3650.261654914609, "best_return_normalized": 94.54406712754404, "convergence_step": "95000", "convergence_iter": "19", "best_step": "95000", "best_iter": "19", "best_5percent_normalized": 94.54406712754404, "best_10percent_normalized": 93.51415059889092, "best_25percent_normalized": 91.11887111838651, "best_50percent_normalized": 87.10449459003006, "best_100percent_normalized": 76.49926893265439, "best_later_half_normalized": 79.02672926954229, "best_last_four_normalized": 89.665679038608, "target_steps": 15000}