{"final_weight_diff": 0.0024442938156425953, "final_weight_sim": 0.7047047019004822, "final_feature_diff": 0.7908764642130233, "final_feature_sim": 0.6086943699238307, "final_0_weight_diff": 0.0027977554127573967, "final_1_weight_diff": 0.0023818956688046455, "final_2_weight_diff": 0.002154008951038122, "final_0_weight_sim": 0.6796602010726929, "final_1_weight_sim": 0.6865113973617554, "final_2_weight_sim": 0.6978930830955505, "best_weight_diff": 0.0021134112030267715, "best_weight_sim": 0.7270547747612, "best_feature_diff": 0.7586210494279613, "best_feature_sim": 0.628772810593298, "best_0_weight_diff": 0.0024457157123833895, "best_1_weight_diff": 0.0020311002153903246, "best_2_weight_diff": 0.0018636208260431886, "best_0_weight_sim": 0.7005077600479126, "best_1_weight_sim": 0.7102174758911133, "best_2_weight_sim": 0.7198551297187805, "num_feature_traj": 22, "num_feature_timesteps": "18940", "final_test_returns": 4242.714903059485, "final_test_normalized_returns": 108.63231881338989, "best_return": 4888.187574796802, "best_return_normalized": 123.98134674807513, "convergence_step": "75000", "convergence_iter": "15", "best_step": "75000", "best_iter": "15", "best_5percent_normalized": 123.98134674807513, "best_10percent_normalized": 120.16550076872255, "best_25percent_normalized": 112.07269417623206, "best_50percent_normalized": 106.78849905364548, "best_100percent_normalized": 95.44321467799298, "best_later_half_normalized": 102.35332611576739, "best_last_four_normalized": 102.47055745545559, "target_steps": 10000}