{
    "final_weight_diff": 0.00013303765445016325,
    "final_weight_sim": 0.8965401649475098,
    "final_feature_diff": 0.5950898954636268,
    "final_feature_sim": 0.6937691783510723,
    "final_0_weight_diff": 0.0018032902153208852,
    "final_1_weight_diff": 0.0017442620592191815,
    "final_2_weight_diff": 0.001286384998820722,
    "final_0_weight_sim": 1.000000238418579,
    "final_1_weight_sim": 1.0,
    "final_2_weight_sim": 0.9999999403953552,
    "best_weight_diff": 0.00010591652244329453,
    "best_weight_sim": 0.9146284461021423,
    "best_feature_diff": 0.5358323596011105,
    "best_feature_sim": 0.7233118619920301,
    "best_0_weight_diff": 0.0014222022145986557,
    "best_1_weight_diff": 0.0013582201208919287,
    "best_2_weight_diff": 0.0010677460813894868,
    "best_0_weight_sim": 1.0,
    "best_1_weight_sim": 1.0,
    "best_2_weight_sim": 1.0000001192092896,
    "num_feature_traj": 163,
    "num_feature_timesteps": "73931",
    "final_test_returns": 1983.789084996126,
    "final_test_normalized_returns": 61.57679726203305,
    "best_return": 2255.493113562965,
    "best_return_normalized": 69.92517619186724,
    "convergence_step": "5000",
    "convergence_iter": "1",
    "best_step": "70000",
    "best_iter": "14"
}