{"final_weight_diff": 0.0009457295527681708, "final_weight_sim": 0.7958400249481201, "final_feature_diff": 0.18470046598614095, "final_feature_sim": 0.7696600592461498, "final_0_weight_diff": 0.0010358489817008376, "final_1_weight_diff": 0.0010090225841850042, "final_2_weight_diff": 0.0007917914190329611, "final_0_weight_sim": 0.7683485746383667, "final_1_weight_sim": 0.7772547006607056, "final_2_weight_sim": 0.8042033314704895, "best_weight_diff": 0.0008155812392942607, "best_weight_sim": 0.8181887865066528, "best_feature_diff": 0.17130592686706278, "best_feature_sim": 0.7896033605486485, "best_0_weight_diff": 0.0009075570851564407, "best_1_weight_diff": 0.0008573210216127336, "best_2_weight_diff": 0.000681529170833528, "best_0_weight_sim": 0.7919473648071289, "best_1_weight_sim": 0.8017700910568237, "best_2_weight_sim": 0.8256853818893433, "num_feature_traj": 43, "num_feature_timesteps": "19631", "final_test_returns": 1891.066575904529, "final_test_normalized_returns": 58.72780512413685, "best_return": 2028.7870336830013, "best_return_normalized": 62.95940439040273, "convergence_step": "85000", "convergence_iter": "17", "best_step": "85000", "best_iter": "17", "best_5percent_normalized": 62.95940439040273, "best_10percent_normalized": 61.6668068468622, "best_25percent_normalized": 59.692433903410134, "best_50percent_normalized": 57.54273652714336, "best_100percent_normalized": 53.164246190054804, "best_later_half_normalized": 55.73285852045442, "best_last_four_normalized": 57.76388096597212, "target_steps": 5000}