{"final_weight_diff": 0.0022914030123502016, "final_weight_sim": 0.6814271211624146, "final_feature_diff": 0.595229421649443, "final_feature_sim": 0.31736781010796083, "final_0_weight_diff": 0.0024517483543604612, "final_1_weight_diff": 0.002080140868201852, "final_2_weight_diff": 0.0023193294182419777, "final_0_weight_sim": 0.6184448599815369, "final_1_weight_sim": 0.6866642832756042, "final_2_weight_sim": 0.7103267312049866, "best_weight_diff": 0.0017537433886900544, "best_weight_sim": 0.7473841905593872, "best_feature_diff": 0.4808125614696223, "best_feature_sim": 0.4616915571394474, "best_0_weight_diff": 0.0020305532962083817, "best_1_weight_diff": 0.001542771584354341, "best_2_weight_diff": 0.001676822081208229, "best_0_weight_sim": 0.6759108901023865, "best_1_weight_sim": 0.7529280781745911, "best_2_weight_sim": 0.7839058041572571, "num_feature_traj": 48, "num_feature_timesteps": "28017", "final_test_returns": 3701.558352362048, "final_test_normalized_returns": 95.76387778189542, "best_return": 3741.437343807949, "best_return_normalized": 96.71218090999332, "convergence_step": "55000", "convergence_iter": "11", "best_step": "65000", "best_iter": "13", "best_5percent_normalized": 96.71218090999332, "best_10percent_normalized": 96.2563676297317, "best_25percent_normalized": 95.51914993923397, "best_50percent_normalized": 92.33868221506484, "best_100percent_normalized": 86.03157530821692, "best_later_half_normalized": 89.0845145068926, "best_last_four_normalized": 90.41141385228646, "target_steps": 5000}