{
    "final_weight_diff": 0.0010325666517019272,
    "final_weight_sim": 0.7936556935310364,
    "final_feature_diff": 0.2536997203027683,
    "final_feature_sim": 0.7637987970770007,
    "final_0_weight_diff": 0.001248674001544714,
    "final_1_weight_diff": 0.0010401521576568484,
    "final_2_weight_diff": 0.0008068883325904608,
    "final_0_weight_sim": 0.759942352771759,
    "final_1_weight_sim": 0.7815538644790649,
    "final_2_weight_sim": 0.8053402304649353,
    "best_weight_diff": 0.0008393111638724804,
    "best_weight_sim": 0.824027955532074,
    "best_feature_diff": 0.22605587975746994,
    "best_feature_sim": 0.7930608964739746,
    "best_0_weight_diff": 0.0010234697256237268,
    "best_1_weight_diff": 0.0008358628256246448,
    "best_2_weight_diff": 0.0006575729930773377,
    "best_0_weight_sim": 0.7919172048568726,
    "best_1_weight_sim": 0.8136070966720581,
    "best_2_weight_sim": 0.8344993591308594,
    "num_feature_traj": 219,
    "num_feature_timesteps": "197797",
    "final_test_returns": 4939.957844960767,
    "final_test_normalized_returns": 107.57313790438516,
    "best_return": 5021.927170684901,
    "best_return_normalized": 109.35870097059008,
    "convergence_step": "20000",
    "convergence_iter": "4",
    "best_step": "75000",
    "best_iter": "15"
}