{
    "final_weight_diff": 0.0013373458059504628,
    "final_weight_sim": 0.7495242357254028,
    "final_feature_diff": 0.14339603355075198,
    "final_feature_sim": 0.6792911428108044,
    "final_0_weight_diff": 0.0014946910087019205,
    "final_1_weight_diff": 0.001419790554791689,
    "final_2_weight_diff": 0.0010938749182969332,
    "final_0_weight_sim": 0.7162304520606995,
    "final_1_weight_sim": 0.7354291081428528,
    "final_2_weight_sim": 0.7694400548934937,
    "best_weight_diff": 0.0009896846022456884,
    "best_weight_sim": 0.8004125356674194,
    "best_feature_diff": 0.13102805116419378,
    "best_feature_sim": 0.7187049783940315,
    "best_0_weight_diff": 0.0011515964288264513,
    "best_1_weight_diff": 0.0010145631385967135,
    "best_2_weight_diff": 0.0008017895161174238,
    "best_0_weight_sim": 0.7707628011703491,
    "best_1_weight_sim": 0.7874282002449036,
    "best_2_weight_sim": 0.8160896897315979,
    "num_feature_traj": 408,
    "num_feature_timesteps": "83240",
    "final_test_returns": 1450.2385405611935,
    "final_test_normalized_returns": 45.18292137194332,
    "best_return": 2514.607509323919,
    "best_return_normalized": 77.88672602017729,
    "convergence_step": "70000",
    "convergence_iter": "14",
    "best_step": "70000",
    "best_iter": "14"
}