{"final_weight_diff": 0.0010393239790573716, "final_weight_sim": 0.7992445826530457, "final_feature_diff": 0.7564055101112473, "final_feature_sim": 0.5919875498162349, "final_0_weight_diff": 0.0013812687247991562, "final_1_weight_diff": 0.0009455124381929636, "final_2_weight_diff": 0.0007865940569899976, "final_0_weight_sim": 0.760090708732605, "final_1_weight_sim": 0.7969719171524048, "final_2_weight_sim": 0.8078529238700867, "best_weight_diff": 0.001003795419819653, "best_weight_sim": 0.8044682145118713, "best_feature_diff": 0.739231236197148, "best_feature_sim": 0.6023485449513523, "best_0_weight_diff": 0.0013361842138692737, "best_1_weight_diff": 0.0009101626346819103, "best_2_weight_diff": 0.0007609079475514591, "best_0_weight_sim": 0.7654201984405518, "best_1_weight_sim": 0.8024654388427734, "best_2_weight_sim": 0.8128068447113037, "num_feature_traj": 223, "num_feature_timesteps": "196344", "final_test_returns": 5194.31502732205, "final_test_normalized_returns": 131.26090950281906, "best_return": 5398.16137335287, "best_return_normalized": 136.10827701597674, "convergence_step": "95000", "convergence_iter": "19", "best_step": "95000", "best_iter": "19", "best_5percent_normalized": 136.10827701597674, "best_10percent_normalized": 134.53742911648493, "best_25percent_normalized": 130.92899889493373, "best_50percent_normalized": 126.27973073412474, "best_100percent_normalized": 110.56069626148481, "best_later_half_normalized": 123.92704338155667, "best_last_four_normalized": 123.9683801695726}