{"final_weight_diff": 0.0010195975191891193, "final_weight_sim": 0.8001452088356018, "final_feature_diff": 0.4709964727262542, "final_feature_sim": 0.7175996265321078, "final_0_weight_diff": 0.0012770274188369513, "final_1_weight_diff": 0.001022942247800529, "final_2_weight_diff": 0.0007552479510195553, "final_0_weight_sim": 0.762904167175293, "final_1_weight_sim": 0.7890939712524414, "final_2_weight_sim": 0.8173550963401794, "best_weight_diff": 0.00040140474447980523, "best_weight_sim": 0.9087379574775696, "best_feature_diff": 0.2745950664373162, "best_feature_sim": 0.8427065224702925, "best_0_weight_diff": 0.0005155717371962965, "best_1_weight_diff": 0.00039787092828191817, "best_2_weight_diff": 0.00029065145645290613, "best_0_weight_sim": 0.8809971213340759, "best_1_weight_sim": 0.9023621678352356, "best_2_weight_sim": 0.9218257665634155, "num_feature_traj": 200, "num_feature_timesteps": "200000", "final_test_returns": 4715.397849917833, "final_test_normalized_returns": 40.23765442149106, "best_return": 6733.088026376683, "best_return_normalized": 56.489455415235874, "convergence_step": "25000", "convergence_iter": "5", "best_step": "25000", "best_iter": "5", "best_5percent_normalized": 56.489455415235874, "best_10percent_normalized": 54.56242795757764, "best_25percent_normalized": 50.343073636618634, "best_50percent_normalized": 46.79973955331706, "best_100percent_normalized": 44.57102883773259, "best_later_half_normalized": 44.340931997867685, "best_last_four_normalized": 43.29633813088992, "target_steps": 5000}