{"final_weight_diff": 0.0011303677456453443, "final_weight_sim": 0.7779810428619385, "final_feature_diff": 0.2606590571141729, "final_feature_sim": 0.7769553763704303, "final_0_weight_diff": 0.001264005433768034, "final_1_weight_diff": 0.0010924534872174263, "final_2_weight_diff": 0.0010332377860322595, "final_0_weight_sim": 0.761210024356842, "final_1_weight_sim": 0.7678197026252747, "final_2_weight_sim": 0.7690818309783936, "best_weight_diff": 0.0005564449238590896, "best_weight_sim": 0.8744723796844482, "best_feature_diff": 0.18126388458949097, "best_feature_sim": 0.8501141585807394, "best_0_weight_diff": 0.0006421790458261967, "best_1_weight_diff": 0.0005475296056829393, "best_2_weight_diff": 0.0004796036519110203, "best_0_weight_sim": 0.8629602193832397, "best_1_weight_sim": 0.863492488861084, "best_2_weight_sim": 0.8719031810760498, "num_feature_traj": 219, "num_feature_timesteps": "197797", "final_test_returns": 4662.100914857712, "final_test_normalized_returns": 101.5204948248165, "best_return": 5028.65790010342, "best_return_normalized": 109.50531852236512, "convergence_step": "15000", "convergence_iter": "3", "best_step": "35000", "best_iter": "7", "best_5percent_normalized": 109.50531852236512, "best_10percent_normalized": 109.31259813695075, "best_25percent_normalized": 108.86934950202382, "best_50percent_normalized": 108.14194581412123, "best_100percent_normalized": 100.93100310982325, "best_later_half_normalized": 103.61723397198452, "best_last_four_normalized": 106.31403800271394}