{
    "final_weight_diff": 0.001422670902684331,
    "final_weight_sim": 0.7364392876625061,
    "final_feature_diff": 0.24480849511780836,
    "final_feature_sim": 0.4051286657758665,
    "final_0_weight_diff": 0.0014575048116967082,
    "final_1_weight_diff": 0.0014685621717944741,
    "final_2_weight_diff": 0.0013370274100452662,
    "final_0_weight_sim": 0.718070924282074,
    "final_1_weight_sim": 0.7262109518051147,
    "final_2_weight_sim": 0.7381058931350708,
    "best_weight_diff": 0.000831486308015883,
    "best_weight_sim": 0.8249890208244324,
    "best_feature_diff": 0.21688254596600612,
    "best_feature_sim": 0.5294205708638403,
    "best_0_weight_diff": 0.0009100940078496933,
    "best_1_weight_diff": 0.0008908543386496603,
    "best_2_weight_diff": 0.0006932871183380485,
    "best_0_weight_sim": 0.8080215454101562,
    "best_1_weight_sim": 0.8093007206916809,
    "best_2_weight_sim": 0.8342084884643555,
    "num_feature_traj": 109,
    "num_feature_timesteps": "31150",
    "final_test_returns": 3031.064964722778,
    "final_test_normalized_returns": 65.99113641561482,
    "best_return": 3236.6368806133887,
    "best_return_normalized": 70.46917276909896,
    "convergence_step": "45000",
    "convergence_iter": "9",
    "best_step": "45000",
    "best_iter": "9"
}