{"final_weight_diff": 0.0015221075154840946, "final_weight_sim": 0.7903926372528076, "final_feature_diff": 1.7361060882449817, "final_feature_sim": 0.4108001153585731, "final_0_weight_diff": 0.001808755099773407, "final_1_weight_diff": 0.0014781380305066705, "final_2_weight_diff": 0.0012703151442110538, "final_0_weight_sim": 0.7602990865707397, "final_1_weight_sim": 0.7790648341178894, "final_2_weight_sim": 0.779512345790863, "best_weight_diff": 0.000606464862357825, "best_weight_sim": 0.9031851887702942, "best_feature_diff": 1.34927344756291, "best_feature_sim": 0.5587399025908929, "best_0_weight_diff": 0.0007649933104403317, "best_1_weight_diff": 0.0005546604515984654, "best_2_weight_diff": 0.0004986220155842602, "best_0_weight_sim": 0.8778325319290161, "best_1_weight_sim": 0.9007210731506348, "best_2_weight_sim": 0.8995999693870544, "num_feature_traj": 109, "num_feature_timesteps": "31150", "final_test_returns": 2945.6379870881046, "final_test_normalized_returns": 64.13025425299537, "best_return": 3371.814939954759, "best_return_normalized": 73.41379806629277, "convergence_step": "30000", "convergence_iter": "6", "best_step": "30000", "best_iter": "6", "best_5percent_normalized": 73.41379806629277, "best_10percent_normalized": 70.81597491480827, "best_25percent_normalized": 68.38883965902622, "best_50percent_normalized": 64.70160940093173, "best_100percent_normalized": 52.92410224320938, "best_later_half_normalized": 52.43159133563381, "best_last_four_normalized": 60.78181849973228}