{"final_weight_diff": 0.0017083068378269672, "final_weight_sim": 0.7885724902153015, "final_feature_diff": 0.5398637953713296, "final_feature_sim": 0.41259321848063746, "final_0_weight_diff": 0.0014337135944515467, "final_1_weight_diff": 0.001722169341519475, "final_2_weight_diff": 0.0019608386792242527, "final_0_weight_sim": 0.7846459150314331, "final_1_weight_sim": 0.7626073360443115, "final_2_weight_sim": 0.7963513135910034, "best_weight_diff": 0.0013334226096048951, "best_weight_sim": 0.8328565359115601, "best_feature_diff": 0.5415043529579188, "best_feature_sim": 0.4173628480712823, "best_0_weight_diff": 0.00110872951336205, "best_1_weight_diff": 0.0013740314170718193, "best_2_weight_diff": 0.0015125672798603773, "best_0_weight_sim": 0.8322120904922485, "best_1_weight_sim": 0.8073811531066895, "best_2_weight_sim": 0.8406720757484436, "num_feature_traj": 20, "num_feature_timesteps": "20000", "final_test_returns": 4919.375460516852, "final_test_normalized_returns": 41.88062397812181, "best_return": 4969.996176873077, "best_return_normalized": 42.28835645260213, "convergence_step": "15000", "convergence_iter": "3", "best_step": "70000", "best_iter": "14", "best_5percent_normalized": 42.28835645260213, "best_10percent_normalized": 42.24780444613937, "best_25percent_normalized": 42.02855522760585, "best_50percent_normalized": 41.675233286655, "best_100percent_normalized": 39.96488317863562, "best_later_half_normalized": 40.35158490450148}