{"final_weight_diff": 0.001965085044503212, "final_weight_sim": 0.7143621444702148, "final_feature_diff": 0.20819569727613418, "final_feature_sim": 0.7202807482501542, "final_0_weight_diff": 0.002261827699840069, "final_1_weight_diff": 0.001998893916606903, "final_2_weight_diff": 0.0016194673953577876, "final_0_weight_sim": 0.6907950639724731, "final_1_weight_sim": 0.71877521276474, "final_2_weight_sim": 0.7249529957771301, "best_weight_diff": 0.001842640107497573, "best_weight_sim": 0.7294378280639648, "best_feature_diff": 0.2072984595414715, "best_feature_sim": 0.722225453114827, "best_0_weight_diff": 0.002142501762136817, "best_1_weight_diff": 0.0018744219560176134, "best_2_weight_diff": 0.0014986085006967187, "best_0_weight_sim": 0.7061724066734314, "best_1_weight_sim": 0.7330146431922913, "best_2_weight_sim": 0.7405961155891418, "num_feature_traj": 48, "num_feature_timesteps": "28017", "final_test_returns": 2824.7815665553703, "final_test_normalized_returns": 74.91454989074192, "best_return": 3782.428826658129, "best_return_normalized": 97.68693854560028, "convergence_step": "80000", "convergence_iter": "16", "best_step": "90000", "best_iter": "18", "best_5percent_normalized": 97.68693854560028, "best_10percent_normalized": 97.15426952197964, "best_25percent_normalized": 95.03427641620993, "best_50percent_normalized": 91.73292511125895, "best_100percent_normalized": 85.07216937360083, "best_later_half_normalized": 85.63054876558891, "best_last_four_normalized": 86.64885034255907, "target_steps": 5000}