{"final_weight_diff": 0.0010858403984457254, "final_weight_sim": 0.7819302082061768, "final_feature_diff": 0.20761369444376124, "final_feature_sim": 0.7871977759018012, "final_0_weight_diff": 0.0012813974171876907, "final_1_weight_diff": 0.0010577390203252435, "final_2_weight_diff": 0.0009167126845568419, "final_0_weight_sim": 0.7484512329101562, "final_1_weight_sim": 0.7759690284729004, "final_2_weight_sim": 0.7873560190200806, "best_weight_diff": 0.0008453688351437449, "best_weight_sim": 0.8201409578323364, "best_feature_diff": 0.18480351542051043, "best_feature_sim": 0.8117364213445661, "best_0_weight_diff": 0.0010267153847962618, "best_1_weight_diff": 0.000817467924207449, "best_2_weight_diff": 0.0006911992677487433, "best_0_weight_sim": 0.7878841161727905, "best_1_weight_sim": 0.8143512010574341, "best_2_weight_sim": 0.8279606103897095, "num_feature_traj": 1752, "num_feature_timesteps": "1595930", "final_test_returns": 4948.23550874162, "final_test_normalized_returns": 107.75345280378176, "best_return": 5003.293293810048, "best_return_normalized": 108.95279349198124, "convergence_step": "55000", "convergence_iter": "11", "best_step": "70000", "best_iter": "14", "best_5percent_normalized": 108.95279349198124, "best_10percent_normalized": 108.54073803197772, "best_25percent_normalized": 108.07475059774063, "best_50percent_normalized": 107.05270826109424, "best_100percent_normalized": 94.79962154184616, "best_later_half_normalized": 107.05270826109422, "best_last_four_normalized": 106.85532783952215, "target_steps": 25000}