{"final_weight_diff": 0.001023701042868197, "final_weight_sim": 0.8005515933036804, "final_feature_diff": 0.4738219416400324, "final_feature_sim": 0.7158848507909001, "final_0_weight_diff": 0.0014188557397574186, "final_1_weight_diff": 0.0009735088679008186, "final_2_weight_diff": 0.0006751163164153695, "final_0_weight_sim": 0.7509826421737671, "final_1_weight_sim": 0.7971832156181335, "final_2_weight_sim": 0.8306958675384521, "best_weight_diff": 0.001023701042868197, "best_weight_sim": 0.8005515933036804, "best_feature_diff": 0.4738219416400324, "best_feature_sim": 0.7158848507909001, "best_0_weight_diff": 0.0014188557397574186, "best_1_weight_diff": 0.0009735088679008186, "best_2_weight_diff": 0.0006751163164153695, "best_0_weight_sim": 0.7509826421737671, "best_1_weight_sim": 0.7971832156181335, "best_2_weight_sim": 0.8306958675384521, "num_feature_traj": 200, "num_feature_timesteps": "200000", "final_test_returns": 11247.499227616016, "final_test_normalized_returns": 92.8514862673846, "best_return": 11247.499227616016, "best_return_normalized": 92.8514862673846, "convergence_step": "100000", "convergence_iter": "20", "best_step": "100000", "best_iter": "20", "best_5percent_normalized": 92.8514862673846, "best_10percent_normalized": 86.60677954784308, "best_25percent_normalized": 66.43357397182157, "best_50percent_normalized": 55.07001862436539, "best_100percent_normalized": 48.551522697930864, "best_later_half_normalized": 54.066545795526, "best_last_four_normalized": 61.66512525941859}