{"final_weight_diff": 0.002420007484033704, "final_weight_sim": 0.6967422366142273, "final_feature_diff": 0.9153838966807616, "final_feature_sim": 0.5448118827643642, "final_0_weight_diff": 0.00288336630910635, "final_1_weight_diff": 0.002488070633262396, "final_2_weight_diff": 0.001889898325316608, "final_0_weight_sim": 0.6665003895759583, "final_1_weight_sim": 0.6762741804122925, "final_2_weight_sim": 0.6997597813606262, "best_weight_diff": 0.0017600409919396043, "best_weight_sim": 0.7469900250434875, "best_feature_diff": 0.79894638261194, "best_feature_sim": 0.606649812084952, "best_0_weight_diff": 0.00208283681422472, "best_1_weight_diff": 0.0017953291535377502, "best_2_weight_diff": 0.0014027145225554705, "best_0_weight_sim": 0.7178996801376343, "best_1_weight_sim": 0.7262077331542969, "best_2_weight_sim": 0.749016284942627, "num_feature_traj": 120, "num_feature_timesteps": "106539", "final_test_returns": 3837.93559813612, "final_test_normalized_returns": 99.00686272408912, "best_return": 3871.406960550268, "best_return_normalized": 99.80279553302422, "convergence_step": "25000", "convergence_iter": "5", "best_step": "70000", "best_iter": "14", "best_5percent_normalized": 99.80279553302422, "best_10percent_normalized": 99.74700097101622, "best_25percent_normalized": 98.047804126685, "best_50percent_normalized": 94.63526880813258, "best_100percent_normalized": 88.72152878112628, "best_later_half_normalized": 89.13523403412425, "best_last_four_normalized": 92.06308642865919, "target_steps": 10000}