{"final_weight_diff": 0.0010920948116108775, "final_weight_sim": 0.7769137024879456, "final_feature_diff": 0.3620461422004759, "final_feature_sim": 0.7018287918032426, "final_0_weight_diff": 0.0012835953384637833, "final_1_weight_diff": 0.0010901837376877666, "final_2_weight_diff": 0.0008962551364675164, "final_0_weight_sim": 0.7386784553527832, "final_1_weight_sim": 0.76878422498703, "final_2_weight_sim": 0.7871882319450378, "best_weight_diff": 0.0010920948116108775, "best_weight_sim": 0.7769137024879456, "best_feature_diff": 0.3620461422004759, "best_feature_sim": 0.7018287918032426, "best_0_weight_diff": 0.0012835953384637833, "best_1_weight_diff": 0.0010901837376877666, "best_2_weight_diff": 0.0008962551364675164, "best_0_weight_sim": 0.7386784553527832, "best_1_weight_sim": 0.76878422498703, "best_2_weight_sim": 0.7871882319450378, "num_feature_traj": 20, "num_feature_timesteps": "20000", "final_test_returns": 4809.446872911946, "final_test_normalized_returns": 40.995186981836376, "best_return": 4809.446872911946, "best_return_normalized": 40.995186981836376, "convergence_step": "5000", "convergence_iter": "1", "best_step": "100000", "best_iter": "20", "best_5percent_normalized": 40.995186981836376, "best_10percent_normalized": 40.977932881876, "best_25percent_normalized": 40.81519634156582, "best_50percent_normalized": 40.612909986666615, "best_100percent_normalized": 39.165790798682174, "best_later_half_normalized": 39.616894512316286, "best_last_four_normalized": 39.526237646304544}