{"final_weight_diff": 0.0011815932812169194, "final_weight_sim": 0.8037841320037842, "final_feature_diff": 0.41124774857375185, "final_feature_sim": 0.6677590548089254, "final_0_weight_diff": 0.0015051213558763266, "final_1_weight_diff": 0.0013255609665066004, "final_2_weight_diff": 0.0007078390917740762, "final_0_weight_sim": 0.765910267829895, "final_1_weight_sim": 0.7848374843597412, "final_2_weight_sim": 0.8548187613487244, "best_weight_diff": 0.0009163524955511093, "best_weight_sim": 0.8421883583068848, "best_feature_diff": 0.3751124606077607, "best_feature_sim": 0.7025225992731655, "best_0_weight_diff": 0.0011921521509066224, "best_1_weight_diff": 0.0010101408697664738, "best_2_weight_diff": 0.0005431570461951196, "best_0_weight_sim": 0.8067219853401184, "best_1_weight_sim": 0.8265997767448425, "best_2_weight_sim": 0.8868065476417542, "num_feature_traj": 100, "num_feature_timesteps": "100000", "final_test_returns": 5015.407077985585, "final_test_normalized_returns": 42.65412565564316, "best_return": 5073.023736861609, "best_return_normalized": 43.11820804297035, "convergence_step": "5000", "convergence_iter": "1", "best_step": "70000", "best_iter": "14", "best_5percent_normalized": 43.11820804297035, "best_10percent_normalized": 43.04283783439426, "best_25percent_normalized": 42.95176175844132, "best_50percent_normalized": 42.82990895522874, "best_100percent_normalized": 42.37155780629312, "best_later_half_normalized": 42.180029687115784, "best_last_four_normalized": 42.33706137085758, "target_steps": 5000}