{
    "final_weight_diff": 0.0010371278040111065,
    "final_weight_sim": 0.800987720489502,
    "final_feature_diff": 0.7274164233023953,
    "final_feature_sim": 0.5723748492720815,
    "final_0_weight_diff": 0.0012345092836767435,
    "final_1_weight_diff": 0.001096287276595831,
    "final_2_weight_diff": 0.0007786441710777581,
    "final_0_weight_sim": 0.7692774534225464,
    "final_1_weight_sim": 0.7788170576095581,
    "final_2_weight_sim": 0.8146901726722717,
    "best_weight_diff": 0.0008075208752416074,
    "best_weight_sim": 0.835731029510498,
    "best_feature_diff": 0.6416476738140879,
    "best_feature_sim": 0.6227661708094213,
    "best_0_weight_diff": 0.0009942820761352777,
    "best_1_weight_diff": 0.0008291670237667859,
    "best_2_weight_diff": 0.0005982736474834383,
    "best_0_weight_sim": 0.8036620616912842,
    "best_1_weight_sim": 0.8180422186851501,
    "best_2_weight_sim": 0.849198043346405,
    "num_feature_traj": 204,
    "num_feature_timesteps": "37349",
    "final_test_returns": 1135.4426019687894,
    "final_test_normalized_returns": 35.51050026429784,
    "best_return": 3080.7295136930893,
    "best_return_normalized": 95.28139270186192,
    "convergence_step": "75000",
    "convergence_iter": "15",
    "best_step": "75000",
    "best_iter": "15"
}